Starting CascadeShield Runner in 'full' mode targeting 'linear' topology with 'latency' fault.
Proxy 'order-service-proxy' already exists.
Proxy 'inventory-service-proxy' already exists.
Proxy 'payment-service-proxy' already exists.
Proxy 'notification-service-proxy' already exists.
Proxy 'shared-db-service-proxy' already exists.
Resetting all Toxiproxy proxies...
Setting proxy 'inventory-service-proxy' enabled=True
Cleared all toxics on 'inventory-service-proxy'
Setting proxy 'notification-service-proxy' enabled=True
Cleared all toxics on 'notification-service-proxy'
Setting proxy 'order-service-proxy' enabled=True
Cleared all toxics on 'order-service-proxy'
Setting proxy 'payment-service-proxy' enabled=True
Cleared all toxics on 'payment-service-proxy'
Setting proxy 'shared-db-service-proxy' enabled=True
Cleared all toxics on 'shared-db-service-proxy'
Generated 54 configs × 3 replicates = 162 total runs.

Progress: Run 1 of 162 (config 1/54, replicate 1/3)

============================================================
STARTING EXPERIMENT: Mode=full, Topology=linear, Fault=latency, Replicate=1
Config: {'failureRateThreshold': 30, 'slidingWindowSize': 5, 'waitDurationInOpenState': 5, 'slidingWindowType': 'COUNT_BASED'}
============================================================
Updated .env with: {'failureRateThreshold': 30, 'slidingWindowSize': 5, 'waitDurationInOpenState': 5, 'slidingWindowType': 'COUNT_BASED'}
Recreating Spring Boot containers to apply new configuration...
gateway-service is healthy!
notification-service is healthy!
Measuring pre-fault baseline...
Generating load: 20 requests to http://localhost:8080/api/v1/linear @ ~20 req/s (~1.0s dispatch)...
Load Results - Successes: 20, Failures: 0, Avg Latency: 322.70ms, Throughput: 8.95 TPS, Error Rate: 0.00%
Resetting all Toxiproxy proxies...
Setting proxy 'inventory-service-proxy' enabled=True
Cleared all toxics on 'inventory-service-proxy'
Setting proxy 'notification-service-proxy' enabled=True
Cleared all toxics on 'notification-service-proxy'
Setting proxy 'order-service-proxy' enabled=True
Cleared all toxics on 'order-service-proxy'
Setting proxy 'payment-service-proxy' enabled=True
Cleared all toxics on 'payment-service-proxy'
Setting proxy 'shared-db-service-proxy' enabled=True
Cleared all toxics on 'shared-db-service-proxy'
Cleared all toxics on 'inventory-service-proxy'
Injecting latency on 'inventory-service-proxy': 3000ms (toxicity=1.0)
Load plan (COUNT_BASED): 40 requests over ~4s @ 10 req/s
Generating load: 40 requests to http://localhost:8080/api/v1/linear @ ~10 req/s (~4.0s dispatch)...
Load Results - Successes: 6, Failures: 34, Avg Latency: 478.76ms, Throughput: 0.98 TPS, Error Rate: 85.00%
Resetting all Toxiproxy proxies...
Setting proxy 'inventory-service-proxy' enabled=True
Cleared all toxics on 'inventory-service-proxy'
Setting proxy 'notification-service-proxy' enabled=True
Cleared all toxics on 'notification-service-proxy'
Setting proxy 'order-service-proxy' enabled=True
Cleared all toxics on 'order-service-proxy'
Setting proxy 'payment-service-proxy' enabled=True
Cleared all toxics on 'payment-service-proxy'
Setting proxy 'shared-db-service-proxy' enabled=True
Cleared all toxics on 'shared-db-service-proxy'
Saved run metrics to C:\Users\Lenovo\OneDrive\Desktop\capstone project\services\CascadeShield\data\master_dataset.csv

Progress: Run 2 of 162 (config 1/54, replicate 2/3)

============================================================
STARTING EXPERIMENT: Mode=full, Topology=linear, Fault=latency, Replicate=2
Config: {'failureRateThreshold': 30, 'slidingWindowSize': 5, 'waitDurationInOpenState': 5, 'slidingWindowType': 'COUNT_BASED'}
============================================================
Updated .env with: {'failureRateThreshold': 30, 'slidingWindowSize': 5, 'waitDurationInOpenState': 5, 'slidingWindowType': 'COUNT_BASED'}
Recreating Spring Boot containers to apply new configuration...
gateway-service is healthy!
notification-service is healthy!
Measuring pre-fault baseline...
Generating load: 20 requests to http://localhost:8080/api/v1/linear @ ~20 req/s (~1.0s dispatch)...
Load Results - Successes: 20, Failures: 0, Avg Latency: 273.25ms, Throughput: 10.38 TPS, Error Rate: 0.00%
Resetting all Toxiproxy proxies...
Setting proxy 'inventory-service-proxy' enabled=True
Cleared all toxics on 'inventory-service-proxy'
Setting proxy 'notification-service-proxy' enabled=True
Cleared all toxics on 'notification-service-proxy'
Setting proxy 'order-service-proxy' enabled=True
Cleared all toxics on 'order-service-proxy'
Setting proxy 'payment-service-proxy' enabled=True
Cleared all toxics on 'payment-service-proxy'
Setting proxy 'shared-db-service-proxy' enabled=True
Cleared all toxics on 'shared-db-service-proxy'
Cleared all toxics on 'inventory-service-proxy'
Injecting latency on 'inventory-service-proxy': 3000ms (toxicity=1.0)
Load plan (COUNT_BASED): 40 requests over ~4s @ 10 req/s
Generating load: 40 requests to http://localhost:8080/api/v1/linear @ ~10 req/s (~4.0s dispatch)...
Load Results - Successes: 6, Failures: 34, Avg Latency: 477.25ms, Throughput: 0.98 TPS, Error Rate: 85.00%
Resetting all Toxiproxy proxies...
Setting proxy 'inventory-service-proxy' enabled=True
Cleared all toxics on 'inventory-service-proxy'
Setting proxy 'notification-service-proxy' enabled=True
Cleared all toxics on 'notification-service-proxy'
Setting proxy 'order-service-proxy' enabled=True
Cleared all toxics on 'order-service-proxy'
Setting proxy 'payment-service-proxy' enabled=True
Cleared all toxics on 'payment-service-proxy'
Setting proxy 'shared-db-service-proxy' enabled=True
Cleared all toxics on 'shared-db-service-proxy'
Saved run metrics to C:\Users\Lenovo\OneDrive\Desktop\capstone project\services\CascadeShield\data\master_dataset.csv

Progress: Run 3 of 162 (config 1/54, replicate 3/3)

============================================================
STARTING EXPERIMENT: Mode=full, Topology=linear, Fault=latency, Replicate=3
Config: {'failureRateThreshold': 30, 'slidingWindowSize': 5, 'waitDurationInOpenState': 5, 'slidingWindowType': 'COUNT_BASED'}
============================================================
Updated .env with: {'failureRateThreshold': 30, 'slidingWindowSize': 5, 'waitDurationInOpenState': 5, 'slidingWindowType': 'COUNT_BASED'}
Recreating Spring Boot containers to apply new configuration...
gateway-service is healthy!
notification-service is healthy!
Measuring pre-fault baseline...
Generating load: 20 requests to http://localhost:8080/api/v1/linear @ ~20 req/s (~1.0s dispatch)...
Load Results - Successes: 20, Failures: 0, Avg Latency: 390.64ms, Throughput: 7.44 TPS, Error Rate: 0.00%
Resetting all Toxiproxy proxies...
Setting proxy 'inventory-service-proxy' enabled=True
Cleared all toxics on 'inventory-service-proxy'
Setting proxy 'notification-service-proxy' enabled=True
Cleared all toxics on 'notification-service-proxy'
Setting proxy 'order-service-proxy' enabled=True
Cleared all toxics on 'order-service-proxy'
Setting proxy 'payment-service-proxy' enabled=True
Cleared all toxics on 'payment-service-proxy'
Setting proxy 'shared-db-service-proxy' enabled=True
Cleared all toxics on 'shared-db-service-proxy'
Cleared all toxics on 'inventory-service-proxy'
Injecting latency on 'inventory-service-proxy': 3000ms (toxicity=1.0)
Load plan (COUNT_BASED): 40 requests over ~4s @ 10 req/s
Generating load: 40 requests to http://localhost:8080/api/v1/linear @ ~10 req/s (~4.0s dispatch)...
Load Results - Successes: 6, Failures: 34, Avg Latency: 477.24ms, Throughput: 0.98 TPS, Error Rate: 85.00%
Resetting all Toxiproxy proxies...
Setting proxy 'inventory-service-proxy' enabled=True
Cleared all toxics on 'inventory-service-proxy'
Setting proxy 'notification-service-proxy' enabled=True
Cleared all toxics on 'notification-service-proxy'
Setting proxy 'order-service-proxy' enabled=True
Cleared all toxics on 'order-service-proxy'
Setting proxy 'payment-service-proxy' enabled=True
Cleared all toxics on 'payment-service-proxy'
Setting proxy 'shared-db-service-proxy' enabled=True
Cleared all toxics on 'shared-db-service-proxy'
Saved run metrics to C:\Users\Lenovo\OneDrive\Desktop\capstone project\services\CascadeShield\data\master_dataset.csv

Progress: Run 4 of 162 (config 2/54, replicate 1/3)

============================================================
STARTING EXPERIMENT: Mode=full, Topology=linear, Fault=latency, Replicate=1
Config: {'failureRateThreshold': 30, 'slidingWindowSize': 5, 'waitDurationInOpenState': 5, 'slidingWindowType': 'TIME_BASED'}
============================================================
Updated .env with: {'failureRateThreshold': 30, 'slidingWindowSize': 5, 'waitDurationInOpenState': 5, 'slidingWindowType': 'TIME_BASED'}
Recreating Spring Boot containers to apply new configuration...
gateway-service is healthy!
notification-service is healthy!
Measuring pre-fault baseline...
Generating load: 20 requests to http://localhost:8080/api/v1/linear @ ~20 req/s (~1.0s dispatch)...
Load Results - Successes: 20, Failures: 0, Avg Latency: 392.26ms, Throughput: 7.42 TPS, Error Rate: 0.00%
Resetting all Toxiproxy proxies...
Setting proxy 'inventory-service-proxy' enabled=True
Cleared all toxics on 'inventory-service-proxy'
Setting proxy 'notification-service-proxy' enabled=True
Cleared all toxics on 'notification-service-proxy'
Setting proxy 'order-service-proxy' enabled=True
Cleared all toxics on 'order-service-proxy'
Setting proxy 'payment-service-proxy' enabled=True
Cleared all toxics on 'payment-service-proxy'
Setting proxy 'shared-db-service-proxy' enabled=True
Cleared all toxics on 'shared-db-service-proxy'
Cleared all toxics on 'inventory-service-proxy'
Injecting latency on 'inventory-service-proxy': 3000ms (toxicity=1.0)
Load plan (TIME_BASED): 200 requests over ~20s @ 10 req/s
Generating load: 200 requests to http://localhost:8080/api/v1/linear @ ~10 req/s (~20.0s dispatch)...
Load Results - Successes: 20, Failures: 180, Avg Latency: 321.19ms, Throughput: 0.86 TPS, Error Rate: 90.00%
Resetting all Toxiproxy proxies...
Setting proxy 'inventory-service-proxy' enabled=True
Cleared all toxics on 'inventory-service-proxy'
Setting proxy 'notification-service-proxy' enabled=True
Cleared all toxics on 'notification-service-proxy'
Setting proxy 'order-service-proxy' enabled=True
Cleared all toxics on 'order-service-proxy'
Setting proxy 'payment-service-proxy' enabled=True
Cleared all toxics on 'payment-service-proxy'
Setting proxy 'shared-db-service-proxy' enabled=True
Cleared all toxics on 'shared-db-service-proxy'
Saved run metrics to C:\Users\Lenovo\OneDrive\Desktop\capstone project\services\CascadeShield\data\master_dataset.csv

Progress: Run 5 of 162 (config 2/54, replicate 2/3)

============================================================
STARTING EXPERIMENT: Mode=full, Topology=linear, Fault=latency, Replicate=2
Config: {'failureRateThreshold': 30, 'slidingWindowSize': 5, 'waitDurationInOpenState': 5, 'slidingWindowType': 'TIME_BASED'}
============================================================
Updated .env with: {'failureRateThreshold': 30, 'slidingWindowSize': 5, 'waitDurationInOpenState': 5, 'slidingWindowType': 'TIME_BASED'}
Recreating Spring Boot containers to apply new configuration...
notification-service is healthy!
gateway-service is healthy!
Measuring pre-fault baseline...
Generating load: 20 requests to http://localhost:8080/api/v1/linear @ ~20 req/s (~1.0s dispatch)...
Load Results - Successes: 20, Failures: 0, Avg Latency: 301.01ms, Throughput: 9.52 TPS, Error Rate: 0.00%
Resetting all Toxiproxy proxies...
Setting proxy 'inventory-service-proxy' enabled=True
Cleared all toxics on 'inventory-service-proxy'
Setting proxy 'notification-service-proxy' enabled=True
Cleared all toxics on 'notification-service-proxy'
Setting proxy 'order-service-proxy' enabled=True
Cleared all toxics on 'order-service-proxy'
Setting proxy 'payment-service-proxy' enabled=True
Cleared all toxics on 'payment-service-proxy'
Setting proxy 'shared-db-service-proxy' enabled=True
Cleared all toxics on 'shared-db-service-proxy'
Cleared all toxics on 'inventory-service-proxy'
Injecting latency on 'inventory-service-proxy': 3000ms (toxicity=1.0)
Load plan (TIME_BASED): 200 requests over ~20s @ 10 req/s
Generating load: 200 requests to http://localhost:8080/api/v1/linear @ ~10 req/s (~20.0s dispatch)...
Load Results - Successes: 20, Failures: 180, Avg Latency: 322.63ms, Throughput: 0.86 TPS, Error Rate: 90.00%
Resetting all Toxiproxy proxies...
Setting proxy 'inventory-service-proxy' enabled=True
Cleared all toxics on 'inventory-service-proxy'
Setting proxy 'notification-service-proxy' enabled=True
Cleared all toxics on 'notification-service-proxy'
Setting proxy 'order-service-proxy' enabled=True
Cleared all toxics on 'order-service-proxy'
Setting proxy 'payment-service-proxy' enabled=True
Cleared all toxics on 'payment-service-proxy'
Setting proxy 'shared-db-service-proxy' enabled=True
Cleared all toxics on 'shared-db-service-proxy'
Saved run metrics to C:\Users\Lenovo\OneDrive\Desktop\capstone project\services\CascadeShield\data\master_dataset.csv

Progress: Run 6 of 162 (config 2/54, replicate 3/3)

============================================================
STARTING EXPERIMENT: Mode=full, Topology=linear, Fault=latency, Replicate=3
Config: {'failureRateThreshold': 30, 'slidingWindowSize': 5, 'waitDurationInOpenState': 5, 'slidingWindowType': 'TIME_BASED'}
============================================================
Updated .env with: {'failureRateThreshold': 30, 'slidingWindowSize': 5, 'waitDurationInOpenState': 5, 'slidingWindowType': 'TIME_BASED'}
Recreating Spring Boot containers to apply new configuration...
gateway-service is healthy!
notification-service is healthy!
Measuring pre-fault baseline...
Generating load: 20 requests to http://localhost:8080/api/v1/linear @ ~20 req/s (~1.0s dispatch)...
Load Results - Successes: 20, Failures: 0, Avg Latency: 332.63ms, Throughput: 8.69 TPS, Error Rate: 0.00%
Resetting all Toxiproxy proxies...
Setting proxy 'inventory-service-proxy' enabled=True
Cleared all toxics on 'inventory-service-proxy'
Setting proxy 'notification-service-proxy' enabled=True
Cleared all toxics on 'notification-service-proxy'
Setting proxy 'order-service-proxy' enabled=True
Cleared all toxics on 'order-service-proxy'
Setting proxy 'payment-service-proxy' enabled=True
Cleared all toxics on 'payment-service-proxy'
Setting proxy 'shared-db-service-proxy' enabled=True
Cleared all toxics on 'shared-db-service-proxy'
Cleared all toxics on 'inventory-service-proxy'
Injecting latency on 'inventory-service-proxy': 3000ms (toxicity=1.0)
Load plan (TIME_BASED): 200 requests over ~20s @ 10 req/s
Generating load: 200 requests to http://localhost:8080/api/v1/linear @ ~10 req/s (~20.0s dispatch)...
Load Results - Successes: 20, Failures: 180, Avg Latency: 322.32ms, Throughput: 0.86 TPS, Error Rate: 90.00%
Resetting all Toxiproxy proxies...
Setting proxy 'inventory-service-proxy' enabled=True
Cleared all toxics on 'inventory-service-proxy'
Setting proxy 'notification-service-proxy' enabled=True
Cleared all toxics on 'notification-service-proxy'
Setting proxy 'order-service-proxy' enabled=True
Cleared all toxics on 'order-service-proxy'
Setting proxy 'payment-service-proxy' enabled=True
Cleared all toxics on 'payment-service-proxy'
Setting proxy 'shared-db-service-proxy' enabled=True
Cleared all toxics on 'shared-db-service-proxy'
Saved run metrics to C:\Users\Lenovo\OneDrive\Desktop\capstone project\services\CascadeShield\data\master_dataset.csv

Progress: Run 7 of 162 (config 3/54, replicate 1/3)

============================================================
STARTING EXPERIMENT: Mode=full, Topology=linear, Fault=latency, Replicate=1
Config: {'failureRateThreshold': 30, 'slidingWindowSize': 5, 'waitDurationInOpenState': 15, 'slidingWindowType': 'COUNT_BASED'}
============================================================
Updated .env with: {'failureRateThreshold': 30, 'slidingWindowSize': 5, 'waitDurationInOpenState': 15, 'slidingWindowType': 'COUNT_BASED'}
Recreating Spring Boot containers to apply new configuration...
gateway-service is healthy!
notification-service is healthy!
Measuring pre-fault baseline...
Generating load: 20 requests to http://localhost:8080/api/v1/linear @ ~20 req/s (~1.0s dispatch)...
Load Results - Successes: 20, Failures: 0, Avg Latency: 345.71ms, Throughput: 8.33 TPS, Error Rate: 0.00%
Resetting all Toxiproxy proxies...
Setting proxy 'inventory-service-proxy' enabled=True
Cleared all toxics on 'inventory-service-proxy'
Setting proxy 'notification-service-proxy' enabled=True
Cleared all toxics on 'notification-service-proxy'
Setting proxy 'order-service-proxy' enabled=True
Cleared all toxics on 'order-service-proxy'
Setting proxy 'payment-service-proxy' enabled=True
Cleared all toxics on 'payment-service-proxy'
Setting proxy 'shared-db-service-proxy' enabled=True
Cleared all toxics on 'shared-db-service-proxy'
Cleared all toxics on 'inventory-service-proxy'
Injecting latency on 'inventory-service-proxy': 3000ms (toxicity=1.0)
Load plan (COUNT_BASED): 40 requests over ~4s @ 10 req/s
Generating load: 40 requests to http://localhost:8080/api/v1/linear @ ~10 req/s (~4.0s dispatch)...
Load Results - Successes: 6, Failures: 34, Avg Latency: 478.70ms, Throughput: 0.98 TPS, Error Rate: 85.00%
Resetting all Toxiproxy proxies...
Setting proxy 'inventory-service-proxy' enabled=True
Cleared all toxics on 'inventory-service-proxy'
Setting proxy 'notification-service-proxy' enabled=True
Cleared all toxics on 'notification-service-proxy'
Setting proxy 'order-service-proxy' enabled=True
Cleared all toxics on 'order-service-proxy'
Setting proxy 'payment-service-proxy' enabled=True
Cleared all toxics on 'payment-service-proxy'
Setting proxy 'shared-db-service-proxy' enabled=True
Cleared all toxics on 'shared-db-service-proxy'
Saved run metrics to C:\Users\Lenovo\OneDrive\Desktop\capstone project\services\CascadeShield\data\master_dataset.csv

Progress: Run 8 of 162 (config 3/54, replicate 2/3)

============================================================
STARTING EXPERIMENT: Mode=full, Topology=linear, Fault=latency, Replicate=2
Config: {'failureRateThreshold': 30, 'slidingWindowSize': 5, 'waitDurationInOpenState': 15, 'slidingWindowType': 'COUNT_BASED'}
============================================================
Updated .env with: {'failureRateThreshold': 30, 'slidingWindowSize': 5, 'waitDurationInOpenState': 15, 'slidingWindowType': 'COUNT_BASED'}
Recreating Spring Boot containers to apply new configuration...
notification-service is healthy!
gateway-service is healthy!
Measuring pre-fault baseline...
Generating load: 20 requests to http://localhost:8080/api/v1/linear @ ~20 req/s (~1.0s dispatch)...
Load Results - Successes: 20, Failures: 0, Avg Latency: 210.51ms, Throughput: 13.43 TPS, Error Rate: 0.00%
Resetting all Toxiproxy proxies...
Setting proxy 'inventory-service-proxy' enabled=True
Cleared all toxics on 'inventory-service-proxy'
Setting proxy 'notification-service-proxy' enabled=True
Cleared all toxics on 'notification-service-proxy'
Setting proxy 'order-service-proxy' enabled=True
Cleared all toxics on 'order-service-proxy'
Setting proxy 'payment-service-proxy' enabled=True
Cleared all toxics on 'payment-service-proxy'
Setting proxy 'shared-db-service-proxy' enabled=True
Cleared all toxics on 'shared-db-service-proxy'
Cleared all toxics on 'inventory-service-proxy'
Injecting latency on 'inventory-service-proxy': 3000ms (toxicity=1.0)
Load plan (COUNT_BASED): 40 requests over ~4s @ 10 req/s
Generating load: 40 requests to http://localhost:8080/api/v1/linear @ ~10 req/s (~4.0s dispatch)...
Load Results - Successes: 6, Failures: 34, Avg Latency: 479.24ms, Throughput: 0.98 TPS, Error Rate: 85.00%
Resetting all Toxiproxy proxies...
Setting proxy 'inventory-service-proxy' enabled=True
Cleared all toxics on 'inventory-service-proxy'
Setting proxy 'notification-service-proxy' enabled=True
Cleared all toxics on 'notification-service-proxy'
Setting proxy 'order-service-proxy' enabled=True
Cleared all toxics on 'order-service-proxy'
Setting proxy 'payment-service-proxy' enabled=True
Cleared all toxics on 'payment-service-proxy'
Setting proxy 'shared-db-service-proxy' enabled=True
Cleared all toxics on 'shared-db-service-proxy'
Saved run metrics to C:\Users\Lenovo\OneDrive\Desktop\capstone project\services\CascadeShield\data\master_dataset.csv

Progress: Run 9 of 162 (config 3/54, replicate 3/3)

============================================================
STARTING EXPERIMENT: Mode=full, Topology=linear, Fault=latency, Replicate=3
Config: {'failureRateThreshold': 30, 'slidingWindowSize': 5, 'waitDurationInOpenState': 15, 'slidingWindowType': 'COUNT_BASED'}
============================================================
Updated .env with: {'failureRateThreshold': 30, 'slidingWindowSize': 5, 'waitDurationInOpenState': 15, 'slidingWindowType': 'COUNT_BASED'}
Recreating Spring Boot containers to apply new configuration...
gateway-service is healthy!
notification-service is healthy!
Measuring pre-fault baseline...
Generating load: 20 requests to http://localhost:8080/api/v1/linear @ ~20 req/s (~1.0s dispatch)...
Load Results - Successes: 20, Failures: 0, Avg Latency: 343.88ms, Throughput: 8.38 TPS, Error Rate: 0.00%
Resetting all Toxiproxy proxies...
Setting proxy 'inventory-service-proxy' enabled=True
Cleared all toxics on 'inventory-service-proxy'
Setting proxy 'notification-service-proxy' enabled=True
Cleared all toxics on 'notification-service-proxy'
Setting proxy 'order-service-proxy' enabled=True
Cleared all toxics on 'order-service-proxy'
Setting proxy 'payment-service-proxy' enabled=True
Cleared all toxics on 'payment-service-proxy'
Setting proxy 'shared-db-service-proxy' enabled=True
Cleared all toxics on 'shared-db-service-proxy'
Cleared all toxics on 'inventory-service-proxy'
Injecting latency on 'inventory-service-proxy': 3000ms (toxicity=1.0)
Load plan (COUNT_BASED): 40 requests over ~4s @ 10 req/s
Generating load: 40 requests to http://localhost:8080/api/v1/linear @ ~10 req/s (~4.0s dispatch)...
Load Results - Successes: 6, Failures: 34, Avg Latency: 474.17ms, Throughput: 0.98 TPS, Error Rate: 85.00%
Resetting all Toxiproxy proxies...
Setting proxy 'inventory-service-proxy' enabled=True
Cleared all toxics on 'inventory-service-proxy'
Setting proxy 'notification-service-proxy' enabled=True
Cleared all toxics on 'notification-service-proxy'
Setting proxy 'order-service-proxy' enabled=True
Cleared all toxics on 'order-service-proxy'
Setting proxy 'payment-service-proxy' enabled=True
Cleared all toxics on 'payment-service-proxy'
Setting proxy 'shared-db-service-proxy' enabled=True
Cleared all toxics on 'shared-db-service-proxy'
Saved run metrics to C:\Users\Lenovo\OneDrive\Desktop\capstone project\services\CascadeShield\data\master_dataset.csv

Progress: Run 10 of 162 (config 4/54, replicate 1/3)

============================================================
STARTING EXPERIMENT: Mode=full, Topology=linear, Fault=latency, Replicate=1
Config: {'failureRateThreshold': 30, 'slidingWindowSize': 5, 'waitDurationInOpenState': 15, 'slidingWindowType': 'TIME_BASED'}
============================================================
Updated .env with: {'failureRateThreshold': 30, 'slidingWindowSize': 5, 'waitDurationInOpenState': 15, 'slidingWindowType': 'TIME_BASED'}
Recreating Spring Boot containers to apply new configuration...
gateway-service is healthy!
notification-service is healthy!
Measuring pre-fault baseline...
Generating load: 20 requests to http://localhost:8080/api/v1/linear @ ~20 req/s (~1.0s dispatch)...
Load Results - Successes: 20, Failures: 0, Avg Latency: 326.42ms, Throughput: 8.83 TPS, Error Rate: 0.00%
Resetting all Toxiproxy proxies...
Setting proxy 'inventory-service-proxy' enabled=True
Cleared all toxics on 'inventory-service-proxy'
Setting proxy 'notification-service-proxy' enabled=True
Cleared all toxics on 'notification-service-proxy'
Setting proxy 'order-service-proxy' enabled=True
Cleared all toxics on 'order-service-proxy'
Setting proxy 'payment-service-proxy' enabled=True
Cleared all toxics on 'payment-service-proxy'
Setting proxy 'shared-db-service-proxy' enabled=True
Cleared all toxics on 'shared-db-service-proxy'
Cleared all toxics on 'inventory-service-proxy'
Injecting latency on 'inventory-service-proxy': 3000ms (toxicity=1.0)
Load plan (TIME_BASED): 300 requests over ~30s @ 10 req/s
Generating load: 300 requests to http://localhost:8080/api/v1/linear @ ~10 req/s (~30.0s dispatch)...
Load Results - Successes: 14, Failures: 286, Avg Latency: 159.76ms, Throughput: 0.43 TPS, Error Rate: 95.33%
Resetting all Toxiproxy proxies...
Setting proxy 'inventory-service-proxy' enabled=True
Cleared all toxics on 'inventory-service-proxy'
Setting proxy 'notification-service-proxy' enabled=True
Cleared all toxics on 'notification-service-proxy'
Setting proxy 'order-service-proxy' enabled=True
Cleared all toxics on 'order-service-proxy'
Setting proxy 'payment-service-proxy' enabled=True
Cleared all toxics on 'payment-service-proxy'
Setting proxy 'shared-db-service-proxy' enabled=True
Cleared all toxics on 'shared-db-service-proxy'
Saved run metrics to C:\Users\Lenovo\OneDrive\Desktop\capstone project\services\CascadeShield\data\master_dataset.csv

Progress: Run 11 of 162 (config 4/54, replicate 2/3)

============================================================
STARTING EXPERIMENT: Mode=full, Topology=linear, Fault=latency, Replicate=2
Config: {'failureRateThreshold': 30, 'slidingWindowSize': 5, 'waitDurationInOpenState': 15, 'slidingWindowType': 'TIME_BASED'}
============================================================
Updated .env with: {'failureRateThreshold': 30, 'slidingWindowSize': 5, 'waitDurationInOpenState': 15, 'slidingWindowType': 'TIME_BASED'}
Recreating Spring Boot containers to apply new configuration...
gateway-service is healthy!
notification-service is healthy!
Measuring pre-fault baseline...
Generating load: 20 requests to http://localhost:8080/api/v1/linear @ ~20 req/s (~1.0s dispatch)...
Load Results - Successes: 20, Failures: 0, Avg Latency: 354.30ms, Throughput: 8.16 TPS, Error Rate: 0.00%
Resetting all Toxiproxy proxies...
Setting proxy 'inventory-service-proxy' enabled=True
Cleared all toxics on 'inventory-service-proxy'
Setting proxy 'notification-service-proxy' enabled=True
Cleared all toxics on 'notification-service-proxy'
Setting proxy 'order-service-proxy' enabled=True
Cleared all toxics on 'order-service-proxy'
Setting proxy 'payment-service-proxy' enabled=True
Cleared all toxics on 'payment-service-proxy'
Setting proxy 'shared-db-service-proxy' enabled=True
Cleared all toxics on 'shared-db-service-proxy'
Cleared all toxics on 'inventory-service-proxy'
Injecting latency on 'inventory-service-proxy': 3000ms (toxicity=1.0)
Load plan (TIME_BASED): 300 requests over ~30s @ 10 req/s
Generating load: 300 requests to http://localhost:8080/api/v1/linear @ ~10 req/s (~30.0s dispatch)...
Load Results - Successes: 15, Failures: 285, Avg Latency: 170.33ms, Throughput: 0.47 TPS, Error Rate: 95.00%
Resetting all Toxiproxy proxies...
Setting proxy 'inventory-service-proxy' enabled=True
Cleared all toxics on 'inventory-service-proxy'
Setting proxy 'notification-service-proxy' enabled=True
Cleared all toxics on 'notification-service-proxy'
Setting proxy 'order-service-proxy' enabled=True
Cleared all toxics on 'order-service-proxy'
Setting proxy 'payment-service-proxy' enabled=True
Cleared all toxics on 'payment-service-proxy'
Setting proxy 'shared-db-service-proxy' enabled=True
Cleared all toxics on 'shared-db-service-proxy'
Saved run metrics to C:\Users\Lenovo\OneDrive\Desktop\capstone project\services\CascadeShield\data\master_dataset.csv

Progress: Run 12 of 162 (config 4/54, replicate 3/3)

============================================================
STARTING EXPERIMENT: Mode=full, Topology=linear, Fault=latency, Replicate=3
Config: {'failureRateThreshold': 30, 'slidingWindowSize': 5, 'waitDurationInOpenState': 15, 'slidingWindowType': 'TIME_BASED'}
============================================================
Updated .env with: {'failureRateThreshold': 30, 'slidingWindowSize': 5, 'waitDurationInOpenState': 15, 'slidingWindowType': 'TIME_BASED'}
Recreating Spring Boot containers to apply new configuration...
gateway-service is healthy!
notification-service is healthy!
Measuring pre-fault baseline...
Generating load: 20 requests to http://localhost:8080/api/v1/linear @ ~20 req/s (~1.0s dispatch)...
Load Results - Successes: 20, Failures: 0, Avg Latency: 301.25ms, Throughput: 9.55 TPS, Error Rate: 0.00%
Resetting all Toxiproxy proxies...
Setting proxy 'inventory-service-proxy' enabled=True
Cleared all toxics on 'inventory-service-proxy'
Setting proxy 'notification-service-proxy' enabled=True
Cleared all toxics on 'notification-service-proxy'
Setting proxy 'order-service-proxy' enabled=True
Cleared all toxics on 'order-service-proxy'
Setting proxy 'payment-service-proxy' enabled=True
Cleared all toxics on 'payment-service-proxy'
Setting proxy 'shared-db-service-proxy' enabled=True
Cleared all toxics on 'shared-db-service-proxy'
Cleared all toxics on 'inventory-service-proxy'
Injecting latency on 'inventory-service-proxy': 3000ms (toxicity=1.0)
Load plan (TIME_BASED): 300 requests over ~30s @ 10 req/s
Generating load: 300 requests to http://localhost:8080/api/v1/linear @ ~10 req/s (~30.0s dispatch)...
Load Results - Successes: 15, Failures: 285, Avg Latency: 169.53ms, Throughput: 0.46 TPS, Error Rate: 95.00%
Resetting all Toxiproxy proxies...
Setting proxy 'inventory-service-proxy' enabled=True
Cleared all toxics on 'inventory-service-proxy'
Setting proxy 'notification-service-proxy' enabled=True
Cleared all toxics on 'notification-service-proxy'
Setting proxy 'order-service-proxy' enabled=True
Cleared all toxics on 'order-service-proxy'
Setting proxy 'payment-service-proxy' enabled=True
Cleared all toxics on 'payment-service-proxy'
Setting proxy 'shared-db-service-proxy' enabled=True
Cleared all toxics on 'shared-db-service-proxy'
Saved run metrics to C:\Users\Lenovo\OneDrive\Desktop\capstone project\services\CascadeShield\data\master_dataset.csv

Progress: Run 13 of 162 (config 5/54, replicate 1/3)

============================================================
STARTING EXPERIMENT: Mode=full, Topology=linear, Fault=latency, Replicate=1
Config: {'failureRateThreshold': 30, 'slidingWindowSize': 5, 'waitDurationInOpenState': 30, 'slidingWindowType': 'COUNT_BASED'}
============================================================
Updated .env with: {'failureRateThreshold': 30, 'slidingWindowSize': 5, 'waitDurationInOpenState': 30, 'slidingWindowType': 'COUNT_BASED'}
Recreating Spring Boot containers to apply new configuration...
gateway-service is healthy!
notification-service is healthy!
Measuring pre-fault baseline...
Generating load: 20 requests to http://localhost:8080/api/v1/linear @ ~20 req/s (~1.0s dispatch)...
Load Results - Successes: 20, Failures: 0, Avg Latency: 256.23ms, Throughput: 11.19 TPS, Error Rate: 0.00%
Resetting all Toxiproxy proxies...
Setting proxy 'inventory-service-proxy' enabled=True
Cleared all toxics on 'inventory-service-proxy'
Setting proxy 'notification-service-proxy' enabled=True
Cleared all toxics on 'notification-service-proxy'
Setting proxy 'order-service-proxy' enabled=True
Cleared all toxics on 'order-service-proxy'
Setting proxy 'payment-service-proxy' enabled=True
Cleared all toxics on 'payment-service-proxy'
Setting proxy 'shared-db-service-proxy' enabled=True
Cleared all toxics on 'shared-db-service-proxy'
Cleared all toxics on 'inventory-service-proxy'
Injecting latency on 'inventory-service-proxy': 3000ms (toxicity=1.0)
Load plan (COUNT_BASED): 40 requests over ~4s @ 10 req/s
Generating load: 40 requests to http://localhost:8080/api/v1/linear @ ~10 req/s (~4.0s dispatch)...
Load Results - Successes: 6, Failures: 34, Avg Latency: 474.06ms, Throughput: 0.98 TPS, Error Rate: 85.00%
Resetting all Toxiproxy proxies...
Setting proxy 'inventory-service-proxy' enabled=True
Cleared all toxics on 'inventory-service-proxy'
Setting proxy 'notification-service-proxy' enabled=True
Cleared all toxics on 'notification-service-proxy'
Setting proxy 'order-service-proxy' enabled=True
Cleared all toxics on 'order-service-proxy'
Setting proxy 'payment-service-proxy' enabled=True
Cleared all toxics on 'payment-service-proxy'
Setting proxy 'shared-db-service-proxy' enabled=True
Cleared all toxics on 'shared-db-service-proxy'
Saved run metrics to C:\Users\Lenovo\OneDrive\Desktop\capstone project\services\CascadeShield\data\master_dataset.csv

Progress: Run 14 of 162 (config 5/54, replicate 2/3)

============================================================
STARTING EXPERIMENT: Mode=full, Topology=linear, Fault=latency, Replicate=2
Config: {'failureRateThreshold': 30, 'slidingWindowSize': 5, 'waitDurationInOpenState': 30, 'slidingWindowType': 'COUNT_BASED'}
============================================================
Updated .env with: {'failureRateThreshold': 30, 'slidingWindowSize': 5, 'waitDurationInOpenState': 30, 'slidingWindowType': 'COUNT_BASED'}
Recreating Spring Boot containers to apply new configuration...
gateway-service is healthy!
notification-service is healthy!
Measuring pre-fault baseline...
Generating load: 20 requests to http://localhost:8080/api/v1/linear @ ~20 req/s (~1.0s dispatch)...
Load Results - Successes: 20, Failures: 0, Avg Latency: 222.58ms, Throughput: 12.76 TPS, Error Rate: 0.00%
Resetting all Toxiproxy proxies...
Setting proxy 'inventory-service-proxy' enabled=True
Cleared all toxics on 'inventory-service-proxy'
Setting proxy 'notification-service-proxy' enabled=True
Cleared all toxics on 'notification-service-proxy'
Setting proxy 'order-service-proxy' enabled=True
Cleared all toxics on 'order-service-proxy'
Setting proxy 'payment-service-proxy' enabled=True
Cleared all toxics on 'payment-service-proxy'
Setting proxy 'shared-db-service-proxy' enabled=True
Cleared all toxics on 'shared-db-service-proxy'
Cleared all toxics on 'inventory-service-proxy'
Injecting latency on 'inventory-service-proxy': 3000ms (toxicity=1.0)
Load plan (COUNT_BASED): 40 requests over ~4s @ 10 req/s
Generating load: 40 requests to http://localhost:8080/api/v1/linear @ ~10 req/s (~4.0s dispatch)...
Load Results - Successes: 6, Failures: 34, Avg Latency: 476.61ms, Throughput: 0.97 TPS, Error Rate: 85.00%
Resetting all Toxiproxy proxies...
Setting proxy 'inventory-service-proxy' enabled=True
Cleared all toxics on 'inventory-service-proxy'
Setting proxy 'notification-service-proxy' enabled=True
Cleared all toxics on 'notification-service-proxy'
Setting proxy 'order-service-proxy' enabled=True
Cleared all toxics on 'order-service-proxy'
Setting proxy 'payment-service-proxy' enabled=True
Cleared all toxics on 'payment-service-proxy'
Setting proxy 'shared-db-service-proxy' enabled=True
Cleared all toxics on 'shared-db-service-proxy'
Saved run metrics to C:\Users\Lenovo\OneDrive\Desktop\capstone project\services\CascadeShield\data\master_dataset.csv

Progress: Run 15 of 162 (config 5/54, replicate 3/3)

============================================================
STARTING EXPERIMENT: Mode=full, Topology=linear, Fault=latency, Replicate=3
Config: {'failureRateThreshold': 30, 'slidingWindowSize': 5, 'waitDurationInOpenState': 30, 'slidingWindowType': 'COUNT_BASED'}
============================================================
Updated .env with: {'failureRateThreshold': 30, 'slidingWindowSize': 5, 'waitDurationInOpenState': 30, 'slidingWindowType': 'COUNT_BASED'}
Recreating Spring Boot containers to apply new configuration...
gateway-service is healthy!
notification-service is healthy!
Measuring pre-fault baseline...
Generating load: 20 requests to http://localhost:8080/api/v1/linear @ ~20 req/s (~1.0s dispatch)...
Load Results - Successes: 6, Failures: 14, Avg Latency: 373.45ms, Throughput: 2.35 TPS, Error Rate: 70.00%
Resetting all Toxiproxy proxies...
Setting proxy 'inventory-service-proxy' enabled=True
Cleared all toxics on 'inventory-service-proxy'
Setting proxy 'notification-service-proxy' enabled=True
Cleared all toxics on 'notification-service-proxy'
Setting proxy 'order-service-proxy' enabled=True
Cleared all toxics on 'order-service-proxy'
Setting proxy 'payment-service-proxy' enabled=True
Cleared all toxics on 'payment-service-proxy'
Setting proxy 'shared-db-service-proxy' enabled=True
Cleared all toxics on 'shared-db-service-proxy'
Cleared all toxics on 'inventory-service-proxy'
Injecting latency on 'inventory-service-proxy': 3000ms (toxicity=1.0)
Load plan (COUNT_BASED): 40 requests over ~4s @ 10 req/s
Generating load: 40 requests to http://localhost:8080/api/v1/linear @ ~10 req/s (~4.0s dispatch)...
Load Results - Successes: 0, Failures: 40, Avg Latency: 18.36ms, Throughput: 0.00 TPS, Error Rate: 100.00%
Resetting all Toxiproxy proxies...
Setting proxy 'inventory-service-proxy' enabled=True
Cleared all toxics on 'inventory-service-proxy'
Setting proxy 'notification-service-proxy' enabled=True
Cleared all toxics on 'notification-service-proxy'
Setting proxy 'order-service-proxy' enabled=True
Cleared all toxics on 'order-service-proxy'
Setting proxy 'payment-service-proxy' enabled=True
Cleared all toxics on 'payment-service-proxy'
Setting proxy 'shared-db-service-proxy' enabled=True
Cleared all toxics on 'shared-db-service-proxy'
Saved run metrics to C:\Users\Lenovo\OneDrive\Desktop\capstone project\services\CascadeShield\data\master_dataset.csv

Progress: Run 16 of 162 (config 6/54, replicate 1/3)

============================================================
STARTING EXPERIMENT: Mode=full, Topology=linear, Fault=latency, Replicate=1
Config: {'failureRateThreshold': 30, 'slidingWindowSize': 5, 'waitDurationInOpenState': 30, 'slidingWindowType': 'TIME_BASED'}
============================================================
Updated .env with: {'failureRateThreshold': 30, 'slidingWindowSize': 5, 'waitDurationInOpenState': 30, 'slidingWindowType': 'TIME_BASED'}
Recreating Spring Boot containers to apply new configuration...
gateway-service is healthy!
notification-service is healthy!
Measuring pre-fault baseline...
Generating load: 20 requests to http://localhost:8080/api/v1/linear @ ~20 req/s (~1.0s dispatch)...
Load Results - Successes: 20, Failures: 0, Avg Latency: 309.04ms, Throughput: 9.32 TPS, Error Rate: 0.00%
Resetting all Toxiproxy proxies...
Setting proxy 'inventory-service-proxy' enabled=True
Cleared all toxics on 'inventory-service-proxy'
Setting proxy 'notification-service-proxy' enabled=True
Cleared all toxics on 'notification-service-proxy'
Setting proxy 'order-service-proxy' enabled=True
Cleared all toxics on 'order-service-proxy'
Setting proxy 'payment-service-proxy' enabled=True
Cleared all toxics on 'payment-service-proxy'
Setting proxy 'shared-db-service-proxy' enabled=True
Cleared all toxics on 'shared-db-service-proxy'
Cleared all toxics on 'inventory-service-proxy'
Injecting latency on 'inventory-service-proxy': 3000ms (toxicity=1.0)
Load plan (TIME_BASED): 450 requests over ~45s @ 10 req/s
Generating load: 450 requests to http://localhost:8080/api/v1/linear @ ~10 req/s (~45.0s dispatch)...
Load Results - Successes: 15, Failures: 435, Avg Latency: 119.68ms, Throughput: 0.31 TPS, Error Rate: 96.67%
Resetting all Toxiproxy proxies...
Setting proxy 'inventory-service-proxy' enabled=True
Cleared all toxics on 'inventory-service-proxy'
Setting proxy 'notification-service-proxy' enabled=True
Cleared all toxics on 'notification-service-proxy'
Setting proxy 'order-service-proxy' enabled=True
Cleared all toxics on 'order-service-proxy'
Setting proxy 'payment-service-proxy' enabled=True
Cleared all toxics on 'payment-service-proxy'
Setting proxy 'shared-db-service-proxy' enabled=True
Cleared all toxics on 'shared-db-service-proxy'
Saved run metrics to C:\Users\Lenovo\OneDrive\Desktop\capstone project\services\CascadeShield\data\master_dataset.csv

Progress: Run 17 of 162 (config 6/54, replicate 2/3)

============================================================
STARTING EXPERIMENT: Mode=full, Topology=linear, Fault=latency, Replicate=2
Config: {'failureRateThreshold': 30, 'slidingWindowSize': 5, 'waitDurationInOpenState': 30, 'slidingWindowType': 'TIME_BASED'}
============================================================
Updated .env with: {'failureRateThreshold': 30, 'slidingWindowSize': 5, 'waitDurationInOpenState': 30, 'slidingWindowType': 'TIME_BASED'}
Recreating Spring Boot containers to apply new configuration...
notification-service is healthy!
gateway-service is healthy!
Measuring pre-fault baseline...
Generating load: 20 requests to http://localhost:8080/api/v1/linear @ ~20 req/s (~1.0s dispatch)...
Load Results - Successes: 20, Failures: 0, Avg Latency: 223.72ms, Throughput: 12.61 TPS, Error Rate: 0.00%
Resetting all Toxiproxy proxies...
Setting proxy 'inventory-service-proxy' enabled=True
Cleared all toxics on 'inventory-service-proxy'
Setting proxy 'notification-service-proxy' enabled=True
Cleared all toxics on 'notification-service-proxy'
Setting proxy 'order-service-proxy' enabled=True
Cleared all toxics on 'order-service-proxy'
Setting proxy 'payment-service-proxy' enabled=True
Cleared all toxics on 'payment-service-proxy'
Setting proxy 'shared-db-service-proxy' enabled=True
Cleared all toxics on 'shared-db-service-proxy'
Cleared all toxics on 'inventory-service-proxy'
Injecting latency on 'inventory-service-proxy': 3000ms (toxicity=1.0)
Load plan (TIME_BASED): 450 requests over ~45s @ 10 req/s
Generating load: 450 requests to http://localhost:8080/api/v1/linear @ ~10 req/s (~45.0s dispatch)...
Load Results - Successes: 13, Failures: 437, Avg Latency: 102.94ms, Throughput: 0.27 TPS, Error Rate: 97.11%
Resetting all Toxiproxy proxies...
Setting proxy 'inventory-service-proxy' enabled=True
Cleared all toxics on 'inventory-service-proxy'
Setting proxy 'notification-service-proxy' enabled=True
Cleared all toxics on 'notification-service-proxy'
Setting proxy 'order-service-proxy' enabled=True
Cleared all toxics on 'order-service-proxy'
Setting proxy 'payment-service-proxy' enabled=True
Cleared all toxics on 'payment-service-proxy'
Setting proxy 'shared-db-service-proxy' enabled=True
Cleared all toxics on 'shared-db-service-proxy'
Saved run metrics to C:\Users\Lenovo\OneDrive\Desktop\capstone project\services\CascadeShield\data\master_dataset.csv

Progress: Run 18 of 162 (config 6/54, replicate 3/3)

============================================================
STARTING EXPERIMENT: Mode=full, Topology=linear, Fault=latency, Replicate=3
Config: {'failureRateThreshold': 30, 'slidingWindowSize': 5, 'waitDurationInOpenState': 30, 'slidingWindowType': 'TIME_BASED'}
============================================================
Updated .env with: {'failureRateThreshold': 30, 'slidingWindowSize': 5, 'waitDurationInOpenState': 30, 'slidingWindowType': 'TIME_BASED'}
Recreating Spring Boot containers to apply new configuration...
gateway-service is healthy!
notification-service is healthy!
Measuring pre-fault baseline...
Generating load: 20 requests to http://localhost:8080/api/v1/linear @ ~20 req/s (~1.0s dispatch)...
Load Results - Successes: 20, Failures: 0, Avg Latency: 389.34ms, Throughput: 7.43 TPS, Error Rate: 0.00%
Resetting all Toxiproxy proxies...
Setting proxy 'inventory-service-proxy' enabled=True
Cleared all toxics on 'inventory-service-proxy'
Setting proxy 'notification-service-proxy' enabled=True
Cleared all toxics on 'notification-service-proxy'
Setting proxy 'order-service-proxy' enabled=True
Cleared all toxics on 'order-service-proxy'
Setting proxy 'payment-service-proxy' enabled=True
Cleared all toxics on 'payment-service-proxy'
Setting proxy 'shared-db-service-proxy' enabled=True
Cleared all toxics on 'shared-db-service-proxy'
Cleared all toxics on 'inventory-service-proxy'
Injecting latency on 'inventory-service-proxy': 3000ms (toxicity=1.0)
Load plan (TIME_BASED): 450 requests over ~45s @ 10 req/s
Generating load: 450 requests to http://localhost:8080/api/v1/linear @ ~10 req/s (~45.0s dispatch)...
Load Results - Successes: 14, Failures: 436, Avg Latency: 109.54ms, Throughput: 0.29 TPS, Error Rate: 96.89%
Resetting all Toxiproxy proxies...
Setting proxy 'inventory-service-proxy' enabled=True
Cleared all toxics on 'inventory-service-proxy'
Setting proxy 'notification-service-proxy' enabled=True
Cleared all toxics on 'notification-service-proxy'
Setting proxy 'order-service-proxy' enabled=True
Cleared all toxics on 'order-service-proxy'
Setting proxy 'payment-service-proxy' enabled=True
Cleared all toxics on 'payment-service-proxy'
Setting proxy 'shared-db-service-proxy' enabled=True
Cleared all toxics on 'shared-db-service-proxy'
Saved run metrics to C:\Users\Lenovo\OneDrive\Desktop\capstone project\services\CascadeShield\data\master_dataset.csv

Progress: Run 19 of 162 (config 7/54, replicate 1/3)

============================================================
STARTING EXPERIMENT: Mode=full, Topology=linear, Fault=latency, Replicate=1
Config: {'failureRateThreshold': 30, 'slidingWindowSize': 10, 'waitDurationInOpenState': 5, 'slidingWindowType': 'COUNT_BASED'}
============================================================
Updated .env with: {'failureRateThreshold': 30, 'slidingWindowSize': 10, 'waitDurationInOpenState': 5, 'slidingWindowType': 'COUNT_BASED'}
Recreating Spring Boot containers to apply new configuration...
notification-service is healthy!
gateway-service is healthy!
Measuring pre-fault baseline...
Generating load: 20 requests to http://localhost:8080/api/v1/linear @ ~20 req/s (~1.0s dispatch)...
Load Results - Successes: 20, Failures: 0, Avg Latency: 232.72ms, Throughput: 12.27 TPS, Error Rate: 0.00%
Resetting all Toxiproxy proxies...
Setting proxy 'inventory-service-proxy' enabled=True
Cleared all toxics on 'inventory-service-proxy'
Setting proxy 'notification-service-proxy' enabled=True
Cleared all toxics on 'notification-service-proxy'
Setting proxy 'order-service-proxy' enabled=True
Cleared all toxics on 'order-service-proxy'
Setting proxy 'payment-service-proxy' enabled=True
Cleared all toxics on 'payment-service-proxy'
Setting proxy 'shared-db-service-proxy' enabled=True
Cleared all toxics on 'shared-db-service-proxy'
Cleared all toxics on 'inventory-service-proxy'
Injecting latency on 'inventory-service-proxy': 3000ms (toxicity=1.0)
Load plan (COUNT_BASED): 40 requests over ~4s @ 10 req/s
Generating load: 40 requests to http://localhost:8080/api/v1/linear @ ~10 req/s (~4.0s dispatch)...
Load Results - Successes: 7, Failures: 33, Avg Latency: 548.61ms, Throughput: 1.12 TPS, Error Rate: 82.50%
Resetting all Toxiproxy proxies...
Setting proxy 'inventory-service-proxy' enabled=True
Cleared all toxics on 'inventory-service-proxy'
Setting proxy 'notification-service-proxy' enabled=True
Cleared all toxics on 'notification-service-proxy'
Setting proxy 'order-service-proxy' enabled=True
Cleared all toxics on 'order-service-proxy'
Setting proxy 'payment-service-proxy' enabled=True
Cleared all toxics on 'payment-service-proxy'
Setting proxy 'shared-db-service-proxy' enabled=True
Cleared all toxics on 'shared-db-service-proxy'
Saved run metrics to C:\Users\Lenovo\OneDrive\Desktop\capstone project\services\CascadeShield\data\master_dataset.csv

Progress: Run 20 of 162 (config 7/54, replicate 2/3)

============================================================
STARTING EXPERIMENT: Mode=full, Topology=linear, Fault=latency, Replicate=2
Config: {'failureRateThreshold': 30, 'slidingWindowSize': 10, 'waitDurationInOpenState': 5, 'slidingWindowType': 'COUNT_BASED'}
============================================================
Updated .env with: {'failureRateThreshold': 30, 'slidingWindowSize': 10, 'waitDurationInOpenState': 5, 'slidingWindowType': 'COUNT_BASED'}
Recreating Spring Boot containers to apply new configuration...
notification-service is healthy!
gateway-service is healthy!
Measuring pre-fault baseline...
Generating load: 20 requests to http://localhost:8080/api/v1/linear @ ~20 req/s (~1.0s dispatch)...
Load Results - Successes: 20, Failures: 0, Avg Latency: 226.22ms, Throughput: 12.48 TPS, Error Rate: 0.00%
Resetting all Toxiproxy proxies...
Setting proxy 'inventory-service-proxy' enabled=True
Cleared all toxics on 'inventory-service-proxy'
Setting proxy 'notification-service-proxy' enabled=True
Cleared all toxics on 'notification-service-proxy'
Setting proxy 'order-service-proxy' enabled=True
Cleared all toxics on 'order-service-proxy'
Setting proxy 'payment-service-proxy' enabled=True
Cleared all toxics on 'payment-service-proxy'
Setting proxy 'shared-db-service-proxy' enabled=True
Cleared all toxics on 'shared-db-service-proxy'
Cleared all toxics on 'inventory-service-proxy'
Injecting latency on 'inventory-service-proxy': 3000ms (toxicity=1.0)
Load plan (COUNT_BASED): 40 requests over ~4s @ 10 req/s
Generating load: 40 requests to http://localhost:8080/api/v1/linear @ ~10 req/s (~4.0s dispatch)...
Load Results - Successes: 7, Failures: 33, Avg Latency: 550.69ms, Throughput: 1.12 TPS, Error Rate: 82.50%
Resetting all Toxiproxy proxies...
Setting proxy 'inventory-service-proxy' enabled=True
Cleared all toxics on 'inventory-service-proxy'
Setting proxy 'notification-service-proxy' enabled=True
Cleared all toxics on 'notification-service-proxy'
Setting proxy 'order-service-proxy' enabled=True
Cleared all toxics on 'order-service-proxy'
Setting proxy 'payment-service-proxy' enabled=True
Cleared all toxics on 'payment-service-proxy'
Setting proxy 'shared-db-service-proxy' enabled=True
Cleared all toxics on 'shared-db-service-proxy'
Saved run metrics to C:\Users\Lenovo\OneDrive\Desktop\capstone project\services\CascadeShield\data\master_dataset.csv

Progress: Run 21 of 162 (config 7/54, replicate 3/3)

============================================================
STARTING EXPERIMENT: Mode=full, Topology=linear, Fault=latency, Replicate=3
Config: {'failureRateThreshold': 30, 'slidingWindowSize': 10, 'waitDurationInOpenState': 5, 'slidingWindowType': 'COUNT_BASED'}
============================================================
Updated .env with: {'failureRateThreshold': 30, 'slidingWindowSize': 10, 'waitDurationInOpenState': 5, 'slidingWindowType': 'COUNT_BASED'}
Recreating Spring Boot containers to apply new configuration...
gateway-service is healthy!
notification-service is healthy!
Measuring pre-fault baseline...
Generating load: 20 requests to http://localhost:8080/api/v1/linear @ ~20 req/s (~1.0s dispatch)...
Load Results - Successes: 6, Failures: 14, Avg Latency: 370.54ms, Throughput: 2.37 TPS, Error Rate: 70.00%
Resetting all Toxiproxy proxies...
Setting proxy 'inventory-service-proxy' enabled=True
Cleared all toxics on 'inventory-service-proxy'
Setting proxy 'notification-service-proxy' enabled=True
Cleared all toxics on 'notification-service-proxy'
Setting proxy 'order-service-proxy' enabled=True
Cleared all toxics on 'order-service-proxy'
Setting proxy 'payment-service-proxy' enabled=True
Cleared all toxics on 'payment-service-proxy'
Setting proxy 'shared-db-service-proxy' enabled=True
Cleared all toxics on 'shared-db-service-proxy'
Cleared all toxics on 'inventory-service-proxy'
Injecting latency on 'inventory-service-proxy': 3000ms (toxicity=1.0)
Load plan (COUNT_BASED): 40 requests over ~4s @ 10 req/s
Generating load: 40 requests to http://localhost:8080/api/v1/linear @ ~10 req/s (~4.0s dispatch)...
Load Results - Successes: 2, Failures: 38, Avg Latency: 170.07ms, Throughput: 0.27 TPS, Error Rate: 95.00%
Resetting all Toxiproxy proxies...
Setting proxy 'inventory-service-proxy' enabled=True
Cleared all toxics on 'inventory-service-proxy'
Setting proxy 'notification-service-proxy' enabled=True
Cleared all toxics on 'notification-service-proxy'
Setting proxy 'order-service-proxy' enabled=True
Cleared all toxics on 'order-service-proxy'
Setting proxy 'payment-service-proxy' enabled=True
Cleared all toxics on 'payment-service-proxy'
Setting proxy 'shared-db-service-proxy' enabled=True
Cleared all toxics on 'shared-db-service-proxy'
Saved run metrics to C:\Users\Lenovo\OneDrive\Desktop\capstone project\services\CascadeShield\data\master_dataset.csv

Progress: Run 22 of 162 (config 8/54, replicate 1/3)

============================================================
STARTING EXPERIMENT: Mode=full, Topology=linear, Fault=latency, Replicate=1
Config: {'failureRateThreshold': 30, 'slidingWindowSize': 10, 'waitDurationInOpenState': 5, 'slidingWindowType': 'TIME_BASED'}
============================================================
Updated .env with: {'failureRateThreshold': 30, 'slidingWindowSize': 10, 'waitDurationInOpenState': 5, 'slidingWindowType': 'TIME_BASED'}
Recreating Spring Boot containers to apply new configuration...
gateway-service is healthy!
notification-service is healthy!
Measuring pre-fault baseline...
Generating load: 20 requests to http://localhost:8080/api/v1/linear @ ~20 req/s (~1.0s dispatch)...
Load Results - Successes: 20, Failures: 0, Avg Latency: 269.56ms, Throughput: 10.59 TPS, Error Rate: 0.00%
Resetting all Toxiproxy proxies...
Setting proxy 'inventory-service-proxy' enabled=True
Cleared all toxics on 'inventory-service-proxy'
Setting proxy 'notification-service-proxy' enabled=True
Cleared all toxics on 'notification-service-proxy'
Setting proxy 'order-service-proxy' enabled=True
Cleared all toxics on 'order-service-proxy'
Setting proxy 'payment-service-proxy' enabled=True
Cleared all toxics on 'payment-service-proxy'
Setting proxy 'shared-db-service-proxy' enabled=True
Cleared all toxics on 'shared-db-service-proxy'
Cleared all toxics on 'inventory-service-proxy'
Injecting latency on 'inventory-service-proxy': 3000ms (toxicity=1.0)
Load plan (TIME_BASED): 250 requests over ~25s @ 10 req/s
Generating load: 250 requests to http://localhost:8080/api/v1/linear @ ~10 req/s (~25.0s dispatch)...
Load Results - Successes: 23, Failures: 227, Avg Latency: 295.85ms, Throughput: 0.85 TPS, Error Rate: 90.80%
Resetting all Toxiproxy proxies...
Setting proxy 'inventory-service-proxy' enabled=True
Cleared all toxics on 'inventory-service-proxy'
Setting proxy 'notification-service-proxy' enabled=True
Cleared all toxics on 'notification-service-proxy'
Setting proxy 'order-service-proxy' enabled=True
Cleared all toxics on 'order-service-proxy'
Setting proxy 'payment-service-proxy' enabled=True
Cleared all toxics on 'payment-service-proxy'
Setting proxy 'shared-db-service-proxy' enabled=True
Cleared all toxics on 'shared-db-service-proxy'
Saved run metrics to C:\Users\Lenovo\OneDrive\Desktop\capstone project\services\CascadeShield\data\master_dataset.csv

Progress: Run 23 of 162 (config 8/54, replicate 2/3)

============================================================
STARTING EXPERIMENT: Mode=full, Topology=linear, Fault=latency, Replicate=2
Config: {'failureRateThreshold': 30, 'slidingWindowSize': 10, 'waitDurationInOpenState': 5, 'slidingWindowType': 'TIME_BASED'}
============================================================
Updated .env with: {'failureRateThreshold': 30, 'slidingWindowSize': 10, 'waitDurationInOpenState': 5, 'slidingWindowType': 'TIME_BASED'}
Recreating Spring Boot containers to apply new configuration...
notification-service is healthy!
gateway-service is healthy!
Measuring pre-fault baseline...
Generating load: 20 requests to http://localhost:8080/api/v1/linear @ ~20 req/s (~1.0s dispatch)...
Load Results - Successes: 20, Failures: 0, Avg Latency: 226.02ms, Throughput: 12.42 TPS, Error Rate: 0.00%
Resetting all Toxiproxy proxies...
Setting proxy 'inventory-service-proxy' enabled=True
Cleared all toxics on 'inventory-service-proxy'
Setting proxy 'notification-service-proxy' enabled=True
Cleared all toxics on 'notification-service-proxy'
Setting proxy 'order-service-proxy' enabled=True
Cleared all toxics on 'order-service-proxy'
Setting proxy 'payment-service-proxy' enabled=True
Cleared all toxics on 'payment-service-proxy'
Setting proxy 'shared-db-service-proxy' enabled=True
Cleared all toxics on 'shared-db-service-proxy'
Cleared all toxics on 'inventory-service-proxy'
Injecting latency on 'inventory-service-proxy': 3000ms (toxicity=1.0)
Load plan (TIME_BASED): 250 requests over ~25s @ 10 req/s
Generating load: 250 requests to http://localhost:8080/api/v1/linear @ ~10 req/s (~25.0s dispatch)...
Load Results - Successes: 23, Failures: 227, Avg Latency: 296.89ms, Throughput: 0.86 TPS, Error Rate: 90.80%
Resetting all Toxiproxy proxies...
Setting proxy 'inventory-service-proxy' enabled=True
Cleared all toxics on 'inventory-service-proxy'
Setting proxy 'notification-service-proxy' enabled=True
Cleared all toxics on 'notification-service-proxy'
Setting proxy 'order-service-proxy' enabled=True
Cleared all toxics on 'order-service-proxy'
Setting proxy 'payment-service-proxy' enabled=True
Cleared all toxics on 'payment-service-proxy'
Setting proxy 'shared-db-service-proxy' enabled=True
Cleared all toxics on 'shared-db-service-proxy'
Saved run metrics to C:\Users\Lenovo\OneDrive\Desktop\capstone project\services\CascadeShield\data\master_dataset.csv

Progress: Run 24 of 162 (config 8/54, replicate 3/3)

============================================================
STARTING EXPERIMENT: Mode=full, Topology=linear, Fault=latency, Replicate=3
Config: {'failureRateThreshold': 30, 'slidingWindowSize': 10, 'waitDurationInOpenState': 5, 'slidingWindowType': 'TIME_BASED'}
============================================================
Updated .env with: {'failureRateThreshold': 30, 'slidingWindowSize': 10, 'waitDurationInOpenState': 5, 'slidingWindowType': 'TIME_BASED'}
Recreating Spring Boot containers to apply new configuration...
gateway-service is healthy!
notification-service is healthy!
Measuring pre-fault baseline...
Generating load: 20 requests to http://localhost:8080/api/v1/linear @ ~20 req/s (~1.0s dispatch)...
Load Results - Successes: 6, Failures: 14, Avg Latency: 354.77ms, Throughput: 2.47 TPS, Error Rate: 70.00%
Resetting all Toxiproxy proxies...
Setting proxy 'inventory-service-proxy' enabled=True
Cleared all toxics on 'inventory-service-proxy'
Setting proxy 'notification-service-proxy' enabled=True
Cleared all toxics on 'notification-service-proxy'
Setting proxy 'order-service-proxy' enabled=True
Cleared all toxics on 'order-service-proxy'
Setting proxy 'payment-service-proxy' enabled=True
Cleared all toxics on 'payment-service-proxy'
Setting proxy 'shared-db-service-proxy' enabled=True
Cleared all toxics on 'shared-db-service-proxy'
Cleared all toxics on 'inventory-service-proxy'
Injecting latency on 'inventory-service-proxy': 3000ms (toxicity=1.0)
Load plan (TIME_BASED): 250 requests over ~25s @ 10 req/s
Generating load: 250 requests to http://localhost:8080/api/v1/linear @ ~10 req/s (~25.0s dispatch)...
Load Results - Successes: 15, Failures: 235, Avg Latency: 198.87ms, Throughput: 0.56 TPS, Error Rate: 94.00%
Resetting all Toxiproxy proxies...
Setting proxy 'inventory-service-proxy' enabled=True
Cleared all toxics on 'inventory-service-proxy'
Setting proxy 'notification-service-proxy' enabled=True
Cleared all toxics on 'notification-service-proxy'
Setting proxy 'order-service-proxy' enabled=True
Cleared all toxics on 'order-service-proxy'
Setting proxy 'payment-service-proxy' enabled=True
Cleared all toxics on 'payment-service-proxy'
Setting proxy 'shared-db-service-proxy' enabled=True
Cleared all toxics on 'shared-db-service-proxy'
Saved run metrics to C:\Users\Lenovo\OneDrive\Desktop\capstone project\services\CascadeShield\data\master_dataset.csv

Progress: Run 25 of 162 (config 9/54, replicate 1/3)

============================================================
STARTING EXPERIMENT: Mode=full, Topology=linear, Fault=latency, Replicate=1
Config: {'failureRateThreshold': 30, 'slidingWindowSize': 10, 'waitDurationInOpenState': 15, 'slidingWindowType': 'COUNT_BASED'}
============================================================
Updated .env with: {'failureRateThreshold': 30, 'slidingWindowSize': 10, 'waitDurationInOpenState': 15, 'slidingWindowType': 'COUNT_BASED'}
Recreating Spring Boot containers to apply new configuration...
notification-service is healthy!
gateway-service is healthy!
Measuring pre-fault baseline...
Generating load: 20 requests to http://localhost:8080/api/v1/linear @ ~20 req/s (~1.0s dispatch)...
Load Results - Successes: 20, Failures: 0, Avg Latency: 193.42ms, Throughput: 14.41 TPS, Error Rate: 0.00%
Resetting all Toxiproxy proxies...
Setting proxy 'inventory-service-proxy' enabled=True
Cleared all toxics on 'inventory-service-proxy'
Setting proxy 'notification-service-proxy' enabled=True
Cleared all toxics on 'notification-service-proxy'
Setting proxy 'order-service-proxy' enabled=True
Cleared all toxics on 'order-service-proxy'
Setting proxy 'payment-service-proxy' enabled=True
Cleared all toxics on 'payment-service-proxy'
Setting proxy 'shared-db-service-proxy' enabled=True
Cleared all toxics on 'shared-db-service-proxy'
Cleared all toxics on 'inventory-service-proxy'
Injecting latency on 'inventory-service-proxy': 3000ms (toxicity=1.0)
Load plan (COUNT_BASED): 40 requests over ~4s @ 10 req/s
Generating load: 40 requests to http://localhost:8080/api/v1/linear @ ~10 req/s (~4.0s dispatch)...
Load Results - Successes: 7, Failures: 33, Avg Latency: 551.17ms, Throughput: 1.12 TPS, Error Rate: 82.50%
Resetting all Toxiproxy proxies...
Setting proxy 'inventory-service-proxy' enabled=True
Cleared all toxics on 'inventory-service-proxy'
Setting proxy 'notification-service-proxy' enabled=True
Cleared all toxics on 'notification-service-proxy'
Setting proxy 'order-service-proxy' enabled=True
Cleared all toxics on 'order-service-proxy'
Setting proxy 'payment-service-proxy' enabled=True
Cleared all toxics on 'payment-service-proxy'
Setting proxy 'shared-db-service-proxy' enabled=True
Cleared all toxics on 'shared-db-service-proxy'
Saved run metrics to C:\Users\Lenovo\OneDrive\Desktop\capstone project\services\CascadeShield\data\master_dataset.csv

Progress: Run 26 of 162 (config 9/54, replicate 2/3)

============================================================
STARTING EXPERIMENT: Mode=full, Topology=linear, Fault=latency, Replicate=2
Config: {'failureRateThreshold': 30, 'slidingWindowSize': 10, 'waitDurationInOpenState': 15, 'slidingWindowType': 'COUNT_BASED'}
============================================================
Updated .env with: {'failureRateThreshold': 30, 'slidingWindowSize': 10, 'waitDurationInOpenState': 15, 'slidingWindowType': 'COUNT_BASED'}
Recreating Spring Boot containers to apply new configuration...
notification-service is healthy!
gateway-service is healthy!
Measuring pre-fault baseline...
Generating load: 20 requests to http://localhost:8080/api/v1/linear @ ~20 req/s (~1.0s dispatch)...
Load Results - Successes: 20, Failures: 0, Avg Latency: 363.44ms, Throughput: 7.95 TPS, Error Rate: 0.00%
Resetting all Toxiproxy proxies...
Setting proxy 'inventory-service-proxy' enabled=True
Cleared all toxics on 'inventory-service-proxy'
Setting proxy 'notification-service-proxy' enabled=True
Cleared all toxics on 'notification-service-proxy'
Setting proxy 'order-service-proxy' enabled=True
Cleared all toxics on 'order-service-proxy'
Setting proxy 'payment-service-proxy' enabled=True
Cleared all toxics on 'payment-service-proxy'
Setting proxy 'shared-db-service-proxy' enabled=True
Cleared all toxics on 'shared-db-service-proxy'
Cleared all toxics on 'inventory-service-proxy'
Injecting latency on 'inventory-service-proxy': 3000ms (toxicity=1.0)
Load plan (COUNT_BASED): 40 requests over ~4s @ 10 req/s
Generating load: 40 requests to http://localhost:8080/api/v1/linear @ ~10 req/s (~4.0s dispatch)...
Load Results - Successes: 7, Failures: 33, Avg Latency: 548.23ms, Throughput: 1.13 TPS, Error Rate: 82.50%
Resetting all Toxiproxy proxies...
Setting proxy 'inventory-service-proxy' enabled=True
Cleared all toxics on 'inventory-service-proxy'
Setting proxy 'notification-service-proxy' enabled=True
Cleared all toxics on 'notification-service-proxy'
Setting proxy 'order-service-proxy' enabled=True
Cleared all toxics on 'order-service-proxy'
Setting proxy 'payment-service-proxy' enabled=True
Cleared all toxics on 'payment-service-proxy'
Setting proxy 'shared-db-service-proxy' enabled=True
Cleared all toxics on 'shared-db-service-proxy'
Saved run metrics to C:\Users\Lenovo\OneDrive\Desktop\capstone project\services\CascadeShield\data\master_dataset.csv

Progress: Run 27 of 162 (config 9/54, replicate 3/3)

============================================================
STARTING EXPERIMENT: Mode=full, Topology=linear, Fault=latency, Replicate=3
Config: {'failureRateThreshold': 30, 'slidingWindowSize': 10, 'waitDurationInOpenState': 15, 'slidingWindowType': 'COUNT_BASED'}
============================================================
Updated .env with: {'failureRateThreshold': 30, 'slidingWindowSize': 10, 'waitDurationInOpenState': 15, 'slidingWindowType': 'COUNT_BASED'}
Recreating Spring Boot containers to apply new configuration...
notification-service is healthy!
gateway-service is healthy!
Measuring pre-fault baseline...
Generating load: 20 requests to http://localhost:8080/api/v1/linear @ ~20 req/s (~1.0s dispatch)...
Load Results - Successes: 20, Failures: 0, Avg Latency: 281.94ms, Throughput: 10.23 TPS, Error Rate: 0.00%
Resetting all Toxiproxy proxies...
Setting proxy 'inventory-service-proxy' enabled=True
Cleared all toxics on 'inventory-service-proxy'
Setting proxy 'notification-service-proxy' enabled=True
Cleared all toxics on 'notification-service-proxy'
Setting proxy 'order-service-proxy' enabled=True
Cleared all toxics on 'order-service-proxy'
Setting proxy 'payment-service-proxy' enabled=True
Cleared all toxics on 'payment-service-proxy'
Setting proxy 'shared-db-service-proxy' enabled=True
Cleared all toxics on 'shared-db-service-proxy'
Cleared all toxics on 'inventory-service-proxy'
Injecting latency on 'inventory-service-proxy': 3000ms (toxicity=1.0)
Load plan (COUNT_BASED): 40 requests over ~4s @ 10 req/s
Generating load: 40 requests to http://localhost:8080/api/v1/linear @ ~10 req/s (~4.0s dispatch)...
Load Results - Successes: 7, Failures: 33, Avg Latency: 551.98ms, Throughput: 1.13 TPS, Error Rate: 82.50%
Resetting all Toxiproxy proxies...
Setting proxy 'inventory-service-proxy' enabled=True
Cleared all toxics on 'inventory-service-proxy'
Setting proxy 'notification-service-proxy' enabled=True
Cleared all toxics on 'notification-service-proxy'
Setting proxy 'order-service-proxy' enabled=True
Cleared all toxics on 'order-service-proxy'
Setting proxy 'payment-service-proxy' enabled=True
Cleared all toxics on 'payment-service-proxy'
Setting proxy 'shared-db-service-proxy' enabled=True
Cleared all toxics on 'shared-db-service-proxy'
Saved run metrics to C:\Users\Lenovo\OneDrive\Desktop\capstone project\services\CascadeShield\data\master_dataset.csv

Progress: Run 28 of 162 (config 10/54, replicate 1/3)

============================================================
STARTING EXPERIMENT: Mode=full, Topology=linear, Fault=latency, Replicate=1
Config: {'failureRateThreshold': 30, 'slidingWindowSize': 10, 'waitDurationInOpenState': 15, 'slidingWindowType': 'TIME_BASED'}
============================================================
Updated .env with: {'failureRateThreshold': 30, 'slidingWindowSize': 10, 'waitDurationInOpenState': 15, 'slidingWindowType': 'TIME_BASED'}
Recreating Spring Boot containers to apply new configuration...
gateway-service is healthy!
notification-service is healthy!
Measuring pre-fault baseline...
Generating load: 20 requests to http://localhost:8080/api/v1/linear @ ~20 req/s (~1.0s dispatch)...
Load Results - Successes: 20, Failures: 0, Avg Latency: 253.45ms, Throughput: 11.29 TPS, Error Rate: 0.00%
Resetting all Toxiproxy proxies...
Setting proxy 'inventory-service-proxy' enabled=True
Cleared all toxics on 'inventory-service-proxy'
Setting proxy 'notification-service-proxy' enabled=True
Cleared all toxics on 'notification-service-proxy'
Setting proxy 'order-service-proxy' enabled=True
Cleared all toxics on 'order-service-proxy'
Setting proxy 'payment-service-proxy' enabled=True
Cleared all toxics on 'payment-service-proxy'
Setting proxy 'shared-db-service-proxy' enabled=True
Cleared all toxics on 'shared-db-service-proxy'
Cleared all toxics on 'inventory-service-proxy'
Injecting latency on 'inventory-service-proxy': 3000ms (toxicity=1.0)
Load plan (TIME_BASED): 350 requests over ~35s @ 10 req/s
Generating load: 350 requests to http://localhost:8080/api/v1/linear @ ~10 req/s (~35.0s dispatch)...
Load Results - Successes: 18, Failures: 332, Avg Latency: 173.40ms, Throughput: 0.47 TPS, Error Rate: 94.86%
Resetting all Toxiproxy proxies...
Setting proxy 'inventory-service-proxy' enabled=True
Cleared all toxics on 'inventory-service-proxy'
Setting proxy 'notification-service-proxy' enabled=True
Cleared all toxics on 'notification-service-proxy'
Setting proxy 'order-service-proxy' enabled=True
Cleared all toxics on 'order-service-proxy'
Setting proxy 'payment-service-proxy' enabled=True
Cleared all toxics on 'payment-service-proxy'
Setting proxy 'shared-db-service-proxy' enabled=True
Cleared all toxics on 'shared-db-service-proxy'
Saved run metrics to C:\Users\Lenovo\OneDrive\Desktop\capstone project\services\CascadeShield\data\master_dataset.csv

Progress: Run 29 of 162 (config 10/54, replicate 2/3)

============================================================
STARTING EXPERIMENT: Mode=full, Topology=linear, Fault=latency, Replicate=2
Config: {'failureRateThreshold': 30, 'slidingWindowSize': 10, 'waitDurationInOpenState': 15, 'slidingWindowType': 'TIME_BASED'}
============================================================
Updated .env with: {'failureRateThreshold': 30, 'slidingWindowSize': 10, 'waitDurationInOpenState': 15, 'slidingWindowType': 'TIME_BASED'}
Recreating Spring Boot containers to apply new configuration...
gateway-service is healthy!
notification-service is healthy!
Measuring pre-fault baseline...
Generating load: 20 requests to http://localhost:8080/api/v1/linear @ ~20 req/s (~1.0s dispatch)...
Load Results - Successes: 20, Failures: 0, Avg Latency: 246.75ms, Throughput: 11.56 TPS, Error Rate: 0.00%
Resetting all Toxiproxy proxies...
Setting proxy 'inventory-service-proxy' enabled=True
Cleared all toxics on 'inventory-service-proxy'
Setting proxy 'notification-service-proxy' enabled=True
Cleared all toxics on 'notification-service-proxy'
Setting proxy 'order-service-proxy' enabled=True
Cleared all toxics on 'order-service-proxy'
Setting proxy 'payment-service-proxy' enabled=True
Cleared all toxics on 'payment-service-proxy'
Setting proxy 'shared-db-service-proxy' enabled=True
Cleared all toxics on 'shared-db-service-proxy'
Cleared all toxics on 'inventory-service-proxy'
Injecting latency on 'inventory-service-proxy': 3000ms (toxicity=1.0)
Load plan (TIME_BASED): 350 requests over ~35s @ 10 req/s
Generating load: 350 requests to http://localhost:8080/api/v1/linear @ ~10 req/s (~35.0s dispatch)...
Load Results - Successes: 18, Failures: 332, Avg Latency: 172.63ms, Throughput: 0.47 TPS, Error Rate: 94.86%
Resetting all Toxiproxy proxies...
Setting proxy 'inventory-service-proxy' enabled=True
Cleared all toxics on 'inventory-service-proxy'
Setting proxy 'notification-service-proxy' enabled=True
Cleared all toxics on 'notification-service-proxy'
Setting proxy 'order-service-proxy' enabled=True
Cleared all toxics on 'order-service-proxy'
Setting proxy 'payment-service-proxy' enabled=True
Cleared all toxics on 'payment-service-proxy'
Setting proxy 'shared-db-service-proxy' enabled=True
Cleared all toxics on 'shared-db-service-proxy'
Saved run metrics to C:\Users\Lenovo\OneDrive\Desktop\capstone project\services\CascadeShield\data\master_dataset.csv

Progress: Run 30 of 162 (config 10/54, replicate 3/3)

============================================================
STARTING EXPERIMENT: Mode=full, Topology=linear, Fault=latency, Replicate=3
Config: {'failureRateThreshold': 30, 'slidingWindowSize': 10, 'waitDurationInOpenState': 15, 'slidingWindowType': 'TIME_BASED'}
============================================================
Updated .env with: {'failureRateThreshold': 30, 'slidingWindowSize': 10, 'waitDurationInOpenState': 15, 'slidingWindowType': 'TIME_BASED'}
Recreating Spring Boot containers to apply new configuration...
gateway-service is healthy!
notification-service is healthy!
Measuring pre-fault baseline...
Generating load: 20 requests to http://localhost:8080/api/v1/linear @ ~20 req/s (~1.0s dispatch)...
Load Results - Successes: 20, Failures: 0, Avg Latency: 298.93ms, Throughput: 9.66 TPS, Error Rate: 0.00%
Resetting all Toxiproxy proxies...
Setting proxy 'inventory-service-proxy' enabled=True
Cleared all toxics on 'inventory-service-proxy'
Setting proxy 'notification-service-proxy' enabled=True
Cleared all toxics on 'notification-service-proxy'
Setting proxy 'order-service-proxy' enabled=True
Cleared all toxics on 'order-service-proxy'
Setting proxy 'payment-service-proxy' enabled=True
Cleared all toxics on 'payment-service-proxy'
Setting proxy 'shared-db-service-proxy' enabled=True
Cleared all toxics on 'shared-db-service-proxy'
Cleared all toxics on 'inventory-service-proxy'
Injecting latency on 'inventory-service-proxy': 3000ms (toxicity=1.0)
Load plan (TIME_BASED): 350 requests over ~35s @ 10 req/s
Generating load: 350 requests to http://localhost:8080/api/v1/linear @ ~10 req/s (~35.0s dispatch)...
Load Results - Successes: 18, Failures: 332, Avg Latency: 172.50ms, Throughput: 0.47 TPS, Error Rate: 94.86%
Resetting all Toxiproxy proxies...
Setting proxy 'inventory-service-proxy' enabled=True
Cleared all toxics on 'inventory-service-proxy'
Setting proxy 'notification-service-proxy' enabled=True
Cleared all toxics on 'notification-service-proxy'
Setting proxy 'order-service-proxy' enabled=True
Cleared all toxics on 'order-service-proxy'
Setting proxy 'payment-service-proxy' enabled=True
Cleared all toxics on 'payment-service-proxy'
Setting proxy 'shared-db-service-proxy' enabled=True
Cleared all toxics on 'shared-db-service-proxy'
Saved run metrics to C:\Users\Lenovo\OneDrive\Desktop\capstone project\services\CascadeShield\data\master_dataset.csv

Progress: Run 31 of 162 (config 11/54, replicate 1/3)

============================================================
STARTING EXPERIMENT: Mode=full, Topology=linear, Fault=latency, Replicate=1
Config: {'failureRateThreshold': 30, 'slidingWindowSize': 10, 'waitDurationInOpenState': 30, 'slidingWindowType': 'COUNT_BASED'}
============================================================
Updated .env with: {'failureRateThreshold': 30, 'slidingWindowSize': 10, 'waitDurationInOpenState': 30, 'slidingWindowType': 'COUNT_BASED'}
Recreating Spring Boot containers to apply new configuration...
notification-service is healthy!
gateway-service is healthy!
Measuring pre-fault baseline...
Generating load: 20 requests to http://localhost:8080/api/v1/linear @ ~20 req/s (~1.0s dispatch)...
Load Results - Successes: 20, Failures: 0, Avg Latency: 232.12ms, Throughput: 12.20 TPS, Error Rate: 0.00%
Resetting all Toxiproxy proxies...
Setting proxy 'inventory-service-proxy' enabled=True
Cleared all toxics on 'inventory-service-proxy'
Setting proxy 'notification-service-proxy' enabled=True
Cleared all toxics on 'notification-service-proxy'
Setting proxy 'order-service-proxy' enabled=True
Cleared all toxics on 'order-service-proxy'
Setting proxy 'payment-service-proxy' enabled=True
Cleared all toxics on 'payment-service-proxy'
Setting proxy 'shared-db-service-proxy' enabled=True
Cleared all toxics on 'shared-db-service-proxy'
Cleared all toxics on 'inventory-service-proxy'
Injecting latency on 'inventory-service-proxy': 3000ms (toxicity=1.0)
Load plan (COUNT_BASED): 40 requests over ~4s @ 10 req/s
Generating load: 40 requests to http://localhost:8080/api/v1/linear @ ~10 req/s (~4.0s dispatch)...
Load Results - Successes: 7, Failures: 33, Avg Latency: 552.91ms, Throughput: 1.12 TPS, Error Rate: 82.50%
Resetting all Toxiproxy proxies...
Setting proxy 'inventory-service-proxy' enabled=True
Cleared all toxics on 'inventory-service-proxy'
Setting proxy 'notification-service-proxy' enabled=True
Cleared all toxics on 'notification-service-proxy'
Setting proxy 'order-service-proxy' enabled=True
Cleared all toxics on 'order-service-proxy'
Setting proxy 'payment-service-proxy' enabled=True
Cleared all toxics on 'payment-service-proxy'
Setting proxy 'shared-db-service-proxy' enabled=True
Cleared all toxics on 'shared-db-service-proxy'
Saved run metrics to C:\Users\Lenovo\OneDrive\Desktop\capstone project\services\CascadeShield\data\master_dataset.csv

Progress: Run 32 of 162 (config 11/54, replicate 2/3)

============================================================
STARTING EXPERIMENT: Mode=full, Topology=linear, Fault=latency, Replicate=2
Config: {'failureRateThreshold': 30, 'slidingWindowSize': 10, 'waitDurationInOpenState': 30, 'slidingWindowType': 'COUNT_BASED'}
============================================================
Updated .env with: {'failureRateThreshold': 30, 'slidingWindowSize': 10, 'waitDurationInOpenState': 30, 'slidingWindowType': 'COUNT_BASED'}
Recreating Spring Boot containers to apply new configuration...
gateway-service is healthy!
notification-service is healthy!
Measuring pre-fault baseline...
Generating load: 20 requests to http://localhost:8080/api/v1/linear @ ~20 req/s (~1.0s dispatch)...
Load Results - Successes: 20, Failures: 0, Avg Latency: 245.51ms, Throughput: 11.55 TPS, Error Rate: 0.00%
Resetting all Toxiproxy proxies...
Setting proxy 'inventory-service-proxy' enabled=True
Cleared all toxics on 'inventory-service-proxy'
Setting proxy 'notification-service-proxy' enabled=True
Cleared all toxics on 'notification-service-proxy'
Setting proxy 'order-service-proxy' enabled=True
Cleared all toxics on 'order-service-proxy'
Setting proxy 'payment-service-proxy' enabled=True
Cleared all toxics on 'payment-service-proxy'
Setting proxy 'shared-db-service-proxy' enabled=True
Cleared all toxics on 'shared-db-service-proxy'
Cleared all toxics on 'inventory-service-proxy'
Injecting latency on 'inventory-service-proxy': 3000ms (toxicity=1.0)
Load plan (COUNT_BASED): 40 requests over ~4s @ 10 req/s
Generating load: 40 requests to http://localhost:8080/api/v1/linear @ ~10 req/s (~4.0s dispatch)...
Load Results - Successes: 7, Failures: 33, Avg Latency: 551.53ms, Throughput: 1.12 TPS, Error Rate: 82.50%
Resetting all Toxiproxy proxies...
Setting proxy 'inventory-service-proxy' enabled=True
Cleared all toxics on 'inventory-service-proxy'
Setting proxy 'notification-service-proxy' enabled=True
Cleared all toxics on 'notification-service-proxy'
Setting proxy 'order-service-proxy' enabled=True
Cleared all toxics on 'order-service-proxy'
Setting proxy 'payment-service-proxy' enabled=True
Cleared all toxics on 'payment-service-proxy'
Setting proxy 'shared-db-service-proxy' enabled=True
Cleared all toxics on 'shared-db-service-proxy'
Saved run metrics to C:\Users\Lenovo\OneDrive\Desktop\capstone project\services\CascadeShield\data\master_dataset.csv

Progress: Run 33 of 162 (config 11/54, replicate 3/3)

============================================================
STARTING EXPERIMENT: Mode=full, Topology=linear, Fault=latency, Replicate=3
Config: {'failureRateThreshold': 30, 'slidingWindowSize': 10, 'waitDurationInOpenState': 30, 'slidingWindowType': 'COUNT_BASED'}
============================================================
Updated .env with: {'failureRateThreshold': 30, 'slidingWindowSize': 10, 'waitDurationInOpenState': 30, 'slidingWindowType': 'COUNT_BASED'}
Recreating Spring Boot containers to apply new configuration...
gateway-service is healthy!
notification-service is healthy!
Measuring pre-fault baseline...
Generating load: 20 requests to http://localhost:8080/api/v1/linear @ ~20 req/s (~1.0s dispatch)...
Load Results - Successes: 20, Failures: 0, Avg Latency: 320.27ms, Throughput: 8.99 TPS, Error Rate: 0.00%
Resetting all Toxiproxy proxies...
Setting proxy 'inventory-service-proxy' enabled=True
Cleared all toxics on 'inventory-service-proxy'
Setting proxy 'notification-service-proxy' enabled=True
Cleared all toxics on 'notification-service-proxy'
Setting proxy 'order-service-proxy' enabled=True
Cleared all toxics on 'order-service-proxy'
Setting proxy 'payment-service-proxy' enabled=True
Cleared all toxics on 'payment-service-proxy'
Setting proxy 'shared-db-service-proxy' enabled=True
Cleared all toxics on 'shared-db-service-proxy'
Cleared all toxics on 'inventory-service-proxy'
Injecting latency on 'inventory-service-proxy': 3000ms (toxicity=1.0)
Load plan (COUNT_BASED): 40 requests over ~4s @ 10 req/s
Generating load: 40 requests to http://localhost:8080/api/v1/linear @ ~10 req/s (~4.0s dispatch)...
Load Results - Successes: 7, Failures: 33, Avg Latency: 549.81ms, Throughput: 1.12 TPS, Error Rate: 82.50%
Resetting all Toxiproxy proxies...
Setting proxy 'inventory-service-proxy' enabled=True
Cleared all toxics on 'inventory-service-proxy'
Setting proxy 'notification-service-proxy' enabled=True
Cleared all toxics on 'notification-service-proxy'
Setting proxy 'order-service-proxy' enabled=True
Cleared all toxics on 'order-service-proxy'
Setting proxy 'payment-service-proxy' enabled=True
Cleared all toxics on 'payment-service-proxy'
Setting proxy 'shared-db-service-proxy' enabled=True
Cleared all toxics on 'shared-db-service-proxy'
Saved run metrics to C:\Users\Lenovo\OneDrive\Desktop\capstone project\services\CascadeShield\data\master_dataset.csv

Progress: Run 34 of 162 (config 12/54, replicate 1/3)

============================================================
STARTING EXPERIMENT: Mode=full, Topology=linear, Fault=latency, Replicate=1
Config: {'failureRateThreshold': 30, 'slidingWindowSize': 10, 'waitDurationInOpenState': 30, 'slidingWindowType': 'TIME_BASED'}
============================================================
Updated .env with: {'failureRateThreshold': 30, 'slidingWindowSize': 10, 'waitDurationInOpenState': 30, 'slidingWindowType': 'TIME_BASED'}
Recreating Spring Boot containers to apply new configuration...
gateway-service is healthy!
notification-service is healthy!
Measuring pre-fault baseline...
Generating load: 20 requests to http://localhost:8080/api/v1/linear @ ~20 req/s (~1.0s dispatch)...
Load Results - Successes: 20, Failures: 0, Avg Latency: 377.09ms, Throughput: 7.71 TPS, Error Rate: 0.00%
Resetting all Toxiproxy proxies...
Setting proxy 'inventory-service-proxy' enabled=True
Cleared all toxics on 'inventory-service-proxy'
Setting proxy 'notification-service-proxy' enabled=True
Cleared all toxics on 'notification-service-proxy'
Setting proxy 'order-service-proxy' enabled=True
Cleared all toxics on 'order-service-proxy'
Setting proxy 'payment-service-proxy' enabled=True
Cleared all toxics on 'payment-service-proxy'
Setting proxy 'shared-db-service-proxy' enabled=True
Cleared all toxics on 'shared-db-service-proxy'
Cleared all toxics on 'inventory-service-proxy'
Injecting latency on 'inventory-service-proxy': 3000ms (toxicity=1.0)
Load plan (TIME_BASED): 500 requests over ~50s @ 10 req/s
Generating load: 500 requests to http://localhost:8080/api/v1/linear @ ~10 req/s (~50.0s dispatch)...
Load Results - Successes: 18, Failures: 482, Avg Latency: 122.56ms, Throughput: 0.33 TPS, Error Rate: 96.40%
Resetting all Toxiproxy proxies...
Setting proxy 'inventory-service-proxy' enabled=True
Cleared all toxics on 'inventory-service-proxy'
Setting proxy 'notification-service-proxy' enabled=True
Cleared all toxics on 'notification-service-proxy'
Setting proxy 'order-service-proxy' enabled=True
Cleared all toxics on 'order-service-proxy'
Setting proxy 'payment-service-proxy' enabled=True
Cleared all toxics on 'payment-service-proxy'
Setting proxy 'shared-db-service-proxy' enabled=True
Cleared all toxics on 'shared-db-service-proxy'
Saved run metrics to C:\Users\Lenovo\OneDrive\Desktop\capstone project\services\CascadeShield\data\master_dataset.csv

Progress: Run 35 of 162 (config 12/54, replicate 2/3)

============================================================
STARTING EXPERIMENT: Mode=full, Topology=linear, Fault=latency, Replicate=2
Config: {'failureRateThreshold': 30, 'slidingWindowSize': 10, 'waitDurationInOpenState': 30, 'slidingWindowType': 'TIME_BASED'}
============================================================
Updated .env with: {'failureRateThreshold': 30, 'slidingWindowSize': 10, 'waitDurationInOpenState': 30, 'slidingWindowType': 'TIME_BASED'}
Recreating Spring Boot containers to apply new configuration...
notification-service is healthy!
gateway-service is healthy!
Measuring pre-fault baseline...
Generating load: 20 requests to http://localhost:8080/api/v1/linear @ ~20 req/s (~1.0s dispatch)...
Load Results - Successes: 20, Failures: 0, Avg Latency: 256.00ms, Throughput: 11.19 TPS, Error Rate: 0.00%
Resetting all Toxiproxy proxies...
Setting proxy 'inventory-service-proxy' enabled=True
Cleared all toxics on 'inventory-service-proxy'
Setting proxy 'notification-service-proxy' enabled=True
Cleared all toxics on 'notification-service-proxy'
Setting proxy 'order-service-proxy' enabled=True
Cleared all toxics on 'order-service-proxy'
Setting proxy 'payment-service-proxy' enabled=True
Cleared all toxics on 'payment-service-proxy'
Setting proxy 'shared-db-service-proxy' enabled=True
Cleared all toxics on 'shared-db-service-proxy'
Cleared all toxics on 'inventory-service-proxy'
Injecting latency on 'inventory-service-proxy': 3000ms (toxicity=1.0)
Load plan (TIME_BASED): 500 requests over ~50s @ 10 req/s
Generating load: 500 requests to http://localhost:8080/api/v1/linear @ ~10 req/s (~50.0s dispatch)...
Load Results - Successes: 18, Failures: 482, Avg Latency: 125.19ms, Throughput: 0.33 TPS, Error Rate: 96.40%
Resetting all Toxiproxy proxies...
Setting proxy 'inventory-service-proxy' enabled=True
Cleared all toxics on 'inventory-service-proxy'
Setting proxy 'notification-service-proxy' enabled=True
Cleared all toxics on 'notification-service-proxy'
Setting proxy 'order-service-proxy' enabled=True
Cleared all toxics on 'order-service-proxy'
Setting proxy 'payment-service-proxy' enabled=True
Cleared all toxics on 'payment-service-proxy'
Setting proxy 'shared-db-service-proxy' enabled=True
Cleared all toxics on 'shared-db-service-proxy'
Saved run metrics to C:\Users\Lenovo\OneDrive\Desktop\capstone project\services\CascadeShield\data\master_dataset.csv

Progress: Run 36 of 162 (config 12/54, replicate 3/3)

============================================================
STARTING EXPERIMENT: Mode=full, Topology=linear, Fault=latency, Replicate=3
Config: {'failureRateThreshold': 30, 'slidingWindowSize': 10, 'waitDurationInOpenState': 30, 'slidingWindowType': 'TIME_BASED'}
============================================================
Updated .env with: {'failureRateThreshold': 30, 'slidingWindowSize': 10, 'waitDurationInOpenState': 30, 'slidingWindowType': 'TIME_BASED'}
Recreating Spring Boot containers to apply new configuration...
gateway-service is healthy!
notification-service is healthy!
Measuring pre-fault baseline...
Generating load: 20 requests to http://localhost:8080/api/v1/linear @ ~20 req/s (~1.0s dispatch)...
Load Results - Successes: 20, Failures: 0, Avg Latency: 301.50ms, Throughput: 9.54 TPS, Error Rate: 0.00%
Resetting all Toxiproxy proxies...
Setting proxy 'inventory-service-proxy' enabled=True
Cleared all toxics on 'inventory-service-proxy'
Setting proxy 'notification-service-proxy' enabled=True
Cleared all toxics on 'notification-service-proxy'
Setting proxy 'order-service-proxy' enabled=True
Cleared all toxics on 'order-service-proxy'
Setting proxy 'payment-service-proxy' enabled=True
Cleared all toxics on 'payment-service-proxy'
Setting proxy 'shared-db-service-proxy' enabled=True
Cleared all toxics on 'shared-db-service-proxy'
Cleared all toxics on 'inventory-service-proxy'
Injecting latency on 'inventory-service-proxy': 3000ms (toxicity=1.0)
Load plan (TIME_BASED): 500 requests over ~50s @ 10 req/s
Generating load: 500 requests to http://localhost:8080/api/v1/linear @ ~10 req/s (~50.0s dispatch)...
Load Results - Successes: 18, Failures: 482, Avg Latency: 127.34ms, Throughput: 0.33 TPS, Error Rate: 96.40%
Resetting all Toxiproxy proxies...
Setting proxy 'inventory-service-proxy' enabled=True
Cleared all toxics on 'inventory-service-proxy'
Setting proxy 'notification-service-proxy' enabled=True
Cleared all toxics on 'notification-service-proxy'
Setting proxy 'order-service-proxy' enabled=True
Cleared all toxics on 'order-service-proxy'
Setting proxy 'payment-service-proxy' enabled=True
Cleared all toxics on 'payment-service-proxy'
Setting proxy 'shared-db-service-proxy' enabled=True
Cleared all toxics on 'shared-db-service-proxy'
Saved run metrics to C:\Users\Lenovo\OneDrive\Desktop\capstone project\services\CascadeShield\data\master_dataset.csv

Progress: Run 37 of 162 (config 13/54, replicate 1/3)

============================================================
STARTING EXPERIMENT: Mode=full, Topology=linear, Fault=latency, Replicate=1
Config: {'failureRateThreshold': 30, 'slidingWindowSize': 20, 'waitDurationInOpenState': 5, 'slidingWindowType': 'COUNT_BASED'}
============================================================
Updated .env with: {'failureRateThreshold': 30, 'slidingWindowSize': 20, 'waitDurationInOpenState': 5, 'slidingWindowType': 'COUNT_BASED'}
Recreating Spring Boot containers to apply new configuration...
notification-service is healthy!
gateway-service is healthy!
Measuring pre-fault baseline...
Generating load: 20 requests to http://localhost:8080/api/v1/linear @ ~20 req/s (~1.0s dispatch)...
Load Results - Successes: 20, Failures: 0, Avg Latency: 202.81ms, Throughput: 14.02 TPS, Error Rate: 0.00%
Resetting all Toxiproxy proxies...
Setting proxy 'inventory-service-proxy' enabled=True
Cleared all toxics on 'inventory-service-proxy'
Setting proxy 'notification-service-proxy' enabled=True
Cleared all toxics on 'notification-service-proxy'
Setting proxy 'order-service-proxy' enabled=True
Cleared all toxics on 'order-service-proxy'
Setting proxy 'payment-service-proxy' enabled=True
Cleared all toxics on 'payment-service-proxy'
Setting proxy 'shared-db-service-proxy' enabled=True
Cleared all toxics on 'shared-db-service-proxy'
Cleared all toxics on 'inventory-service-proxy'
Injecting latency on 'inventory-service-proxy': 3000ms (toxicity=1.0)
Load plan (COUNT_BASED): 60 requests over ~6s @ 10 req/s
Generating load: 60 requests to http://localhost:8080/api/v1/linear @ ~10 req/s (~6.0s dispatch)...
Load Results - Successes: 10, Failures: 50, Avg Latency: 524.25ms, Throughput: 1.52 TPS, Error Rate: 83.33%
Resetting all Toxiproxy proxies...
Setting proxy 'inventory-service-proxy' enabled=True
Cleared all toxics on 'inventory-service-proxy'
Setting proxy 'notification-service-proxy' enabled=True
Cleared all toxics on 'notification-service-proxy'
Setting proxy 'order-service-proxy' enabled=True
Cleared all toxics on 'order-service-proxy'
Setting proxy 'payment-service-proxy' enabled=True
Cleared all toxics on 'payment-service-proxy'
Setting proxy 'shared-db-service-proxy' enabled=True
Cleared all toxics on 'shared-db-service-proxy'
Saved run metrics to C:\Users\Lenovo\OneDrive\Desktop\capstone project\services\CascadeShield\data\master_dataset.csv

Progress: Run 38 of 162 (config 13/54, replicate 2/3)

============================================================
STARTING EXPERIMENT: Mode=full, Topology=linear, Fault=latency, Replicate=2
Config: {'failureRateThreshold': 30, 'slidingWindowSize': 20, 'waitDurationInOpenState': 5, 'slidingWindowType': 'COUNT_BASED'}
============================================================
Updated .env with: {'failureRateThreshold': 30, 'slidingWindowSize': 20, 'waitDurationInOpenState': 5, 'slidingWindowType': 'COUNT_BASED'}
Recreating Spring Boot containers to apply new configuration...
gateway-service is healthy!
notification-service is healthy!
Measuring pre-fault baseline...
Generating load: 20 requests to http://localhost:8080/api/v1/linear @ ~20 req/s (~1.0s dispatch)...
Load Results - Successes: 20, Failures: 0, Avg Latency: 256.67ms, Throughput: 11.00 TPS, Error Rate: 0.00%
Resetting all Toxiproxy proxies...
Setting proxy 'inventory-service-proxy' enabled=True
Cleared all toxics on 'inventory-service-proxy'
Setting proxy 'notification-service-proxy' enabled=True
Cleared all toxics on 'notification-service-proxy'
Setting proxy 'order-service-proxy' enabled=True
Cleared all toxics on 'order-service-proxy'
Setting proxy 'payment-service-proxy' enabled=True
Cleared all toxics on 'payment-service-proxy'
Setting proxy 'shared-db-service-proxy' enabled=True
Cleared all toxics on 'shared-db-service-proxy'
Cleared all toxics on 'inventory-service-proxy'
Injecting latency on 'inventory-service-proxy': 3000ms (toxicity=1.0)
Load plan (COUNT_BASED): 60 requests over ~6s @ 10 req/s
Generating load: 60 requests to http://localhost:8080/api/v1/linear @ ~10 req/s (~6.0s dispatch)...
Load Results - Successes: 10, Failures: 50, Avg Latency: 524.71ms, Throughput: 1.52 TPS, Error Rate: 83.33%
Resetting all Toxiproxy proxies...
Setting proxy 'inventory-service-proxy' enabled=True
Cleared all toxics on 'inventory-service-proxy'
Setting proxy 'notification-service-proxy' enabled=True
Cleared all toxics on 'notification-service-proxy'
Setting proxy 'order-service-proxy' enabled=True
Cleared all toxics on 'order-service-proxy'
Setting proxy 'payment-service-proxy' enabled=True
Cleared all toxics on 'payment-service-proxy'
Setting proxy 'shared-db-service-proxy' enabled=True
Cleared all toxics on 'shared-db-service-proxy'
Saved run metrics to C:\Users\Lenovo\OneDrive\Desktop\capstone project\services\CascadeShield\data\master_dataset.csv

Progress: Run 39 of 162 (config 13/54, replicate 3/3)

============================================================
STARTING EXPERIMENT: Mode=full, Topology=linear, Fault=latency, Replicate=3
Config: {'failureRateThreshold': 30, 'slidingWindowSize': 20, 'waitDurationInOpenState': 5, 'slidingWindowType': 'COUNT_BASED'}
============================================================
Updated .env with: {'failureRateThreshold': 30, 'slidingWindowSize': 20, 'waitDurationInOpenState': 5, 'slidingWindowType': 'COUNT_BASED'}
Recreating Spring Boot containers to apply new configuration...
gateway-service is healthy!
notification-service is healthy!
Measuring pre-fault baseline...
Generating load: 20 requests to http://localhost:8080/api/v1/linear @ ~20 req/s (~1.0s dispatch)...
Load Results - Successes: 6, Failures: 14, Avg Latency: 387.94ms, Throughput: 2.26 TPS, Error Rate: 70.00%
Resetting all Toxiproxy proxies...
Setting proxy 'inventory-service-proxy' enabled=True
Cleared all toxics on 'inventory-service-proxy'
Setting proxy 'notification-service-proxy' enabled=True
Cleared all toxics on 'notification-service-proxy'
Setting proxy 'order-service-proxy' enabled=True
Cleared all toxics on 'order-service-proxy'
Setting proxy 'payment-service-proxy' enabled=True
Cleared all toxics on 'payment-service-proxy'
Setting proxy 'shared-db-service-proxy' enabled=True
Cleared all toxics on 'shared-db-service-proxy'
Cleared all toxics on 'inventory-service-proxy'
Injecting latency on 'inventory-service-proxy': 3000ms (toxicity=1.0)
Load plan (COUNT_BASED): 60 requests over ~6s @ 10 req/s
Generating load: 60 requests to http://localhost:8080/api/v1/linear @ ~10 req/s (~6.0s dispatch)...
Load Results - Successes: 5, Failures: 55, Avg Latency: 268.62ms, Throughput: 0.65 TPS, Error Rate: 91.67%
Resetting all Toxiproxy proxies...
Setting proxy 'inventory-service-proxy' enabled=True
Cleared all toxics on 'inventory-service-proxy'
Setting proxy 'notification-service-proxy' enabled=True
Cleared all toxics on 'notification-service-proxy'
Setting proxy 'order-service-proxy' enabled=True
Cleared all toxics on 'order-service-proxy'
Setting proxy 'payment-service-proxy' enabled=True
Cleared all toxics on 'payment-service-proxy'
Setting proxy 'shared-db-service-proxy' enabled=True
Cleared all toxics on 'shared-db-service-proxy'
Saved run metrics to C:\Users\Lenovo\OneDrive\Desktop\capstone project\services\CascadeShield\data\master_dataset.csv

Progress: Run 40 of 162 (config 14/54, replicate 1/3)

============================================================
STARTING EXPERIMENT: Mode=full, Topology=linear, Fault=latency, Replicate=1
Config: {'failureRateThreshold': 30, 'slidingWindowSize': 20, 'waitDurationInOpenState': 5, 'slidingWindowType': 'TIME_BASED'}
============================================================
Updated .env with: {'failureRateThreshold': 30, 'slidingWindowSize': 20, 'waitDurationInOpenState': 5, 'slidingWindowType': 'TIME_BASED'}
Recreating Spring Boot containers to apply new configuration...
gateway-service is healthy!
notification-service is healthy!
Measuring pre-fault baseline...
Generating load: 20 requests to http://localhost:8080/api/v1/linear @ ~20 req/s (~1.0s dispatch)...
Load Results - Successes: 20, Failures: 0, Avg Latency: 343.31ms, Throughput: 8.38 TPS, Error Rate: 0.00%
Resetting all Toxiproxy proxies...
Setting proxy 'inventory-service-proxy' enabled=True
Cleared all toxics on 'inventory-service-proxy'
Setting proxy 'notification-service-proxy' enabled=True
Cleared all toxics on 'notification-service-proxy'
Setting proxy 'order-service-proxy' enabled=True
Cleared all toxics on 'order-service-proxy'
Setting proxy 'payment-service-proxy' enabled=True
Cleared all toxics on 'payment-service-proxy'
Setting proxy 'shared-db-service-proxy' enabled=True
Cleared all toxics on 'shared-db-service-proxy'
Cleared all toxics on 'inventory-service-proxy'
Injecting latency on 'inventory-service-proxy': 3000ms (toxicity=1.0)
Load plan (TIME_BASED): 350 requests over ~35s @ 10 req/s
Generating load: 350 requests to http://localhost:8080/api/v1/linear @ ~10 req/s (~35.0s dispatch)...
Load Results - Successes: 33, Failures: 317, Avg Latency: 303.87ms, Throughput: 0.81 TPS, Error Rate: 90.57%
Resetting all Toxiproxy proxies...
Setting proxy 'inventory-service-proxy' enabled=True
Cleared all toxics on 'inventory-service-proxy'
Setting proxy 'notification-service-proxy' enabled=True
Cleared all toxics on 'notification-service-proxy'
Setting proxy 'order-service-proxy' enabled=True
Cleared all toxics on 'order-service-proxy'
Setting proxy 'payment-service-proxy' enabled=True
Cleared all toxics on 'payment-service-proxy'
Setting proxy 'shared-db-service-proxy' enabled=True
Cleared all toxics on 'shared-db-service-proxy'
Saved run metrics to C:\Users\Lenovo\OneDrive\Desktop\capstone project\services\CascadeShield\data\master_dataset.csv

Progress: Run 41 of 162 (config 14/54, replicate 2/3)

============================================================
STARTING EXPERIMENT: Mode=full, Topology=linear, Fault=latency, Replicate=2
Config: {'failureRateThreshold': 30, 'slidingWindowSize': 20, 'waitDurationInOpenState': 5, 'slidingWindowType': 'TIME_BASED'}
============================================================
Updated .env with: {'failureRateThreshold': 30, 'slidingWindowSize': 20, 'waitDurationInOpenState': 5, 'slidingWindowType': 'TIME_BASED'}
Recreating Spring Boot containers to apply new configuration...
gateway-service is healthy!
notification-service is healthy!
Measuring pre-fault baseline...
Generating load: 20 requests to http://localhost:8080/api/v1/linear @ ~20 req/s (~1.0s dispatch)...
Load Results - Successes: 20, Failures: 0, Avg Latency: 340.66ms, Throughput: 8.50 TPS, Error Rate: 0.00%
Resetting all Toxiproxy proxies...
Setting proxy 'inventory-service-proxy' enabled=True
Cleared all toxics on 'inventory-service-proxy'
Setting proxy 'notification-service-proxy' enabled=True
Cleared all toxics on 'notification-service-proxy'
Setting proxy 'order-service-proxy' enabled=True
Cleared all toxics on 'order-service-proxy'
Setting proxy 'payment-service-proxy' enabled=True
Cleared all toxics on 'payment-service-proxy'
Setting proxy 'shared-db-service-proxy' enabled=True
Cleared all toxics on 'shared-db-service-proxy'
Cleared all toxics on 'inventory-service-proxy'
Injecting latency on 'inventory-service-proxy': 3000ms (toxicity=1.0)
Load plan (TIME_BASED): 350 requests over ~35s @ 10 req/s
Generating load: 350 requests to http://localhost:8080/api/v1/linear @ ~10 req/s (~35.0s dispatch)...
Load Results - Successes: 33, Failures: 317, Avg Latency: 302.55ms, Throughput: 0.81 TPS, Error Rate: 90.57%
Resetting all Toxiproxy proxies...
Setting proxy 'inventory-service-proxy' enabled=True
Cleared all toxics on 'inventory-service-proxy'
Setting proxy 'notification-service-proxy' enabled=True
Cleared all toxics on 'notification-service-proxy'
Setting proxy 'order-service-proxy' enabled=True
Cleared all toxics on 'order-service-proxy'
Setting proxy 'payment-service-proxy' enabled=True
Cleared all toxics on 'payment-service-proxy'
Setting proxy 'shared-db-service-proxy' enabled=True
Cleared all toxics on 'shared-db-service-proxy'
Saved run metrics to C:\Users\Lenovo\OneDrive\Desktop\capstone project\services\CascadeShield\data\master_dataset.csv

Progress: Run 42 of 162 (config 14/54, replicate 3/3)

============================================================
STARTING EXPERIMENT: Mode=full, Topology=linear, Fault=latency, Replicate=3
Config: {'failureRateThreshold': 30, 'slidingWindowSize': 20, 'waitDurationInOpenState': 5, 'slidingWindowType': 'TIME_BASED'}
============================================================
Updated .env with: {'failureRateThreshold': 30, 'slidingWindowSize': 20, 'waitDurationInOpenState': 5, 'slidingWindowType': 'TIME_BASED'}
Recreating Spring Boot containers to apply new configuration...
gateway-service is healthy!
notification-service is healthy!
Measuring pre-fault baseline...
Generating load: 20 requests to http://localhost:8080/api/v1/linear @ ~20 req/s (~1.0s dispatch)...
Load Results - Successes: 20, Failures: 0, Avg Latency: 379.53ms, Throughput: 7.63 TPS, Error Rate: 0.00%
Resetting all Toxiproxy proxies...
Setting proxy 'inventory-service-proxy' enabled=True
Cleared all toxics on 'inventory-service-proxy'
Setting proxy 'notification-service-proxy' enabled=True
Cleared all toxics on 'notification-service-proxy'
Setting proxy 'order-service-proxy' enabled=True
Cleared all toxics on 'order-service-proxy'
Setting proxy 'payment-service-proxy' enabled=True
Cleared all toxics on 'payment-service-proxy'
Setting proxy 'shared-db-service-proxy' enabled=True
Cleared all toxics on 'shared-db-service-proxy'
Cleared all toxics on 'inventory-service-proxy'
Injecting latency on 'inventory-service-proxy': 3000ms (toxicity=1.0)
Load plan (TIME_BASED): 350 requests over ~35s @ 10 req/s
Generating load: 350 requests to http://localhost:8080/api/v1/linear @ ~10 req/s (~35.0s dispatch)...
Load Results - Successes: 33, Failures: 317, Avg Latency: 301.83ms, Throughput: 0.81 TPS, Error Rate: 90.57%
Resetting all Toxiproxy proxies...
Setting proxy 'inventory-service-proxy' enabled=True
Cleared all toxics on 'inventory-service-proxy'
Setting proxy 'notification-service-proxy' enabled=True
Cleared all toxics on 'notification-service-proxy'
Setting proxy 'order-service-proxy' enabled=True
Cleared all toxics on 'order-service-proxy'
Setting proxy 'payment-service-proxy' enabled=True
Cleared all toxics on 'payment-service-proxy'
Setting proxy 'shared-db-service-proxy' enabled=True
Cleared all toxics on 'shared-db-service-proxy'
Saved run metrics to C:\Users\Lenovo\OneDrive\Desktop\capstone project\services\CascadeShield\data\master_dataset.csv

Progress: Run 43 of 162 (config 15/54, replicate 1/3)

============================================================
STARTING EXPERIMENT: Mode=full, Topology=linear, Fault=latency, Replicate=1
Config: {'failureRateThreshold': 30, 'slidingWindowSize': 20, 'waitDurationInOpenState': 15, 'slidingWindowType': 'COUNT_BASED'}
============================================================
Updated .env with: {'failureRateThreshold': 30, 'slidingWindowSize': 20, 'waitDurationInOpenState': 15, 'slidingWindowType': 'COUNT_BASED'}
Recreating Spring Boot containers to apply new configuration...
gateway-service is healthy!
notification-service is healthy!
Measuring pre-fault baseline...
Generating load: 20 requests to http://localhost:8080/api/v1/linear @ ~20 req/s (~1.0s dispatch)...
Load Results - Successes: 20, Failures: 0, Avg Latency: 297.77ms, Throughput: 9.64 TPS, Error Rate: 0.00%
Resetting all Toxiproxy proxies...
Setting proxy 'inventory-service-proxy' enabled=True
Cleared all toxics on 'inventory-service-proxy'
Setting proxy 'notification-service-proxy' enabled=True
Cleared all toxics on 'notification-service-proxy'
Setting proxy 'order-service-proxy' enabled=True
Cleared all toxics on 'order-service-proxy'
Setting proxy 'payment-service-proxy' enabled=True
Cleared all toxics on 'payment-service-proxy'
Setting proxy 'shared-db-service-proxy' enabled=True
Cleared all toxics on 'shared-db-service-proxy'
Cleared all toxics on 'inventory-service-proxy'
Injecting latency on 'inventory-service-proxy': 3000ms (toxicity=1.0)
Load plan (COUNT_BASED): 60 requests over ~6s @ 10 req/s
Generating load: 60 requests to http://localhost:8080/api/v1/linear @ ~10 req/s (~6.0s dispatch)...
Load Results - Successes: 10, Failures: 50, Avg Latency: 522.39ms, Throughput: 1.52 TPS, Error Rate: 83.33%
Resetting all Toxiproxy proxies...
Setting proxy 'inventory-service-proxy' enabled=True
Cleared all toxics on 'inventory-service-proxy'
Setting proxy 'notification-service-proxy' enabled=True
Cleared all toxics on 'notification-service-proxy'
Setting proxy 'order-service-proxy' enabled=True
Cleared all toxics on 'order-service-proxy'
Setting proxy 'payment-service-proxy' enabled=True
Cleared all toxics on 'payment-service-proxy'
Setting proxy 'shared-db-service-proxy' enabled=True
Cleared all toxics on 'shared-db-service-proxy'
Saved run metrics to C:\Users\Lenovo\OneDrive\Desktop\capstone project\services\CascadeShield\data\master_dataset.csv

Progress: Run 44 of 162 (config 15/54, replicate 2/3)

============================================================
STARTING EXPERIMENT: Mode=full, Topology=linear, Fault=latency, Replicate=2
Config: {'failureRateThreshold': 30, 'slidingWindowSize': 20, 'waitDurationInOpenState': 15, 'slidingWindowType': 'COUNT_BASED'}
============================================================
Updated .env with: {'failureRateThreshold': 30, 'slidingWindowSize': 20, 'waitDurationInOpenState': 15, 'slidingWindowType': 'COUNT_BASED'}
Recreating Spring Boot containers to apply new configuration...
gateway-service is healthy!
notification-service is healthy!
Measuring pre-fault baseline...
Generating load: 20 requests to http://localhost:8080/api/v1/linear @ ~20 req/s (~1.0s dispatch)...
Load Results - Successes: 20, Failures: 0, Avg Latency: 352.74ms, Throughput: 8.16 TPS, Error Rate: 0.00%
Resetting all Toxiproxy proxies...
Setting proxy 'inventory-service-proxy' enabled=True
Cleared all toxics on 'inventory-service-proxy'
Setting proxy 'notification-service-proxy' enabled=True
Cleared all toxics on 'notification-service-proxy'
Setting proxy 'order-service-proxy' enabled=True
Cleared all toxics on 'order-service-proxy'
Setting proxy 'payment-service-proxy' enabled=True
Cleared all toxics on 'payment-service-proxy'
Setting proxy 'shared-db-service-proxy' enabled=True
Cleared all toxics on 'shared-db-service-proxy'
Cleared all toxics on 'inventory-service-proxy'
Injecting latency on 'inventory-service-proxy': 3000ms (toxicity=1.0)
Load plan (COUNT_BASED): 60 requests over ~6s @ 10 req/s
Generating load: 60 requests to http://localhost:8080/api/v1/linear @ ~10 req/s (~6.0s dispatch)...
Load Results - Successes: 10, Failures: 50, Avg Latency: 522.42ms, Throughput: 1.53 TPS, Error Rate: 83.33%
Resetting all Toxiproxy proxies...
Setting proxy 'inventory-service-proxy' enabled=True
Cleared all toxics on 'inventory-service-proxy'
Setting proxy 'notification-service-proxy' enabled=True
Cleared all toxics on 'notification-service-proxy'
Setting proxy 'order-service-proxy' enabled=True
Cleared all toxics on 'order-service-proxy'
Setting proxy 'payment-service-proxy' enabled=True
Cleared all toxics on 'payment-service-proxy'
Setting proxy 'shared-db-service-proxy' enabled=True
Cleared all toxics on 'shared-db-service-proxy'
Saved run metrics to C:\Users\Lenovo\OneDrive\Desktop\capstone project\services\CascadeShield\data\master_dataset.csv

Progress: Run 45 of 162 (config 15/54, replicate 3/3)

============================================================
STARTING EXPERIMENT: Mode=full, Topology=linear, Fault=latency, Replicate=3
Config: {'failureRateThreshold': 30, 'slidingWindowSize': 20, 'waitDurationInOpenState': 15, 'slidingWindowType': 'COUNT_BASED'}
============================================================
Updated .env with: {'failureRateThreshold': 30, 'slidingWindowSize': 20, 'waitDurationInOpenState': 15, 'slidingWindowType': 'COUNT_BASED'}
Recreating Spring Boot containers to apply new configuration...
gateway-service is healthy!
notification-service is healthy!
Measuring pre-fault baseline...
Generating load: 20 requests to http://localhost:8080/api/v1/linear @ ~20 req/s (~1.0s dispatch)...
Load Results - Successes: 6, Failures: 14, Avg Latency: 348.78ms, Throughput: 2.51 TPS, Error Rate: 70.00%
Resetting all Toxiproxy proxies...
Setting proxy 'inventory-service-proxy' enabled=True
Cleared all toxics on 'inventory-service-proxy'
Setting proxy 'notification-service-proxy' enabled=True
Cleared all toxics on 'notification-service-proxy'
Setting proxy 'order-service-proxy' enabled=True
Cleared all toxics on 'order-service-proxy'
Setting proxy 'payment-service-proxy' enabled=True
Cleared all toxics on 'payment-service-proxy'
Setting proxy 'shared-db-service-proxy' enabled=True
Cleared all toxics on 'shared-db-service-proxy'
Cleared all toxics on 'inventory-service-proxy'
Injecting latency on 'inventory-service-proxy': 3000ms (toxicity=1.0)
Load plan (COUNT_BASED): 60 requests over ~6s @ 10 req/s
Generating load: 60 requests to http://localhost:8080/api/v1/linear @ ~10 req/s (~6.0s dispatch)...
Load Results - Successes: 0, Failures: 60, Avg Latency: 15.50ms, Throughput: 0.00 TPS, Error Rate: 100.00%
Resetting all Toxiproxy proxies...
Setting proxy 'inventory-service-proxy' enabled=True
Cleared all toxics on 'inventory-service-proxy'
Setting proxy 'notification-service-proxy' enabled=True
Cleared all toxics on 'notification-service-proxy'
Setting proxy 'order-service-proxy' enabled=True
Cleared all toxics on 'order-service-proxy'
Setting proxy 'payment-service-proxy' enabled=True
Cleared all toxics on 'payment-service-proxy'
Setting proxy 'shared-db-service-proxy' enabled=True
Cleared all toxics on 'shared-db-service-proxy'
Saved run metrics to C:\Users\Lenovo\OneDrive\Desktop\capstone project\services\CascadeShield\data\master_dataset.csv

Progress: Run 46 of 162 (config 16/54, replicate 1/3)

============================================================
STARTING EXPERIMENT: Mode=full, Topology=linear, Fault=latency, Replicate=1
Config: {'failureRateThreshold': 30, 'slidingWindowSize': 20, 'waitDurationInOpenState': 15, 'slidingWindowType': 'TIME_BASED'}
============================================================
Updated .env with: {'failureRateThreshold': 30, 'slidingWindowSize': 20, 'waitDurationInOpenState': 15, 'slidingWindowType': 'TIME_BASED'}
Recreating Spring Boot containers to apply new configuration...
gateway-service is healthy!
notification-service is healthy!
Measuring pre-fault baseline...
Generating load: 20 requests to http://localhost:8080/api/v1/linear @ ~20 req/s (~1.0s dispatch)...
Load Results - Successes: 20, Failures: 0, Avg Latency: 312.11ms, Throughput: 9.19 TPS, Error Rate: 0.00%
Resetting all Toxiproxy proxies...
Setting proxy 'inventory-service-proxy' enabled=True
Cleared all toxics on 'inventory-service-proxy'
Setting proxy 'notification-service-proxy' enabled=True
Cleared all toxics on 'notification-service-proxy'
Setting proxy 'order-service-proxy' enabled=True
Cleared all toxics on 'order-service-proxy'
Setting proxy 'payment-service-proxy' enabled=True
Cleared all toxics on 'payment-service-proxy'
Setting proxy 'shared-db-service-proxy' enabled=True
Cleared all toxics on 'shared-db-service-proxy'
Cleared all toxics on 'inventory-service-proxy'
Injecting latency on 'inventory-service-proxy': 3000ms (toxicity=1.0)
Load plan (TIME_BASED): 450 requests over ~45s @ 10 req/s
Generating load: 450 requests to http://localhost:8080/api/v1/linear @ ~10 req/s (~45.0s dispatch)...
Load Results - Successes: 23, Failures: 427, Avg Latency: 171.47ms, Throughput: 0.47 TPS, Error Rate: 94.89%
Resetting all Toxiproxy proxies...
Setting proxy 'inventory-service-proxy' enabled=True
Cleared all toxics on 'inventory-service-proxy'
Setting proxy 'notification-service-proxy' enabled=True
Cleared all toxics on 'notification-service-proxy'
Setting proxy 'order-service-proxy' enabled=True
Cleared all toxics on 'order-service-proxy'
Setting proxy 'payment-service-proxy' enabled=True
Cleared all toxics on 'payment-service-proxy'
Setting proxy 'shared-db-service-proxy' enabled=True
Cleared all toxics on 'shared-db-service-proxy'
Saved run metrics to C:\Users\Lenovo\OneDrive\Desktop\capstone project\services\CascadeShield\data\master_dataset.csv

Progress: Run 47 of 162 (config 16/54, replicate 2/3)

============================================================
STARTING EXPERIMENT: Mode=full, Topology=linear, Fault=latency, Replicate=2
Config: {'failureRateThreshold': 30, 'slidingWindowSize': 20, 'waitDurationInOpenState': 15, 'slidingWindowType': 'TIME_BASED'}
============================================================
Updated .env with: {'failureRateThreshold': 30, 'slidingWindowSize': 20, 'waitDurationInOpenState': 15, 'slidingWindowType': 'TIME_BASED'}
Recreating Spring Boot containers to apply new configuration...
gateway-service is healthy!
notification-service is healthy!
Measuring pre-fault baseline...
Generating load: 20 requests to http://localhost:8080/api/v1/linear @ ~20 req/s (~1.0s dispatch)...
Load Results - Successes: 20, Failures: 0, Avg Latency: 261.80ms, Throughput: 10.95 TPS, Error Rate: 0.00%
Resetting all Toxiproxy proxies...
Setting proxy 'inventory-service-proxy' enabled=True
Cleared all toxics on 'inventory-service-proxy'
Setting proxy 'notification-service-proxy' enabled=True
Cleared all toxics on 'notification-service-proxy'
Setting proxy 'order-service-proxy' enabled=True
Cleared all toxics on 'order-service-proxy'
Setting proxy 'payment-service-proxy' enabled=True
Cleared all toxics on 'payment-service-proxy'
Setting proxy 'shared-db-service-proxy' enabled=True
Cleared all toxics on 'shared-db-service-proxy'
Cleared all toxics on 'inventory-service-proxy'
Injecting latency on 'inventory-service-proxy': 3000ms (toxicity=1.0)
Load plan (TIME_BASED): 450 requests over ~45s @ 10 req/s
Generating load: 450 requests to http://localhost:8080/api/v1/linear @ ~10 req/s (~45.0s dispatch)...
Load Results - Successes: 23, Failures: 427, Avg Latency: 173.79ms, Throughput: 0.47 TPS, Error Rate: 94.89%
Resetting all Toxiproxy proxies...
Setting proxy 'inventory-service-proxy' enabled=True
Cleared all toxics on 'inventory-service-proxy'
Setting proxy 'notification-service-proxy' enabled=True
Cleared all toxics on 'notification-service-proxy'
Setting proxy 'order-service-proxy' enabled=True
Cleared all toxics on 'order-service-proxy'
Setting proxy 'payment-service-proxy' enabled=True
Cleared all toxics on 'payment-service-proxy'
Setting proxy 'shared-db-service-proxy' enabled=True
Cleared all toxics on 'shared-db-service-proxy'
Saved run metrics to C:\Users\Lenovo\OneDrive\Desktop\capstone project\services\CascadeShield\data\master_dataset.csv

Progress: Run 48 of 162 (config 16/54, replicate 3/3)

============================================================
STARTING EXPERIMENT: Mode=full, Topology=linear, Fault=latency, Replicate=3
Config: {'failureRateThreshold': 30, 'slidingWindowSize': 20, 'waitDurationInOpenState': 15, 'slidingWindowType': 'TIME_BASED'}
============================================================
Updated .env with: {'failureRateThreshold': 30, 'slidingWindowSize': 20, 'waitDurationInOpenState': 15, 'slidingWindowType': 'TIME_BASED'}
Recreating Spring Boot containers to apply new configuration...
gateway-service is healthy!
notification-service is healthy!
Measuring pre-fault baseline...
Generating load: 20 requests to http://localhost:8080/api/v1/linear @ ~20 req/s (~1.0s dispatch)...
Load Results - Successes: 20, Failures: 0, Avg Latency: 256.19ms, Throughput: 11.23 TPS, Error Rate: 0.00%
Resetting all Toxiproxy proxies...
Setting proxy 'inventory-service-proxy' enabled=True
Cleared all toxics on 'inventory-service-proxy'
Setting proxy 'notification-service-proxy' enabled=True
Cleared all toxics on 'notification-service-proxy'
Setting proxy 'order-service-proxy' enabled=True
Cleared all toxics on 'order-service-proxy'
Setting proxy 'payment-service-proxy' enabled=True
Cleared all toxics on 'payment-service-proxy'
Setting proxy 'shared-db-service-proxy' enabled=True
Cleared all toxics on 'shared-db-service-proxy'
Cleared all toxics on 'inventory-service-proxy'
Injecting latency on 'inventory-service-proxy': 3000ms (toxicity=1.0)
Load plan (TIME_BASED): 450 requests over ~45s @ 10 req/s
Generating load: 450 requests to http://localhost:8080/api/v1/linear @ ~10 req/s (~45.0s dispatch)...
Load Results - Successes: 23, Failures: 427, Avg Latency: 175.07ms, Throughput: 0.47 TPS, Error Rate: 94.89%
Resetting all Toxiproxy proxies...
Setting proxy 'inventory-service-proxy' enabled=True
Cleared all toxics on 'inventory-service-proxy'
Setting proxy 'notification-service-proxy' enabled=True
Cleared all toxics on 'notification-service-proxy'
Setting proxy 'order-service-proxy' enabled=True
Cleared all toxics on 'order-service-proxy'
Setting proxy 'payment-service-proxy' enabled=True
Cleared all toxics on 'payment-service-proxy'
Setting proxy 'shared-db-service-proxy' enabled=True
Cleared all toxics on 'shared-db-service-proxy'
Saved run metrics to C:\Users\Lenovo\OneDrive\Desktop\capstone project\services\CascadeShield\data\master_dataset.csv

Progress: Run 49 of 162 (config 17/54, replicate 1/3)

============================================================
STARTING EXPERIMENT: Mode=full, Topology=linear, Fault=latency, Replicate=1
Config: {'failureRateThreshold': 30, 'slidingWindowSize': 20, 'waitDurationInOpenState': 30, 'slidingWindowType': 'COUNT_BASED'}
============================================================
Updated .env with: {'failureRateThreshold': 30, 'slidingWindowSize': 20, 'waitDurationInOpenState': 30, 'slidingWindowType': 'COUNT_BASED'}
Recreating Spring Boot containers to apply new configuration...
gateway-service is healthy!
notification-service is healthy!
Measuring pre-fault baseline...
Generating load: 20 requests to http://localhost:8080/api/v1/linear @ ~20 req/s (~1.0s dispatch)...
Load Results - Successes: 20, Failures: 0, Avg Latency: 300.15ms, Throughput: 9.62 TPS, Error Rate: 0.00%
Resetting all Toxiproxy proxies...
Setting proxy 'inventory-service-proxy' enabled=True
Cleared all toxics on 'inventory-service-proxy'
Setting proxy 'notification-service-proxy' enabled=True
Cleared all toxics on 'notification-service-proxy'
Setting proxy 'order-service-proxy' enabled=True
Cleared all toxics on 'order-service-proxy'
Setting proxy 'payment-service-proxy' enabled=True
Cleared all toxics on 'payment-service-proxy'
Setting proxy 'shared-db-service-proxy' enabled=True
Cleared all toxics on 'shared-db-service-proxy'
Cleared all toxics on 'inventory-service-proxy'
Injecting latency on 'inventory-service-proxy': 3000ms (toxicity=1.0)
Load plan (COUNT_BASED): 60 requests over ~6s @ 10 req/s
Generating load: 60 requests to http://localhost:8080/api/v1/linear @ ~10 req/s (~6.0s dispatch)...
Load Results - Successes: 10, Failures: 50, Avg Latency: 528.65ms, Throughput: 1.52 TPS, Error Rate: 83.33%
Resetting all Toxiproxy proxies...
Setting proxy 'inventory-service-proxy' enabled=True
Cleared all toxics on 'inventory-service-proxy'
Setting proxy 'notification-service-proxy' enabled=True
Cleared all toxics on 'notification-service-proxy'
Setting proxy 'order-service-proxy' enabled=True
Cleared all toxics on 'order-service-proxy'
Setting proxy 'payment-service-proxy' enabled=True
Cleared all toxics on 'payment-service-proxy'
Setting proxy 'shared-db-service-proxy' enabled=True
Cleared all toxics on 'shared-db-service-proxy'
Saved run metrics to C:\Users\Lenovo\OneDrive\Desktop\capstone project\services\CascadeShield\data\master_dataset.csv

Progress: Run 50 of 162 (config 17/54, replicate 2/3)

============================================================
STARTING EXPERIMENT: Mode=full, Topology=linear, Fault=latency, Replicate=2
Config: {'failureRateThreshold': 30, 'slidingWindowSize': 20, 'waitDurationInOpenState': 30, 'slidingWindowType': 'COUNT_BASED'}
============================================================
Updated .env with: {'failureRateThreshold': 30, 'slidingWindowSize': 20, 'waitDurationInOpenState': 30, 'slidingWindowType': 'COUNT_BASED'}
Recreating Spring Boot containers to apply new configuration...
gateway-service is healthy!
notification-service is healthy!
Measuring pre-fault baseline...
Generating load: 20 requests to http://localhost:8080/api/v1/linear @ ~20 req/s (~1.0s dispatch)...
Load Results - Successes: 3, Failures: 17, Avg Latency: 378.00ms, Throughput: 1.16 TPS, Error Rate: 85.00%
Resetting all Toxiproxy proxies...
Setting proxy 'inventory-service-proxy' enabled=True
Cleared all toxics on 'inventory-service-proxy'
Setting proxy 'notification-service-proxy' enabled=True
Cleared all toxics on 'notification-service-proxy'
Setting proxy 'order-service-proxy' enabled=True
Cleared all toxics on 'order-service-proxy'
Setting proxy 'payment-service-proxy' enabled=True
Cleared all toxics on 'payment-service-proxy'
Setting proxy 'shared-db-service-proxy' enabled=True
Cleared all toxics on 'shared-db-service-proxy'
Cleared all toxics on 'inventory-service-proxy'
Injecting latency on 'inventory-service-proxy': 3000ms (toxicity=1.0)
Load plan (COUNT_BASED): 60 requests over ~6s @ 10 req/s
Generating load: 60 requests to http://localhost:8080/api/v1/linear @ ~10 req/s (~6.0s dispatch)...
Load Results - Successes: 0, Failures: 60, Avg Latency: 16.71ms, Throughput: 0.00 TPS, Error Rate: 100.00%
Resetting all Toxiproxy proxies...
Setting proxy 'inventory-service-proxy' enabled=True
Cleared all toxics on 'inventory-service-proxy'
Setting proxy 'notification-service-proxy' enabled=True
Cleared all toxics on 'notification-service-proxy'
Setting proxy 'order-service-proxy' enabled=True
Cleared all toxics on 'order-service-proxy'
Setting proxy 'payment-service-proxy' enabled=True
Cleared all toxics on 'payment-service-proxy'
Setting proxy 'shared-db-service-proxy' enabled=True
Cleared all toxics on 'shared-db-service-proxy'
Saved run metrics to C:\Users\Lenovo\OneDrive\Desktop\capstone project\services\CascadeShield\data\master_dataset.csv

Progress: Run 51 of 162 (config 17/54, replicate 3/3)

============================================================
STARTING EXPERIMENT: Mode=full, Topology=linear, Fault=latency, Replicate=3
Config: {'failureRateThreshold': 30, 'slidingWindowSize': 20, 'waitDurationInOpenState': 30, 'slidingWindowType': 'COUNT_BASED'}
============================================================
Updated .env with: {'failureRateThreshold': 30, 'slidingWindowSize': 20, 'waitDurationInOpenState': 30, 'slidingWindowType': 'COUNT_BASED'}
Recreating Spring Boot containers to apply new configuration...
gateway-service is healthy!
notification-service is healthy!
Measuring pre-fault baseline...
Generating load: 20 requests to http://localhost:8080/api/v1/linear @ ~20 req/s (~1.0s dispatch)...
Load Results - Successes: 6, Failures: 14, Avg Latency: 374.99ms, Throughput: 2.34 TPS, Error Rate: 70.00%
Resetting all Toxiproxy proxies...
Setting proxy 'inventory-service-proxy' enabled=True
Cleared all toxics on 'inventory-service-proxy'
Setting proxy 'notification-service-proxy' enabled=True
Cleared all toxics on 'notification-service-proxy'
Setting proxy 'order-service-proxy' enabled=True
Cleared all toxics on 'order-service-proxy'
Setting proxy 'payment-service-proxy' enabled=True
Cleared all toxics on 'payment-service-proxy'
Setting proxy 'shared-db-service-proxy' enabled=True
Cleared all toxics on 'shared-db-service-proxy'
Cleared all toxics on 'inventory-service-proxy'
Injecting latency on 'inventory-service-proxy': 3000ms (toxicity=1.0)
Load plan (COUNT_BASED): 60 requests over ~6s @ 10 req/s
Generating load: 60 requests to http://localhost:8080/api/v1/linear @ ~10 req/s (~6.0s dispatch)...
Load Results - Successes: 0, Failures: 60, Avg Latency: 17.15ms, Throughput: 0.00 TPS, Error Rate: 100.00%
Resetting all Toxiproxy proxies...
Setting proxy 'inventory-service-proxy' enabled=True
Cleared all toxics on 'inventory-service-proxy'
Setting proxy 'notification-service-proxy' enabled=True
Cleared all toxics on 'notification-service-proxy'
Setting proxy 'order-service-proxy' enabled=True
Cleared all toxics on 'order-service-proxy'
Setting proxy 'payment-service-proxy' enabled=True
Cleared all toxics on 'payment-service-proxy'
Setting proxy 'shared-db-service-proxy' enabled=True
Cleared all toxics on 'shared-db-service-proxy'
Saved run metrics to C:\Users\Lenovo\OneDrive\Desktop\capstone project\services\CascadeShield\data\master_dataset.csv

Progress: Run 52 of 162 (config 18/54, replicate 1/3)

============================================================
STARTING EXPERIMENT: Mode=full, Topology=linear, Fault=latency, Replicate=1
Config: {'failureRateThreshold': 30, 'slidingWindowSize': 20, 'waitDurationInOpenState': 30, 'slidingWindowType': 'TIME_BASED'}
============================================================
Updated .env with: {'failureRateThreshold': 30, 'slidingWindowSize': 20, 'waitDurationInOpenState': 30, 'slidingWindowType': 'TIME_BASED'}
Recreating Spring Boot containers to apply new configuration...
notification-service is healthy!
gateway-service is healthy!
Measuring pre-fault baseline...
Generating load: 20 requests to http://localhost:8080/api/v1/linear @ ~20 req/s (~1.0s dispatch)...
Load Results - Successes: 20, Failures: 0, Avg Latency: 207.87ms, Throughput: 13.55 TPS, Error Rate: 0.00%
Resetting all Toxiproxy proxies...
Setting proxy 'inventory-service-proxy' enabled=True
Cleared all toxics on 'inventory-service-proxy'
Setting proxy 'notification-service-proxy' enabled=True
Cleared all toxics on 'notification-service-proxy'
Setting proxy 'order-service-proxy' enabled=True
Cleared all toxics on 'order-service-proxy'
Setting proxy 'payment-service-proxy' enabled=True
Cleared all toxics on 'payment-service-proxy'
Setting proxy 'shared-db-service-proxy' enabled=True
Cleared all toxics on 'shared-db-service-proxy'
Cleared all toxics on 'inventory-service-proxy'
Injecting latency on 'inventory-service-proxy': 3000ms (toxicity=1.0)
Load plan (TIME_BASED): 600 requests over ~60s @ 10 req/s
Generating load: 600 requests to http://localhost:8080/api/v1/linear @ ~10 req/s (~60.0s dispatch)...
Load Results - Successes: 18, Failures: 582, Avg Latency: 108.93ms, Throughput: 0.27 TPS, Error Rate: 97.00%
Resetting all Toxiproxy proxies...
Setting proxy 'inventory-service-proxy' enabled=True
Cleared all toxics on 'inventory-service-proxy'
Setting proxy 'notification-service-proxy' enabled=True
Cleared all toxics on 'notification-service-proxy'
Setting proxy 'order-service-proxy' enabled=True
Cleared all toxics on 'order-service-proxy'
Setting proxy 'payment-service-proxy' enabled=True
Cleared all toxics on 'payment-service-proxy'
Setting proxy 'shared-db-service-proxy' enabled=True
Cleared all toxics on 'shared-db-service-proxy'
Saved run metrics to C:\Users\Lenovo\OneDrive\Desktop\capstone project\services\CascadeShield\data\master_dataset.csv

Progress: Run 53 of 162 (config 18/54, replicate 2/3)

============================================================
STARTING EXPERIMENT: Mode=full, Topology=linear, Fault=latency, Replicate=2
Config: {'failureRateThreshold': 30, 'slidingWindowSize': 20, 'waitDurationInOpenState': 30, 'slidingWindowType': 'TIME_BASED'}
============================================================
Updated .env with: {'failureRateThreshold': 30, 'slidingWindowSize': 20, 'waitDurationInOpenState': 30, 'slidingWindowType': 'TIME_BASED'}
Recreating Spring Boot containers to apply new configuration...
gateway-service is healthy!
notification-service is healthy!
Measuring pre-fault baseline...
Generating load: 20 requests to http://localhost:8080/api/v1/linear @ ~20 req/s (~1.0s dispatch)...
Load Results - Successes: 20, Failures: 0, Avg Latency: 274.41ms, Throughput: 10.44 TPS, Error Rate: 0.00%
Resetting all Toxiproxy proxies...
Setting proxy 'inventory-service-proxy' enabled=True
Cleared all toxics on 'inventory-service-proxy'
Setting proxy 'notification-service-proxy' enabled=True
Cleared all toxics on 'notification-service-proxy'
Setting proxy 'order-service-proxy' enabled=True
Cleared all toxics on 'order-service-proxy'
Setting proxy 'payment-service-proxy' enabled=True
Cleared all toxics on 'payment-service-proxy'
Setting proxy 'shared-db-service-proxy' enabled=True
Cleared all toxics on 'shared-db-service-proxy'
Cleared all toxics on 'inventory-service-proxy'
Injecting latency on 'inventory-service-proxy': 3000ms (toxicity=1.0)
Load plan (TIME_BASED): 600 requests over ~60s @ 10 req/s
Generating load: 600 requests to http://localhost:8080/api/v1/linear @ ~10 req/s (~60.0s dispatch)...
Load Results - Successes: 18, Failures: 582, Avg Latency: 109.47ms, Throughput: 0.27 TPS, Error Rate: 97.00%
Resetting all Toxiproxy proxies...
Setting proxy 'inventory-service-proxy' enabled=True
Cleared all toxics on 'inventory-service-proxy'
Setting proxy 'notification-service-proxy' enabled=True
Cleared all toxics on 'notification-service-proxy'
Setting proxy 'order-service-proxy' enabled=True
Cleared all toxics on 'order-service-proxy'
Setting proxy 'payment-service-proxy' enabled=True
Cleared all toxics on 'payment-service-proxy'
Setting proxy 'shared-db-service-proxy' enabled=True
Cleared all toxics on 'shared-db-service-proxy'
Saved run metrics to C:\Users\Lenovo\OneDrive\Desktop\capstone project\services\CascadeShield\data\master_dataset.csv

Progress: Run 54 of 162 (config 18/54, replicate 3/3)

============================================================
STARTING EXPERIMENT: Mode=full, Topology=linear, Fault=latency, Replicate=3
Config: {'failureRateThreshold': 30, 'slidingWindowSize': 20, 'waitDurationInOpenState': 30, 'slidingWindowType': 'TIME_BASED'}
============================================================
Updated .env with: {'failureRateThreshold': 30, 'slidingWindowSize': 20, 'waitDurationInOpenState': 30, 'slidingWindowType': 'TIME_BASED'}
Recreating Spring Boot containers to apply new configuration...
gateway-service is healthy!
notification-service is healthy!
Measuring pre-fault baseline...
Generating load: 20 requests to http://localhost:8080/api/v1/linear @ ~20 req/s (~1.0s dispatch)...
Load Results - Successes: 6, Failures: 14, Avg Latency: 343.14ms, Throughput: 2.55 TPS, Error Rate: 70.00%
Resetting all Toxiproxy proxies...
Setting proxy 'inventory-service-proxy' enabled=True
Cleared all toxics on 'inventory-service-proxy'
Setting proxy 'notification-service-proxy' enabled=True
Cleared all toxics on 'notification-service-proxy'
Setting proxy 'order-service-proxy' enabled=True
Cleared all toxics on 'order-service-proxy'
Setting proxy 'payment-service-proxy' enabled=True
Cleared all toxics on 'payment-service-proxy'
Setting proxy 'shared-db-service-proxy' enabled=True
Cleared all toxics on 'shared-db-service-proxy'
Cleared all toxics on 'inventory-service-proxy'
Injecting latency on 'inventory-service-proxy': 3000ms (toxicity=1.0)
Load plan (TIME_BASED): 600 requests over ~60s @ 10 req/s
Generating load: 600 requests to http://localhost:8080/api/v1/linear @ ~10 req/s (~60.0s dispatch)...
Load Results - Successes: 10, Failures: 590, Avg Latency: 67.62ms, Throughput: 0.15 TPS, Error Rate: 98.33%
Resetting all Toxiproxy proxies...
Setting proxy 'inventory-service-proxy' enabled=True
Cleared all toxics on 'inventory-service-proxy'
Setting proxy 'notification-service-proxy' enabled=True
Cleared all toxics on 'notification-service-proxy'
Setting proxy 'order-service-proxy' enabled=True
Cleared all toxics on 'order-service-proxy'
Setting proxy 'payment-service-proxy' enabled=True
Cleared all toxics on 'payment-service-proxy'
Setting proxy 'shared-db-service-proxy' enabled=True
Cleared all toxics on 'shared-db-service-proxy'
Saved run metrics to C:\Users\Lenovo\OneDrive\Desktop\capstone project\services\CascadeShield\data\master_dataset.csv

Progress: Run 55 of 162 (config 19/54, replicate 1/3)

============================================================
STARTING EXPERIMENT: Mode=full, Topology=linear, Fault=latency, Replicate=1
Config: {'failureRateThreshold': 50, 'slidingWindowSize': 5, 'waitDurationInOpenState': 5, 'slidingWindowType': 'COUNT_BASED'}
============================================================
Updated .env with: {'failureRateThreshold': 50, 'slidingWindowSize': 5, 'waitDurationInOpenState': 5, 'slidingWindowType': 'COUNT_BASED'}
Recreating Spring Boot containers to apply new configuration...
gateway-service is healthy!
notification-service is healthy!
Measuring pre-fault baseline...
Generating load: 20 requests to http://localhost:8080/api/v1/linear @ ~20 req/s (~1.0s dispatch)...
Load Results - Successes: 20, Failures: 0, Avg Latency: 356.86ms, Throughput: 8.08 TPS, Error Rate: 0.00%
Resetting all Toxiproxy proxies...
Setting proxy 'inventory-service-proxy' enabled=True
Cleared all toxics on 'inventory-service-proxy'
Setting proxy 'notification-service-proxy' enabled=True
Cleared all toxics on 'notification-service-proxy'
Setting proxy 'order-service-proxy' enabled=True
Cleared all toxics on 'order-service-proxy'
Setting proxy 'payment-service-proxy' enabled=True
Cleared all toxics on 'payment-service-proxy'
Setting proxy 'shared-db-service-proxy' enabled=True
Cleared all toxics on 'shared-db-service-proxy'
Cleared all toxics on 'inventory-service-proxy'
Injecting latency on 'inventory-service-proxy': 3000ms (toxicity=1.0)
Load plan (COUNT_BASED): 40 requests over ~4s @ 10 req/s
Generating load: 40 requests to http://localhost:8080/api/v1/linear @ ~10 req/s (~4.0s dispatch)...
Load Results - Successes: 7, Failures: 33, Avg Latency: 556.06ms, Throughput: 1.12 TPS, Error Rate: 82.50%
Resetting all Toxiproxy proxies...
Setting proxy 'inventory-service-proxy' enabled=True
Cleared all toxics on 'inventory-service-proxy'
Setting proxy 'notification-service-proxy' enabled=True
Cleared all toxics on 'notification-service-proxy'
Setting proxy 'order-service-proxy' enabled=True
Cleared all toxics on 'order-service-proxy'
Setting proxy 'payment-service-proxy' enabled=True
Cleared all toxics on 'payment-service-proxy'
Setting proxy 'shared-db-service-proxy' enabled=True
Cleared all toxics on 'shared-db-service-proxy'
Saved run metrics to C:\Users\Lenovo\OneDrive\Desktop\capstone project\services\CascadeShield\data\master_dataset.csv

Progress: Run 56 of 162 (config 19/54, replicate 2/3)

============================================================
STARTING EXPERIMENT: Mode=full, Topology=linear, Fault=latency, Replicate=2
Config: {'failureRateThreshold': 50, 'slidingWindowSize': 5, 'waitDurationInOpenState': 5, 'slidingWindowType': 'COUNT_BASED'}
============================================================
Updated .env with: {'failureRateThreshold': 50, 'slidingWindowSize': 5, 'waitDurationInOpenState': 5, 'slidingWindowType': 'COUNT_BASED'}
Recreating Spring Boot containers to apply new configuration...
notification-service is healthy!
gateway-service is healthy!
Measuring pre-fault baseline...
Generating load: 20 requests to http://localhost:8080/api/v1/linear @ ~20 req/s (~1.0s dispatch)...
Load Results - Successes: 20, Failures: 0, Avg Latency: 402.62ms, Throughput: 7.16 TPS, Error Rate: 0.00%
Resetting all Toxiproxy proxies...
Setting proxy 'inventory-service-proxy' enabled=True
Cleared all toxics on 'inventory-service-proxy'
Setting proxy 'notification-service-proxy' enabled=True
Cleared all toxics on 'notification-service-proxy'
Setting proxy 'order-service-proxy' enabled=True
Cleared all toxics on 'order-service-proxy'
Setting proxy 'payment-service-proxy' enabled=True
Cleared all toxics on 'payment-service-proxy'
Setting proxy 'shared-db-service-proxy' enabled=True
Cleared all toxics on 'shared-db-service-proxy'
Cleared all toxics on 'inventory-service-proxy'
Injecting latency on 'inventory-service-proxy': 3000ms (toxicity=1.0)
Load plan (COUNT_BASED): 40 requests over ~4s @ 10 req/s
Generating load: 40 requests to http://localhost:8080/api/v1/linear @ ~10 req/s (~4.0s dispatch)...
Load Results - Successes: 7, Failures: 33, Avg Latency: 559.12ms, Throughput: 1.12 TPS, Error Rate: 82.50%
Resetting all Toxiproxy proxies...
Setting proxy 'inventory-service-proxy' enabled=True
Cleared all toxics on 'inventory-service-proxy'
Setting proxy 'notification-service-proxy' enabled=True
Cleared all toxics on 'notification-service-proxy'
Setting proxy 'order-service-proxy' enabled=True
Cleared all toxics on 'order-service-proxy'
Setting proxy 'payment-service-proxy' enabled=True
Cleared all toxics on 'payment-service-proxy'
Setting proxy 'shared-db-service-proxy' enabled=True
Cleared all toxics on 'shared-db-service-proxy'
Saved run metrics to C:\Users\Lenovo\OneDrive\Desktop\capstone project\services\CascadeShield\data\master_dataset.csv

Progress: Run 57 of 162 (config 19/54, replicate 3/3)

============================================================
STARTING EXPERIMENT: Mode=full, Topology=linear, Fault=latency, Replicate=3
Config: {'failureRateThreshold': 50, 'slidingWindowSize': 5, 'waitDurationInOpenState': 5, 'slidingWindowType': 'COUNT_BASED'}
============================================================
Updated .env with: {'failureRateThreshold': 50, 'slidingWindowSize': 5, 'waitDurationInOpenState': 5, 'slidingWindowType': 'COUNT_BASED'}
Recreating Spring Boot containers to apply new configuration...
notification-service is healthy!
gateway-service is healthy!
Measuring pre-fault baseline...
Generating load: 20 requests to http://localhost:8080/api/v1/linear @ ~20 req/s (~1.0s dispatch)...
Load Results - Successes: 20, Failures: 0, Avg Latency: 315.32ms, Throughput: 9.11 TPS, Error Rate: 0.00%
Resetting all Toxiproxy proxies...
Setting proxy 'inventory-service-proxy' enabled=True
Cleared all toxics on 'inventory-service-proxy'
Setting proxy 'notification-service-proxy' enabled=True
Cleared all toxics on 'notification-service-proxy'
Setting proxy 'order-service-proxy' enabled=True
Cleared all toxics on 'order-service-proxy'
Setting proxy 'payment-service-proxy' enabled=True
Cleared all toxics on 'payment-service-proxy'
Setting proxy 'shared-db-service-proxy' enabled=True
Cleared all toxics on 'shared-db-service-proxy'
Cleared all toxics on 'inventory-service-proxy'
Injecting latency on 'inventory-service-proxy': 3000ms (toxicity=1.0)
Load plan (COUNT_BASED): 40 requests over ~4s @ 10 req/s
Generating load: 40 requests to http://localhost:8080/api/v1/linear @ ~10 req/s (~4.0s dispatch)...
Load Results - Successes: 7, Failures: 33, Avg Latency: 557.72ms, Throughput: 1.11 TPS, Error Rate: 82.50%
Resetting all Toxiproxy proxies...
Setting proxy 'inventory-service-proxy' enabled=True
Cleared all toxics on 'inventory-service-proxy'
Setting proxy 'notification-service-proxy' enabled=True
Cleared all toxics on 'notification-service-proxy'
Setting proxy 'order-service-proxy' enabled=True
Cleared all toxics on 'order-service-proxy'
Setting proxy 'payment-service-proxy' enabled=True
Cleared all toxics on 'payment-service-proxy'
Setting proxy 'shared-db-service-proxy' enabled=True
Cleared all toxics on 'shared-db-service-proxy'
Saved run metrics to C:\Users\Lenovo\OneDrive\Desktop\capstone project\services\CascadeShield\data\master_dataset.csv

Progress: Run 58 of 162 (config 20/54, replicate 1/3)

============================================================
STARTING EXPERIMENT: Mode=full, Topology=linear, Fault=latency, Replicate=1
Config: {'failureRateThreshold': 50, 'slidingWindowSize': 5, 'waitDurationInOpenState': 5, 'slidingWindowType': 'TIME_BASED'}
============================================================
Updated .env with: {'failureRateThreshold': 50, 'slidingWindowSize': 5, 'waitDurationInOpenState': 5, 'slidingWindowType': 'TIME_BASED'}
Recreating Spring Boot containers to apply new configuration...
notification-service is healthy!
gateway-service is healthy!
Measuring pre-fault baseline...
Generating load: 20 requests to http://localhost:8080/api/v1/linear @ ~20 req/s (~1.0s dispatch)...
Load Results - Successes: 20, Failures: 0, Avg Latency: 270.19ms, Throughput: 10.44 TPS, Error Rate: 0.00%
Resetting all Toxiproxy proxies...
Setting proxy 'inventory-service-proxy' enabled=True
Cleared all toxics on 'inventory-service-proxy'
Setting proxy 'notification-service-proxy' enabled=True
Cleared all toxics on 'notification-service-proxy'
Setting proxy 'order-service-proxy' enabled=True
Cleared all toxics on 'order-service-proxy'
Setting proxy 'payment-service-proxy' enabled=True
Cleared all toxics on 'payment-service-proxy'
Setting proxy 'shared-db-service-proxy' enabled=True
Cleared all toxics on 'shared-db-service-proxy'
Cleared all toxics on 'inventory-service-proxy'
Injecting latency on 'inventory-service-proxy': 3000ms (toxicity=1.0)
Load plan (TIME_BASED): 200 requests over ~20s @ 10 req/s
Generating load: 200 requests to http://localhost:8080/api/v1/linear @ ~10 req/s (~20.0s dispatch)...
Load Results - Successes: 20, Failures: 180, Avg Latency: 328.11ms, Throughput: 0.86 TPS, Error Rate: 90.00%
Resetting all Toxiproxy proxies...
Setting proxy 'inventory-service-proxy' enabled=True
Cleared all toxics on 'inventory-service-proxy'
Setting proxy 'notification-service-proxy' enabled=True
Cleared all toxics on 'notification-service-proxy'
Setting proxy 'order-service-proxy' enabled=True
Cleared all toxics on 'order-service-proxy'
Setting proxy 'payment-service-proxy' enabled=True
Cleared all toxics on 'payment-service-proxy'
Setting proxy 'shared-db-service-proxy' enabled=True
Cleared all toxics on 'shared-db-service-proxy'
Saved run metrics to C:\Users\Lenovo\OneDrive\Desktop\capstone project\services\CascadeShield\data\master_dataset.csv

Progress: Run 59 of 162 (config 20/54, replicate 2/3)

============================================================
STARTING EXPERIMENT: Mode=full, Topology=linear, Fault=latency, Replicate=2
Config: {'failureRateThreshold': 50, 'slidingWindowSize': 5, 'waitDurationInOpenState': 5, 'slidingWindowType': 'TIME_BASED'}
============================================================
Updated .env with: {'failureRateThreshold': 50, 'slidingWindowSize': 5, 'waitDurationInOpenState': 5, 'slidingWindowType': 'TIME_BASED'}
Recreating Spring Boot containers to apply new configuration...
gateway-service is healthy!
notification-service is healthy!
Measuring pre-fault baseline...
Generating load: 20 requests to http://localhost:8080/api/v1/linear @ ~20 req/s (~1.0s dispatch)...
Load Results - Successes: 20, Failures: 0, Avg Latency: 368.41ms, Throughput: 7.79 TPS, Error Rate: 0.00%
Resetting all Toxiproxy proxies...
Setting proxy 'inventory-service-proxy' enabled=True
Cleared all toxics on 'inventory-service-proxy'
Setting proxy 'notification-service-proxy' enabled=True
Cleared all toxics on 'notification-service-proxy'
Setting proxy 'order-service-proxy' enabled=True
Cleared all toxics on 'order-service-proxy'
Setting proxy 'payment-service-proxy' enabled=True
Cleared all toxics on 'payment-service-proxy'
Setting proxy 'shared-db-service-proxy' enabled=True
Cleared all toxics on 'shared-db-service-proxy'
Cleared all toxics on 'inventory-service-proxy'
Injecting latency on 'inventory-service-proxy': 3000ms (toxicity=1.0)
Load plan (TIME_BASED): 200 requests over ~20s @ 10 req/s
Generating load: 200 requests to http://localhost:8080/api/v1/linear @ ~10 req/s (~20.0s dispatch)...
Load Results - Successes: 20, Failures: 180, Avg Latency: 328.43ms, Throughput: 0.86 TPS, Error Rate: 90.00%
Resetting all Toxiproxy proxies...
Setting proxy 'inventory-service-proxy' enabled=True
Cleared all toxics on 'inventory-service-proxy'
Setting proxy 'notification-service-proxy' enabled=True
Cleared all toxics on 'notification-service-proxy'
Setting proxy 'order-service-proxy' enabled=True
Cleared all toxics on 'order-service-proxy'
Setting proxy 'payment-service-proxy' enabled=True
Cleared all toxics on 'payment-service-proxy'
Setting proxy 'shared-db-service-proxy' enabled=True
Cleared all toxics on 'shared-db-service-proxy'
Saved run metrics to C:\Users\Lenovo\OneDrive\Desktop\capstone project\services\CascadeShield\data\master_dataset.csv

Progress: Run 60 of 162 (config 20/54, replicate 3/3)

============================================================
STARTING EXPERIMENT: Mode=full, Topology=linear, Fault=latency, Replicate=3
Config: {'failureRateThreshold': 50, 'slidingWindowSize': 5, 'waitDurationInOpenState': 5, 'slidingWindowType': 'TIME_BASED'}
============================================================
Updated .env with: {'failureRateThreshold': 50, 'slidingWindowSize': 5, 'waitDurationInOpenState': 5, 'slidingWindowType': 'TIME_BASED'}
Recreating Spring Boot containers to apply new configuration...
gateway-service is healthy!
notification-service is healthy!
Measuring pre-fault baseline...
Generating load: 20 requests to http://localhost:8080/api/v1/linear @ ~20 req/s (~1.0s dispatch)...
Load Results - Successes: 20, Failures: 0, Avg Latency: 240.35ms, Throughput: 11.78 TPS, Error Rate: 0.00%
Resetting all Toxiproxy proxies...
Setting proxy 'inventory-service-proxy' enabled=True
Cleared all toxics on 'inventory-service-proxy'
Setting proxy 'notification-service-proxy' enabled=True
Cleared all toxics on 'notification-service-proxy'
Setting proxy 'order-service-proxy' enabled=True
Cleared all toxics on 'order-service-proxy'
Setting proxy 'payment-service-proxy' enabled=True
Cleared all toxics on 'payment-service-proxy'
Setting proxy 'shared-db-service-proxy' enabled=True
Cleared all toxics on 'shared-db-service-proxy'
Cleared all toxics on 'inventory-service-proxy'
Injecting latency on 'inventory-service-proxy': 3000ms (toxicity=1.0)
Load plan (TIME_BASED): 200 requests over ~20s @ 10 req/s
Generating load: 200 requests to http://localhost:8080/api/v1/linear @ ~10 req/s (~20.0s dispatch)...
Load Results - Successes: 20, Failures: 180, Avg Latency: 326.92ms, Throughput: 0.86 TPS, Error Rate: 90.00%
Resetting all Toxiproxy proxies...
Setting proxy 'inventory-service-proxy' enabled=True
Cleared all toxics on 'inventory-service-proxy'
Setting proxy 'notification-service-proxy' enabled=True
Cleared all toxics on 'notification-service-proxy'
Setting proxy 'order-service-proxy' enabled=True
Cleared all toxics on 'order-service-proxy'
Setting proxy 'payment-service-proxy' enabled=True
Cleared all toxics on 'payment-service-proxy'
Setting proxy 'shared-db-service-proxy' enabled=True
Cleared all toxics on 'shared-db-service-proxy'
Saved run metrics to C:\Users\Lenovo\OneDrive\Desktop\capstone project\services\CascadeShield\data\master_dataset.csv

Progress: Run 61 of 162 (config 21/54, replicate 1/3)

============================================================
STARTING EXPERIMENT: Mode=full, Topology=linear, Fault=latency, Replicate=1
Config: {'failureRateThreshold': 50, 'slidingWindowSize': 5, 'waitDurationInOpenState': 15, 'slidingWindowType': 'COUNT_BASED'}
============================================================
Updated .env with: {'failureRateThreshold': 50, 'slidingWindowSize': 5, 'waitDurationInOpenState': 15, 'slidingWindowType': 'COUNT_BASED'}
Recreating Spring Boot containers to apply new configuration...
notification-service is healthy!
gateway-service is healthy!
Measuring pre-fault baseline...
Generating load: 20 requests to http://localhost:8080/api/v1/linear @ ~20 req/s (~1.0s dispatch)...
Load Results - Successes: 20, Failures: 0, Avg Latency: 253.86ms, Throughput: 11.16 TPS, Error Rate: 0.00%
Resetting all Toxiproxy proxies...
Setting proxy 'inventory-service-proxy' enabled=True
Cleared all toxics on 'inventory-service-proxy'
Setting proxy 'notification-service-proxy' enabled=True
Cleared all toxics on 'notification-service-proxy'
Setting proxy 'order-service-proxy' enabled=True
Cleared all toxics on 'order-service-proxy'
Setting proxy 'payment-service-proxy' enabled=True
Cleared all toxics on 'payment-service-proxy'
Setting proxy 'shared-db-service-proxy' enabled=True
Cleared all toxics on 'shared-db-service-proxy'
Cleared all toxics on 'inventory-service-proxy'
Injecting latency on 'inventory-service-proxy': 3000ms (toxicity=1.0)
Load plan (COUNT_BASED): 40 requests over ~4s @ 10 req/s
Generating load: 40 requests to http://localhost:8080/api/v1/linear @ ~10 req/s (~4.0s dispatch)...
Load Results - Successes: 7, Failures: 33, Avg Latency: 559.84ms, Throughput: 1.11 TPS, Error Rate: 82.50%
Resetting all Toxiproxy proxies...
Setting proxy 'inventory-service-proxy' enabled=True
Cleared all toxics on 'inventory-service-proxy'
Setting proxy 'notification-service-proxy' enabled=True
Cleared all toxics on 'notification-service-proxy'
Setting proxy 'order-service-proxy' enabled=True
Cleared all toxics on 'order-service-proxy'
Setting proxy 'payment-service-proxy' enabled=True
Cleared all toxics on 'payment-service-proxy'
Setting proxy 'shared-db-service-proxy' enabled=True
Cleared all toxics on 'shared-db-service-proxy'
Saved run metrics to C:\Users\Lenovo\OneDrive\Desktop\capstone project\services\CascadeShield\data\master_dataset.csv

Progress: Run 62 of 162 (config 21/54, replicate 2/3)

============================================================
STARTING EXPERIMENT: Mode=full, Topology=linear, Fault=latency, Replicate=2
Config: {'failureRateThreshold': 50, 'slidingWindowSize': 5, 'waitDurationInOpenState': 15, 'slidingWindowType': 'COUNT_BASED'}
============================================================
Updated .env with: {'failureRateThreshold': 50, 'slidingWindowSize': 5, 'waitDurationInOpenState': 15, 'slidingWindowType': 'COUNT_BASED'}
Recreating Spring Boot containers to apply new configuration...
notification-service is healthy!
gateway-service is healthy!
Measuring pre-fault baseline...
Generating load: 20 requests to http://localhost:8080/api/v1/linear @ ~20 req/s (~1.0s dispatch)...
Load Results - Successes: 20, Failures: 0, Avg Latency: 243.53ms, Throughput: 11.59 TPS, Error Rate: 0.00%
Resetting all Toxiproxy proxies...
Setting proxy 'inventory-service-proxy' enabled=True
Cleared all toxics on 'inventory-service-proxy'
Setting proxy 'notification-service-proxy' enabled=True
Cleared all toxics on 'notification-service-proxy'
Setting proxy 'order-service-proxy' enabled=True
Cleared all toxics on 'order-service-proxy'
Setting proxy 'payment-service-proxy' enabled=True
Cleared all toxics on 'payment-service-proxy'
Setting proxy 'shared-db-service-proxy' enabled=True
Cleared all toxics on 'shared-db-service-proxy'
Cleared all toxics on 'inventory-service-proxy'
Injecting latency on 'inventory-service-proxy': 3000ms (toxicity=1.0)
Load plan (COUNT_BASED): 40 requests over ~4s @ 10 req/s
Generating load: 40 requests to http://localhost:8080/api/v1/linear @ ~10 req/s (~4.0s dispatch)...
Load Results - Successes: 7, Failures: 33, Avg Latency: 560.26ms, Throughput: 1.11 TPS, Error Rate: 82.50%
Resetting all Toxiproxy proxies...
Setting proxy 'inventory-service-proxy' enabled=True
Cleared all toxics on 'inventory-service-proxy'
Setting proxy 'notification-service-proxy' enabled=True
Cleared all toxics on 'notification-service-proxy'
Setting proxy 'order-service-proxy' enabled=True
Cleared all toxics on 'order-service-proxy'
Setting proxy 'payment-service-proxy' enabled=True
Cleared all toxics on 'payment-service-proxy'
Setting proxy 'shared-db-service-proxy' enabled=True
Cleared all toxics on 'shared-db-service-proxy'
Saved run metrics to C:\Users\Lenovo\OneDrive\Desktop\capstone project\services\CascadeShield\data\master_dataset.csv

Progress: Run 63 of 162 (config 21/54, replicate 3/3)

============================================================
STARTING EXPERIMENT: Mode=full, Topology=linear, Fault=latency, Replicate=3
Config: {'failureRateThreshold': 50, 'slidingWindowSize': 5, 'waitDurationInOpenState': 15, 'slidingWindowType': 'COUNT_BASED'}
============================================================
Updated .env with: {'failureRateThreshold': 50, 'slidingWindowSize': 5, 'waitDurationInOpenState': 15, 'slidingWindowType': 'COUNT_BASED'}
Recreating Spring Boot containers to apply new configuration...
notification-service is healthy!
gateway-service is healthy!
Measuring pre-fault baseline...
Generating load: 20 requests to http://localhost:8080/api/v1/linear @ ~20 req/s (~1.0s dispatch)...
Load Results - Successes: 20, Failures: 0, Avg Latency: 271.28ms, Throughput: 10.47 TPS, Error Rate: 0.00%
Resetting all Toxiproxy proxies...
Setting proxy 'inventory-service-proxy' enabled=True
Cleared all toxics on 'inventory-service-proxy'
Setting proxy 'notification-service-proxy' enabled=True
Cleared all toxics on 'notification-service-proxy'
Setting proxy 'order-service-proxy' enabled=True
Cleared all toxics on 'order-service-proxy'
Setting proxy 'payment-service-proxy' enabled=True
Cleared all toxics on 'payment-service-proxy'
Setting proxy 'shared-db-service-proxy' enabled=True
Cleared all toxics on 'shared-db-service-proxy'
Cleared all toxics on 'inventory-service-proxy'
Injecting latency on 'inventory-service-proxy': 3000ms (toxicity=1.0)
Load plan (COUNT_BASED): 40 requests over ~4s @ 10 req/s
Generating load: 40 requests to http://localhost:8080/api/v1/linear @ ~10 req/s (~4.0s dispatch)...
Load Results - Successes: 7, Failures: 33, Avg Latency: 564.16ms, Throughput: 1.12 TPS, Error Rate: 82.50%
Resetting all Toxiproxy proxies...
Setting proxy 'inventory-service-proxy' enabled=True
Cleared all toxics on 'inventory-service-proxy'
Setting proxy 'notification-service-proxy' enabled=True
Cleared all toxics on 'notification-service-proxy'
Setting proxy 'order-service-proxy' enabled=True
Cleared all toxics on 'order-service-proxy'
Setting proxy 'payment-service-proxy' enabled=True
Cleared all toxics on 'payment-service-proxy'
Setting proxy 'shared-db-service-proxy' enabled=True
Cleared all toxics on 'shared-db-service-proxy'
Saved run metrics to C:\Users\Lenovo\OneDrive\Desktop\capstone project\services\CascadeShield\data\master_dataset.csv

Progress: Run 64 of 162 (config 22/54, replicate 1/3)

============================================================
STARTING EXPERIMENT: Mode=full, Topology=linear, Fault=latency, Replicate=1
Config: {'failureRateThreshold': 50, 'slidingWindowSize': 5, 'waitDurationInOpenState': 15, 'slidingWindowType': 'TIME_BASED'}
============================================================
Updated .env with: {'failureRateThreshold': 50, 'slidingWindowSize': 5, 'waitDurationInOpenState': 15, 'slidingWindowType': 'TIME_BASED'}
Recreating Spring Boot containers to apply new configuration...
gateway-service is healthy!
notification-service is healthy!
Measuring pre-fault baseline...
Generating load: 20 requests to http://localhost:8080/api/v1/linear @ ~20 req/s (~1.0s dispatch)...
Load Results - Successes: 6, Failures: 14, Avg Latency: 443.37ms, Throughput: 1.98 TPS, Error Rate: 70.00%
Resetting all Toxiproxy proxies...
Setting proxy 'inventory-service-proxy' enabled=True
Cleared all toxics on 'inventory-service-proxy'
Setting proxy 'notification-service-proxy' enabled=True
Cleared all toxics on 'notification-service-proxy'
Setting proxy 'order-service-proxy' enabled=True
Cleared all toxics on 'order-service-proxy'
Setting proxy 'payment-service-proxy' enabled=True
Cleared all toxics on 'payment-service-proxy'
Setting proxy 'shared-db-service-proxy' enabled=True
Cleared all toxics on 'shared-db-service-proxy'
Cleared all toxics on 'inventory-service-proxy'
Injecting latency on 'inventory-service-proxy': 3000ms (toxicity=1.0)
Load plan (TIME_BASED): 300 requests over ~30s @ 10 req/s
Generating load: 300 requests to http://localhost:8080/api/v1/linear @ ~10 req/s (~30.0s dispatch)...
Load Results - Successes: 7, Failures: 293, Avg Latency: 93.89ms, Throughput: 0.20 TPS, Error Rate: 97.67%
Resetting all Toxiproxy proxies...
Setting proxy 'inventory-service-proxy' enabled=True
Cleared all toxics on 'inventory-service-proxy'
Setting proxy 'notification-service-proxy' enabled=True
Cleared all toxics on 'notification-service-proxy'
Setting proxy 'order-service-proxy' enabled=True
Cleared all toxics on 'order-service-proxy'
Setting proxy 'payment-service-proxy' enabled=True
Cleared all toxics on 'payment-service-proxy'
Setting proxy 'shared-db-service-proxy' enabled=True
Cleared all toxics on 'shared-db-service-proxy'
Saved run metrics to C:\Users\Lenovo\OneDrive\Desktop\capstone project\services\CascadeShield\data\master_dataset.csv

Progress: Run 65 of 162 (config 22/54, replicate 2/3)

============================================================
STARTING EXPERIMENT: Mode=full, Topology=linear, Fault=latency, Replicate=2
Config: {'failureRateThreshold': 50, 'slidingWindowSize': 5, 'waitDurationInOpenState': 15, 'slidingWindowType': 'TIME_BASED'}
============================================================
Updated .env with: {'failureRateThreshold': 50, 'slidingWindowSize': 5, 'waitDurationInOpenState': 15, 'slidingWindowType': 'TIME_BASED'}
Recreating Spring Boot containers to apply new configuration...
gateway-service is healthy!
notification-service is healthy!
Measuring pre-fault baseline...
Generating load: 20 requests to http://localhost:8080/api/v1/linear @ ~20 req/s (~1.0s dispatch)...
Load Results - Successes: 6, Failures: 14, Avg Latency: 412.43ms, Throughput: 2.13 TPS, Error Rate: 70.00%
Resetting all Toxiproxy proxies...
Setting proxy 'inventory-service-proxy' enabled=True
Cleared all toxics on 'inventory-service-proxy'
Setting proxy 'notification-service-proxy' enabled=True
Cleared all toxics on 'notification-service-proxy'
Setting proxy 'order-service-proxy' enabled=True
Cleared all toxics on 'order-service-proxy'
Setting proxy 'payment-service-proxy' enabled=True
Cleared all toxics on 'payment-service-proxy'
Setting proxy 'shared-db-service-proxy' enabled=True
Cleared all toxics on 'shared-db-service-proxy'
Cleared all toxics on 'inventory-service-proxy'
Injecting latency on 'inventory-service-proxy': 3000ms (toxicity=1.0)
Load plan (TIME_BASED): 300 requests over ~30s @ 10 req/s
Generating load: 300 requests to http://localhost:8080/api/v1/linear @ ~10 req/s (~30.0s dispatch)...
Load Results - Successes: 7, Failures: 293, Avg Latency: 91.82ms, Throughput: 0.20 TPS, Error Rate: 97.67%
Resetting all Toxiproxy proxies...
Setting proxy 'inventory-service-proxy' enabled=True
Cleared all toxics on 'inventory-service-proxy'
Setting proxy 'notification-service-proxy' enabled=True
Cleared all toxics on 'notification-service-proxy'
Setting proxy 'order-service-proxy' enabled=True
Cleared all toxics on 'order-service-proxy'
Setting proxy 'payment-service-proxy' enabled=True
Cleared all toxics on 'payment-service-proxy'
Setting proxy 'shared-db-service-proxy' enabled=True
Cleared all toxics on 'shared-db-service-proxy'
Saved run metrics to C:\Users\Lenovo\OneDrive\Desktop\capstone project\services\CascadeShield\data\master_dataset.csv

Progress: Run 66 of 162 (config 22/54, replicate 3/3)

============================================================
STARTING EXPERIMENT: Mode=full, Topology=linear, Fault=latency, Replicate=3
Config: {'failureRateThreshold': 50, 'slidingWindowSize': 5, 'waitDurationInOpenState': 15, 'slidingWindowType': 'TIME_BASED'}
============================================================
Updated .env with: {'failureRateThreshold': 50, 'slidingWindowSize': 5, 'waitDurationInOpenState': 15, 'slidingWindowType': 'TIME_BASED'}
Recreating Spring Boot containers to apply new configuration...
gateway-service is healthy!
notification-service is healthy!
Measuring pre-fault baseline...
Generating load: 20 requests to http://localhost:8080/api/v1/linear @ ~20 req/s (~1.0s dispatch)...
Load Results - Successes: 20, Failures: 0, Avg Latency: 325.19ms, Throughput: 8.85 TPS, Error Rate: 0.00%
Resetting all Toxiproxy proxies...
Setting proxy 'inventory-service-proxy' enabled=True
Cleared all toxics on 'inventory-service-proxy'
Setting proxy 'notification-service-proxy' enabled=True
Cleared all toxics on 'notification-service-proxy'
Setting proxy 'order-service-proxy' enabled=True
Cleared all toxics on 'order-service-proxy'
Setting proxy 'payment-service-proxy' enabled=True
Cleared all toxics on 'payment-service-proxy'
Setting proxy 'shared-db-service-proxy' enabled=True
Cleared all toxics on 'shared-db-service-proxy'
Cleared all toxics on 'inventory-service-proxy'
Injecting latency on 'inventory-service-proxy': 3000ms (toxicity=1.0)
Load plan (TIME_BASED): 300 requests over ~30s @ 10 req/s
Generating load: 300 requests to http://localhost:8080/api/v1/linear @ ~10 req/s (~30.0s dispatch)...
Load Results - Successes: 14, Failures: 286, Avg Latency: 161.43ms, Throughput: 0.43 TPS, Error Rate: 95.33%
Resetting all Toxiproxy proxies...
Setting proxy 'inventory-service-proxy' enabled=True
Cleared all toxics on 'inventory-service-proxy'
Setting proxy 'notification-service-proxy' enabled=True
Cleared all toxics on 'notification-service-proxy'
Setting proxy 'order-service-proxy' enabled=True
Cleared all toxics on 'order-service-proxy'
Setting proxy 'payment-service-proxy' enabled=True
Cleared all toxics on 'payment-service-proxy'
Setting proxy 'shared-db-service-proxy' enabled=True
Cleared all toxics on 'shared-db-service-proxy'
Saved run metrics to C:\Users\Lenovo\OneDrive\Desktop\capstone project\services\CascadeShield\data\master_dataset.csv

Progress: Run 67 of 162 (config 23/54, replicate 1/3)

============================================================
STARTING EXPERIMENT: Mode=full, Topology=linear, Fault=latency, Replicate=1
Config: {'failureRateThreshold': 50, 'slidingWindowSize': 5, 'waitDurationInOpenState': 30, 'slidingWindowType': 'COUNT_BASED'}
============================================================
Updated .env with: {'failureRateThreshold': 50, 'slidingWindowSize': 5, 'waitDurationInOpenState': 30, 'slidingWindowType': 'COUNT_BASED'}
Recreating Spring Boot containers to apply new configuration...
notification-service is healthy!
gateway-service is healthy!
Measuring pre-fault baseline...
Generating load: 20 requests to http://localhost:8080/api/v1/linear @ ~20 req/s (~1.0s dispatch)...
Load Results - Successes: 20, Failures: 0, Avg Latency: 232.73ms, Throughput: 12.16 TPS, Error Rate: 0.00%
Resetting all Toxiproxy proxies...
Setting proxy 'inventory-service-proxy' enabled=True
Cleared all toxics on 'inventory-service-proxy'
Setting proxy 'notification-service-proxy' enabled=True
Cleared all toxics on 'notification-service-proxy'
Setting proxy 'order-service-proxy' enabled=True
Cleared all toxics on 'order-service-proxy'
Setting proxy 'payment-service-proxy' enabled=True
Cleared all toxics on 'payment-service-proxy'
Setting proxy 'shared-db-service-proxy' enabled=True
Cleared all toxics on 'shared-db-service-proxy'
Cleared all toxics on 'inventory-service-proxy'
Injecting latency on 'inventory-service-proxy': 3000ms (toxicity=1.0)
Load plan (COUNT_BASED): 40 requests over ~4s @ 10 req/s
Generating load: 40 requests to http://localhost:8080/api/v1/linear @ ~10 req/s (~4.0s dispatch)...
Load Results - Successes: 7, Failures: 33, Avg Latency: 555.49ms, Throughput: 1.12 TPS, Error Rate: 82.50%
Resetting all Toxiproxy proxies...
Setting proxy 'inventory-service-proxy' enabled=True
Cleared all toxics on 'inventory-service-proxy'
Setting proxy 'notification-service-proxy' enabled=True
Cleared all toxics on 'notification-service-proxy'
Setting proxy 'order-service-proxy' enabled=True
Cleared all toxics on 'order-service-proxy'
Setting proxy 'payment-service-proxy' enabled=True
Cleared all toxics on 'payment-service-proxy'
Setting proxy 'shared-db-service-proxy' enabled=True
Cleared all toxics on 'shared-db-service-proxy'
Saved run metrics to C:\Users\Lenovo\OneDrive\Desktop\capstone project\services\CascadeShield\data\master_dataset.csv

Progress: Run 68 of 162 (config 23/54, replicate 2/3)

============================================================
STARTING EXPERIMENT: Mode=full, Topology=linear, Fault=latency, Replicate=2
Config: {'failureRateThreshold': 50, 'slidingWindowSize': 5, 'waitDurationInOpenState': 30, 'slidingWindowType': 'COUNT_BASED'}
============================================================
Updated .env with: {'failureRateThreshold': 50, 'slidingWindowSize': 5, 'waitDurationInOpenState': 30, 'slidingWindowType': 'COUNT_BASED'}
Recreating Spring Boot containers to apply new configuration...
gateway-service is healthy!
notification-service is healthy!
Measuring pre-fault baseline...
Generating load: 20 requests to http://localhost:8080/api/v1/linear @ ~20 req/s (~1.0s dispatch)...
Load Results - Successes: 20, Failures: 0, Avg Latency: 315.16ms, Throughput: 9.13 TPS, Error Rate: 0.00%
Resetting all Toxiproxy proxies...
Setting proxy 'inventory-service-proxy' enabled=True
Cleared all toxics on 'inventory-service-proxy'
Setting proxy 'notification-service-proxy' enabled=True
Cleared all toxics on 'notification-service-proxy'
Setting proxy 'order-service-proxy' enabled=True
Cleared all toxics on 'order-service-proxy'
Setting proxy 'payment-service-proxy' enabled=True
Cleared all toxics on 'payment-service-proxy'
Setting proxy 'shared-db-service-proxy' enabled=True
Cleared all toxics on 'shared-db-service-proxy'
Cleared all toxics on 'inventory-service-proxy'
Injecting latency on 'inventory-service-proxy': 3000ms (toxicity=1.0)
Load plan (COUNT_BASED): 40 requests over ~4s @ 10 req/s
Generating load: 40 requests to http://localhost:8080/api/v1/linear @ ~10 req/s (~4.0s dispatch)...
Load Results - Successes: 7, Failures: 33, Avg Latency: 558.44ms, Throughput: 1.11 TPS, Error Rate: 82.50%
Resetting all Toxiproxy proxies...
Setting proxy 'inventory-service-proxy' enabled=True
Cleared all toxics on 'inventory-service-proxy'
Setting proxy 'notification-service-proxy' enabled=True
Cleared all toxics on 'notification-service-proxy'
Setting proxy 'order-service-proxy' enabled=True
Cleared all toxics on 'order-service-proxy'
Setting proxy 'payment-service-proxy' enabled=True
Cleared all toxics on 'payment-service-proxy'
Setting proxy 'shared-db-service-proxy' enabled=True
Cleared all toxics on 'shared-db-service-proxy'
Saved run metrics to C:\Users\Lenovo\OneDrive\Desktop\capstone project\services\CascadeShield\data\master_dataset.csv

Progress: Run 69 of 162 (config 23/54, replicate 3/3)

============================================================
STARTING EXPERIMENT: Mode=full, Topology=linear, Fault=latency, Replicate=3
Config: {'failureRateThreshold': 50, 'slidingWindowSize': 5, 'waitDurationInOpenState': 30, 'slidingWindowType': 'COUNT_BASED'}
============================================================
Updated .env with: {'failureRateThreshold': 50, 'slidingWindowSize': 5, 'waitDurationInOpenState': 30, 'slidingWindowType': 'COUNT_BASED'}
Recreating Spring Boot containers to apply new configuration...
gateway-service is healthy!
notification-service is healthy!
Measuring pre-fault baseline...
Generating load: 20 requests to http://localhost:8080/api/v1/linear @ ~20 req/s (~1.0s dispatch)...
Load Results - Successes: 20, Failures: 0, Avg Latency: 277.12ms, Throughput: 10.38 TPS, Error Rate: 0.00%
Resetting all Toxiproxy proxies...
Setting proxy 'inventory-service-proxy' enabled=True
Cleared all toxics on 'inventory-service-proxy'
Setting proxy 'notification-service-proxy' enabled=True
Cleared all toxics on 'notification-service-proxy'
Setting proxy 'order-service-proxy' enabled=True
Cleared all toxics on 'order-service-proxy'
Setting proxy 'payment-service-proxy' enabled=True
Cleared all toxics on 'payment-service-proxy'
Setting proxy 'shared-db-service-proxy' enabled=True
Cleared all toxics on 'shared-db-service-proxy'
Cleared all toxics on 'inventory-service-proxy'
Injecting latency on 'inventory-service-proxy': 3000ms (toxicity=1.0)
Load plan (COUNT_BASED): 40 requests over ~4s @ 10 req/s
Generating load: 40 requests to http://localhost:8080/api/v1/linear @ ~10 req/s (~4.0s dispatch)...
Load Results - Successes: 7, Failures: 33, Avg Latency: 557.89ms, Throughput: 1.10 TPS, Error Rate: 82.50%
Resetting all Toxiproxy proxies...
Setting proxy 'inventory-service-proxy' enabled=True
Cleared all toxics on 'inventory-service-proxy'
Setting proxy 'notification-service-proxy' enabled=True
Cleared all toxics on 'notification-service-proxy'
Setting proxy 'order-service-proxy' enabled=True
Cleared all toxics on 'order-service-proxy'
Setting proxy 'payment-service-proxy' enabled=True
Cleared all toxics on 'payment-service-proxy'
Setting proxy 'shared-db-service-proxy' enabled=True
Cleared all toxics on 'shared-db-service-proxy'
Saved run metrics to C:\Users\Lenovo\OneDrive\Desktop\capstone project\services\CascadeShield\data\master_dataset.csv

Progress: Run 70 of 162 (config 24/54, replicate 1/3)

============================================================
STARTING EXPERIMENT: Mode=full, Topology=linear, Fault=latency, Replicate=1
Config: {'failureRateThreshold': 50, 'slidingWindowSize': 5, 'waitDurationInOpenState': 30, 'slidingWindowType': 'TIME_BASED'}
============================================================
Updated .env with: {'failureRateThreshold': 50, 'slidingWindowSize': 5, 'waitDurationInOpenState': 30, 'slidingWindowType': 'TIME_BASED'}
Recreating Spring Boot containers to apply new configuration...
notification-service is healthy!
gateway-service is healthy!
Measuring pre-fault baseline...
Generating load: 20 requests to http://localhost:8080/api/v1/linear @ ~20 req/s (~1.0s dispatch)...
Load Results - Successes: 20, Failures: 0, Avg Latency: 228.84ms, Throughput: 12.43 TPS, Error Rate: 0.00%
Resetting all Toxiproxy proxies...
Setting proxy 'inventory-service-proxy' enabled=True
Cleared all toxics on 'inventory-service-proxy'
Setting proxy 'notification-service-proxy' enabled=True
Cleared all toxics on 'notification-service-proxy'
Setting proxy 'order-service-proxy' enabled=True
Cleared all toxics on 'order-service-proxy'
Setting proxy 'payment-service-proxy' enabled=True
Cleared all toxics on 'payment-service-proxy'
Setting proxy 'shared-db-service-proxy' enabled=True
Cleared all toxics on 'shared-db-service-proxy'
Cleared all toxics on 'inventory-service-proxy'
Injecting latency on 'inventory-service-proxy': 3000ms (toxicity=1.0)
Load plan (TIME_BASED): 450 requests over ~45s @ 10 req/s
Generating load: 450 requests to http://localhost:8080/api/v1/linear @ ~10 req/s (~45.0s dispatch)...
Load Results - Successes: 12, Failures: 438, Avg Latency: 100.86ms, Throughput: 0.24 TPS, Error Rate: 97.33%
Resetting all Toxiproxy proxies...
Setting proxy 'inventory-service-proxy' enabled=True
Cleared all toxics on 'inventory-service-proxy'
Setting proxy 'notification-service-proxy' enabled=True
Cleared all toxics on 'notification-service-proxy'
Setting proxy 'order-service-proxy' enabled=True
Cleared all toxics on 'order-service-proxy'
Setting proxy 'payment-service-proxy' enabled=True
Cleared all toxics on 'payment-service-proxy'
Setting proxy 'shared-db-service-proxy' enabled=True
Cleared all toxics on 'shared-db-service-proxy'
Saved run metrics to C:\Users\Lenovo\OneDrive\Desktop\capstone project\services\CascadeShield\data\master_dataset.csv

Progress: Run 71 of 162 (config 24/54, replicate 2/3)

============================================================
STARTING EXPERIMENT: Mode=full, Topology=linear, Fault=latency, Replicate=2
Config: {'failureRateThreshold': 50, 'slidingWindowSize': 5, 'waitDurationInOpenState': 30, 'slidingWindowType': 'TIME_BASED'}
============================================================
Updated .env with: {'failureRateThreshold': 50, 'slidingWindowSize': 5, 'waitDurationInOpenState': 30, 'slidingWindowType': 'TIME_BASED'}
Recreating Spring Boot containers to apply new configuration...
gateway-service is healthy!
notification-service is healthy!
Measuring pre-fault baseline...
Generating load: 20 requests to http://localhost:8080/api/v1/linear @ ~20 req/s (~1.0s dispatch)...
Load Results - Successes: 20, Failures: 0, Avg Latency: 250.34ms, Throughput: 11.28 TPS, Error Rate: 0.00%
Resetting all Toxiproxy proxies...
Setting proxy 'inventory-service-proxy' enabled=True
Cleared all toxics on 'inventory-service-proxy'
Setting proxy 'notification-service-proxy' enabled=True
Cleared all toxics on 'notification-service-proxy'
Setting proxy 'order-service-proxy' enabled=True
Cleared all toxics on 'order-service-proxy'
Setting proxy 'payment-service-proxy' enabled=True
Cleared all toxics on 'payment-service-proxy'
Setting proxy 'shared-db-service-proxy' enabled=True
Cleared all toxics on 'shared-db-service-proxy'
Cleared all toxics on 'inventory-service-proxy'
Injecting latency on 'inventory-service-proxy': 3000ms (toxicity=1.0)
Load plan (TIME_BASED): 450 requests over ~45s @ 10 req/s
Generating load: 450 requests to http://localhost:8080/api/v1/linear @ ~10 req/s (~45.0s dispatch)...
Load Results - Successes: 14, Failures: 436, Avg Latency: 114.13ms, Throughput: 0.28 TPS, Error Rate: 96.89%
Resetting all Toxiproxy proxies...
Setting proxy 'inventory-service-proxy' enabled=True
Cleared all toxics on 'inventory-service-proxy'
Setting proxy 'notification-service-proxy' enabled=True
Cleared all toxics on 'notification-service-proxy'
Setting proxy 'order-service-proxy' enabled=True
Cleared all toxics on 'order-service-proxy'
Setting proxy 'payment-service-proxy' enabled=True
Cleared all toxics on 'payment-service-proxy'
Setting proxy 'shared-db-service-proxy' enabled=True
Cleared all toxics on 'shared-db-service-proxy'
Saved run metrics to C:\Users\Lenovo\OneDrive\Desktop\capstone project\services\CascadeShield\data\master_dataset.csv

Progress: Run 72 of 162 (config 24/54, replicate 3/3)

============================================================
STARTING EXPERIMENT: Mode=full, Topology=linear, Fault=latency, Replicate=3
Config: {'failureRateThreshold': 50, 'slidingWindowSize': 5, 'waitDurationInOpenState': 30, 'slidingWindowType': 'TIME_BASED'}
============================================================
Updated .env with: {'failureRateThreshold': 50, 'slidingWindowSize': 5, 'waitDurationInOpenState': 30, 'slidingWindowType': 'TIME_BASED'}
Recreating Spring Boot containers to apply new configuration...
gateway-service is healthy!
notification-service is healthy!
Measuring pre-fault baseline...
Generating load: 20 requests to http://localhost:8080/api/v1/linear @ ~20 req/s (~1.0s dispatch)...
Load Results - Successes: 20, Failures: 0, Avg Latency: 371.35ms, Throughput: 7.82 TPS, Error Rate: 0.00%
Resetting all Toxiproxy proxies...
Setting proxy 'inventory-service-proxy' enabled=True
Cleared all toxics on 'inventory-service-proxy'
Setting proxy 'notification-service-proxy' enabled=True
Cleared all toxics on 'notification-service-proxy'
Setting proxy 'order-service-proxy' enabled=True
Cleared all toxics on 'order-service-proxy'
Setting proxy 'payment-service-proxy' enabled=True
Cleared all toxics on 'payment-service-proxy'
Setting proxy 'shared-db-service-proxy' enabled=True
Cleared all toxics on 'shared-db-service-proxy'
Cleared all toxics on 'inventory-service-proxy'
Injecting latency on 'inventory-service-proxy': 3000ms (toxicity=1.0)
Load plan (TIME_BASED): 450 requests over ~45s @ 10 req/s
Generating load: 450 requests to http://localhost:8080/api/v1/linear @ ~10 req/s (~45.0s dispatch)...
Load Results - Successes: 15, Failures: 435, Avg Latency: 121.53ms, Throughput: 0.31 TPS, Error Rate: 96.67%
Resetting all Toxiproxy proxies...
Setting proxy 'inventory-service-proxy' enabled=True
Cleared all toxics on 'inventory-service-proxy'
Setting proxy 'notification-service-proxy' enabled=True
Cleared all toxics on 'notification-service-proxy'
Setting proxy 'order-service-proxy' enabled=True
Cleared all toxics on 'order-service-proxy'
Setting proxy 'payment-service-proxy' enabled=True
Cleared all toxics on 'payment-service-proxy'
Setting proxy 'shared-db-service-proxy' enabled=True
Cleared all toxics on 'shared-db-service-proxy'
Saved run metrics to C:\Users\Lenovo\OneDrive\Desktop\capstone project\services\CascadeShield\data\master_dataset.csv

Progress: Run 73 of 162 (config 25/54, replicate 1/3)

============================================================
STARTING EXPERIMENT: Mode=full, Topology=linear, Fault=latency, Replicate=1
Config: {'failureRateThreshold': 50, 'slidingWindowSize': 10, 'waitDurationInOpenState': 5, 'slidingWindowType': 'COUNT_BASED'}
============================================================
Updated .env with: {'failureRateThreshold': 50, 'slidingWindowSize': 10, 'waitDurationInOpenState': 5, 'slidingWindowType': 'COUNT_BASED'}
Recreating Spring Boot containers to apply new configuration...
gateway-service is healthy!
notification-service is healthy!
Measuring pre-fault baseline...
Generating load: 20 requests to http://localhost:8080/api/v1/linear @ ~20 req/s (~1.0s dispatch)...
Load Results - Successes: 20, Failures: 0, Avg Latency: 297.50ms, Throughput: 9.64 TPS, Error Rate: 0.00%
Resetting all Toxiproxy proxies...
Setting proxy 'inventory-service-proxy' enabled=True
Cleared all toxics on 'inventory-service-proxy'
Setting proxy 'notification-service-proxy' enabled=True
Cleared all toxics on 'notification-service-proxy'
Setting proxy 'order-service-proxy' enabled=True
Cleared all toxics on 'order-service-proxy'
Setting proxy 'payment-service-proxy' enabled=True
Cleared all toxics on 'payment-service-proxy'
Setting proxy 'shared-db-service-proxy' enabled=True
Cleared all toxics on 'shared-db-service-proxy'
Cleared all toxics on 'inventory-service-proxy'
Injecting latency on 'inventory-service-proxy': 3000ms (toxicity=1.0)
Load plan (COUNT_BASED): 40 requests over ~4s @ 10 req/s
Generating load: 40 requests to http://localhost:8080/api/v1/linear @ ~10 req/s (~4.0s dispatch)...
Load Results - Successes: 9, Failures: 31, Avg Latency: 709.63ms, Throughput: 1.38 TPS, Error Rate: 77.50%
Resetting all Toxiproxy proxies...
Setting proxy 'inventory-service-proxy' enabled=True
Cleared all toxics on 'inventory-service-proxy'
Setting proxy 'notification-service-proxy' enabled=True
Cleared all toxics on 'notification-service-proxy'
Setting proxy 'order-service-proxy' enabled=True
Cleared all toxics on 'order-service-proxy'
Setting proxy 'payment-service-proxy' enabled=True
Cleared all toxics on 'payment-service-proxy'
Setting proxy 'shared-db-service-proxy' enabled=True
Cleared all toxics on 'shared-db-service-proxy'
Saved run metrics to C:\Users\Lenovo\OneDrive\Desktop\capstone project\services\CascadeShield\data\master_dataset.csv

Progress: Run 74 of 162 (config 25/54, replicate 2/3)

============================================================
STARTING EXPERIMENT: Mode=full, Topology=linear, Fault=latency, Replicate=2
Config: {'failureRateThreshold': 50, 'slidingWindowSize': 10, 'waitDurationInOpenState': 5, 'slidingWindowType': 'COUNT_BASED'}
============================================================
Updated .env with: {'failureRateThreshold': 50, 'slidingWindowSize': 10, 'waitDurationInOpenState': 5, 'slidingWindowType': 'COUNT_BASED'}
Recreating Spring Boot containers to apply new configuration...
notification-service is healthy!
gateway-service is healthy!
Measuring pre-fault baseline...
Generating load: 20 requests to http://localhost:8080/api/v1/linear @ ~20 req/s (~1.0s dispatch)...
Load Results - Successes: 20, Failures: 0, Avg Latency: 245.17ms, Throughput: 11.49 TPS, Error Rate: 0.00%
Resetting all Toxiproxy proxies...
Setting proxy 'inventory-service-proxy' enabled=True
Cleared all toxics on 'inventory-service-proxy'
Setting proxy 'notification-service-proxy' enabled=True
Cleared all toxics on 'notification-service-proxy'
Setting proxy 'order-service-proxy' enabled=True
Cleared all toxics on 'order-service-proxy'
Setting proxy 'payment-service-proxy' enabled=True
Cleared all toxics on 'payment-service-proxy'
Setting proxy 'shared-db-service-proxy' enabled=True
Cleared all toxics on 'shared-db-service-proxy'
Cleared all toxics on 'inventory-service-proxy'
Injecting latency on 'inventory-service-proxy': 3000ms (toxicity=1.0)
Load plan (COUNT_BASED): 40 requests over ~4s @ 10 req/s
Generating load: 40 requests to http://localhost:8080/api/v1/linear @ ~10 req/s (~4.0s dispatch)...
Load Results - Successes: 9, Failures: 31, Avg Latency: 705.93ms, Throughput: 1.39 TPS, Error Rate: 77.50%
Resetting all Toxiproxy proxies...
Setting proxy 'inventory-service-proxy' enabled=True
Cleared all toxics on 'inventory-service-proxy'
Setting proxy 'notification-service-proxy' enabled=True
Cleared all toxics on 'notification-service-proxy'
Setting proxy 'order-service-proxy' enabled=True
Cleared all toxics on 'order-service-proxy'
Setting proxy 'payment-service-proxy' enabled=True
Cleared all toxics on 'payment-service-proxy'
Setting proxy 'shared-db-service-proxy' enabled=True
Cleared all toxics on 'shared-db-service-proxy'
Saved run metrics to C:\Users\Lenovo\OneDrive\Desktop\capstone project\services\CascadeShield\data\master_dataset.csv

Progress: Run 75 of 162 (config 25/54, replicate 3/3)

============================================================
STARTING EXPERIMENT: Mode=full, Topology=linear, Fault=latency, Replicate=3
Config: {'failureRateThreshold': 50, 'slidingWindowSize': 10, 'waitDurationInOpenState': 5, 'slidingWindowType': 'COUNT_BASED'}
============================================================
Updated .env with: {'failureRateThreshold': 50, 'slidingWindowSize': 10, 'waitDurationInOpenState': 5, 'slidingWindowType': 'COUNT_BASED'}
Recreating Spring Boot containers to apply new configuration...
notification-service is healthy!
gateway-service is healthy!
Measuring pre-fault baseline...
Generating load: 20 requests to http://localhost:8080/api/v1/linear @ ~20 req/s (~1.0s dispatch)...
Load Results - Successes: 20, Failures: 0, Avg Latency: 282.42ms, Throughput: 10.15 TPS, Error Rate: 0.00%
Resetting all Toxiproxy proxies...
Setting proxy 'inventory-service-proxy' enabled=True
Cleared all toxics on 'inventory-service-proxy'
Setting proxy 'notification-service-proxy' enabled=True
Cleared all toxics on 'notification-service-proxy'
Setting proxy 'order-service-proxy' enabled=True
Cleared all toxics on 'order-service-proxy'
Setting proxy 'payment-service-proxy' enabled=True
Cleared all toxics on 'payment-service-proxy'
Setting proxy 'shared-db-service-proxy' enabled=True
Cleared all toxics on 'shared-db-service-proxy'
Cleared all toxics on 'inventory-service-proxy'
Injecting latency on 'inventory-service-proxy': 3000ms (toxicity=1.0)
Load plan (COUNT_BASED): 40 requests over ~4s @ 10 req/s
Generating load: 40 requests to http://localhost:8080/api/v1/linear @ ~10 req/s (~4.0s dispatch)...
Load Results - Successes: 9, Failures: 31, Avg Latency: 709.88ms, Throughput: 1.38 TPS, Error Rate: 77.50%
Resetting all Toxiproxy proxies...
Setting proxy 'inventory-service-proxy' enabled=True
Cleared all toxics on 'inventory-service-proxy'
Setting proxy 'notification-service-proxy' enabled=True
Cleared all toxics on 'notification-service-proxy'
Setting proxy 'order-service-proxy' enabled=True
Cleared all toxics on 'order-service-proxy'
Setting proxy 'payment-service-proxy' enabled=True
Cleared all toxics on 'payment-service-proxy'
Setting proxy 'shared-db-service-proxy' enabled=True
Cleared all toxics on 'shared-db-service-proxy'
Saved run metrics to C:\Users\Lenovo\OneDrive\Desktop\capstone project\services\CascadeShield\data\master_dataset.csv

Progress: Run 76 of 162 (config 26/54, replicate 1/3)

============================================================
STARTING EXPERIMENT: Mode=full, Topology=linear, Fault=latency, Replicate=1
Config: {'failureRateThreshold': 50, 'slidingWindowSize': 10, 'waitDurationInOpenState': 5, 'slidingWindowType': 'TIME_BASED'}
============================================================
Updated .env with: {'failureRateThreshold': 50, 'slidingWindowSize': 10, 'waitDurationInOpenState': 5, 'slidingWindowType': 'TIME_BASED'}
Recreating Spring Boot containers to apply new configuration...
gateway-service is healthy!
notification-service is healthy!
Measuring pre-fault baseline...
Generating load: 20 requests to http://localhost:8080/api/v1/linear @ ~20 req/s (~1.0s dispatch)...
Load Results - Successes: 20, Failures: 0, Avg Latency: 388.24ms, Throughput: 7.44 TPS, Error Rate: 0.00%
Resetting all Toxiproxy proxies...
Setting proxy 'inventory-service-proxy' enabled=True
Cleared all toxics on 'inventory-service-proxy'
Setting proxy 'notification-service-proxy' enabled=True
Cleared all toxics on 'notification-service-proxy'
Setting proxy 'order-service-proxy' enabled=True
Cleared all toxics on 'order-service-proxy'
Setting proxy 'payment-service-proxy' enabled=True
Cleared all toxics on 'payment-service-proxy'
Setting proxy 'shared-db-service-proxy' enabled=True
Cleared all toxics on 'shared-db-service-proxy'
Cleared all toxics on 'inventory-service-proxy'
Injecting latency on 'inventory-service-proxy': 3000ms (toxicity=1.0)
Load plan (TIME_BASED): 250 requests over ~25s @ 10 req/s
Generating load: 250 requests to http://localhost:8080/api/v1/linear @ ~10 req/s (~25.0s dispatch)...
Load Results - Successes: 25, Failures: 225, Avg Latency: 329.54ms, Throughput: 0.92 TPS, Error Rate: 90.00%
Resetting all Toxiproxy proxies...
Setting proxy 'inventory-service-proxy' enabled=True
Cleared all toxics on 'inventory-service-proxy'
Setting proxy 'notification-service-proxy' enabled=True
Cleared all toxics on 'notification-service-proxy'
Setting proxy 'order-service-proxy' enabled=True
Cleared all toxics on 'order-service-proxy'
Setting proxy 'payment-service-proxy' enabled=True
Cleared all toxics on 'payment-service-proxy'
Setting proxy 'shared-db-service-proxy' enabled=True
Cleared all toxics on 'shared-db-service-proxy'
Saved run metrics to C:\Users\Lenovo\OneDrive\Desktop\capstone project\services\CascadeShield\data\master_dataset.csv

Progress: Run 77 of 162 (config 26/54, replicate 2/3)

============================================================
STARTING EXPERIMENT: Mode=full, Topology=linear, Fault=latency, Replicate=2
Config: {'failureRateThreshold': 50, 'slidingWindowSize': 10, 'waitDurationInOpenState': 5, 'slidingWindowType': 'TIME_BASED'}
============================================================
Updated .env with: {'failureRateThreshold': 50, 'slidingWindowSize': 10, 'waitDurationInOpenState': 5, 'slidingWindowType': 'TIME_BASED'}
Recreating Spring Boot containers to apply new configuration...
gateway-service is healthy!
notification-service is healthy!
Measuring pre-fault baseline...
Generating load: 20 requests to http://localhost:8080/api/v1/linear @ ~20 req/s (~1.0s dispatch)...
Load Results - Successes: 20, Failures: 0, Avg Latency: 255.46ms, Throughput: 11.08 TPS, Error Rate: 0.00%
Resetting all Toxiproxy proxies...
Setting proxy 'inventory-service-proxy' enabled=True
Cleared all toxics on 'inventory-service-proxy'
Setting proxy 'notification-service-proxy' enabled=True
Cleared all toxics on 'notification-service-proxy'
Setting proxy 'order-service-proxy' enabled=True
Cleared all toxics on 'order-service-proxy'
Setting proxy 'payment-service-proxy' enabled=True
Cleared all toxics on 'payment-service-proxy'
Setting proxy 'shared-db-service-proxy' enabled=True
Cleared all toxics on 'shared-db-service-proxy'
Cleared all toxics on 'inventory-service-proxy'
Injecting latency on 'inventory-service-proxy': 3000ms (toxicity=1.0)
Load plan (TIME_BASED): 250 requests over ~25s @ 10 req/s
Generating load: 250 requests to http://localhost:8080/api/v1/linear @ ~10 req/s (~25.0s dispatch)...
Load Results - Successes: 25, Failures: 225, Avg Latency: 327.22ms, Throughput: 0.92 TPS, Error Rate: 90.00%
Resetting all Toxiproxy proxies...
Setting proxy 'inventory-service-proxy' enabled=True
Cleared all toxics on 'inventory-service-proxy'
Setting proxy 'notification-service-proxy' enabled=True
Cleared all toxics on 'notification-service-proxy'
Setting proxy 'order-service-proxy' enabled=True
Cleared all toxics on 'order-service-proxy'
Setting proxy 'payment-service-proxy' enabled=True
Cleared all toxics on 'payment-service-proxy'
Setting proxy 'shared-db-service-proxy' enabled=True
Cleared all toxics on 'shared-db-service-proxy'
Saved run metrics to C:\Users\Lenovo\OneDrive\Desktop\capstone project\services\CascadeShield\data\master_dataset.csv

Progress: Run 78 of 162 (config 26/54, replicate 3/3)

============================================================
STARTING EXPERIMENT: Mode=full, Topology=linear, Fault=latency, Replicate=3
Config: {'failureRateThreshold': 50, 'slidingWindowSize': 10, 'waitDurationInOpenState': 5, 'slidingWindowType': 'TIME_BASED'}
============================================================
Updated .env with: {'failureRateThreshold': 50, 'slidingWindowSize': 10, 'waitDurationInOpenState': 5, 'slidingWindowType': 'TIME_BASED'}
Recreating Spring Boot containers to apply new configuration...
gateway-service is healthy!
notification-service is healthy!
Measuring pre-fault baseline...
Generating load: 20 requests to http://localhost:8080/api/v1/linear @ ~20 req/s (~1.0s dispatch)...
Load Results - Successes: 6, Failures: 14, Avg Latency: 437.78ms, Throughput: 2.00 TPS, Error Rate: 70.00%
Resetting all Toxiproxy proxies...
Setting proxy 'inventory-service-proxy' enabled=True
Cleared all toxics on 'inventory-service-proxy'
Setting proxy 'notification-service-proxy' enabled=True
Cleared all toxics on 'notification-service-proxy'
Setting proxy 'order-service-proxy' enabled=True
Cleared all toxics on 'order-service-proxy'
Setting proxy 'payment-service-proxy' enabled=True
Cleared all toxics on 'payment-service-proxy'
Setting proxy 'shared-db-service-proxy' enabled=True
Cleared all toxics on 'shared-db-service-proxy'
Cleared all toxics on 'inventory-service-proxy'
Injecting latency on 'inventory-service-proxy': 3000ms (toxicity=1.0)
Load plan (TIME_BASED): 250 requests over ~25s @ 10 req/s
Generating load: 250 requests to http://localhost:8080/api/v1/linear @ ~10 req/s (~25.0s dispatch)...
Load Results - Successes: 15, Failures: 235, Avg Latency: 203.61ms, Throughput: 0.55 TPS, Error Rate: 94.00%
Resetting all Toxiproxy proxies...
Setting proxy 'inventory-service-proxy' enabled=True
Cleared all toxics on 'inventory-service-proxy'
Setting proxy 'notification-service-proxy' enabled=True
Cleared all toxics on 'notification-service-proxy'
Setting proxy 'order-service-proxy' enabled=True
Cleared all toxics on 'order-service-proxy'
Setting proxy 'payment-service-proxy' enabled=True
Cleared all toxics on 'payment-service-proxy'
Setting proxy 'shared-db-service-proxy' enabled=True
Cleared all toxics on 'shared-db-service-proxy'
Saved run metrics to C:\Users\Lenovo\OneDrive\Desktop\capstone project\services\CascadeShield\data\master_dataset.csv

Progress: Run 79 of 162 (config 27/54, replicate 1/3)

============================================================
STARTING EXPERIMENT: Mode=full, Topology=linear, Fault=latency, Replicate=1
Config: {'failureRateThreshold': 50, 'slidingWindowSize': 10, 'waitDurationInOpenState': 15, 'slidingWindowType': 'COUNT_BASED'}
============================================================
Updated .env with: {'failureRateThreshold': 50, 'slidingWindowSize': 10, 'waitDurationInOpenState': 15, 'slidingWindowType': 'COUNT_BASED'}
Recreating Spring Boot containers to apply new configuration...
notification-service is healthy!
gateway-service is healthy!
Measuring pre-fault baseline...
Generating load: 20 requests to http://localhost:8080/api/v1/linear @ ~20 req/s (~1.0s dispatch)...
Load Results - Successes: 20, Failures: 0, Avg Latency: 278.66ms, Throughput: 10.23 TPS, Error Rate: 0.00%
Resetting all Toxiproxy proxies...
Setting proxy 'inventory-service-proxy' enabled=True
Cleared all toxics on 'inventory-service-proxy'
Setting proxy 'notification-service-proxy' enabled=True
Cleared all toxics on 'notification-service-proxy'
Setting proxy 'order-service-proxy' enabled=True
Cleared all toxics on 'order-service-proxy'
Setting proxy 'payment-service-proxy' enabled=True
Cleared all toxics on 'payment-service-proxy'
Setting proxy 'shared-db-service-proxy' enabled=True
Cleared all toxics on 'shared-db-service-proxy'
Cleared all toxics on 'inventory-service-proxy'
Injecting latency on 'inventory-service-proxy': 3000ms (toxicity=1.0)
Load plan (COUNT_BASED): 40 requests over ~4s @ 10 req/s
Generating load: 40 requests to http://localhost:8080/api/v1/linear @ ~10 req/s (~4.0s dispatch)...
Load Results - Successes: 9, Failures: 31, Avg Latency: 714.95ms, Throughput: 1.39 TPS, Error Rate: 77.50%
Resetting all Toxiproxy proxies...
Setting proxy 'inventory-service-proxy' enabled=True
Cleared all toxics on 'inventory-service-proxy'
Setting proxy 'notification-service-proxy' enabled=True
Cleared all toxics on 'notification-service-proxy'
Setting proxy 'order-service-proxy' enabled=True
Cleared all toxics on 'order-service-proxy'
Setting proxy 'payment-service-proxy' enabled=True
Cleared all toxics on 'payment-service-proxy'
Setting proxy 'shared-db-service-proxy' enabled=True
Cleared all toxics on 'shared-db-service-proxy'
Saved run metrics to C:\Users\Lenovo\OneDrive\Desktop\capstone project\services\CascadeShield\data\master_dataset.csv

Progress: Run 80 of 162 (config 27/54, replicate 2/3)

============================================================
STARTING EXPERIMENT: Mode=full, Topology=linear, Fault=latency, Replicate=2
Config: {'failureRateThreshold': 50, 'slidingWindowSize': 10, 'waitDurationInOpenState': 15, 'slidingWindowType': 'COUNT_BASED'}
============================================================
Updated .env with: {'failureRateThreshold': 50, 'slidingWindowSize': 10, 'waitDurationInOpenState': 15, 'slidingWindowType': 'COUNT_BASED'}
Recreating Spring Boot containers to apply new configuration...
gateway-service is healthy!
notification-service is healthy!
Measuring pre-fault baseline...
Generating load: 20 requests to http://localhost:8080/api/v1/linear @ ~20 req/s (~1.0s dispatch)...
Load Results - Successes: 20, Failures: 0, Avg Latency: 353.43ms, Throughput: 8.13 TPS, Error Rate: 0.00%
Resetting all Toxiproxy proxies...
Setting proxy 'inventory-service-proxy' enabled=True
Cleared all toxics on 'inventory-service-proxy'
Setting proxy 'notification-service-proxy' enabled=True
Cleared all toxics on 'notification-service-proxy'
Setting proxy 'order-service-proxy' enabled=True
Cleared all toxics on 'order-service-proxy'
Setting proxy 'payment-service-proxy' enabled=True
Cleared all toxics on 'payment-service-proxy'
Setting proxy 'shared-db-service-proxy' enabled=True
Cleared all toxics on 'shared-db-service-proxy'
Cleared all toxics on 'inventory-service-proxy'
Injecting latency on 'inventory-service-proxy': 3000ms (toxicity=1.0)
Load plan (COUNT_BASED): 40 requests over ~4s @ 10 req/s
Generating load: 40 requests to http://localhost:8080/api/v1/linear @ ~10 req/s (~4.0s dispatch)...
Load Results - Successes: 9, Failures: 31, Avg Latency: 714.13ms, Throughput: 1.39 TPS, Error Rate: 77.50%
Resetting all Toxiproxy proxies...
Setting proxy 'inventory-service-proxy' enabled=True
Cleared all toxics on 'inventory-service-proxy'
Setting proxy 'notification-service-proxy' enabled=True
Cleared all toxics on 'notification-service-proxy'
Setting proxy 'order-service-proxy' enabled=True
Cleared all toxics on 'order-service-proxy'
Setting proxy 'payment-service-proxy' enabled=True
Cleared all toxics on 'payment-service-proxy'
Setting proxy 'shared-db-service-proxy' enabled=True
Cleared all toxics on 'shared-db-service-proxy'
Saved run metrics to C:\Users\Lenovo\OneDrive\Desktop\capstone project\services\CascadeShield\data\master_dataset.csv

Progress: Run 81 of 162 (config 27/54, replicate 3/3)

============================================================
STARTING EXPERIMENT: Mode=full, Topology=linear, Fault=latency, Replicate=3
Config: {'failureRateThreshold': 50, 'slidingWindowSize': 10, 'waitDurationInOpenState': 15, 'slidingWindowType': 'COUNT_BASED'}
============================================================
Updated .env with: {'failureRateThreshold': 50, 'slidingWindowSize': 10, 'waitDurationInOpenState': 15, 'slidingWindowType': 'COUNT_BASED'}
Recreating Spring Boot containers to apply new configuration...
notification-service is healthy!
gateway-service is healthy!
Measuring pre-fault baseline...
Generating load: 20 requests to http://localhost:8080/api/v1/linear @ ~20 req/s (~1.0s dispatch)...
Load Results - Successes: 20, Failures: 0, Avg Latency: 264.57ms, Throughput: 10.78 TPS, Error Rate: 0.00%
Resetting all Toxiproxy proxies...
Setting proxy 'inventory-service-proxy' enabled=True
Cleared all toxics on 'inventory-service-proxy'
Setting proxy 'notification-service-proxy' enabled=True
Cleared all toxics on 'notification-service-proxy'
Setting proxy 'order-service-proxy' enabled=True
Cleared all toxics on 'order-service-proxy'
Setting proxy 'payment-service-proxy' enabled=True
Cleared all toxics on 'payment-service-proxy'
Setting proxy 'shared-db-service-proxy' enabled=True
Cleared all toxics on 'shared-db-service-proxy'
Cleared all toxics on 'inventory-service-proxy'
Injecting latency on 'inventory-service-proxy': 3000ms (toxicity=1.0)
Load plan (COUNT_BASED): 40 requests over ~4s @ 10 req/s
Generating load: 40 requests to http://localhost:8080/api/v1/linear @ ~10 req/s (~4.0s dispatch)...
Load Results - Successes: 9, Failures: 31, Avg Latency: 713.98ms, Throughput: 1.39 TPS, Error Rate: 77.50%
Resetting all Toxiproxy proxies...
Setting proxy 'inventory-service-proxy' enabled=True
Cleared all toxics on 'inventory-service-proxy'
Setting proxy 'notification-service-proxy' enabled=True
Cleared all toxics on 'notification-service-proxy'
Setting proxy 'order-service-proxy' enabled=True
Cleared all toxics on 'order-service-proxy'
Setting proxy 'payment-service-proxy' enabled=True
Cleared all toxics on 'payment-service-proxy'
Setting proxy 'shared-db-service-proxy' enabled=True
Cleared all toxics on 'shared-db-service-proxy'
Saved run metrics to C:\Users\Lenovo\OneDrive\Desktop\capstone project\services\CascadeShield\data\master_dataset.csv

Progress: Run 82 of 162 (config 28/54, replicate 1/3)

============================================================
STARTING EXPERIMENT: Mode=full, Topology=linear, Fault=latency, Replicate=1
Config: {'failureRateThreshold': 50, 'slidingWindowSize': 10, 'waitDurationInOpenState': 15, 'slidingWindowType': 'TIME_BASED'}
============================================================
Updated .env with: {'failureRateThreshold': 50, 'slidingWindowSize': 10, 'waitDurationInOpenState': 15, 'slidingWindowType': 'TIME_BASED'}
Recreating Spring Boot containers to apply new configuration...
gateway-service is healthy!
notification-service is healthy!
Measuring pre-fault baseline...
Generating load: 20 requests to http://localhost:8080/api/v1/linear @ ~20 req/s (~1.0s dispatch)...
Load Results - Successes: 6, Failures: 14, Avg Latency: 346.94ms, Throughput: 2.53 TPS, Error Rate: 70.00%
Resetting all Toxiproxy proxies...
Setting proxy 'inventory-service-proxy' enabled=True
Cleared all toxics on 'inventory-service-proxy'
Setting proxy 'notification-service-proxy' enabled=True
Cleared all toxics on 'notification-service-proxy'
Setting proxy 'order-service-proxy' enabled=True
Cleared all toxics on 'order-service-proxy'
Setting proxy 'payment-service-proxy' enabled=True
Cleared all toxics on 'payment-service-proxy'
Setting proxy 'shared-db-service-proxy' enabled=True
Cleared all toxics on 'shared-db-service-proxy'
Cleared all toxics on 'inventory-service-proxy'
Injecting latency on 'inventory-service-proxy': 3000ms (toxicity=1.0)
Load plan (TIME_BASED): 350 requests over ~35s @ 10 req/s
Generating load: 350 requests to http://localhost:8080/api/v1/linear @ ~10 req/s (~35.0s dispatch)...
Load Results - Successes: 10, Failures: 340, Avg Latency: 107.06ms, Throughput: 0.26 TPS, Error Rate: 97.14%
Resetting all Toxiproxy proxies...
Setting proxy 'inventory-service-proxy' enabled=True
Cleared all toxics on 'inventory-service-proxy'
Setting proxy 'notification-service-proxy' enabled=True
Cleared all toxics on 'notification-service-proxy'
Setting proxy 'order-service-proxy' enabled=True
Cleared all toxics on 'order-service-proxy'
Setting proxy 'payment-service-proxy' enabled=True
Cleared all toxics on 'payment-service-proxy'
Setting proxy 'shared-db-service-proxy' enabled=True
Cleared all toxics on 'shared-db-service-proxy'
Saved run metrics to C:\Users\Lenovo\OneDrive\Desktop\capstone project\services\CascadeShield\data\master_dataset.csv

Progress: Run 83 of 162 (config 28/54, replicate 2/3)

============================================================
STARTING EXPERIMENT: Mode=full, Topology=linear, Fault=latency, Replicate=2
Config: {'failureRateThreshold': 50, 'slidingWindowSize': 10, 'waitDurationInOpenState': 15, 'slidingWindowType': 'TIME_BASED'}
============================================================
Updated .env with: {'failureRateThreshold': 50, 'slidingWindowSize': 10, 'waitDurationInOpenState': 15, 'slidingWindowType': 'TIME_BASED'}
Recreating Spring Boot containers to apply new configuration...
gateway-service is healthy!
notification-service is healthy!
Measuring pre-fault baseline...
Generating load: 20 requests to http://localhost:8080/api/v1/linear @ ~20 req/s (~1.0s dispatch)...
Load Results - Successes: 20, Failures: 0, Avg Latency: 323.11ms, Throughput: 8.89 TPS, Error Rate: 0.00%
Resetting all Toxiproxy proxies...
Setting proxy 'inventory-service-proxy' enabled=True
Cleared all toxics on 'inventory-service-proxy'
Setting proxy 'notification-service-proxy' enabled=True
Cleared all toxics on 'notification-service-proxy'
Setting proxy 'order-service-proxy' enabled=True
Cleared all toxics on 'order-service-proxy'
Setting proxy 'payment-service-proxy' enabled=True
Cleared all toxics on 'payment-service-proxy'
Setting proxy 'shared-db-service-proxy' enabled=True
Cleared all toxics on 'shared-db-service-proxy'
Cleared all toxics on 'inventory-service-proxy'
Injecting latency on 'inventory-service-proxy': 3000ms (toxicity=1.0)
Load plan (TIME_BASED): 350 requests over ~35s @ 10 req/s
Generating load: 350 requests to http://localhost:8080/api/v1/linear @ ~10 req/s (~35.0s dispatch)...
Load Results - Successes: 20, Failures: 330, Avg Latency: 194.81ms, Throughput: 0.52 TPS, Error Rate: 94.29%
Resetting all Toxiproxy proxies...
Setting proxy 'inventory-service-proxy' enabled=True
Cleared all toxics on 'inventory-service-proxy'
Setting proxy 'notification-service-proxy' enabled=True
Cleared all toxics on 'notification-service-proxy'
Setting proxy 'order-service-proxy' enabled=True
Cleared all toxics on 'order-service-proxy'
Setting proxy 'payment-service-proxy' enabled=True
Cleared all toxics on 'payment-service-proxy'
Setting proxy 'shared-db-service-proxy' enabled=True
Cleared all toxics on 'shared-db-service-proxy'
Saved run metrics to C:\Users\Lenovo\OneDrive\Desktop\capstone project\services\CascadeShield\data\master_dataset.csv

Progress: Run 84 of 162 (config 28/54, replicate 3/3)

============================================================
STARTING EXPERIMENT: Mode=full, Topology=linear, Fault=latency, Replicate=3
Config: {'failureRateThreshold': 50, 'slidingWindowSize': 10, 'waitDurationInOpenState': 15, 'slidingWindowType': 'TIME_BASED'}
============================================================
Updated .env with: {'failureRateThreshold': 50, 'slidingWindowSize': 10, 'waitDurationInOpenState': 15, 'slidingWindowType': 'TIME_BASED'}
Recreating Spring Boot containers to apply new configuration...
gateway-service is healthy!
notification-service is healthy!
Measuring pre-fault baseline...
Generating load: 20 requests to http://localhost:8080/api/v1/linear @ ~20 req/s (~1.0s dispatch)...
Load Results - Successes: 20, Failures: 0, Avg Latency: 270.70ms, Throughput: 10.60 TPS, Error Rate: 0.00%
Resetting all Toxiproxy proxies...
Setting proxy 'inventory-service-proxy' enabled=True
Cleared all toxics on 'inventory-service-proxy'
Setting proxy 'notification-service-proxy' enabled=True
Cleared all toxics on 'notification-service-proxy'
Setting proxy 'order-service-proxy' enabled=True
Cleared all toxics on 'order-service-proxy'
Setting proxy 'payment-service-proxy' enabled=True
Cleared all toxics on 'payment-service-proxy'
Setting proxy 'shared-db-service-proxy' enabled=True
Cleared all toxics on 'shared-db-service-proxy'
Cleared all toxics on 'inventory-service-proxy'
Injecting latency on 'inventory-service-proxy': 3000ms (toxicity=1.0)
Load plan (TIME_BASED): 350 requests over ~35s @ 10 req/s
Generating load: 350 requests to http://localhost:8080/api/v1/linear @ ~10 req/s (~35.0s dispatch)...
Load Results - Successes: 20, Failures: 330, Avg Latency: 195.34ms, Throughput: 0.52 TPS, Error Rate: 94.29%
Resetting all Toxiproxy proxies...
Setting proxy 'inventory-service-proxy' enabled=True
Cleared all toxics on 'inventory-service-proxy'
Setting proxy 'notification-service-proxy' enabled=True
Cleared all toxics on 'notification-service-proxy'
Setting proxy 'order-service-proxy' enabled=True
Cleared all toxics on 'order-service-proxy'
Setting proxy 'payment-service-proxy' enabled=True
Cleared all toxics on 'payment-service-proxy'
Setting proxy 'shared-db-service-proxy' enabled=True
Cleared all toxics on 'shared-db-service-proxy'
Saved run metrics to C:\Users\Lenovo\OneDrive\Desktop\capstone project\services\CascadeShield\data\master_dataset.csv

Progress: Run 85 of 162 (config 29/54, replicate 1/3)

============================================================
STARTING EXPERIMENT: Mode=full, Topology=linear, Fault=latency, Replicate=1
Config: {'failureRateThreshold': 50, 'slidingWindowSize': 10, 'waitDurationInOpenState': 30, 'slidingWindowType': 'COUNT_BASED'}
============================================================
Updated .env with: {'failureRateThreshold': 50, 'slidingWindowSize': 10, 'waitDurationInOpenState': 30, 'slidingWindowType': 'COUNT_BASED'}
Recreating Spring Boot containers to apply new configuration...
gateway-service is healthy!
notification-service is healthy!
Measuring pre-fault baseline...
Generating load: 20 requests to http://localhost:8080/api/v1/linear @ ~20 req/s (~1.0s dispatch)...
Load Results - Successes: 20, Failures: 0, Avg Latency: 359.68ms, Throughput: 8.01 TPS, Error Rate: 0.00%
Resetting all Toxiproxy proxies...
Setting proxy 'inventory-service-proxy' enabled=True
Cleared all toxics on 'inventory-service-proxy'
Setting proxy 'notification-service-proxy' enabled=True
Cleared all toxics on 'notification-service-proxy'
Setting proxy 'order-service-proxy' enabled=True
Cleared all toxics on 'order-service-proxy'
Setting proxy 'payment-service-proxy' enabled=True
Cleared all toxics on 'payment-service-proxy'
Setting proxy 'shared-db-service-proxy' enabled=True
Cleared all toxics on 'shared-db-service-proxy'
Cleared all toxics on 'inventory-service-proxy'
Injecting latency on 'inventory-service-proxy': 3000ms (toxicity=1.0)
Load plan (COUNT_BASED): 40 requests over ~4s @ 10 req/s
Generating load: 40 requests to http://localhost:8080/api/v1/linear @ ~10 req/s (~4.0s dispatch)...
Load Results - Successes: 9, Failures: 31, Avg Latency: 709.35ms, Throughput: 1.38 TPS, Error Rate: 77.50%
Resetting all Toxiproxy proxies...
Setting proxy 'inventory-service-proxy' enabled=True
Cleared all toxics on 'inventory-service-proxy'
Setting proxy 'notification-service-proxy' enabled=True
Cleared all toxics on 'notification-service-proxy'
Setting proxy 'order-service-proxy' enabled=True
Cleared all toxics on 'order-service-proxy'
Setting proxy 'payment-service-proxy' enabled=True
Cleared all toxics on 'payment-service-proxy'
Setting proxy 'shared-db-service-proxy' enabled=True
Cleared all toxics on 'shared-db-service-proxy'
Saved run metrics to C:\Users\Lenovo\OneDrive\Desktop\capstone project\services\CascadeShield\data\master_dataset.csv

Progress: Run 86 of 162 (config 29/54, replicate 2/3)

============================================================
STARTING EXPERIMENT: Mode=full, Topology=linear, Fault=latency, Replicate=2
Config: {'failureRateThreshold': 50, 'slidingWindowSize': 10, 'waitDurationInOpenState': 30, 'slidingWindowType': 'COUNT_BASED'}
============================================================
Updated .env with: {'failureRateThreshold': 50, 'slidingWindowSize': 10, 'waitDurationInOpenState': 30, 'slidingWindowType': 'COUNT_BASED'}
Recreating Spring Boot containers to apply new configuration...
gateway-service is healthy!
notification-service is healthy!
Measuring pre-fault baseline...
Generating load: 20 requests to http://localhost:8080/api/v1/linear @ ~20 req/s (~1.0s dispatch)...
Load Results - Successes: 20, Failures: 0, Avg Latency: 394.18ms, Throughput: 7.31 TPS, Error Rate: 0.00%
Resetting all Toxiproxy proxies...
Setting proxy 'inventory-service-proxy' enabled=True
Cleared all toxics on 'inventory-service-proxy'
Setting proxy 'notification-service-proxy' enabled=True
Cleared all toxics on 'notification-service-proxy'
Setting proxy 'order-service-proxy' enabled=True
Cleared all toxics on 'order-service-proxy'
Setting proxy 'payment-service-proxy' enabled=True
Cleared all toxics on 'payment-service-proxy'
Setting proxy 'shared-db-service-proxy' enabled=True
Cleared all toxics on 'shared-db-service-proxy'
Cleared all toxics on 'inventory-service-proxy'
Injecting latency on 'inventory-service-proxy': 3000ms (toxicity=1.0)
Load plan (COUNT_BASED): 40 requests over ~4s @ 10 req/s
Generating load: 40 requests to http://localhost:8080/api/v1/linear @ ~10 req/s (~4.0s dispatch)...
Load Results - Successes: 9, Failures: 31, Avg Latency: 715.27ms, Throughput: 1.39 TPS, Error Rate: 77.50%
Resetting all Toxiproxy proxies...
Setting proxy 'inventory-service-proxy' enabled=True
Cleared all toxics on 'inventory-service-proxy'
Setting proxy 'notification-service-proxy' enabled=True
Cleared all toxics on 'notification-service-proxy'
Setting proxy 'order-service-proxy' enabled=True
Cleared all toxics on 'order-service-proxy'
Setting proxy 'payment-service-proxy' enabled=True
Cleared all toxics on 'payment-service-proxy'
Setting proxy 'shared-db-service-proxy' enabled=True
Cleared all toxics on 'shared-db-service-proxy'
Saved run metrics to C:\Users\Lenovo\OneDrive\Desktop\capstone project\services\CascadeShield\data\master_dataset.csv

Progress: Run 87 of 162 (config 29/54, replicate 3/3)

============================================================
STARTING EXPERIMENT: Mode=full, Topology=linear, Fault=latency, Replicate=3
Config: {'failureRateThreshold': 50, 'slidingWindowSize': 10, 'waitDurationInOpenState': 30, 'slidingWindowType': 'COUNT_BASED'}
============================================================
Updated .env with: {'failureRateThreshold': 50, 'slidingWindowSize': 10, 'waitDurationInOpenState': 30, 'slidingWindowType': 'COUNT_BASED'}
Recreating Spring Boot containers to apply new configuration...
notification-service is healthy!
gateway-service is healthy!
Measuring pre-fault baseline...
Generating load: 20 requests to http://localhost:8080/api/v1/linear @ ~20 req/s (~1.0s dispatch)...
Load Results - Successes: 20, Failures: 0, Avg Latency: 291.87ms, Throughput: 9.67 TPS, Error Rate: 0.00%
Resetting all Toxiproxy proxies...
Setting proxy 'inventory-service-proxy' enabled=True
Cleared all toxics on 'inventory-service-proxy'
Setting proxy 'notification-service-proxy' enabled=True
Cleared all toxics on 'notification-service-proxy'
Setting proxy 'order-service-proxy' enabled=True
Cleared all toxics on 'order-service-proxy'
Setting proxy 'payment-service-proxy' enabled=True
Cleared all toxics on 'payment-service-proxy'
Setting proxy 'shared-db-service-proxy' enabled=True
Cleared all toxics on 'shared-db-service-proxy'
Cleared all toxics on 'inventory-service-proxy'
Injecting latency on 'inventory-service-proxy': 3000ms (toxicity=1.0)
Load plan (COUNT_BASED): 40 requests over ~4s @ 10 req/s
Generating load: 40 requests to http://localhost:8080/api/v1/linear @ ~10 req/s (~4.0s dispatch)...
Load Results - Successes: 9, Failures: 31, Avg Latency: 719.30ms, Throughput: 1.38 TPS, Error Rate: 77.50%
Resetting all Toxiproxy proxies...
Setting proxy 'inventory-service-proxy' enabled=True
Cleared all toxics on 'inventory-service-proxy'
Setting proxy 'notification-service-proxy' enabled=True
Cleared all toxics on 'notification-service-proxy'
Setting proxy 'order-service-proxy' enabled=True
Cleared all toxics on 'order-service-proxy'
Setting proxy 'payment-service-proxy' enabled=True
Cleared all toxics on 'payment-service-proxy'
Setting proxy 'shared-db-service-proxy' enabled=True
Cleared all toxics on 'shared-db-service-proxy'
Saved run metrics to C:\Users\Lenovo\OneDrive\Desktop\capstone project\services\CascadeShield\data\master_dataset.csv

Progress: Run 88 of 162 (config 30/54, replicate 1/3)

============================================================
STARTING EXPERIMENT: Mode=full, Topology=linear, Fault=latency, Replicate=1
Config: {'failureRateThreshold': 50, 'slidingWindowSize': 10, 'waitDurationInOpenState': 30, 'slidingWindowType': 'TIME_BASED'}
============================================================
Updated .env with: {'failureRateThreshold': 50, 'slidingWindowSize': 10, 'waitDurationInOpenState': 30, 'slidingWindowType': 'TIME_BASED'}
Recreating Spring Boot containers to apply new configuration...
gateway-service is healthy!
notification-service is healthy!
Measuring pre-fault baseline...
Generating load: 20 requests to http://localhost:8080/api/v1/linear @ ~20 req/s (~1.0s dispatch)...
Load Results - Successes: 20, Failures: 0, Avg Latency: 380.30ms, Throughput: 7.57 TPS, Error Rate: 0.00%
Resetting all Toxiproxy proxies...
Setting proxy 'inventory-service-proxy' enabled=True
Cleared all toxics on 'inventory-service-proxy'
Setting proxy 'notification-service-proxy' enabled=True
Cleared all toxics on 'notification-service-proxy'
Setting proxy 'order-service-proxy' enabled=True
Cleared all toxics on 'order-service-proxy'
Setting proxy 'payment-service-proxy' enabled=True
Cleared all toxics on 'payment-service-proxy'
Setting proxy 'shared-db-service-proxy' enabled=True
Cleared all toxics on 'shared-db-service-proxy'
Cleared all toxics on 'inventory-service-proxy'
Injecting latency on 'inventory-service-proxy': 3000ms (toxicity=1.0)
Load plan (TIME_BASED): 500 requests over ~50s @ 10 req/s
Generating load: 500 requests to http://localhost:8080/api/v1/linear @ ~10 req/s (~50.0s dispatch)...
Load Results - Successes: 20, Failures: 480, Avg Latency: 143.77ms, Throughput: 0.37 TPS, Error Rate: 96.00%
Resetting all Toxiproxy proxies...
Setting proxy 'inventory-service-proxy' enabled=True
Cleared all toxics on 'inventory-service-proxy'
Setting proxy 'notification-service-proxy' enabled=True
Cleared all toxics on 'notification-service-proxy'
Setting proxy 'order-service-proxy' enabled=True
Cleared all toxics on 'order-service-proxy'
Setting proxy 'payment-service-proxy' enabled=True
Cleared all toxics on 'payment-service-proxy'
Setting proxy 'shared-db-service-proxy' enabled=True
Cleared all toxics on 'shared-db-service-proxy'
Saved run metrics to C:\Users\Lenovo\OneDrive\Desktop\capstone project\services\CascadeShield\data\master_dataset.csv

Progress: Run 89 of 162 (config 30/54, replicate 2/3)

============================================================
STARTING EXPERIMENT: Mode=full, Topology=linear, Fault=latency, Replicate=2
Config: {'failureRateThreshold': 50, 'slidingWindowSize': 10, 'waitDurationInOpenState': 30, 'slidingWindowType': 'TIME_BASED'}
============================================================
Updated .env with: {'failureRateThreshold': 50, 'slidingWindowSize': 10, 'waitDurationInOpenState': 30, 'slidingWindowType': 'TIME_BASED'}
Recreating Spring Boot containers to apply new configuration...
gateway-service is healthy!
notification-service is healthy!
Measuring pre-fault baseline...
Generating load: 20 requests to http://localhost:8080/api/v1/linear @ ~20 req/s (~1.0s dispatch)...
Load Results - Successes: 20, Failures: 0, Avg Latency: 285.06ms, Throughput: 10.05 TPS, Error Rate: 0.00%
Resetting all Toxiproxy proxies...
Setting proxy 'inventory-service-proxy' enabled=True
Cleared all toxics on 'inventory-service-proxy'
Setting proxy 'notification-service-proxy' enabled=True
Cleared all toxics on 'notification-service-proxy'
Setting proxy 'order-service-proxy' enabled=True
Cleared all toxics on 'order-service-proxy'
Setting proxy 'payment-service-proxy' enabled=True
Cleared all toxics on 'payment-service-proxy'
Setting proxy 'shared-db-service-proxy' enabled=True
Cleared all toxics on 'shared-db-service-proxy'
Cleared all toxics on 'inventory-service-proxy'
Injecting latency on 'inventory-service-proxy': 3000ms (toxicity=1.0)
Load plan (TIME_BASED): 500 requests over ~50s @ 10 req/s
Generating load: 500 requests to http://localhost:8080/api/v1/linear @ ~10 req/s (~50.0s dispatch)...
Load Results - Successes: 20, Failures: 480, Avg Latency: 144.57ms, Throughput: 0.37 TPS, Error Rate: 96.00%
Resetting all Toxiproxy proxies...
Setting proxy 'inventory-service-proxy' enabled=True
Cleared all toxics on 'inventory-service-proxy'
Setting proxy 'notification-service-proxy' enabled=True
Cleared all toxics on 'notification-service-proxy'
Setting proxy 'order-service-proxy' enabled=True
Cleared all toxics on 'order-service-proxy'
Setting proxy 'payment-service-proxy' enabled=True
Cleared all toxics on 'payment-service-proxy'
Setting proxy 'shared-db-service-proxy' enabled=True
Cleared all toxics on 'shared-db-service-proxy'
Saved run metrics to C:\Users\Lenovo\OneDrive\Desktop\capstone project\services\CascadeShield\data\master_dataset.csv

Progress: Run 90 of 162 (config 30/54, replicate 3/3)

============================================================
STARTING EXPERIMENT: Mode=full, Topology=linear, Fault=latency, Replicate=3
Config: {'failureRateThreshold': 50, 'slidingWindowSize': 10, 'waitDurationInOpenState': 30, 'slidingWindowType': 'TIME_BASED'}
============================================================
Updated .env with: {'failureRateThreshold': 50, 'slidingWindowSize': 10, 'waitDurationInOpenState': 30, 'slidingWindowType': 'TIME_BASED'}
Recreating Spring Boot containers to apply new configuration...
gateway-service is healthy!
notification-service is healthy!
Measuring pre-fault baseline...
Generating load: 20 requests to http://localhost:8080/api/v1/linear @ ~20 req/s (~1.0s dispatch)...
Load Results - Successes: 20, Failures: 0, Avg Latency: 330.76ms, Throughput: 8.66 TPS, Error Rate: 0.00%
Resetting all Toxiproxy proxies...
Setting proxy 'inventory-service-proxy' enabled=True
Cleared all toxics on 'inventory-service-proxy'
Setting proxy 'notification-service-proxy' enabled=True
Cleared all toxics on 'notification-service-proxy'
Setting proxy 'order-service-proxy' enabled=True
Cleared all toxics on 'order-service-proxy'
Setting proxy 'payment-service-proxy' enabled=True
Cleared all toxics on 'payment-service-proxy'
Setting proxy 'shared-db-service-proxy' enabled=True
Cleared all toxics on 'shared-db-service-proxy'
Cleared all toxics on 'inventory-service-proxy'
Injecting latency on 'inventory-service-proxy': 3000ms (toxicity=1.0)
Load plan (TIME_BASED): 500 requests over ~50s @ 10 req/s
Generating load: 500 requests to http://localhost:8080/api/v1/linear @ ~10 req/s (~50.0s dispatch)...
Load Results - Successes: 20, Failures: 480, Avg Latency: 143.97ms, Throughput: 0.37 TPS, Error Rate: 96.00%
Resetting all Toxiproxy proxies...
Setting proxy 'inventory-service-proxy' enabled=True
Cleared all toxics on 'inventory-service-proxy'
Setting proxy 'notification-service-proxy' enabled=True
Cleared all toxics on 'notification-service-proxy'
Setting proxy 'order-service-proxy' enabled=True
Cleared all toxics on 'order-service-proxy'
Setting proxy 'payment-service-proxy' enabled=True
Cleared all toxics on 'payment-service-proxy'
Setting proxy 'shared-db-service-proxy' enabled=True
Cleared all toxics on 'shared-db-service-proxy'
Saved run metrics to C:\Users\Lenovo\OneDrive\Desktop\capstone project\services\CascadeShield\data\master_dataset.csv

Progress: Run 91 of 162 (config 31/54, replicate 1/3)

============================================================
STARTING EXPERIMENT: Mode=full, Topology=linear, Fault=latency, Replicate=1
Config: {'failureRateThreshold': 50, 'slidingWindowSize': 20, 'waitDurationInOpenState': 5, 'slidingWindowType': 'COUNT_BASED'}
============================================================
Updated .env with: {'failureRateThreshold': 50, 'slidingWindowSize': 20, 'waitDurationInOpenState': 5, 'slidingWindowType': 'COUNT_BASED'}
Recreating Spring Boot containers to apply new configuration...
gateway-service is healthy!
notification-service is healthy!
Measuring pre-fault baseline...
Generating load: 20 requests to http://localhost:8080/api/v1/linear @ ~20 req/s (~1.0s dispatch)...
Load Results - Successes: 20, Failures: 0, Avg Latency: 275.52ms, Throughput: 10.33 TPS, Error Rate: 0.00%
Resetting all Toxiproxy proxies...
Setting proxy 'inventory-service-proxy' enabled=True
Cleared all toxics on 'inventory-service-proxy'
Setting proxy 'notification-service-proxy' enabled=True
Cleared all toxics on 'notification-service-proxy'
Setting proxy 'order-service-proxy' enabled=True
Cleared all toxics on 'order-service-proxy'
Setting proxy 'payment-service-proxy' enabled=True
Cleared all toxics on 'payment-service-proxy'
Setting proxy 'shared-db-service-proxy' enabled=True
Cleared all toxics on 'shared-db-service-proxy'
Cleared all toxics on 'inventory-service-proxy'
Injecting latency on 'inventory-service-proxy': 3000ms (toxicity=1.0)
Load plan (COUNT_BASED): 60 requests over ~6s @ 10 req/s
Generating load: 60 requests to http://localhost:8080/api/v1/linear @ ~10 req/s (~6.0s dispatch)...
Load Results - Successes: 14, Failures: 46, Avg Latency: 745.76ms, Throughput: 1.46 TPS, Error Rate: 76.67%
Resetting all Toxiproxy proxies...
Setting proxy 'inventory-service-proxy' enabled=True
Cleared all toxics on 'inventory-service-proxy'
Setting proxy 'notification-service-proxy' enabled=True
Cleared all toxics on 'notification-service-proxy'
Setting proxy 'order-service-proxy' enabled=True
Cleared all toxics on 'order-service-proxy'
Setting proxy 'payment-service-proxy' enabled=True
Cleared all toxics on 'payment-service-proxy'
Setting proxy 'shared-db-service-proxy' enabled=True
Cleared all toxics on 'shared-db-service-proxy'
Saved run metrics to C:\Users\Lenovo\OneDrive\Desktop\capstone project\services\CascadeShield\data\master_dataset.csv

Progress: Run 92 of 162 (config 31/54, replicate 2/3)

============================================================
STARTING EXPERIMENT: Mode=full, Topology=linear, Fault=latency, Replicate=2
Config: {'failureRateThreshold': 50, 'slidingWindowSize': 20, 'waitDurationInOpenState': 5, 'slidingWindowType': 'COUNT_BASED'}
============================================================
Updated .env with: {'failureRateThreshold': 50, 'slidingWindowSize': 20, 'waitDurationInOpenState': 5, 'slidingWindowType': 'COUNT_BASED'}
Recreating Spring Boot containers to apply new configuration...
gateway-service is healthy!
notification-service is healthy!
Measuring pre-fault baseline...
Generating load: 20 requests to http://localhost:8080/api/v1/linear @ ~20 req/s (~1.0s dispatch)...
Load Results - Successes: 20, Failures: 0, Avg Latency: 275.52ms, Throughput: 10.33 TPS, Error Rate: 0.00%
Resetting all Toxiproxy proxies...
Setting proxy 'inventory-service-proxy' enabled=True
Cleared all toxics on 'inventory-service-proxy'
Setting proxy 'notification-service-proxy' enabled=True
Cleared all toxics on 'notification-service-proxy'
Setting proxy 'order-service-proxy' enabled=True
Cleared all toxics on 'order-service-proxy'
Setting proxy 'payment-service-proxy' enabled=True
Cleared all toxics on 'payment-service-proxy'
Setting proxy 'shared-db-service-proxy' enabled=True
Cleared all toxics on 'shared-db-service-proxy'
Cleared all toxics on 'inventory-service-proxy'
Injecting latency on 'inventory-service-proxy': 3000ms (toxicity=1.0)
Load plan (COUNT_BASED): 60 requests over ~6s @ 10 req/s
Generating load: 60 requests to http://localhost:8080/api/v1/linear @ ~10 req/s (~6.0s dispatch)...
Load Results - Successes: 14, Failures: 46, Avg Latency: 744.92ms, Throughput: 1.46 TPS, Error Rate: 76.67%
Resetting all Toxiproxy proxies...
Setting proxy 'inventory-service-proxy' enabled=True
Cleared all toxics on 'inventory-service-proxy'
Setting proxy 'notification-service-proxy' enabled=True
Cleared all toxics on 'notification-service-proxy'
Setting proxy 'order-service-proxy' enabled=True
Cleared all toxics on 'order-service-proxy'
Setting proxy 'payment-service-proxy' enabled=True
Cleared all toxics on 'payment-service-proxy'
Setting proxy 'shared-db-service-proxy' enabled=True
Cleared all toxics on 'shared-db-service-proxy'
Saved run metrics to C:\Users\Lenovo\OneDrive\Desktop\capstone project\services\CascadeShield\data\master_dataset.csv

Progress: Run 93 of 162 (config 31/54, replicate 3/3)

============================================================
STARTING EXPERIMENT: Mode=full, Topology=linear, Fault=latency, Replicate=3
Config: {'failureRateThreshold': 50, 'slidingWindowSize': 20, 'waitDurationInOpenState': 5, 'slidingWindowType': 'COUNT_BASED'}
============================================================
Updated .env with: {'failureRateThreshold': 50, 'slidingWindowSize': 20, 'waitDurationInOpenState': 5, 'slidingWindowType': 'COUNT_BASED'}
Recreating Spring Boot containers to apply new configuration...
gateway-service is healthy!
notification-service is healthy!
Measuring pre-fault baseline...
Generating load: 20 requests to http://localhost:8080/api/v1/linear @ ~20 req/s (~1.0s dispatch)...
Load Results - Successes: 7, Failures: 13, Avg Latency: 381.60ms, Throughput: 2.68 TPS, Error Rate: 65.00%
Resetting all Toxiproxy proxies...
Setting proxy 'inventory-service-proxy' enabled=True
Cleared all toxics on 'inventory-service-proxy'
Setting proxy 'notification-service-proxy' enabled=True
Cleared all toxics on 'notification-service-proxy'
Setting proxy 'order-service-proxy' enabled=True
Cleared all toxics on 'order-service-proxy'
Setting proxy 'payment-service-proxy' enabled=True
Cleared all toxics on 'payment-service-proxy'
Setting proxy 'shared-db-service-proxy' enabled=True
Cleared all toxics on 'shared-db-service-proxy'
Cleared all toxics on 'inventory-service-proxy'
Injecting latency on 'inventory-service-proxy': 3000ms (toxicity=1.0)
Load plan (COUNT_BASED): 60 requests over ~6s @ 10 req/s
Generating load: 60 requests to http://localhost:8080/api/v1/linear @ ~10 req/s (~6.0s dispatch)...
Load Results - Successes: 5, Failures: 55, Avg Latency: 279.68ms, Throughput: 0.69 TPS, Error Rate: 91.67%
Resetting all Toxiproxy proxies...
Setting proxy 'inventory-service-proxy' enabled=True
Cleared all toxics on 'inventory-service-proxy'
Setting proxy 'notification-service-proxy' enabled=True
Cleared all toxics on 'notification-service-proxy'
Setting proxy 'order-service-proxy' enabled=True
Cleared all toxics on 'order-service-proxy'
Setting proxy 'payment-service-proxy' enabled=True
Cleared all toxics on 'payment-service-proxy'
Setting proxy 'shared-db-service-proxy' enabled=True
Cleared all toxics on 'shared-db-service-proxy'
Saved run metrics to C:\Users\Lenovo\OneDrive\Desktop\capstone project\services\CascadeShield\data\master_dataset.csv

Progress: Run 94 of 162 (config 32/54, replicate 1/3)

============================================================
STARTING EXPERIMENT: Mode=full, Topology=linear, Fault=latency, Replicate=1
Config: {'failureRateThreshold': 50, 'slidingWindowSize': 20, 'waitDurationInOpenState': 5, 'slidingWindowType': 'TIME_BASED'}
============================================================
Updated .env with: {'failureRateThreshold': 50, 'slidingWindowSize': 20, 'waitDurationInOpenState': 5, 'slidingWindowType': 'TIME_BASED'}
Recreating Spring Boot containers to apply new configuration...
gateway-service is healthy!
notification-service is healthy!
Measuring pre-fault baseline...
Generating load: 20 requests to http://localhost:8080/api/v1/linear @ ~20 req/s (~1.0s dispatch)...
Load Results - Successes: 20, Failures: 0, Avg Latency: 335.38ms, Throughput: 8.59 TPS, Error Rate: 0.00%
Resetting all Toxiproxy proxies...
Setting proxy 'inventory-service-proxy' enabled=True
Cleared all toxics on 'inventory-service-proxy'
Setting proxy 'notification-service-proxy' enabled=True
Cleared all toxics on 'notification-service-proxy'
Setting proxy 'order-service-proxy' enabled=True
Cleared all toxics on 'order-service-proxy'
Setting proxy 'payment-service-proxy' enabled=True
Cleared all toxics on 'payment-service-proxy'
Setting proxy 'shared-db-service-proxy' enabled=True
Cleared all toxics on 'shared-db-service-proxy'
Cleared all toxics on 'inventory-service-proxy'
Injecting latency on 'inventory-service-proxy': 3000ms (toxicity=1.0)
Load plan (TIME_BASED): 350 requests over ~35s @ 10 req/s
Generating load: 350 requests to http://localhost:8080/api/v1/linear @ ~10 req/s (~35.0s dispatch)...
Load Results - Successes: 39, Failures: 311, Avg Latency: 364.45ms, Throughput: 1.02 TPS, Error Rate: 88.86%
Resetting all Toxiproxy proxies...
Setting proxy 'inventory-service-proxy' enabled=True
Cleared all toxics on 'inventory-service-proxy'
Setting proxy 'notification-service-proxy' enabled=True
Cleared all toxics on 'notification-service-proxy'
Setting proxy 'order-service-proxy' enabled=True
Cleared all toxics on 'order-service-proxy'
Setting proxy 'payment-service-proxy' enabled=True
Cleared all toxics on 'payment-service-proxy'
Setting proxy 'shared-db-service-proxy' enabled=True
Cleared all toxics on 'shared-db-service-proxy'
Saved run metrics to C:\Users\Lenovo\OneDrive\Desktop\capstone project\services\CascadeShield\data\master_dataset.csv

Progress: Run 95 of 162 (config 32/54, replicate 2/3)

============================================================
STARTING EXPERIMENT: Mode=full, Topology=linear, Fault=latency, Replicate=2
Config: {'failureRateThreshold': 50, 'slidingWindowSize': 20, 'waitDurationInOpenState': 5, 'slidingWindowType': 'TIME_BASED'}
============================================================
Updated .env with: {'failureRateThreshold': 50, 'slidingWindowSize': 20, 'waitDurationInOpenState': 5, 'slidingWindowType': 'TIME_BASED'}
Recreating Spring Boot containers to apply new configuration...
gateway-service is healthy!
notification-service is healthy!
Measuring pre-fault baseline...
Generating load: 20 requests to http://localhost:8080/api/v1/linear @ ~20 req/s (~1.0s dispatch)...
Load Results - Successes: 20, Failures: 0, Avg Latency: 334.74ms, Throughput: 8.58 TPS, Error Rate: 0.00%
Resetting all Toxiproxy proxies...
Setting proxy 'inventory-service-proxy' enabled=True
Cleared all toxics on 'inventory-service-proxy'
Setting proxy 'notification-service-proxy' enabled=True
Cleared all toxics on 'notification-service-proxy'
Setting proxy 'order-service-proxy' enabled=True
Cleared all toxics on 'order-service-proxy'
Setting proxy 'payment-service-proxy' enabled=True
Cleared all toxics on 'payment-service-proxy'
Setting proxy 'shared-db-service-proxy' enabled=True
Cleared all toxics on 'shared-db-service-proxy'
Cleared all toxics on 'inventory-service-proxy'
Injecting latency on 'inventory-service-proxy': 3000ms (toxicity=1.0)
Load plan (TIME_BASED): 350 requests over ~35s @ 10 req/s
Generating load: 350 requests to http://localhost:8080/api/v1/linear @ ~10 req/s (~35.0s dispatch)...
Load Results - Successes: 39, Failures: 311, Avg Latency: 361.34ms, Throughput: 1.02 TPS, Error Rate: 88.86%
Resetting all Toxiproxy proxies...
Setting proxy 'inventory-service-proxy' enabled=True
Cleared all toxics on 'inventory-service-proxy'
Setting proxy 'notification-service-proxy' enabled=True
Cleared all toxics on 'notification-service-proxy'
Setting proxy 'order-service-proxy' enabled=True
Cleared all toxics on 'order-service-proxy'
Setting proxy 'payment-service-proxy' enabled=True
Cleared all toxics on 'payment-service-proxy'
Setting proxy 'shared-db-service-proxy' enabled=True
Cleared all toxics on 'shared-db-service-proxy'
Saved run metrics to C:\Users\Lenovo\OneDrive\Desktop\capstone project\services\CascadeShield\data\master_dataset.csv

Progress: Run 96 of 162 (config 32/54, replicate 3/3)

============================================================
STARTING EXPERIMENT: Mode=full, Topology=linear, Fault=latency, Replicate=3
Config: {'failureRateThreshold': 50, 'slidingWindowSize': 20, 'waitDurationInOpenState': 5, 'slidingWindowType': 'TIME_BASED'}
============================================================
Updated .env with: {'failureRateThreshold': 50, 'slidingWindowSize': 20, 'waitDurationInOpenState': 5, 'slidingWindowType': 'TIME_BASED'}
Recreating Spring Boot containers to apply new configuration...
gateway-service is healthy!
notification-service is healthy!
Measuring pre-fault baseline...
Generating load: 20 requests to http://localhost:8080/api/v1/linear @ ~20 req/s (~1.0s dispatch)...
Load Results - Successes: 20, Failures: 0, Avg Latency: 274.00ms, Throughput: 10.39 TPS, Error Rate: 0.00%
Resetting all Toxiproxy proxies...
Setting proxy 'inventory-service-proxy' enabled=True
Cleared all toxics on 'inventory-service-proxy'
Setting proxy 'notification-service-proxy' enabled=True
Cleared all toxics on 'notification-service-proxy'
Setting proxy 'order-service-proxy' enabled=True
Cleared all toxics on 'order-service-proxy'
Setting proxy 'payment-service-proxy' enabled=True
Cleared all toxics on 'payment-service-proxy'
Setting proxy 'shared-db-service-proxy' enabled=True
Cleared all toxics on 'shared-db-service-proxy'
Cleared all toxics on 'inventory-service-proxy'
Injecting latency on 'inventory-service-proxy': 3000ms (toxicity=1.0)
Load plan (TIME_BASED): 350 requests over ~35s @ 10 req/s
Generating load: 350 requests to http://localhost:8080/api/v1/linear @ ~10 req/s (~35.0s dispatch)...
Load Results - Successes: 39, Failures: 311, Avg Latency: 361.76ms, Throughput: 1.01 TPS, Error Rate: 88.86%
Resetting all Toxiproxy proxies...
Setting proxy 'inventory-service-proxy' enabled=True
Cleared all toxics on 'inventory-service-proxy'
Setting proxy 'notification-service-proxy' enabled=True
Cleared all toxics on 'notification-service-proxy'
Setting proxy 'order-service-proxy' enabled=True
Cleared all toxics on 'order-service-proxy'
Setting proxy 'payment-service-proxy' enabled=True
Cleared all toxics on 'payment-service-proxy'
Setting proxy 'shared-db-service-proxy' enabled=True
Cleared all toxics on 'shared-db-service-proxy'
Saved run metrics to C:\Users\Lenovo\OneDrive\Desktop\capstone project\services\CascadeShield\data\master_dataset.csv

Progress: Run 97 of 162 (config 33/54, replicate 1/3)

============================================================
STARTING EXPERIMENT: Mode=full, Topology=linear, Fault=latency, Replicate=1
Config: {'failureRateThreshold': 50, 'slidingWindowSize': 20, 'waitDurationInOpenState': 15, 'slidingWindowType': 'COUNT_BASED'}
============================================================
Updated .env with: {'failureRateThreshold': 50, 'slidingWindowSize': 20, 'waitDurationInOpenState': 15, 'slidingWindowType': 'COUNT_BASED'}
Recreating Spring Boot containers to apply new configuration...
gateway-service is healthy!
notification-service is healthy!
Measuring pre-fault baseline...
Generating load: 20 requests to http://localhost:8080/api/v1/linear @ ~20 req/s (~1.0s dispatch)...
Load Results - Successes: 20, Failures: 0, Avg Latency: 317.52ms, Throughput: 9.05 TPS, Error Rate: 0.00%
Resetting all Toxiproxy proxies...
Setting proxy 'inventory-service-proxy' enabled=True
Cleared all toxics on 'inventory-service-proxy'
Setting proxy 'notification-service-proxy' enabled=True
Cleared all toxics on 'notification-service-proxy'
Setting proxy 'order-service-proxy' enabled=True
Cleared all toxics on 'order-service-proxy'
Setting proxy 'payment-service-proxy' enabled=True
Cleared all toxics on 'payment-service-proxy'
Setting proxy 'shared-db-service-proxy' enabled=True
Cleared all toxics on 'shared-db-service-proxy'
Cleared all toxics on 'inventory-service-proxy'
Injecting latency on 'inventory-service-proxy': 3000ms (toxicity=1.0)
Load plan (COUNT_BASED): 60 requests over ~6s @ 10 req/s
Generating load: 60 requests to http://localhost:8080/api/v1/linear @ ~10 req/s (~6.0s dispatch)...
Load Results - Successes: 14, Failures: 46, Avg Latency: 735.66ms, Throughput: 1.46 TPS, Error Rate: 76.67%
Resetting all Toxiproxy proxies...
Setting proxy 'inventory-service-proxy' enabled=True
Cleared all toxics on 'inventory-service-proxy'
Setting proxy 'notification-service-proxy' enabled=True
Cleared all toxics on 'notification-service-proxy'
Setting proxy 'order-service-proxy' enabled=True
Cleared all toxics on 'order-service-proxy'
Setting proxy 'payment-service-proxy' enabled=True
Cleared all toxics on 'payment-service-proxy'
Setting proxy 'shared-db-service-proxy' enabled=True
Cleared all toxics on 'shared-db-service-proxy'
Saved run metrics to C:\Users\Lenovo\OneDrive\Desktop\capstone project\services\CascadeShield\data\master_dataset.csv

Progress: Run 98 of 162 (config 33/54, replicate 2/3)

============================================================
STARTING EXPERIMENT: Mode=full, Topology=linear, Fault=latency, Replicate=2
Config: {'failureRateThreshold': 50, 'slidingWindowSize': 20, 'waitDurationInOpenState': 15, 'slidingWindowType': 'COUNT_BASED'}
============================================================
Updated .env with: {'failureRateThreshold': 50, 'slidingWindowSize': 20, 'waitDurationInOpenState': 15, 'slidingWindowType': 'COUNT_BASED'}
Recreating Spring Boot containers to apply new configuration...
gateway-service is healthy!
notification-service is healthy!
Measuring pre-fault baseline...
Generating load: 20 requests to http://localhost:8080/api/v1/linear @ ~20 req/s (~1.0s dispatch)...
Load Results - Successes: 20, Failures: 0, Avg Latency: 239.25ms, Throughput: 11.87 TPS, Error Rate: 0.00%
Resetting all Toxiproxy proxies...
Setting proxy 'inventory-service-proxy' enabled=True
Cleared all toxics on 'inventory-service-proxy'
Setting proxy 'notification-service-proxy' enabled=True
Cleared all toxics on 'notification-service-proxy'
Setting proxy 'order-service-proxy' enabled=True
Cleared all toxics on 'order-service-proxy'
Setting proxy 'payment-service-proxy' enabled=True
Cleared all toxics on 'payment-service-proxy'
Setting proxy 'shared-db-service-proxy' enabled=True
Cleared all toxics on 'shared-db-service-proxy'
Cleared all toxics on 'inventory-service-proxy'
Injecting latency on 'inventory-service-proxy': 3000ms (toxicity=1.0)
Load plan (COUNT_BASED): 60 requests over ~6s @ 10 req/s
Generating load: 60 requests to http://localhost:8080/api/v1/linear @ ~10 req/s (~6.0s dispatch)...
Load Results - Successes: 14, Failures: 46, Avg Latency: 740.73ms, Throughput: 1.46 TPS, Error Rate: 76.67%
Resetting all Toxiproxy proxies...
Setting proxy 'inventory-service-proxy' enabled=True
Cleared all toxics on 'inventory-service-proxy'
Setting proxy 'notification-service-proxy' enabled=True
Cleared all toxics on 'notification-service-proxy'
Setting proxy 'order-service-proxy' enabled=True
Cleared all toxics on 'order-service-proxy'
Setting proxy 'payment-service-proxy' enabled=True
Cleared all toxics on 'payment-service-proxy'
Setting proxy 'shared-db-service-proxy' enabled=True
Cleared all toxics on 'shared-db-service-proxy'
Saved run metrics to C:\Users\Lenovo\OneDrive\Desktop\capstone project\services\CascadeShield\data\master_dataset.csv

Progress: Run 99 of 162 (config 33/54, replicate 3/3)

============================================================
STARTING EXPERIMENT: Mode=full, Topology=linear, Fault=latency, Replicate=3
Config: {'failureRateThreshold': 50, 'slidingWindowSize': 20, 'waitDurationInOpenState': 15, 'slidingWindowType': 'COUNT_BASED'}
============================================================
Updated .env with: {'failureRateThreshold': 50, 'slidingWindowSize': 20, 'waitDurationInOpenState': 15, 'slidingWindowType': 'COUNT_BASED'}
Recreating Spring Boot containers to apply new configuration...
gateway-service is healthy!
notification-service is healthy!
Measuring pre-fault baseline...
Generating load: 20 requests to http://localhost:8080/api/v1/linear @ ~20 req/s (~1.0s dispatch)...
Load Results - Successes: 20, Failures: 0, Avg Latency: 293.26ms, Throughput: 9.78 TPS, Error Rate: 0.00%
Resetting all Toxiproxy proxies...
Setting proxy 'inventory-service-proxy' enabled=True
Cleared all toxics on 'inventory-service-proxy'
Setting proxy 'notification-service-proxy' enabled=True
Cleared all toxics on 'notification-service-proxy'
Setting proxy 'order-service-proxy' enabled=True
Cleared all toxics on 'order-service-proxy'
Setting proxy 'payment-service-proxy' enabled=True
Cleared all toxics on 'payment-service-proxy'
Setting proxy 'shared-db-service-proxy' enabled=True
Cleared all toxics on 'shared-db-service-proxy'
Cleared all toxics on 'inventory-service-proxy'
Injecting latency on 'inventory-service-proxy': 3000ms (toxicity=1.0)
Load plan (COUNT_BASED): 60 requests over ~6s @ 10 req/s
Generating load: 60 requests to http://localhost:8080/api/v1/linear @ ~10 req/s (~6.0s dispatch)...
Load Results - Successes: 14, Failures: 46, Avg Latency: 739.99ms, Throughput: 1.46 TPS, Error Rate: 76.67%
Resetting all Toxiproxy proxies...
Setting proxy 'inventory-service-proxy' enabled=True
Cleared all toxics on 'inventory-service-proxy'
Setting proxy 'notification-service-proxy' enabled=True
Cleared all toxics on 'notification-service-proxy'
Setting proxy 'order-service-proxy' enabled=True
Cleared all toxics on 'order-service-proxy'
Setting proxy 'payment-service-proxy' enabled=True
Cleared all toxics on 'payment-service-proxy'
Setting proxy 'shared-db-service-proxy' enabled=True
Cleared all toxics on 'shared-db-service-proxy'
Saved run metrics to C:\Users\Lenovo\OneDrive\Desktop\capstone project\services\CascadeShield\data\master_dataset.csv

Progress: Run 100 of 162 (config 34/54, replicate 1/3)

============================================================
STARTING EXPERIMENT: Mode=full, Topology=linear, Fault=latency, Replicate=1
Config: {'failureRateThreshold': 50, 'slidingWindowSize': 20, 'waitDurationInOpenState': 15, 'slidingWindowType': 'TIME_BASED'}
============================================================
Updated .env with: {'failureRateThreshold': 50, 'slidingWindowSize': 20, 'waitDurationInOpenState': 15, 'slidingWindowType': 'TIME_BASED'}
Recreating Spring Boot containers to apply new configuration...
gateway-service is healthy!
notification-service is healthy!
Measuring pre-fault baseline...
Generating load: 20 requests to http://localhost:8080/api/v1/linear @ ~20 req/s (~1.0s dispatch)...
Load Results - Successes: 20, Failures: 0, Avg Latency: 281.53ms, Throughput: 10.11 TPS, Error Rate: 0.00%
Resetting all Toxiproxy proxies...
Setting proxy 'inventory-service-proxy' enabled=True
Cleared all toxics on 'inventory-service-proxy'
Setting proxy 'notification-service-proxy' enabled=True
Cleared all toxics on 'notification-service-proxy'
Setting proxy 'order-service-proxy' enabled=True
Cleared all toxics on 'order-service-proxy'
Setting proxy 'payment-service-proxy' enabled=True
Cleared all toxics on 'payment-service-proxy'
Setting proxy 'shared-db-service-proxy' enabled=True
Cleared all toxics on 'shared-db-service-proxy'
Cleared all toxics on 'inventory-service-proxy'
Injecting latency on 'inventory-service-proxy': 3000ms (toxicity=1.0)
Load plan (TIME_BASED): 450 requests over ~45s @ 10 req/s
Generating load: 450 requests to http://localhost:8080/api/v1/linear @ ~10 req/s (~45.0s dispatch)...
Load Results - Successes: 34, Failures: 416, Avg Latency: 251.65ms, Throughput: 0.68 TPS, Error Rate: 92.44%
Resetting all Toxiproxy proxies...
Setting proxy 'inventory-service-proxy' enabled=True
Cleared all toxics on 'inventory-service-proxy'
Setting proxy 'notification-service-proxy' enabled=True
Cleared all toxics on 'notification-service-proxy'
Setting proxy 'order-service-proxy' enabled=True
Cleared all toxics on 'order-service-proxy'
Setting proxy 'payment-service-proxy' enabled=True
Cleared all toxics on 'payment-service-proxy'
Setting proxy 'shared-db-service-proxy' enabled=True
Cleared all toxics on 'shared-db-service-proxy'
Saved run metrics to C:\Users\Lenovo\OneDrive\Desktop\capstone project\services\CascadeShield\data\master_dataset.csv

Progress: Run 101 of 162 (config 34/54, replicate 2/3)

============================================================
STARTING EXPERIMENT: Mode=full, Topology=linear, Fault=latency, Replicate=2
Config: {'failureRateThreshold': 50, 'slidingWindowSize': 20, 'waitDurationInOpenState': 15, 'slidingWindowType': 'TIME_BASED'}
============================================================
Updated .env with: {'failureRateThreshold': 50, 'slidingWindowSize': 20, 'waitDurationInOpenState': 15, 'slidingWindowType': 'TIME_BASED'}
Recreating Spring Boot containers to apply new configuration...
gateway-service is healthy!
notification-service is healthy!
Measuring pre-fault baseline...
Generating load: 20 requests to http://localhost:8080/api/v1/linear @ ~20 req/s (~1.0s dispatch)...
Load Results - Successes: 20, Failures: 0, Avg Latency: 366.34ms, Throughput: 7.88 TPS, Error Rate: 0.00%
Resetting all Toxiproxy proxies...
Setting proxy 'inventory-service-proxy' enabled=True
Cleared all toxics on 'inventory-service-proxy'
Setting proxy 'notification-service-proxy' enabled=True
Cleared all toxics on 'notification-service-proxy'
Setting proxy 'order-service-proxy' enabled=True
Cleared all toxics on 'order-service-proxy'
Setting proxy 'payment-service-proxy' enabled=True
Cleared all toxics on 'payment-service-proxy'
Setting proxy 'shared-db-service-proxy' enabled=True
Cleared all toxics on 'shared-db-service-proxy'
Cleared all toxics on 'inventory-service-proxy'
Injecting latency on 'inventory-service-proxy': 3000ms (toxicity=1.0)
Load plan (TIME_BASED): 450 requests over ~45s @ 10 req/s
Generating load: 450 requests to http://localhost:8080/api/v1/linear @ ~10 req/s (~45.0s dispatch)...
Load Results - Successes: 34, Failures: 416, Avg Latency: 251.68ms, Throughput: 0.68 TPS, Error Rate: 92.44%
Resetting all Toxiproxy proxies...
Setting proxy 'inventory-service-proxy' enabled=True
Cleared all toxics on 'inventory-service-proxy'
Setting proxy 'notification-service-proxy' enabled=True
Cleared all toxics on 'notification-service-proxy'
Setting proxy 'order-service-proxy' enabled=True
Cleared all toxics on 'order-service-proxy'
Setting proxy 'payment-service-proxy' enabled=True
Cleared all toxics on 'payment-service-proxy'
Setting proxy 'shared-db-service-proxy' enabled=True
Cleared all toxics on 'shared-db-service-proxy'
Saved run metrics to C:\Users\Lenovo\OneDrive\Desktop\capstone project\services\CascadeShield\data\master_dataset.csv

Progress: Run 102 of 162 (config 34/54, replicate 3/3)

============================================================
STARTING EXPERIMENT: Mode=full, Topology=linear, Fault=latency, Replicate=3
Config: {'failureRateThreshold': 50, 'slidingWindowSize': 20, 'waitDurationInOpenState': 15, 'slidingWindowType': 'TIME_BASED'}
============================================================
Updated .env with: {'failureRateThreshold': 50, 'slidingWindowSize': 20, 'waitDurationInOpenState': 15, 'slidingWindowType': 'TIME_BASED'}
Recreating Spring Boot containers to apply new configuration...
notification-service is healthy!
gateway-service is healthy!
Measuring pre-fault baseline...
Generating load: 20 requests to http://localhost:8080/api/v1/linear @ ~20 req/s (~1.0s dispatch)...
Load Results - Successes: 20, Failures: 0, Avg Latency: 203.46ms, Throughput: 13.66 TPS, Error Rate: 0.00%
Resetting all Toxiproxy proxies...
Setting proxy 'inventory-service-proxy' enabled=True
Cleared all toxics on 'inventory-service-proxy'
Setting proxy 'notification-service-proxy' enabled=True
Cleared all toxics on 'notification-service-proxy'
Setting proxy 'order-service-proxy' enabled=True
Cleared all toxics on 'order-service-proxy'
Setting proxy 'payment-service-proxy' enabled=True
Cleared all toxics on 'payment-service-proxy'
Setting proxy 'shared-db-service-proxy' enabled=True
Cleared all toxics on 'shared-db-service-proxy'
Cleared all toxics on 'inventory-service-proxy'
Injecting latency on 'inventory-service-proxy': 3000ms (toxicity=1.0)
Load plan (TIME_BASED): 450 requests over ~45s @ 10 req/s
Generating load: 450 requests to http://localhost:8080/api/v1/linear @ ~10 req/s (~45.0s dispatch)...
Load Results - Successes: 34, Failures: 416, Avg Latency: 251.55ms, Throughput: 0.68 TPS, Error Rate: 92.44%
Resetting all Toxiproxy proxies...
Setting proxy 'inventory-service-proxy' enabled=True
Cleared all toxics on 'inventory-service-proxy'
Setting proxy 'notification-service-proxy' enabled=True
Cleared all toxics on 'notification-service-proxy'
Setting proxy 'order-service-proxy' enabled=True
Cleared all toxics on 'order-service-proxy'
Setting proxy 'payment-service-proxy' enabled=True
Cleared all toxics on 'payment-service-proxy'
Setting proxy 'shared-db-service-proxy' enabled=True
Cleared all toxics on 'shared-db-service-proxy'
Saved run metrics to C:\Users\Lenovo\OneDrive\Desktop\capstone project\services\CascadeShield\data\master_dataset.csv

Progress: Run 103 of 162 (config 35/54, replicate 1/3)

============================================================
STARTING EXPERIMENT: Mode=full, Topology=linear, Fault=latency, Replicate=1
Config: {'failureRateThreshold': 50, 'slidingWindowSize': 20, 'waitDurationInOpenState': 30, 'slidingWindowType': 'COUNT_BASED'}
============================================================
Updated .env with: {'failureRateThreshold': 50, 'slidingWindowSize': 20, 'waitDurationInOpenState': 30, 'slidingWindowType': 'COUNT_BASED'}
Recreating Spring Boot containers to apply new configuration...
notification-service is healthy!
gateway-service is healthy!
Measuring pre-fault baseline...
Generating load: 20 requests to http://localhost:8080/api/v1/linear @ ~20 req/s (~1.0s dispatch)...
Load Results - Successes: 20, Failures: 0, Avg Latency: 274.27ms, Throughput: 10.42 TPS, Error Rate: 0.00%
Resetting all Toxiproxy proxies...
Setting proxy 'inventory-service-proxy' enabled=True
Cleared all toxics on 'inventory-service-proxy'
Setting proxy 'notification-service-proxy' enabled=True
Cleared all toxics on 'notification-service-proxy'
Setting proxy 'order-service-proxy' enabled=True
Cleared all toxics on 'order-service-proxy'
Setting proxy 'payment-service-proxy' enabled=True
Cleared all toxics on 'payment-service-proxy'
Setting proxy 'shared-db-service-proxy' enabled=True
Cleared all toxics on 'shared-db-service-proxy'
Cleared all toxics on 'inventory-service-proxy'
Injecting latency on 'inventory-service-proxy': 3000ms (toxicity=1.0)
Load plan (COUNT_BASED): 60 requests over ~6s @ 10 req/s
Generating load: 60 requests to http://localhost:8080/api/v1/linear @ ~10 req/s (~6.0s dispatch)...
Load Results - Successes: 14, Failures: 46, Avg Latency: 739.54ms, Throughput: 1.46 TPS, Error Rate: 76.67%
Resetting all Toxiproxy proxies...
Setting proxy 'inventory-service-proxy' enabled=True
Cleared all toxics on 'inventory-service-proxy'
Setting proxy 'notification-service-proxy' enabled=True
Cleared all toxics on 'notification-service-proxy'
Setting proxy 'order-service-proxy' enabled=True
Cleared all toxics on 'order-service-proxy'
Setting proxy 'payment-service-proxy' enabled=True
Cleared all toxics on 'payment-service-proxy'
Setting proxy 'shared-db-service-proxy' enabled=True
Cleared all toxics on 'shared-db-service-proxy'
Saved run metrics to C:\Users\Lenovo\OneDrive\Desktop\capstone project\services\CascadeShield\data\master_dataset.csv

Progress: Run 104 of 162 (config 35/54, replicate 2/3)

============================================================
STARTING EXPERIMENT: Mode=full, Topology=linear, Fault=latency, Replicate=2
Config: {'failureRateThreshold': 50, 'slidingWindowSize': 20, 'waitDurationInOpenState': 30, 'slidingWindowType': 'COUNT_BASED'}
============================================================
Updated .env with: {'failureRateThreshold': 50, 'slidingWindowSize': 20, 'waitDurationInOpenState': 30, 'slidingWindowType': 'COUNT_BASED'}
Recreating Spring Boot containers to apply new configuration...
gateway-service is healthy!
notification-service is healthy!
Measuring pre-fault baseline...
Generating load: 20 requests to http://localhost:8080/api/v1/linear @ ~20 req/s (~1.0s dispatch)...
Load Results - Successes: 20, Failures: 0, Avg Latency: 309.03ms, Throughput: 9.35 TPS, Error Rate: 0.00%
Resetting all Toxiproxy proxies...
Setting proxy 'inventory-service-proxy' enabled=True
Cleared all toxics on 'inventory-service-proxy'
Setting proxy 'notification-service-proxy' enabled=True
Cleared all toxics on 'notification-service-proxy'
Setting proxy 'order-service-proxy' enabled=True
Cleared all toxics on 'order-service-proxy'
Setting proxy 'payment-service-proxy' enabled=True
Cleared all toxics on 'payment-service-proxy'
Setting proxy 'shared-db-service-proxy' enabled=True
Cleared all toxics on 'shared-db-service-proxy'
Cleared all toxics on 'inventory-service-proxy'
Injecting latency on 'inventory-service-proxy': 3000ms (toxicity=1.0)
Load plan (COUNT_BASED): 60 requests over ~6s @ 10 req/s
Generating load: 60 requests to http://localhost:8080/api/v1/linear @ ~10 req/s (~6.0s dispatch)...
Load Results - Successes: 14, Failures: 46, Avg Latency: 740.14ms, Throughput: 1.46 TPS, Error Rate: 76.67%
Resetting all Toxiproxy proxies...
Setting proxy 'inventory-service-proxy' enabled=True
Cleared all toxics on 'inventory-service-proxy'
Setting proxy 'notification-service-proxy' enabled=True
Cleared all toxics on 'notification-service-proxy'
Setting proxy 'order-service-proxy' enabled=True
Cleared all toxics on 'order-service-proxy'
Setting proxy 'payment-service-proxy' enabled=True
Cleared all toxics on 'payment-service-proxy'
Setting proxy 'shared-db-service-proxy' enabled=True
Cleared all toxics on 'shared-db-service-proxy'
Saved run metrics to C:\Users\Lenovo\OneDrive\Desktop\capstone project\services\CascadeShield\data\master_dataset.csv

Progress: Run 105 of 162 (config 35/54, replicate 3/3)

============================================================
STARTING EXPERIMENT: Mode=full, Topology=linear, Fault=latency, Replicate=3
Config: {'failureRateThreshold': 50, 'slidingWindowSize': 20, 'waitDurationInOpenState': 30, 'slidingWindowType': 'COUNT_BASED'}
============================================================
Updated .env with: {'failureRateThreshold': 50, 'slidingWindowSize': 20, 'waitDurationInOpenState': 30, 'slidingWindowType': 'COUNT_BASED'}
Recreating Spring Boot containers to apply new configuration...
notification-service is healthy!
gateway-service is healthy!
Measuring pre-fault baseline...
Generating load: 20 requests to http://localhost:8080/api/v1/linear @ ~20 req/s (~1.0s dispatch)...
Load Results - Successes: 20, Failures: 0, Avg Latency: 197.50ms, Throughput: 14.19 TPS, Error Rate: 0.00%
Resetting all Toxiproxy proxies...
Setting proxy 'inventory-service-proxy' enabled=True
Cleared all toxics on 'inventory-service-proxy'
Setting proxy 'notification-service-proxy' enabled=True
Cleared all toxics on 'notification-service-proxy'
Setting proxy 'order-service-proxy' enabled=True
Cleared all toxics on 'order-service-proxy'
Setting proxy 'payment-service-proxy' enabled=True
Cleared all toxics on 'payment-service-proxy'
Setting proxy 'shared-db-service-proxy' enabled=True
Cleared all toxics on 'shared-db-service-proxy'
Cleared all toxics on 'inventory-service-proxy'
Injecting latency on 'inventory-service-proxy': 3000ms (toxicity=1.0)
Load plan (COUNT_BASED): 60 requests over ~6s @ 10 req/s
Generating load: 60 requests to http://localhost:8080/api/v1/linear @ ~10 req/s (~6.0s dispatch)...
Load Results - Successes: 14, Failures: 46, Avg Latency: 741.24ms, Throughput: 1.46 TPS, Error Rate: 76.67%
Resetting all Toxiproxy proxies...
Setting proxy 'inventory-service-proxy' enabled=True
Cleared all toxics on 'inventory-service-proxy'
Setting proxy 'notification-service-proxy' enabled=True
Cleared all toxics on 'notification-service-proxy'
Setting proxy 'order-service-proxy' enabled=True
Cleared all toxics on 'order-service-proxy'
Setting proxy 'payment-service-proxy' enabled=True
Cleared all toxics on 'payment-service-proxy'
Setting proxy 'shared-db-service-proxy' enabled=True
Cleared all toxics on 'shared-db-service-proxy'
Saved run metrics to C:\Users\Lenovo\OneDrive\Desktop\capstone project\services\CascadeShield\data\master_dataset.csv

Progress: Run 106 of 162 (config 36/54, replicate 1/3)

============================================================
STARTING EXPERIMENT: Mode=full, Topology=linear, Fault=latency, Replicate=1
Config: {'failureRateThreshold': 50, 'slidingWindowSize': 20, 'waitDurationInOpenState': 30, 'slidingWindowType': 'TIME_BASED'}
============================================================
Updated .env with: {'failureRateThreshold': 50, 'slidingWindowSize': 20, 'waitDurationInOpenState': 30, 'slidingWindowType': 'TIME_BASED'}
Recreating Spring Boot containers to apply new configuration...
notification-service is healthy!
gateway-service is healthy!
Measuring pre-fault baseline...
Generating load: 20 requests to http://localhost:8080/api/v1/linear @ ~20 req/s (~1.0s dispatch)...
Load Results - Successes: 20, Failures: 0, Avg Latency: 228.17ms, Throughput: 12.56 TPS, Error Rate: 0.00%
Resetting all Toxiproxy proxies...
Setting proxy 'inventory-service-proxy' enabled=True
Cleared all toxics on 'inventory-service-proxy'
Setting proxy 'notification-service-proxy' enabled=True
Cleared all toxics on 'notification-service-proxy'
Setting proxy 'order-service-proxy' enabled=True
Cleared all toxics on 'order-service-proxy'
Setting proxy 'payment-service-proxy' enabled=True
Cleared all toxics on 'payment-service-proxy'
Setting proxy 'shared-db-service-proxy' enabled=True
Cleared all toxics on 'shared-db-service-proxy'
Cleared all toxics on 'inventory-service-proxy'
Injecting latency on 'inventory-service-proxy': 3000ms (toxicity=1.0)
Load plan (TIME_BASED): 600 requests over ~60s @ 10 req/s
Generating load: 600 requests to http://localhost:8080/api/v1/linear @ ~10 req/s (~60.0s dispatch)...
Load Results - Successes: 29, Failures: 571, Avg Latency: 167.33ms, Throughput: 0.44 TPS, Error Rate: 95.17%
Resetting all Toxiproxy proxies...
Setting proxy 'inventory-service-proxy' enabled=True
Cleared all toxics on 'inventory-service-proxy'
Setting proxy 'notification-service-proxy' enabled=True
Cleared all toxics on 'notification-service-proxy'
Setting proxy 'order-service-proxy' enabled=True
Cleared all toxics on 'order-service-proxy'
Setting proxy 'payment-service-proxy' enabled=True
Cleared all toxics on 'payment-service-proxy'
Setting proxy 'shared-db-service-proxy' enabled=True
Cleared all toxics on 'shared-db-service-proxy'
Saved run metrics to C:\Users\Lenovo\OneDrive\Desktop\capstone project\services\CascadeShield\data\master_dataset.csv

Progress: Run 107 of 162 (config 36/54, replicate 2/3)

============================================================
STARTING EXPERIMENT: Mode=full, Topology=linear, Fault=latency, Replicate=2
Config: {'failureRateThreshold': 50, 'slidingWindowSize': 20, 'waitDurationInOpenState': 30, 'slidingWindowType': 'TIME_BASED'}
============================================================
Updated .env with: {'failureRateThreshold': 50, 'slidingWindowSize': 20, 'waitDurationInOpenState': 30, 'slidingWindowType': 'TIME_BASED'}
Recreating Spring Boot containers to apply new configuration...
gateway-service is healthy!
notification-service is healthy!
Measuring pre-fault baseline...
Generating load: 20 requests to http://localhost:8080/api/v1/linear @ ~20 req/s (~1.0s dispatch)...
Load Results - Successes: 20, Failures: 0, Avg Latency: 338.56ms, Throughput: 8.50 TPS, Error Rate: 0.00%
Resetting all Toxiproxy proxies...
Setting proxy 'inventory-service-proxy' enabled=True
Cleared all toxics on 'inventory-service-proxy'
Setting proxy 'notification-service-proxy' enabled=True
Cleared all toxics on 'notification-service-proxy'
Setting proxy 'order-service-proxy' enabled=True
Cleared all toxics on 'order-service-proxy'
Setting proxy 'payment-service-proxy' enabled=True
Cleared all toxics on 'payment-service-proxy'
Setting proxy 'shared-db-service-proxy' enabled=True
Cleared all toxics on 'shared-db-service-proxy'
Cleared all toxics on 'inventory-service-proxy'
Injecting latency on 'inventory-service-proxy': 3000ms (toxicity=1.0)
Load plan (TIME_BASED): 600 requests over ~60s @ 10 req/s
Generating load: 600 requests to http://localhost:8080/api/v1/linear @ ~10 req/s (~60.0s dispatch)...
Load Results - Successes: 29, Failures: 571, Avg Latency: 168.57ms, Throughput: 0.44 TPS, Error Rate: 95.17%
Resetting all Toxiproxy proxies...
Setting proxy 'inventory-service-proxy' enabled=True
Cleared all toxics on 'inventory-service-proxy'
Setting proxy 'notification-service-proxy' enabled=True
Cleared all toxics on 'notification-service-proxy'
Setting proxy 'order-service-proxy' enabled=True
Cleared all toxics on 'order-service-proxy'
Setting proxy 'payment-service-proxy' enabled=True
Cleared all toxics on 'payment-service-proxy'
Setting proxy 'shared-db-service-proxy' enabled=True
Cleared all toxics on 'shared-db-service-proxy'
Saved run metrics to C:\Users\Lenovo\OneDrive\Desktop\capstone project\services\CascadeShield\data\master_dataset.csv

Progress: Run 108 of 162 (config 36/54, replicate 3/3)

============================================================
STARTING EXPERIMENT: Mode=full, Topology=linear, Fault=latency, Replicate=3
Config: {'failureRateThreshold': 50, 'slidingWindowSize': 20, 'waitDurationInOpenState': 30, 'slidingWindowType': 'TIME_BASED'}
============================================================
Updated .env with: {'failureRateThreshold': 50, 'slidingWindowSize': 20, 'waitDurationInOpenState': 30, 'slidingWindowType': 'TIME_BASED'}
Recreating Spring Boot containers to apply new configuration...
gateway-service is healthy!
notification-service is healthy!
Measuring pre-fault baseline...
Generating load: 20 requests to http://localhost:8080/api/v1/linear @ ~20 req/s (~1.0s dispatch)...
Load Results - Successes: 20, Failures: 0, Avg Latency: 247.23ms, Throughput: 11.39 TPS, Error Rate: 0.00%
Resetting all Toxiproxy proxies...
Setting proxy 'inventory-service-proxy' enabled=True
Cleared all toxics on 'inventory-service-proxy'
Setting proxy 'notification-service-proxy' enabled=True
Cleared all toxics on 'notification-service-proxy'
Setting proxy 'order-service-proxy' enabled=True
Cleared all toxics on 'order-service-proxy'
Setting proxy 'payment-service-proxy' enabled=True
Cleared all toxics on 'payment-service-proxy'
Setting proxy 'shared-db-service-proxy' enabled=True
Cleared all toxics on 'shared-db-service-proxy'
Cleared all toxics on 'inventory-service-proxy'
Injecting latency on 'inventory-service-proxy': 3000ms (toxicity=1.0)
Load plan (TIME_BASED): 600 requests over ~60s @ 10 req/s
Generating load: 600 requests to http://localhost:8080/api/v1/linear @ ~10 req/s (~60.0s dispatch)...
Load Results - Successes: 29, Failures: 571, Avg Latency: 166.79ms, Throughput: 0.44 TPS, Error Rate: 95.17%
Resetting all Toxiproxy proxies...
Setting proxy 'inventory-service-proxy' enabled=True
Cleared all toxics on 'inventory-service-proxy'
Setting proxy 'notification-service-proxy' enabled=True
Cleared all toxics on 'notification-service-proxy'
Setting proxy 'order-service-proxy' enabled=True
Cleared all toxics on 'order-service-proxy'
Setting proxy 'payment-service-proxy' enabled=True
Cleared all toxics on 'payment-service-proxy'
Setting proxy 'shared-db-service-proxy' enabled=True
Cleared all toxics on 'shared-db-service-proxy'
Saved run metrics to C:\Users\Lenovo\OneDrive\Desktop\capstone project\services\CascadeShield\data\master_dataset.csv

Progress: Run 109 of 162 (config 37/54, replicate 1/3)

============================================================
STARTING EXPERIMENT: Mode=full, Topology=linear, Fault=latency, Replicate=1
Config: {'failureRateThreshold': 70, 'slidingWindowSize': 5, 'waitDurationInOpenState': 5, 'slidingWindowType': 'COUNT_BASED'}
============================================================
Updated .env with: {'failureRateThreshold': 70, 'slidingWindowSize': 5, 'waitDurationInOpenState': 5, 'slidingWindowType': 'COUNT_BASED'}
Recreating Spring Boot containers to apply new configuration...
gateway-service is healthy!
notification-service is healthy!
Measuring pre-fault baseline...
Generating load: 20 requests to http://localhost:8080/api/v1/linear @ ~20 req/s (~1.0s dispatch)...
Load Results - Successes: 20, Failures: 0, Avg Latency: 275.91ms, Throughput: 10.45 TPS, Error Rate: 0.00%
Resetting all Toxiproxy proxies...
Setting proxy 'inventory-service-proxy' enabled=True
Cleared all toxics on 'inventory-service-proxy'
Setting proxy 'notification-service-proxy' enabled=True
Cleared all toxics on 'notification-service-proxy'
Setting proxy 'order-service-proxy' enabled=True
Cleared all toxics on 'order-service-proxy'
Setting proxy 'payment-service-proxy' enabled=True
Cleared all toxics on 'payment-service-proxy'
Setting proxy 'shared-db-service-proxy' enabled=True
Cleared all toxics on 'shared-db-service-proxy'
Cleared all toxics on 'inventory-service-proxy'
Injecting latency on 'inventory-service-proxy': 3000ms (toxicity=1.0)
Load plan (COUNT_BASED): 40 requests over ~4s @ 10 req/s
Generating load: 40 requests to http://localhost:8080/api/v1/linear @ ~10 req/s (~4.0s dispatch)...
Load Results - Successes: 8, Failures: 32, Avg Latency: 637.41ms, Throughput: 1.24 TPS, Error Rate: 80.00%
Resetting all Toxiproxy proxies...
Setting proxy 'inventory-service-proxy' enabled=True
Cleared all toxics on 'inventory-service-proxy'
Setting proxy 'notification-service-proxy' enabled=True
Cleared all toxics on 'notification-service-proxy'
Setting proxy 'order-service-proxy' enabled=True
Cleared all toxics on 'order-service-proxy'
Setting proxy 'payment-service-proxy' enabled=True
Cleared all toxics on 'payment-service-proxy'
Setting proxy 'shared-db-service-proxy' enabled=True
Cleared all toxics on 'shared-db-service-proxy'
Saved run metrics to C:\Users\Lenovo\OneDrive\Desktop\capstone project\services\CascadeShield\data\master_dataset.csv

Progress: Run 110 of 162 (config 37/54, replicate 2/3)

============================================================
STARTING EXPERIMENT: Mode=full, Topology=linear, Fault=latency, Replicate=2
Config: {'failureRateThreshold': 70, 'slidingWindowSize': 5, 'waitDurationInOpenState': 5, 'slidingWindowType': 'COUNT_BASED'}
============================================================
Updated .env with: {'failureRateThreshold': 70, 'slidingWindowSize': 5, 'waitDurationInOpenState': 5, 'slidingWindowType': 'COUNT_BASED'}
Recreating Spring Boot containers to apply new configuration...
gateway-service is healthy!
notification-service is healthy!
Measuring pre-fault baseline...
Generating load: 20 requests to http://localhost:8080/api/v1/linear @ ~20 req/s (~1.0s dispatch)...
Load Results - Successes: 20, Failures: 0, Avg Latency: 284.60ms, Throughput: 10.10 TPS, Error Rate: 0.00%
Resetting all Toxiproxy proxies...
Setting proxy 'inventory-service-proxy' enabled=True
Cleared all toxics on 'inventory-service-proxy'
Setting proxy 'notification-service-proxy' enabled=True
Cleared all toxics on 'notification-service-proxy'
Setting proxy 'order-service-proxy' enabled=True
Cleared all toxics on 'order-service-proxy'
Setting proxy 'payment-service-proxy' enabled=True
Cleared all toxics on 'payment-service-proxy'
Setting proxy 'shared-db-service-proxy' enabled=True
Cleared all toxics on 'shared-db-service-proxy'
Cleared all toxics on 'inventory-service-proxy'
Injecting latency on 'inventory-service-proxy': 3000ms (toxicity=1.0)
Load plan (COUNT_BASED): 40 requests over ~4s @ 10 req/s
Generating load: 40 requests to http://localhost:8080/api/v1/linear @ ~10 req/s (~4.0s dispatch)...
Load Results - Successes: 8, Failures: 32, Avg Latency: 635.04ms, Throughput: 1.25 TPS, Error Rate: 80.00%
Resetting all Toxiproxy proxies...
Setting proxy 'inventory-service-proxy' enabled=True
Cleared all toxics on 'inventory-service-proxy'
Setting proxy 'notification-service-proxy' enabled=True
Cleared all toxics on 'notification-service-proxy'
Setting proxy 'order-service-proxy' enabled=True
Cleared all toxics on 'order-service-proxy'
Setting proxy 'payment-service-proxy' enabled=True
Cleared all toxics on 'payment-service-proxy'
Setting proxy 'shared-db-service-proxy' enabled=True
Cleared all toxics on 'shared-db-service-proxy'
Saved run metrics to C:\Users\Lenovo\OneDrive\Desktop\capstone project\services\CascadeShield\data\master_dataset.csv

Progress: Run 111 of 162 (config 37/54, replicate 3/3)

============================================================
STARTING EXPERIMENT: Mode=full, Topology=linear, Fault=latency, Replicate=3
Config: {'failureRateThreshold': 70, 'slidingWindowSize': 5, 'waitDurationInOpenState': 5, 'slidingWindowType': 'COUNT_BASED'}
============================================================
Updated .env with: {'failureRateThreshold': 70, 'slidingWindowSize': 5, 'waitDurationInOpenState': 5, 'slidingWindowType': 'COUNT_BASED'}
Recreating Spring Boot containers to apply new configuration...
gateway-service is healthy!
notification-service is healthy!
Measuring pre-fault baseline...
Generating load: 20 requests to http://localhost:8080/api/v1/linear @ ~20 req/s (~1.0s dispatch)...
Load Results - Successes: 20, Failures: 0, Avg Latency: 487.79ms, Throughput: 5.97 TPS, Error Rate: 0.00%
Resetting all Toxiproxy proxies...
Setting proxy 'inventory-service-proxy' enabled=True
Cleared all toxics on 'inventory-service-proxy'
Setting proxy 'notification-service-proxy' enabled=True
Cleared all toxics on 'notification-service-proxy'
Setting proxy 'order-service-proxy' enabled=True
Cleared all toxics on 'order-service-proxy'
Setting proxy 'payment-service-proxy' enabled=True
Cleared all toxics on 'payment-service-proxy'
Setting proxy 'shared-db-service-proxy' enabled=True
Cleared all toxics on 'shared-db-service-proxy'
Cleared all toxics on 'inventory-service-proxy'
Injecting latency on 'inventory-service-proxy': 3000ms (toxicity=1.0)
Load plan (COUNT_BASED): 40 requests over ~4s @ 10 req/s
Generating load: 40 requests to http://localhost:8080/api/v1/linear @ ~10 req/s (~4.0s dispatch)...
Load Results - Successes: 8, Failures: 32, Avg Latency: 630.59ms, Throughput: 1.25 TPS, Error Rate: 80.00%
Resetting all Toxiproxy proxies...
Setting proxy 'inventory-service-proxy' enabled=True
Cleared all toxics on 'inventory-service-proxy'
Setting proxy 'notification-service-proxy' enabled=True
Cleared all toxics on 'notification-service-proxy'
Setting proxy 'order-service-proxy' enabled=True
Cleared all toxics on 'order-service-proxy'
Setting proxy 'payment-service-proxy' enabled=True
Cleared all toxics on 'payment-service-proxy'
Setting proxy 'shared-db-service-proxy' enabled=True
Cleared all toxics on 'shared-db-service-proxy'
Saved run metrics to C:\Users\Lenovo\OneDrive\Desktop\capstone project\services\CascadeShield\data\master_dataset.csv

Progress: Run 112 of 162 (config 38/54, replicate 1/3)

============================================================
STARTING EXPERIMENT: Mode=full, Topology=linear, Fault=latency, Replicate=1
Config: {'failureRateThreshold': 70, 'slidingWindowSize': 5, 'waitDurationInOpenState': 5, 'slidingWindowType': 'TIME_BASED'}
============================================================
Updated .env with: {'failureRateThreshold': 70, 'slidingWindowSize': 5, 'waitDurationInOpenState': 5, 'slidingWindowType': 'TIME_BASED'}
Recreating Spring Boot containers to apply new configuration...
notification-service is healthy!
gateway-service is healthy!
Measuring pre-fault baseline...
Generating load: 20 requests to http://localhost:8080/api/v1/linear @ ~20 req/s (~1.0s dispatch)...
Load Results - Successes: 20, Failures: 0, Avg Latency: 200.15ms, Throughput: 13.96 TPS, Error Rate: 0.00%
Resetting all Toxiproxy proxies...
Setting proxy 'inventory-service-proxy' enabled=True
Cleared all toxics on 'inventory-service-proxy'
Setting proxy 'notification-service-proxy' enabled=True
Cleared all toxics on 'notification-service-proxy'
Setting proxy 'order-service-proxy' enabled=True
Cleared all toxics on 'order-service-proxy'
Setting proxy 'payment-service-proxy' enabled=True
Cleared all toxics on 'payment-service-proxy'
Setting proxy 'shared-db-service-proxy' enabled=True
Cleared all toxics on 'shared-db-service-proxy'
Cleared all toxics on 'inventory-service-proxy'
Injecting latency on 'inventory-service-proxy': 3000ms (toxicity=1.0)
Load plan (TIME_BASED): 200 requests over ~20s @ 10 req/s
Generating load: 200 requests to http://localhost:8080/api/v1/linear @ ~10 req/s (~20.0s dispatch)...
Load Results - Successes: 19, Failures: 181, Avg Latency: 313.19ms, Throughput: 0.87 TPS, Error Rate: 90.50%
Resetting all Toxiproxy proxies...
Setting proxy 'inventory-service-proxy' enabled=True
Cleared all toxics on 'inventory-service-proxy'
Setting proxy 'notification-service-proxy' enabled=True
Cleared all toxics on 'notification-service-proxy'
Setting proxy 'order-service-proxy' enabled=True
Cleared all toxics on 'order-service-proxy'
Setting proxy 'payment-service-proxy' enabled=True
Cleared all toxics on 'payment-service-proxy'
Setting proxy 'shared-db-service-proxy' enabled=True
Cleared all toxics on 'shared-db-service-proxy'
Saved run metrics to C:\Users\Lenovo\OneDrive\Desktop\capstone project\services\CascadeShield\data\master_dataset.csv

Progress: Run 113 of 162 (config 38/54, replicate 2/3)

============================================================
STARTING EXPERIMENT: Mode=full, Topology=linear, Fault=latency, Replicate=2
Config: {'failureRateThreshold': 70, 'slidingWindowSize': 5, 'waitDurationInOpenState': 5, 'slidingWindowType': 'TIME_BASED'}
============================================================
Updated .env with: {'failureRateThreshold': 70, 'slidingWindowSize': 5, 'waitDurationInOpenState': 5, 'slidingWindowType': 'TIME_BASED'}
Recreating Spring Boot containers to apply new configuration...
gateway-service is healthy!
notification-service is healthy!
Measuring pre-fault baseline...
Generating load: 20 requests to http://localhost:8080/api/v1/linear @ ~20 req/s (~1.0s dispatch)...
Load Results - Successes: 20, Failures: 0, Avg Latency: 232.16ms, Throughput: 12.12 TPS, Error Rate: 0.00%
Resetting all Toxiproxy proxies...
Setting proxy 'inventory-service-proxy' enabled=True
Cleared all toxics on 'inventory-service-proxy'
Setting proxy 'notification-service-proxy' enabled=True
Cleared all toxics on 'notification-service-proxy'
Setting proxy 'order-service-proxy' enabled=True
Cleared all toxics on 'order-service-proxy'
Setting proxy 'payment-service-proxy' enabled=True
Cleared all toxics on 'payment-service-proxy'
Setting proxy 'shared-db-service-proxy' enabled=True
Cleared all toxics on 'shared-db-service-proxy'
Cleared all toxics on 'inventory-service-proxy'
Injecting latency on 'inventory-service-proxy': 3000ms (toxicity=1.0)
Load plan (TIME_BASED): 200 requests over ~20s @ 10 req/s
Generating load: 200 requests to http://localhost:8080/api/v1/linear @ ~10 req/s (~20.0s dispatch)...
Load Results - Successes: 20, Failures: 180, Avg Latency: 326.13ms, Throughput: 0.86 TPS, Error Rate: 90.00%
Resetting all Toxiproxy proxies...
Setting proxy 'inventory-service-proxy' enabled=True
Cleared all toxics on 'inventory-service-proxy'
Setting proxy 'notification-service-proxy' enabled=True
Cleared all toxics on 'notification-service-proxy'
Setting proxy 'order-service-proxy' enabled=True
Cleared all toxics on 'order-service-proxy'
Setting proxy 'payment-service-proxy' enabled=True
Cleared all toxics on 'payment-service-proxy'
Setting proxy 'shared-db-service-proxy' enabled=True
Cleared all toxics on 'shared-db-service-proxy'
Saved run metrics to C:\Users\Lenovo\OneDrive\Desktop\capstone project\services\CascadeShield\data\master_dataset.csv

Progress: Run 114 of 162 (config 38/54, replicate 3/3)

============================================================
STARTING EXPERIMENT: Mode=full, Topology=linear, Fault=latency, Replicate=3
Config: {'failureRateThreshold': 70, 'slidingWindowSize': 5, 'waitDurationInOpenState': 5, 'slidingWindowType': 'TIME_BASED'}
============================================================
Updated .env with: {'failureRateThreshold': 70, 'slidingWindowSize': 5, 'waitDurationInOpenState': 5, 'slidingWindowType': 'TIME_BASED'}
Recreating Spring Boot containers to apply new configuration...
gateway-service is healthy!
notification-service is healthy!
Measuring pre-fault baseline...
Generating load: 20 requests to http://localhost:8080/api/v1/linear @ ~20 req/s (~1.0s dispatch)...
Load Results - Successes: 20, Failures: 0, Avg Latency: 336.90ms, Throughput: 8.57 TPS, Error Rate: 0.00%
Resetting all Toxiproxy proxies...
Setting proxy 'inventory-service-proxy' enabled=True
Cleared all toxics on 'inventory-service-proxy'
Setting proxy 'notification-service-proxy' enabled=True
Cleared all toxics on 'notification-service-proxy'
Setting proxy 'order-service-proxy' enabled=True
Cleared all toxics on 'order-service-proxy'
Setting proxy 'payment-service-proxy' enabled=True
Cleared all toxics on 'payment-service-proxy'
Setting proxy 'shared-db-service-proxy' enabled=True
Cleared all toxics on 'shared-db-service-proxy'
Cleared all toxics on 'inventory-service-proxy'
Injecting latency on 'inventory-service-proxy': 3000ms (toxicity=1.0)
Load plan (TIME_BASED): 200 requests over ~20s @ 10 req/s
Generating load: 200 requests to http://localhost:8080/api/v1/linear @ ~10 req/s (~20.0s dispatch)...
Load Results - Successes: 19, Failures: 181, Avg Latency: 312.85ms, Throughput: 0.87 TPS, Error Rate: 90.50%
Resetting all Toxiproxy proxies...
Setting proxy 'inventory-service-proxy' enabled=True
Cleared all toxics on 'inventory-service-proxy'
Setting proxy 'notification-service-proxy' enabled=True
Cleared all toxics on 'notification-service-proxy'
Setting proxy 'order-service-proxy' enabled=True
Cleared all toxics on 'order-service-proxy'
Setting proxy 'payment-service-proxy' enabled=True
Cleared all toxics on 'payment-service-proxy'
Setting proxy 'shared-db-service-proxy' enabled=True
Cleared all toxics on 'shared-db-service-proxy'
Saved run metrics to C:\Users\Lenovo\OneDrive\Desktop\capstone project\services\CascadeShield\data\master_dataset.csv

Progress: Run 115 of 162 (config 39/54, replicate 1/3)

============================================================
STARTING EXPERIMENT: Mode=full, Topology=linear, Fault=latency, Replicate=1
Config: {'failureRateThreshold': 70, 'slidingWindowSize': 5, 'waitDurationInOpenState': 15, 'slidingWindowType': 'COUNT_BASED'}
============================================================
Updated .env with: {'failureRateThreshold': 70, 'slidingWindowSize': 5, 'waitDurationInOpenState': 15, 'slidingWindowType': 'COUNT_BASED'}
Recreating Spring Boot containers to apply new configuration...
notification-service is healthy!
gateway-service is healthy!
Measuring pre-fault baseline...
Generating load: 20 requests to http://localhost:8080/api/v1/linear @ ~20 req/s (~1.0s dispatch)...
Load Results - Successes: 20, Failures: 0, Avg Latency: 237.00ms, Throughput: 11.92 TPS, Error Rate: 0.00%
Resetting all Toxiproxy proxies...
Setting proxy 'inventory-service-proxy' enabled=True
Cleared all toxics on 'inventory-service-proxy'
Setting proxy 'notification-service-proxy' enabled=True
Cleared all toxics on 'notification-service-proxy'
Setting proxy 'order-service-proxy' enabled=True
Cleared all toxics on 'order-service-proxy'
Setting proxy 'payment-service-proxy' enabled=True
Cleared all toxics on 'payment-service-proxy'
Setting proxy 'shared-db-service-proxy' enabled=True
Cleared all toxics on 'shared-db-service-proxy'
Cleared all toxics on 'inventory-service-proxy'
Injecting latency on 'inventory-service-proxy': 3000ms (toxicity=1.0)
Load plan (COUNT_BASED): 40 requests over ~4s @ 10 req/s
Generating load: 40 requests to http://localhost:8080/api/v1/linear @ ~10 req/s (~4.0s dispatch)...
Load Results - Successes: 8, Failures: 32, Avg Latency: 638.11ms, Throughput: 1.25 TPS, Error Rate: 80.00%
Resetting all Toxiproxy proxies...
Setting proxy 'inventory-service-proxy' enabled=True
Cleared all toxics on 'inventory-service-proxy'
Setting proxy 'notification-service-proxy' enabled=True
Cleared all toxics on 'notification-service-proxy'
Setting proxy 'order-service-proxy' enabled=True
Cleared all toxics on 'order-service-proxy'
Setting proxy 'payment-service-proxy' enabled=True
Cleared all toxics on 'payment-service-proxy'
Setting proxy 'shared-db-service-proxy' enabled=True
Cleared all toxics on 'shared-db-service-proxy'
Saved run metrics to C:\Users\Lenovo\OneDrive\Desktop\capstone project\services\CascadeShield\data\master_dataset.csv

Progress: Run 116 of 162 (config 39/54, replicate 2/3)

============================================================
STARTING EXPERIMENT: Mode=full, Topology=linear, Fault=latency, Replicate=2
Config: {'failureRateThreshold': 70, 'slidingWindowSize': 5, 'waitDurationInOpenState': 15, 'slidingWindowType': 'COUNT_BASED'}
============================================================
Updated .env with: {'failureRateThreshold': 70, 'slidingWindowSize': 5, 'waitDurationInOpenState': 15, 'slidingWindowType': 'COUNT_BASED'}
Recreating Spring Boot containers to apply new configuration...
gateway-service is healthy!
notification-service is healthy!
Measuring pre-fault baseline...
Generating load: 20 requests to http://localhost:8080/api/v1/linear @ ~20 req/s (~1.0s dispatch)...
Load Results - Successes: 20, Failures: 0, Avg Latency: 237.81ms, Throughput: 11.95 TPS, Error Rate: 0.00%
Resetting all Toxiproxy proxies...
Setting proxy 'inventory-service-proxy' enabled=True
Cleared all toxics on 'inventory-service-proxy'
Setting proxy 'notification-service-proxy' enabled=True
Cleared all toxics on 'notification-service-proxy'
Setting proxy 'order-service-proxy' enabled=True
Cleared all toxics on 'order-service-proxy'
Setting proxy 'payment-service-proxy' enabled=True
Cleared all toxics on 'payment-service-proxy'
Setting proxy 'shared-db-service-proxy' enabled=True
Cleared all toxics on 'shared-db-service-proxy'
Cleared all toxics on 'inventory-service-proxy'
Injecting latency on 'inventory-service-proxy': 3000ms (toxicity=1.0)
Load plan (COUNT_BASED): 40 requests over ~4s @ 10 req/s
Generating load: 40 requests to http://localhost:8080/api/v1/linear @ ~10 req/s (~4.0s dispatch)...
Load Results - Successes: 8, Failures: 32, Avg Latency: 633.40ms, Throughput: 1.25 TPS, Error Rate: 80.00%
Resetting all Toxiproxy proxies...
Setting proxy 'inventory-service-proxy' enabled=True
Cleared all toxics on 'inventory-service-proxy'
Setting proxy 'notification-service-proxy' enabled=True
Cleared all toxics on 'notification-service-proxy'
Setting proxy 'order-service-proxy' enabled=True
Cleared all toxics on 'order-service-proxy'
Setting proxy 'payment-service-proxy' enabled=True
Cleared all toxics on 'payment-service-proxy'
Setting proxy 'shared-db-service-proxy' enabled=True
Cleared all toxics on 'shared-db-service-proxy'
Saved run metrics to C:\Users\Lenovo\OneDrive\Desktop\capstone project\services\CascadeShield\data\master_dataset.csv

Progress: Run 117 of 162 (config 39/54, replicate 3/3)

============================================================
STARTING EXPERIMENT: Mode=full, Topology=linear, Fault=latency, Replicate=3
Config: {'failureRateThreshold': 70, 'slidingWindowSize': 5, 'waitDurationInOpenState': 15, 'slidingWindowType': 'COUNT_BASED'}
============================================================
Updated .env with: {'failureRateThreshold': 70, 'slidingWindowSize': 5, 'waitDurationInOpenState': 15, 'slidingWindowType': 'COUNT_BASED'}
Recreating Spring Boot containers to apply new configuration...
gateway-service is healthy!
notification-service is healthy!
Measuring pre-fault baseline...
Generating load: 20 requests to http://localhost:8080/api/v1/linear @ ~20 req/s (~1.0s dispatch)...
Load Results - Successes: 20, Failures: 0, Avg Latency: 276.30ms, Throughput: 10.33 TPS, Error Rate: 0.00%
Resetting all Toxiproxy proxies...
Setting proxy 'inventory-service-proxy' enabled=True
Cleared all toxics on 'inventory-service-proxy'
Setting proxy 'notification-service-proxy' enabled=True
Cleared all toxics on 'notification-service-proxy'
Setting proxy 'order-service-proxy' enabled=True
Cleared all toxics on 'order-service-proxy'
Setting proxy 'payment-service-proxy' enabled=True
Cleared all toxics on 'payment-service-proxy'
Setting proxy 'shared-db-service-proxy' enabled=True
Cleared all toxics on 'shared-db-service-proxy'
Cleared all toxics on 'inventory-service-proxy'
Injecting latency on 'inventory-service-proxy': 3000ms (toxicity=1.0)
Load plan (COUNT_BASED): 40 requests over ~4s @ 10 req/s
Generating load: 40 requests to http://localhost:8080/api/v1/linear @ ~10 req/s (~4.0s dispatch)...
Load Results - Successes: 8, Failures: 32, Avg Latency: 632.92ms, Throughput: 1.24 TPS, Error Rate: 80.00%
Resetting all Toxiproxy proxies...
Setting proxy 'inventory-service-proxy' enabled=True
Cleared all toxics on 'inventory-service-proxy'
Setting proxy 'notification-service-proxy' enabled=True
Cleared all toxics on 'notification-service-proxy'
Setting proxy 'order-service-proxy' enabled=True
Cleared all toxics on 'order-service-proxy'
Setting proxy 'payment-service-proxy' enabled=True
Cleared all toxics on 'payment-service-proxy'
Setting proxy 'shared-db-service-proxy' enabled=True
Cleared all toxics on 'shared-db-service-proxy'
Saved run metrics to C:\Users\Lenovo\OneDrive\Desktop\capstone project\services\CascadeShield\data\master_dataset.csv

Progress: Run 118 of 162 (config 40/54, replicate 1/3)

============================================================
STARTING EXPERIMENT: Mode=full, Topology=linear, Fault=latency, Replicate=1
Config: {'failureRateThreshold': 70, 'slidingWindowSize': 5, 'waitDurationInOpenState': 15, 'slidingWindowType': 'TIME_BASED'}
============================================================
Updated .env with: {'failureRateThreshold': 70, 'slidingWindowSize': 5, 'waitDurationInOpenState': 15, 'slidingWindowType': 'TIME_BASED'}
Recreating Spring Boot containers to apply new configuration...
gateway-service is healthy!
notification-service is healthy!
Measuring pre-fault baseline...
Generating load: 20 requests to http://localhost:8080/api/v1/linear @ ~20 req/s (~1.0s dispatch)...
Load Results - Successes: 20, Failures: 0, Avg Latency: 235.66ms, Throughput: 12.08 TPS, Error Rate: 0.00%
Resetting all Toxiproxy proxies...
Setting proxy 'inventory-service-proxy' enabled=True
Cleared all toxics on 'inventory-service-proxy'
Setting proxy 'notification-service-proxy' enabled=True
Cleared all toxics on 'notification-service-proxy'
Setting proxy 'order-service-proxy' enabled=True
Cleared all toxics on 'order-service-proxy'
Setting proxy 'payment-service-proxy' enabled=True
Cleared all toxics on 'payment-service-proxy'
Setting proxy 'shared-db-service-proxy' enabled=True
Cleared all toxics on 'shared-db-service-proxy'
Cleared all toxics on 'inventory-service-proxy'
Injecting latency on 'inventory-service-proxy': 3000ms (toxicity=1.0)
Load plan (TIME_BASED): 300 requests over ~30s @ 10 req/s
Generating load: 300 requests to http://localhost:8080/api/v1/linear @ ~10 req/s (~30.0s dispatch)...
Load Results - Successes: 14, Failures: 286, Avg Latency: 163.82ms, Throughput: 0.43 TPS, Error Rate: 95.33%
Resetting all Toxiproxy proxies...
Setting proxy 'inventory-service-proxy' enabled=True
Cleared all toxics on 'inventory-service-proxy'
Setting proxy 'notification-service-proxy' enabled=True
Cleared all toxics on 'notification-service-proxy'
Setting proxy 'order-service-proxy' enabled=True
Cleared all toxics on 'order-service-proxy'
Setting proxy 'payment-service-proxy' enabled=True
Cleared all toxics on 'payment-service-proxy'
Setting proxy 'shared-db-service-proxy' enabled=True
Cleared all toxics on 'shared-db-service-proxy'
Saved run metrics to C:\Users\Lenovo\OneDrive\Desktop\capstone project\services\CascadeShield\data\master_dataset.csv

Progress: Run 119 of 162 (config 40/54, replicate 2/3)

============================================================
STARTING EXPERIMENT: Mode=full, Topology=linear, Fault=latency, Replicate=2
Config: {'failureRateThreshold': 70, 'slidingWindowSize': 5, 'waitDurationInOpenState': 15, 'slidingWindowType': 'TIME_BASED'}
============================================================
Updated .env with: {'failureRateThreshold': 70, 'slidingWindowSize': 5, 'waitDurationInOpenState': 15, 'slidingWindowType': 'TIME_BASED'}
Recreating Spring Boot containers to apply new configuration...
gateway-service is healthy!
notification-service is healthy!
Measuring pre-fault baseline...
Generating load: 20 requests to http://localhost:8080/api/v1/linear @ ~20 req/s (~1.0s dispatch)...
Load Results - Successes: 20, Failures: 0, Avg Latency: 276.33ms, Throughput: 10.39 TPS, Error Rate: 0.00%
Resetting all Toxiproxy proxies...
Setting proxy 'inventory-service-proxy' enabled=True
Cleared all toxics on 'inventory-service-proxy'
Setting proxy 'notification-service-proxy' enabled=True
Cleared all toxics on 'notification-service-proxy'
Setting proxy 'order-service-proxy' enabled=True
Cleared all toxics on 'order-service-proxy'
Setting proxy 'payment-service-proxy' enabled=True
Cleared all toxics on 'payment-service-proxy'
Setting proxy 'shared-db-service-proxy' enabled=True
Cleared all toxics on 'shared-db-service-proxy'
Cleared all toxics on 'inventory-service-proxy'
Injecting latency on 'inventory-service-proxy': 3000ms (toxicity=1.0)
Load plan (TIME_BASED): 300 requests over ~30s @ 10 req/s
Generating load: 300 requests to http://localhost:8080/api/v1/linear @ ~10 req/s (~30.0s dispatch)...
Load Results - Successes: 15, Failures: 285, Avg Latency: 172.64ms, Throughput: 0.46 TPS, Error Rate: 95.00%
Resetting all Toxiproxy proxies...
Setting proxy 'inventory-service-proxy' enabled=True
Cleared all toxics on 'inventory-service-proxy'
Setting proxy 'notification-service-proxy' enabled=True
Cleared all toxics on 'notification-service-proxy'
Setting proxy 'order-service-proxy' enabled=True
Cleared all toxics on 'order-service-proxy'
Setting proxy 'payment-service-proxy' enabled=True
Cleared all toxics on 'payment-service-proxy'
Setting proxy 'shared-db-service-proxy' enabled=True
Cleared all toxics on 'shared-db-service-proxy'
Saved run metrics to C:\Users\Lenovo\OneDrive\Desktop\capstone project\services\CascadeShield\data\master_dataset.csv

Progress: Run 120 of 162 (config 40/54, replicate 3/3)

============================================================
STARTING EXPERIMENT: Mode=full, Topology=linear, Fault=latency, Replicate=3
Config: {'failureRateThreshold': 70, 'slidingWindowSize': 5, 'waitDurationInOpenState': 15, 'slidingWindowType': 'TIME_BASED'}
============================================================
Updated .env with: {'failureRateThreshold': 70, 'slidingWindowSize': 5, 'waitDurationInOpenState': 15, 'slidingWindowType': 'TIME_BASED'}
Recreating Spring Boot containers to apply new configuration...
gateway-service is healthy!
notification-service is healthy!
Measuring pre-fault baseline...
Generating load: 20 requests to http://localhost:8080/api/v1/linear @ ~20 req/s (~1.0s dispatch)...
Load Results - Successes: 20, Failures: 0, Avg Latency: 261.59ms, Throughput: 11.09 TPS, Error Rate: 0.00%
Resetting all Toxiproxy proxies...
Setting proxy 'inventory-service-proxy' enabled=True
Cleared all toxics on 'inventory-service-proxy'
Setting proxy 'notification-service-proxy' enabled=True
Cleared all toxics on 'notification-service-proxy'
Setting proxy 'order-service-proxy' enabled=True
Cleared all toxics on 'order-service-proxy'
Setting proxy 'payment-service-proxy' enabled=True
Cleared all toxics on 'payment-service-proxy'
Setting proxy 'shared-db-service-proxy' enabled=True
Cleared all toxics on 'shared-db-service-proxy'
Cleared all toxics on 'inventory-service-proxy'
Injecting latency on 'inventory-service-proxy': 3000ms (toxicity=1.0)
Load plan (TIME_BASED): 300 requests over ~30s @ 10 req/s
Generating load: 300 requests to http://localhost:8080/api/v1/linear @ ~10 req/s (~30.0s dispatch)...
Load Results - Successes: 15, Failures: 285, Avg Latency: 173.42ms, Throughput: 0.46 TPS, Error Rate: 95.00%
Resetting all Toxiproxy proxies...
Setting proxy 'inventory-service-proxy' enabled=True
Cleared all toxics on 'inventory-service-proxy'
Setting proxy 'notification-service-proxy' enabled=True
Cleared all toxics on 'notification-service-proxy'
Setting proxy 'order-service-proxy' enabled=True
Cleared all toxics on 'order-service-proxy'
Setting proxy 'payment-service-proxy' enabled=True
Cleared all toxics on 'payment-service-proxy'
Setting proxy 'shared-db-service-proxy' enabled=True
Cleared all toxics on 'shared-db-service-proxy'
Saved run metrics to C:\Users\Lenovo\OneDrive\Desktop\capstone project\services\CascadeShield\data\master_dataset.csv

Progress: Run 121 of 162 (config 41/54, replicate 1/3)

============================================================
STARTING EXPERIMENT: Mode=full, Topology=linear, Fault=latency, Replicate=1
Config: {'failureRateThreshold': 70, 'slidingWindowSize': 5, 'waitDurationInOpenState': 30, 'slidingWindowType': 'COUNT_BASED'}
============================================================
Updated .env with: {'failureRateThreshold': 70, 'slidingWindowSize': 5, 'waitDurationInOpenState': 30, 'slidingWindowType': 'COUNT_BASED'}
Recreating Spring Boot containers to apply new configuration...
notification-service is healthy!
gateway-service is healthy!
Measuring pre-fault baseline...
Generating load: 20 requests to http://localhost:8080/api/v1/linear @ ~20 req/s (~1.0s dispatch)...
Load Results - Successes: 20, Failures: 0, Avg Latency: 324.34ms, Throughput: 8.84 TPS, Error Rate: 0.00%
Resetting all Toxiproxy proxies...
Setting proxy 'inventory-service-proxy' enabled=True
Cleared all toxics on 'inventory-service-proxy'
Setting proxy 'notification-service-proxy' enabled=True
Cleared all toxics on 'notification-service-proxy'
Setting proxy 'order-service-proxy' enabled=True
Cleared all toxics on 'order-service-proxy'
Setting proxy 'payment-service-proxy' enabled=True
Cleared all toxics on 'payment-service-proxy'
Setting proxy 'shared-db-service-proxy' enabled=True
Cleared all toxics on 'shared-db-service-proxy'
Cleared all toxics on 'inventory-service-proxy'
Injecting latency on 'inventory-service-proxy': 3000ms (toxicity=1.0)
Load plan (COUNT_BASED): 40 requests over ~4s @ 10 req/s
Generating load: 40 requests to http://localhost:8080/api/v1/linear @ ~10 req/s (~4.0s dispatch)...
Load Results - Successes: 8, Failures: 32, Avg Latency: 643.95ms, Throughput: 1.24 TPS, Error Rate: 80.00%
Resetting all Toxiproxy proxies...
Setting proxy 'inventory-service-proxy' enabled=True
Cleared all toxics on 'inventory-service-proxy'
Setting proxy 'notification-service-proxy' enabled=True
Cleared all toxics on 'notification-service-proxy'
Setting proxy 'order-service-proxy' enabled=True
Cleared all toxics on 'order-service-proxy'
Setting proxy 'payment-service-proxy' enabled=True
Cleared all toxics on 'payment-service-proxy'
Setting proxy 'shared-db-service-proxy' enabled=True
Cleared all toxics on 'shared-db-service-proxy'
Saved run metrics to C:\Users\Lenovo\OneDrive\Desktop\capstone project\services\CascadeShield\data\master_dataset.csv

Progress: Run 122 of 162 (config 41/54, replicate 2/3)

============================================================
STARTING EXPERIMENT: Mode=full, Topology=linear, Fault=latency, Replicate=2
Config: {'failureRateThreshold': 70, 'slidingWindowSize': 5, 'waitDurationInOpenState': 30, 'slidingWindowType': 'COUNT_BASED'}
============================================================
Updated .env with: {'failureRateThreshold': 70, 'slidingWindowSize': 5, 'waitDurationInOpenState': 30, 'slidingWindowType': 'COUNT_BASED'}
Recreating Spring Boot containers to apply new configuration...
gateway-service is healthy!
notification-service is healthy!
Measuring pre-fault baseline...
Generating load: 20 requests to http://localhost:8080/api/v1/linear @ ~20 req/s (~1.0s dispatch)...
Load Results - Successes: 20, Failures: 0, Avg Latency: 412.90ms, Throughput: 6.97 TPS, Error Rate: 0.00%
Resetting all Toxiproxy proxies...
Setting proxy 'inventory-service-proxy' enabled=True
Cleared all toxics on 'inventory-service-proxy'
Setting proxy 'notification-service-proxy' enabled=True
Cleared all toxics on 'notification-service-proxy'
Setting proxy 'order-service-proxy' enabled=True
Cleared all toxics on 'order-service-proxy'
Setting proxy 'payment-service-proxy' enabled=True
Cleared all toxics on 'payment-service-proxy'
Setting proxy 'shared-db-service-proxy' enabled=True
Cleared all toxics on 'shared-db-service-proxy'
Cleared all toxics on 'inventory-service-proxy'
Injecting latency on 'inventory-service-proxy': 3000ms (toxicity=1.0)
Load plan (COUNT_BASED): 40 requests over ~4s @ 10 req/s
Generating load: 40 requests to http://localhost:8080/api/v1/linear @ ~10 req/s (~4.0s dispatch)...
Load Results - Successes: 8, Failures: 32, Avg Latency: 641.01ms, Throughput: 1.24 TPS, Error Rate: 80.00%
Resetting all Toxiproxy proxies...
Setting proxy 'inventory-service-proxy' enabled=True
Cleared all toxics on 'inventory-service-proxy'
Setting proxy 'notification-service-proxy' enabled=True
Cleared all toxics on 'notification-service-proxy'
Setting proxy 'order-service-proxy' enabled=True
Cleared all toxics on 'order-service-proxy'
Setting proxy 'payment-service-proxy' enabled=True
Cleared all toxics on 'payment-service-proxy'
Setting proxy 'shared-db-service-proxy' enabled=True
Cleared all toxics on 'shared-db-service-proxy'
Saved run metrics to C:\Users\Lenovo\OneDrive\Desktop\capstone project\services\CascadeShield\data\master_dataset.csv

Progress: Run 123 of 162 (config 41/54, replicate 3/3)

============================================================
STARTING EXPERIMENT: Mode=full, Topology=linear, Fault=latency, Replicate=3
Config: {'failureRateThreshold': 70, 'slidingWindowSize': 5, 'waitDurationInOpenState': 30, 'slidingWindowType': 'COUNT_BASED'}
============================================================
Updated .env with: {'failureRateThreshold': 70, 'slidingWindowSize': 5, 'waitDurationInOpenState': 30, 'slidingWindowType': 'COUNT_BASED'}
Recreating Spring Boot containers to apply new configuration...
gateway-service is healthy!
notification-service is healthy!
Measuring pre-fault baseline...
Generating load: 20 requests to http://localhost:8080/api/v1/linear @ ~20 req/s (~1.0s dispatch)...
Load Results - Successes: 20, Failures: 0, Avg Latency: 389.23ms, Throughput: 7.33 TPS, Error Rate: 0.00%
Resetting all Toxiproxy proxies...
Setting proxy 'inventory-service-proxy' enabled=True
Cleared all toxics on 'inventory-service-proxy'
Setting proxy 'notification-service-proxy' enabled=True
Cleared all toxics on 'notification-service-proxy'
Setting proxy 'order-service-proxy' enabled=True
Cleared all toxics on 'order-service-proxy'
Setting proxy 'payment-service-proxy' enabled=True
Cleared all toxics on 'payment-service-proxy'
Setting proxy 'shared-db-service-proxy' enabled=True
Cleared all toxics on 'shared-db-service-proxy'
Cleared all toxics on 'inventory-service-proxy'
Injecting latency on 'inventory-service-proxy': 3000ms (toxicity=1.0)
Load plan (COUNT_BASED): 40 requests over ~4s @ 10 req/s
Generating load: 40 requests to http://localhost:8080/api/v1/linear @ ~10 req/s (~4.0s dispatch)...
Load Results - Successes: 8, Failures: 32, Avg Latency: 641.44ms, Throughput: 1.25 TPS, Error Rate: 80.00%
Resetting all Toxiproxy proxies...
Setting proxy 'inventory-service-proxy' enabled=True
Cleared all toxics on 'inventory-service-proxy'
Setting proxy 'notification-service-proxy' enabled=True
Cleared all toxics on 'notification-service-proxy'
Setting proxy 'order-service-proxy' enabled=True
Cleared all toxics on 'order-service-proxy'
Setting proxy 'payment-service-proxy' enabled=True
Cleared all toxics on 'payment-service-proxy'
Setting proxy 'shared-db-service-proxy' enabled=True
Cleared all toxics on 'shared-db-service-proxy'
Saved run metrics to C:\Users\Lenovo\OneDrive\Desktop\capstone project\services\CascadeShield\data\master_dataset.csv

Progress: Run 124 of 162 (config 42/54, replicate 1/3)

============================================================
STARTING EXPERIMENT: Mode=full, Topology=linear, Fault=latency, Replicate=1
Config: {'failureRateThreshold': 70, 'slidingWindowSize': 5, 'waitDurationInOpenState': 30, 'slidingWindowType': 'TIME_BASED'}
============================================================
Updated .env with: {'failureRateThreshold': 70, 'slidingWindowSize': 5, 'waitDurationInOpenState': 30, 'slidingWindowType': 'TIME_BASED'}
Recreating Spring Boot containers to apply new configuration...
notification-service is healthy!
gateway-service is healthy!
Measuring pre-fault baseline...
Generating load: 20 requests to http://localhost:8080/api/v1/linear @ ~20 req/s (~1.0s dispatch)...
Load Results - Successes: 20, Failures: 0, Avg Latency: 328.62ms, Throughput: 8.70 TPS, Error Rate: 0.00%
Resetting all Toxiproxy proxies...
Setting proxy 'inventory-service-proxy' enabled=True
Cleared all toxics on 'inventory-service-proxy'
Setting proxy 'notification-service-proxy' enabled=True
Cleared all toxics on 'notification-service-proxy'
Setting proxy 'order-service-proxy' enabled=True
Cleared all toxics on 'order-service-proxy'
Setting proxy 'payment-service-proxy' enabled=True
Cleared all toxics on 'payment-service-proxy'
Setting proxy 'shared-db-service-proxy' enabled=True
Cleared all toxics on 'shared-db-service-proxy'
Cleared all toxics on 'inventory-service-proxy'
Injecting latency on 'inventory-service-proxy': 3000ms (toxicity=1.0)
Load plan (TIME_BASED): 450 requests over ~45s @ 10 req/s
Generating load: 450 requests to http://localhost:8080/api/v1/linear @ ~10 req/s (~45.0s dispatch)...
Load Results - Successes: 14, Failures: 436, Avg Latency: 117.35ms, Throughput: 0.28 TPS, Error Rate: 96.89%
Resetting all Toxiproxy proxies...
Setting proxy 'inventory-service-proxy' enabled=True
Cleared all toxics on 'inventory-service-proxy'
Setting proxy 'notification-service-proxy' enabled=True
Cleared all toxics on 'notification-service-proxy'
Setting proxy 'order-service-proxy' enabled=True
Cleared all toxics on 'order-service-proxy'
Setting proxy 'payment-service-proxy' enabled=True
Cleared all toxics on 'payment-service-proxy'
Setting proxy 'shared-db-service-proxy' enabled=True
Cleared all toxics on 'shared-db-service-proxy'
Saved run metrics to C:\Users\Lenovo\OneDrive\Desktop\capstone project\services\CascadeShield\data\master_dataset.csv

Progress: Run 125 of 162 (config 42/54, replicate 2/3)

============================================================
STARTING EXPERIMENT: Mode=full, Topology=linear, Fault=latency, Replicate=2
Config: {'failureRateThreshold': 70, 'slidingWindowSize': 5, 'waitDurationInOpenState': 30, 'slidingWindowType': 'TIME_BASED'}
============================================================
Updated .env with: {'failureRateThreshold': 70, 'slidingWindowSize': 5, 'waitDurationInOpenState': 30, 'slidingWindowType': 'TIME_BASED'}
Recreating Spring Boot containers to apply new configuration...
gateway-service is healthy!
notification-service is healthy!
Measuring pre-fault baseline...
Generating load: 20 requests to http://localhost:8080/api/v1/linear @ ~20 req/s (~1.0s dispatch)...
Load Results - Successes: 20, Failures: 0, Avg Latency: 375.63ms, Throughput: 7.70 TPS, Error Rate: 0.00%
Resetting all Toxiproxy proxies...
Setting proxy 'inventory-service-proxy' enabled=True
Cleared all toxics on 'inventory-service-proxy'
Setting proxy 'notification-service-proxy' enabled=True
Cleared all toxics on 'notification-service-proxy'
Setting proxy 'order-service-proxy' enabled=True
Cleared all toxics on 'order-service-proxy'
Setting proxy 'payment-service-proxy' enabled=True
Cleared all toxics on 'payment-service-proxy'
Setting proxy 'shared-db-service-proxy' enabled=True
Cleared all toxics on 'shared-db-service-proxy'
Cleared all toxics on 'inventory-service-proxy'
Injecting latency on 'inventory-service-proxy': 3000ms (toxicity=1.0)
Load plan (TIME_BASED): 450 requests over ~45s @ 10 req/s
Generating load: 450 requests to http://localhost:8080/api/v1/linear @ ~10 req/s (~45.0s dispatch)...
Load Results - Successes: 14, Failures: 436, Avg Latency: 117.89ms, Throughput: 0.28 TPS, Error Rate: 96.89%
Resetting all Toxiproxy proxies...
Setting proxy 'inventory-service-proxy' enabled=True
Cleared all toxics on 'inventory-service-proxy'
Setting proxy 'notification-service-proxy' enabled=True
Cleared all toxics on 'notification-service-proxy'
Setting proxy 'order-service-proxy' enabled=True
Cleared all toxics on 'order-service-proxy'
Setting proxy 'payment-service-proxy' enabled=True
Cleared all toxics on 'payment-service-proxy'
Setting proxy 'shared-db-service-proxy' enabled=True
Cleared all toxics on 'shared-db-service-proxy'
Saved run metrics to C:\Users\Lenovo\OneDrive\Desktop\capstone project\services\CascadeShield\data\master_dataset.csv

Progress: Run 126 of 162 (config 42/54, replicate 3/3)

============================================================
STARTING EXPERIMENT: Mode=full, Topology=linear, Fault=latency, Replicate=3
Config: {'failureRateThreshold': 70, 'slidingWindowSize': 5, 'waitDurationInOpenState': 30, 'slidingWindowType': 'TIME_BASED'}
============================================================
Updated .env with: {'failureRateThreshold': 70, 'slidingWindowSize': 5, 'waitDurationInOpenState': 30, 'slidingWindowType': 'TIME_BASED'}
Recreating Spring Boot containers to apply new configuration...
gateway-service is healthy!
notification-service is healthy!
Measuring pre-fault baseline...
Generating load: 20 requests to http://localhost:8080/api/v1/linear @ ~20 req/s (~1.0s dispatch)...
Load Results - Successes: 20, Failures: 0, Avg Latency: 453.86ms, Throughput: 6.41 TPS, Error Rate: 0.00%
Resetting all Toxiproxy proxies...
Setting proxy 'inventory-service-proxy' enabled=True
Cleared all toxics on 'inventory-service-proxy'
Setting proxy 'notification-service-proxy' enabled=True
Cleared all toxics on 'notification-service-proxy'
Setting proxy 'order-service-proxy' enabled=True
Cleared all toxics on 'order-service-proxy'
Setting proxy 'payment-service-proxy' enabled=True
Cleared all toxics on 'payment-service-proxy'
Setting proxy 'shared-db-service-proxy' enabled=True
Cleared all toxics on 'shared-db-service-proxy'
Cleared all toxics on 'inventory-service-proxy'
Injecting latency on 'inventory-service-proxy': 3000ms (toxicity=1.0)
Load plan (TIME_BASED): 450 requests over ~45s @ 10 req/s
Generating load: 450 requests to http://localhost:8080/api/v1/linear @ ~10 req/s (~45.0s dispatch)...
Load Results - Successes: 14, Failures: 436, Avg Latency: 118.50ms, Throughput: 0.29 TPS, Error Rate: 96.89%
Resetting all Toxiproxy proxies...
Setting proxy 'inventory-service-proxy' enabled=True
Cleared all toxics on 'inventory-service-proxy'
Setting proxy 'notification-service-proxy' enabled=True
Cleared all toxics on 'notification-service-proxy'
Setting proxy 'order-service-proxy' enabled=True
Cleared all toxics on 'order-service-proxy'
Setting proxy 'payment-service-proxy' enabled=True
Cleared all toxics on 'payment-service-proxy'
Setting proxy 'shared-db-service-proxy' enabled=True
Cleared all toxics on 'shared-db-service-proxy'
Saved run metrics to C:\Users\Lenovo\OneDrive\Desktop\capstone project\services\CascadeShield\data\master_dataset.csv

Progress: Run 127 of 162 (config 43/54, replicate 1/3)

============================================================
STARTING EXPERIMENT: Mode=full, Topology=linear, Fault=latency, Replicate=1
Config: {'failureRateThreshold': 70, 'slidingWindowSize': 10, 'waitDurationInOpenState': 5, 'slidingWindowType': 'COUNT_BASED'}
============================================================
Updated .env with: {'failureRateThreshold': 70, 'slidingWindowSize': 10, 'waitDurationInOpenState': 5, 'slidingWindowType': 'COUNT_BASED'}
Recreating Spring Boot containers to apply new configuration...
gateway-service is healthy!
notification-service is healthy!
Measuring pre-fault baseline...
Generating load: 20 requests to http://localhost:8080/api/v1/linear @ ~20 req/s (~1.0s dispatch)...
Load Results - Successes: 20, Failures: 0, Avg Latency: 381.24ms, Throughput: 7.54 TPS, Error Rate: 0.00%
Resetting all Toxiproxy proxies...
Setting proxy 'inventory-service-proxy' enabled=True
Cleared all toxics on 'inventory-service-proxy'
Setting proxy 'notification-service-proxy' enabled=True
Cleared all toxics on 'notification-service-proxy'
Setting proxy 'order-service-proxy' enabled=True
Cleared all toxics on 'order-service-proxy'
Setting proxy 'payment-service-proxy' enabled=True
Cleared all toxics on 'payment-service-proxy'
Setting proxy 'shared-db-service-proxy' enabled=True
Cleared all toxics on 'shared-db-service-proxy'
Cleared all toxics on 'inventory-service-proxy'
Injecting latency on 'inventory-service-proxy': 3000ms (toxicity=1.0)
Load plan (COUNT_BASED): 40 requests over ~4s @ 10 req/s
Generating load: 40 requests to http://localhost:8080/api/v1/linear @ ~10 req/s (~4.0s dispatch)...
Load Results - Successes: 11, Failures: 29, Avg Latency: 875.73ms, Throughput: 1.17 TPS, Error Rate: 72.50%
Resetting all Toxiproxy proxies...
Setting proxy 'inventory-service-proxy' enabled=True
Cleared all toxics on 'inventory-service-proxy'
Setting proxy 'notification-service-proxy' enabled=True
Cleared all toxics on 'notification-service-proxy'
Setting proxy 'order-service-proxy' enabled=True
Cleared all toxics on 'order-service-proxy'
Setting proxy 'payment-service-proxy' enabled=True
Cleared all toxics on 'payment-service-proxy'
Setting proxy 'shared-db-service-proxy' enabled=True
Cleared all toxics on 'shared-db-service-proxy'
Saved run metrics to C:\Users\Lenovo\OneDrive\Desktop\capstone project\services\CascadeShield\data\master_dataset.csv

Progress: Run 128 of 162 (config 43/54, replicate 2/3)

============================================================
STARTING EXPERIMENT: Mode=full, Topology=linear, Fault=latency, Replicate=2
Config: {'failureRateThreshold': 70, 'slidingWindowSize': 10, 'waitDurationInOpenState': 5, 'slidingWindowType': 'COUNT_BASED'}
============================================================
Updated .env with: {'failureRateThreshold': 70, 'slidingWindowSize': 10, 'waitDurationInOpenState': 5, 'slidingWindowType': 'COUNT_BASED'}
Recreating Spring Boot containers to apply new configuration...
notification-service is healthy!
gateway-service is healthy!
Measuring pre-fault baseline...
Generating load: 20 requests to http://localhost:8080/api/v1/linear @ ~20 req/s (~1.0s dispatch)...
Load Results - Successes: 20, Failures: 0, Avg Latency: 352.81ms, Throughput: 8.17 TPS, Error Rate: 0.00%
Resetting all Toxiproxy proxies...
Setting proxy 'inventory-service-proxy' enabled=True
Cleared all toxics on 'inventory-service-proxy'
Setting proxy 'notification-service-proxy' enabled=True
Cleared all toxics on 'notification-service-proxy'
Setting proxy 'order-service-proxy' enabled=True
Cleared all toxics on 'order-service-proxy'
Setting proxy 'payment-service-proxy' enabled=True
Cleared all toxics on 'payment-service-proxy'
Setting proxy 'shared-db-service-proxy' enabled=True
Cleared all toxics on 'shared-db-service-proxy'
Cleared all toxics on 'inventory-service-proxy'
Injecting latency on 'inventory-service-proxy': 3000ms (toxicity=1.0)
Load plan (COUNT_BASED): 40 requests over ~4s @ 10 req/s
Generating load: 40 requests to http://localhost:8080/api/v1/linear @ ~10 req/s (~4.0s dispatch)...
Load Results - Successes: 11, Failures: 29, Avg Latency: 877.39ms, Throughput: 1.17 TPS, Error Rate: 72.50%
Resetting all Toxiproxy proxies...
Setting proxy 'inventory-service-proxy' enabled=True
Cleared all toxics on 'inventory-service-proxy'
Setting proxy 'notification-service-proxy' enabled=True
Cleared all toxics on 'notification-service-proxy'
Setting proxy 'order-service-proxy' enabled=True
Cleared all toxics on 'order-service-proxy'
Setting proxy 'payment-service-proxy' enabled=True
Cleared all toxics on 'payment-service-proxy'
Setting proxy 'shared-db-service-proxy' enabled=True
Cleared all toxics on 'shared-db-service-proxy'
Saved run metrics to C:\Users\Lenovo\OneDrive\Desktop\capstone project\services\CascadeShield\data\master_dataset.csv

Progress: Run 129 of 162 (config 43/54, replicate 3/3)

============================================================
STARTING EXPERIMENT: Mode=full, Topology=linear, Fault=latency, Replicate=3
Config: {'failureRateThreshold': 70, 'slidingWindowSize': 10, 'waitDurationInOpenState': 5, 'slidingWindowType': 'COUNT_BASED'}
============================================================
Updated .env with: {'failureRateThreshold': 70, 'slidingWindowSize': 10, 'waitDurationInOpenState': 5, 'slidingWindowType': 'COUNT_BASED'}
Recreating Spring Boot containers to apply new configuration...
gateway-service is healthy!
notification-service is healthy!
Measuring pre-fault baseline...
Generating load: 20 requests to http://localhost:8080/api/v1/linear @ ~20 req/s (~1.0s dispatch)...
Load Results - Successes: 20, Failures: 0, Avg Latency: 352.40ms, Throughput: 8.18 TPS, Error Rate: 0.00%
Resetting all Toxiproxy proxies...
Setting proxy 'inventory-service-proxy' enabled=True
Cleared all toxics on 'inventory-service-proxy'
Setting proxy 'notification-service-proxy' enabled=True
Cleared all toxics on 'notification-service-proxy'
Setting proxy 'order-service-proxy' enabled=True
Cleared all toxics on 'order-service-proxy'
Setting proxy 'payment-service-proxy' enabled=True
Cleared all toxics on 'payment-service-proxy'
Setting proxy 'shared-db-service-proxy' enabled=True
Cleared all toxics on 'shared-db-service-proxy'
Cleared all toxics on 'inventory-service-proxy'
Injecting latency on 'inventory-service-proxy': 3000ms (toxicity=1.0)
Load plan (COUNT_BASED): 40 requests over ~4s @ 10 req/s
Generating load: 40 requests to http://localhost:8080/api/v1/linear @ ~10 req/s (~4.0s dispatch)...
Load Results - Successes: 11, Failures: 29, Avg Latency: 875.73ms, Throughput: 1.17 TPS, Error Rate: 72.50%
Resetting all Toxiproxy proxies...
Setting proxy 'inventory-service-proxy' enabled=True
Cleared all toxics on 'inventory-service-proxy'
Setting proxy 'notification-service-proxy' enabled=True
Cleared all toxics on 'notification-service-proxy'
Setting proxy 'order-service-proxy' enabled=True
Cleared all toxics on 'order-service-proxy'
Setting proxy 'payment-service-proxy' enabled=True
Cleared all toxics on 'payment-service-proxy'
Setting proxy 'shared-db-service-proxy' enabled=True
Cleared all toxics on 'shared-db-service-proxy'
Saved run metrics to C:\Users\Lenovo\OneDrive\Desktop\capstone project\services\CascadeShield\data\master_dataset.csv

Progress: Run 130 of 162 (config 44/54, replicate 1/3)

============================================================
STARTING EXPERIMENT: Mode=full, Topology=linear, Fault=latency, Replicate=1
Config: {'failureRateThreshold': 70, 'slidingWindowSize': 10, 'waitDurationInOpenState': 5, 'slidingWindowType': 'TIME_BASED'}
============================================================
Updated .env with: {'failureRateThreshold': 70, 'slidingWindowSize': 10, 'waitDurationInOpenState': 5, 'slidingWindowType': 'TIME_BASED'}
Recreating Spring Boot containers to apply new configuration...
gateway-service is healthy!
notification-service is healthy!
Measuring pre-fault baseline...
Generating load: 20 requests to http://localhost:8080/api/v1/linear @ ~20 req/s (~1.0s dispatch)...
Load Results - Successes: 20, Failures: 0, Avg Latency: 414.56ms, Throughput: 7.01 TPS, Error Rate: 0.00%
Resetting all Toxiproxy proxies...
Setting proxy 'inventory-service-proxy' enabled=True
Cleared all toxics on 'inventory-service-proxy'
Setting proxy 'notification-service-proxy' enabled=True
Cleared all toxics on 'notification-service-proxy'
Setting proxy 'order-service-proxy' enabled=True
Cleared all toxics on 'order-service-proxy'
Setting proxy 'payment-service-proxy' enabled=True
Cleared all toxics on 'payment-service-proxy'
Setting proxy 'shared-db-service-proxy' enabled=True
Cleared all toxics on 'shared-db-service-proxy'
Cleared all toxics on 'inventory-service-proxy'
Injecting latency on 'inventory-service-proxy': 3000ms (toxicity=1.0)
Load plan (TIME_BASED): 250 requests over ~25s @ 10 req/s
Generating load: 250 requests to http://localhost:8080/api/v1/linear @ ~10 req/s (~25.0s dispatch)...
Load Results - Successes: 25, Failures: 225, Avg Latency: 331.75ms, Throughput: 0.92 TPS, Error Rate: 90.00%
Resetting all Toxiproxy proxies...
Setting proxy 'inventory-service-proxy' enabled=True
Cleared all toxics on 'inventory-service-proxy'
Setting proxy 'notification-service-proxy' enabled=True
Cleared all toxics on 'notification-service-proxy'
Setting proxy 'order-service-proxy' enabled=True
Cleared all toxics on 'order-service-proxy'
Setting proxy 'payment-service-proxy' enabled=True
Cleared all toxics on 'payment-service-proxy'
Setting proxy 'shared-db-service-proxy' enabled=True
Cleared all toxics on 'shared-db-service-proxy'
Saved run metrics to C:\Users\Lenovo\OneDrive\Desktop\capstone project\services\CascadeShield\data\master_dataset.csv

Progress: Run 131 of 162 (config 44/54, replicate 2/3)

============================================================
STARTING EXPERIMENT: Mode=full, Topology=linear, Fault=latency, Replicate=2
Config: {'failureRateThreshold': 70, 'slidingWindowSize': 10, 'waitDurationInOpenState': 5, 'slidingWindowType': 'TIME_BASED'}
============================================================
Updated .env with: {'failureRateThreshold': 70, 'slidingWindowSize': 10, 'waitDurationInOpenState': 5, 'slidingWindowType': 'TIME_BASED'}
Recreating Spring Boot containers to apply new configuration...
notification-service is healthy!
gateway-service is healthy!
Measuring pre-fault baseline...
Generating load: 20 requests to http://localhost:8080/api/v1/linear @ ~20 req/s (~1.0s dispatch)...
Load Results - Successes: 20, Failures: 0, Avg Latency: 357.70ms, Throughput: 8.04 TPS, Error Rate: 0.00%
Resetting all Toxiproxy proxies...
Setting proxy 'inventory-service-proxy' enabled=True
Cleared all toxics on 'inventory-service-proxy'
Setting proxy 'notification-service-proxy' enabled=True
Cleared all toxics on 'notification-service-proxy'
Setting proxy 'order-service-proxy' enabled=True
Cleared all toxics on 'order-service-proxy'
Setting proxy 'payment-service-proxy' enabled=True
Cleared all toxics on 'payment-service-proxy'
Setting proxy 'shared-db-service-proxy' enabled=True
Cleared all toxics on 'shared-db-service-proxy'
Cleared all toxics on 'inventory-service-proxy'
Injecting latency on 'inventory-service-proxy': 3000ms (toxicity=1.0)
Load plan (TIME_BASED): 250 requests over ~25s @ 10 req/s
Generating load: 250 requests to http://localhost:8080/api/v1/linear @ ~10 req/s (~25.0s dispatch)...
Load Results - Successes: 25, Failures: 225, Avg Latency: 332.85ms, Throughput: 0.92 TPS, Error Rate: 90.00%
Resetting all Toxiproxy proxies...
Setting proxy 'inventory-service-proxy' enabled=True
Cleared all toxics on 'inventory-service-proxy'
Setting proxy 'notification-service-proxy' enabled=True
Cleared all toxics on 'notification-service-proxy'
Setting proxy 'order-service-proxy' enabled=True
Cleared all toxics on 'order-service-proxy'
Setting proxy 'payment-service-proxy' enabled=True
Cleared all toxics on 'payment-service-proxy'
Setting proxy 'shared-db-service-proxy' enabled=True
Cleared all toxics on 'shared-db-service-proxy'
Saved run metrics to C:\Users\Lenovo\OneDrive\Desktop\capstone project\services\CascadeShield\data\master_dataset.csv

Progress: Run 132 of 162 (config 44/54, replicate 3/3)

============================================================
STARTING EXPERIMENT: Mode=full, Topology=linear, Fault=latency, Replicate=3
Config: {'failureRateThreshold': 70, 'slidingWindowSize': 10, 'waitDurationInOpenState': 5, 'slidingWindowType': 'TIME_BASED'}
============================================================
Updated .env with: {'failureRateThreshold': 70, 'slidingWindowSize': 10, 'waitDurationInOpenState': 5, 'slidingWindowType': 'TIME_BASED'}
Recreating Spring Boot containers to apply new configuration...
notification-service is healthy!
gateway-service is healthy!
Measuring pre-fault baseline...
Generating load: 20 requests to http://localhost:8080/api/v1/linear @ ~20 req/s (~1.0s dispatch)...
Load Results - Successes: 20, Failures: 0, Avg Latency: 371.18ms, Throughput: 7.76 TPS, Error Rate: 0.00%
Resetting all Toxiproxy proxies...
Setting proxy 'inventory-service-proxy' enabled=True
Cleared all toxics on 'inventory-service-proxy'
Setting proxy 'notification-service-proxy' enabled=True
Cleared all toxics on 'notification-service-proxy'
Setting proxy 'order-service-proxy' enabled=True
Cleared all toxics on 'order-service-proxy'
Setting proxy 'payment-service-proxy' enabled=True
Cleared all toxics on 'payment-service-proxy'
Setting proxy 'shared-db-service-proxy' enabled=True
Cleared all toxics on 'shared-db-service-proxy'
Cleared all toxics on 'inventory-service-proxy'
Injecting latency on 'inventory-service-proxy': 3000ms (toxicity=1.0)
Load plan (TIME_BASED): 250 requests over ~25s @ 10 req/s
Generating load: 250 requests to http://localhost:8080/api/v1/linear @ ~10 req/s (~25.0s dispatch)...
Load Results - Successes: 25, Failures: 225, Avg Latency: 332.68ms, Throughput: 0.92 TPS, Error Rate: 90.00%
Resetting all Toxiproxy proxies...
Setting proxy 'inventory-service-proxy' enabled=True
Cleared all toxics on 'inventory-service-proxy'
Setting proxy 'notification-service-proxy' enabled=True
Cleared all toxics on 'notification-service-proxy'
Setting proxy 'order-service-proxy' enabled=True
Cleared all toxics on 'order-service-proxy'
Setting proxy 'payment-service-proxy' enabled=True
Cleared all toxics on 'payment-service-proxy'
Setting proxy 'shared-db-service-proxy' enabled=True
Cleared all toxics on 'shared-db-service-proxy'
Saved run metrics to C:\Users\Lenovo\OneDrive\Desktop\capstone project\services\CascadeShield\data\master_dataset.csv

Progress: Run 133 of 162 (config 45/54, replicate 1/3)

============================================================
STARTING EXPERIMENT: Mode=full, Topology=linear, Fault=latency, Replicate=1
Config: {'failureRateThreshold': 70, 'slidingWindowSize': 10, 'waitDurationInOpenState': 15, 'slidingWindowType': 'COUNT_BASED'}
============================================================
Updated .env with: {'failureRateThreshold': 70, 'slidingWindowSize': 10, 'waitDurationInOpenState': 15, 'slidingWindowType': 'COUNT_BASED'}
Recreating Spring Boot containers to apply new configuration...
notification-service is healthy!
gateway-service is healthy!
Measuring pre-fault baseline...
Generating load: 20 requests to http://localhost:8080/api/v1/linear @ ~20 req/s (~1.0s dispatch)...
Load Results - Successes: 20, Failures: 0, Avg Latency: 352.50ms, Throughput: 8.18 TPS, Error Rate: 0.00%
Resetting all Toxiproxy proxies...
Setting proxy 'inventory-service-proxy' enabled=True
Cleared all toxics on 'inventory-service-proxy'
Setting proxy 'notification-service-proxy' enabled=True
Cleared all toxics on 'notification-service-proxy'
Setting proxy 'order-service-proxy' enabled=True
Cleared all toxics on 'order-service-proxy'
Setting proxy 'payment-service-proxy' enabled=True
Cleared all toxics on 'payment-service-proxy'
Setting proxy 'shared-db-service-proxy' enabled=True
Cleared all toxics on 'shared-db-service-proxy'
Cleared all toxics on 'inventory-service-proxy'
Injecting latency on 'inventory-service-proxy': 3000ms (toxicity=1.0)
Load plan (COUNT_BASED): 40 requests over ~4s @ 10 req/s
Generating load: 40 requests to http://localhost:8080/api/v1/linear @ ~10 req/s (~4.0s dispatch)...
Load Results - Successes: 11, Failures: 29, Avg Latency: 875.36ms, Throughput: 1.18 TPS, Error Rate: 72.50%
Resetting all Toxiproxy proxies...
Setting proxy 'inventory-service-proxy' enabled=True
Cleared all toxics on 'inventory-service-proxy'
Setting proxy 'notification-service-proxy' enabled=True
Cleared all toxics on 'notification-service-proxy'
Setting proxy 'order-service-proxy' enabled=True
Cleared all toxics on 'order-service-proxy'
Setting proxy 'payment-service-proxy' enabled=True
Cleared all toxics on 'payment-service-proxy'
Setting proxy 'shared-db-service-proxy' enabled=True
Cleared all toxics on 'shared-db-service-proxy'
Saved run metrics to C:\Users\Lenovo\OneDrive\Desktop\capstone project\services\CascadeShield\data\master_dataset.csv

Progress: Run 134 of 162 (config 45/54, replicate 2/3)

============================================================
STARTING EXPERIMENT: Mode=full, Topology=linear, Fault=latency, Replicate=2
Config: {'failureRateThreshold': 70, 'slidingWindowSize': 10, 'waitDurationInOpenState': 15, 'slidingWindowType': 'COUNT_BASED'}
============================================================
Updated .env with: {'failureRateThreshold': 70, 'slidingWindowSize': 10, 'waitDurationInOpenState': 15, 'slidingWindowType': 'COUNT_BASED'}
Recreating Spring Boot containers to apply new configuration...
notification-service is healthy!
gateway-service is healthy!
Measuring pre-fault baseline...
Generating load: 20 requests to http://localhost:8080/api/v1/linear @ ~20 req/s (~1.0s dispatch)...
Load Results - Successes: 20, Failures: 0, Avg Latency: 314.05ms, Throughput: 9.08 TPS, Error Rate: 0.00%
Resetting all Toxiproxy proxies...
Setting proxy 'inventory-service-proxy' enabled=True
Cleared all toxics on 'inventory-service-proxy'
Setting proxy 'notification-service-proxy' enabled=True
Cleared all toxics on 'notification-service-proxy'
Setting proxy 'order-service-proxy' enabled=True
Cleared all toxics on 'order-service-proxy'
Setting proxy 'payment-service-proxy' enabled=True
Cleared all toxics on 'payment-service-proxy'
Setting proxy 'shared-db-service-proxy' enabled=True
Cleared all toxics on 'shared-db-service-proxy'
Cleared all toxics on 'inventory-service-proxy'
Injecting latency on 'inventory-service-proxy': 3000ms (toxicity=1.0)
Load plan (COUNT_BASED): 40 requests over ~4s @ 10 req/s
Generating load: 40 requests to http://localhost:8080/api/v1/linear @ ~10 req/s (~4.0s dispatch)...
Load Results - Successes: 11, Failures: 29, Avg Latency: 873.17ms, Throughput: 1.18 TPS, Error Rate: 72.50%
Resetting all Toxiproxy proxies...
Setting proxy 'inventory-service-proxy' enabled=True
Cleared all toxics on 'inventory-service-proxy'
Setting proxy 'notification-service-proxy' enabled=True
Cleared all toxics on 'notification-service-proxy'
Setting proxy 'order-service-proxy' enabled=True
Cleared all toxics on 'order-service-proxy'
Setting proxy 'payment-service-proxy' enabled=True
Cleared all toxics on 'payment-service-proxy'
Setting proxy 'shared-db-service-proxy' enabled=True
Cleared all toxics on 'shared-db-service-proxy'
Saved run metrics to C:\Users\Lenovo\OneDrive\Desktop\capstone project\services\CascadeShield\data\master_dataset.csv

Progress: Run 135 of 162 (config 45/54, replicate 3/3)

============================================================
STARTING EXPERIMENT: Mode=full, Topology=linear, Fault=latency, Replicate=3
Config: {'failureRateThreshold': 70, 'slidingWindowSize': 10, 'waitDurationInOpenState': 15, 'slidingWindowType': 'COUNT_BASED'}
============================================================
Updated .env with: {'failureRateThreshold': 70, 'slidingWindowSize': 10, 'waitDurationInOpenState': 15, 'slidingWindowType': 'COUNT_BASED'}
Recreating Spring Boot containers to apply new configuration...
notification-service is healthy!
gateway-service is healthy!
Measuring pre-fault baseline...
Generating load: 20 requests to http://localhost:8080/api/v1/linear @ ~20 req/s (~1.0s dispatch)...
Load Results - Successes: 20, Failures: 0, Avg Latency: 424.67ms, Throughput: 6.83 TPS, Error Rate: 0.00%
Resetting all Toxiproxy proxies...
Setting proxy 'inventory-service-proxy' enabled=True
Cleared all toxics on 'inventory-service-proxy'
Setting proxy 'notification-service-proxy' enabled=True
Cleared all toxics on 'notification-service-proxy'
Setting proxy 'order-service-proxy' enabled=True
Cleared all toxics on 'order-service-proxy'
Setting proxy 'payment-service-proxy' enabled=True
Cleared all toxics on 'payment-service-proxy'
Setting proxy 'shared-db-service-proxy' enabled=True
Cleared all toxics on 'shared-db-service-proxy'
Cleared all toxics on 'inventory-service-proxy'
Injecting latency on 'inventory-service-proxy': 3000ms (toxicity=1.0)
Load plan (COUNT_BASED): 40 requests over ~4s @ 10 req/s
Generating load: 40 requests to http://localhost:8080/api/v1/linear @ ~10 req/s (~4.0s dispatch)...
Load Results - Successes: 11, Failures: 29, Avg Latency: 874.00ms, Throughput: 1.17 TPS, Error Rate: 72.50%
Resetting all Toxiproxy proxies...
Setting proxy 'inventory-service-proxy' enabled=True
Cleared all toxics on 'inventory-service-proxy'
Setting proxy 'notification-service-proxy' enabled=True
Cleared all toxics on 'notification-service-proxy'
Setting proxy 'order-service-proxy' enabled=True
Cleared all toxics on 'order-service-proxy'
Setting proxy 'payment-service-proxy' enabled=True
Cleared all toxics on 'payment-service-proxy'
Setting proxy 'shared-db-service-proxy' enabled=True
Cleared all toxics on 'shared-db-service-proxy'
Saved run metrics to C:\Users\Lenovo\OneDrive\Desktop\capstone project\services\CascadeShield\data\master_dataset.csv

Progress: Run 136 of 162 (config 46/54, replicate 1/3)

============================================================
STARTING EXPERIMENT: Mode=full, Topology=linear, Fault=latency, Replicate=1
Config: {'failureRateThreshold': 70, 'slidingWindowSize': 10, 'waitDurationInOpenState': 15, 'slidingWindowType': 'TIME_BASED'}
============================================================
Updated .env with: {'failureRateThreshold': 70, 'slidingWindowSize': 10, 'waitDurationInOpenState': 15, 'slidingWindowType': 'TIME_BASED'}
Recreating Spring Boot containers to apply new configuration...
gateway-service is healthy!
notification-service is healthy!
Measuring pre-fault baseline...
Generating load: 20 requests to http://localhost:8080/api/v1/linear @ ~20 req/s (~1.0s dispatch)...
Load Results - Successes: 20, Failures: 0, Avg Latency: 395.87ms, Throughput: 7.35 TPS, Error Rate: 0.00%
Resetting all Toxiproxy proxies...
Setting proxy 'inventory-service-proxy' enabled=True
Cleared all toxics on 'inventory-service-proxy'
Setting proxy 'notification-service-proxy' enabled=True
Cleared all toxics on 'notification-service-proxy'
Setting proxy 'order-service-proxy' enabled=True
Cleared all toxics on 'order-service-proxy'
Setting proxy 'payment-service-proxy' enabled=True
Cleared all toxics on 'payment-service-proxy'
Setting proxy 'shared-db-service-proxy' enabled=True
Cleared all toxics on 'shared-db-service-proxy'
Cleared all toxics on 'inventory-service-proxy'
Injecting latency on 'inventory-service-proxy': 3000ms (toxicity=1.0)
Load plan (TIME_BASED): 350 requests over ~35s @ 10 req/s
Generating load: 350 requests to http://localhost:8080/api/v1/linear @ ~10 req/s (~35.0s dispatch)...
Load Results - Successes: 20, Failures: 330, Avg Latency: 198.51ms, Throughput: 0.52 TPS, Error Rate: 94.29%
Resetting all Toxiproxy proxies...
Setting proxy 'inventory-service-proxy' enabled=True
Cleared all toxics on 'inventory-service-proxy'
Setting proxy 'notification-service-proxy' enabled=True
Cleared all toxics on 'notification-service-proxy'
Setting proxy 'order-service-proxy' enabled=True
Cleared all toxics on 'order-service-proxy'
Setting proxy 'payment-service-proxy' enabled=True
Cleared all toxics on 'payment-service-proxy'
Setting proxy 'shared-db-service-proxy' enabled=True
Cleared all toxics on 'shared-db-service-proxy'
Saved run metrics to C:\Users\Lenovo\OneDrive\Desktop\capstone project\services\CascadeShield\data\master_dataset.csv

Progress: Run 137 of 162 (config 46/54, replicate 2/3)

============================================================
STARTING EXPERIMENT: Mode=full, Topology=linear, Fault=latency, Replicate=2
Config: {'failureRateThreshold': 70, 'slidingWindowSize': 10, 'waitDurationInOpenState': 15, 'slidingWindowType': 'TIME_BASED'}
============================================================
Updated .env with: {'failureRateThreshold': 70, 'slidingWindowSize': 10, 'waitDurationInOpenState': 15, 'slidingWindowType': 'TIME_BASED'}
Recreating Spring Boot containers to apply new configuration...
gateway-service is healthy!
notification-service is healthy!
Measuring pre-fault baseline...
Generating load: 20 requests to http://localhost:8080/api/v1/linear @ ~20 req/s (~1.0s dispatch)...
Load Results - Successes: 20, Failures: 0, Avg Latency: 470.97ms, Throughput: 6.17 TPS, Error Rate: 0.00%
Resetting all Toxiproxy proxies...
Setting proxy 'inventory-service-proxy' enabled=True
Cleared all toxics on 'inventory-service-proxy'
Setting proxy 'notification-service-proxy' enabled=True
Cleared all toxics on 'notification-service-proxy'
Setting proxy 'order-service-proxy' enabled=True
Cleared all toxics on 'order-service-proxy'
Setting proxy 'payment-service-proxy' enabled=True
Cleared all toxics on 'payment-service-proxy'
Setting proxy 'shared-db-service-proxy' enabled=True
Cleared all toxics on 'shared-db-service-proxy'
Cleared all toxics on 'inventory-service-proxy'
Injecting latency on 'inventory-service-proxy': 3000ms (toxicity=1.0)
Load plan (TIME_BASED): 350 requests over ~35s @ 10 req/s
Generating load: 350 requests to http://localhost:8080/api/v1/linear @ ~10 req/s (~35.0s dispatch)...
Load Results - Successes: 20, Failures: 330, Avg Latency: 199.46ms, Throughput: 0.52 TPS, Error Rate: 94.29%
Resetting all Toxiproxy proxies...
Setting proxy 'inventory-service-proxy' enabled=True
Cleared all toxics on 'inventory-service-proxy'
Setting proxy 'notification-service-proxy' enabled=True
Cleared all toxics on 'notification-service-proxy'
Setting proxy 'order-service-proxy' enabled=True
Cleared all toxics on 'order-service-proxy'
Setting proxy 'payment-service-proxy' enabled=True
Cleared all toxics on 'payment-service-proxy'
Setting proxy 'shared-db-service-proxy' enabled=True
Cleared all toxics on 'shared-db-service-proxy'
Saved run metrics to C:\Users\Lenovo\OneDrive\Desktop\capstone project\services\CascadeShield\data\master_dataset.csv

Progress: Run 138 of 162 (config 46/54, replicate 3/3)

============================================================
STARTING EXPERIMENT: Mode=full, Topology=linear, Fault=latency, Replicate=3
Config: {'failureRateThreshold': 70, 'slidingWindowSize': 10, 'waitDurationInOpenState': 15, 'slidingWindowType': 'TIME_BASED'}
============================================================
Updated .env with: {'failureRateThreshold': 70, 'slidingWindowSize': 10, 'waitDurationInOpenState': 15, 'slidingWindowType': 'TIME_BASED'}
Recreating Spring Boot containers to apply new configuration...
gateway-service is healthy!
notification-service is healthy!
Measuring pre-fault baseline...
Generating load: 20 requests to http://localhost:8080/api/v1/linear @ ~20 req/s (~1.0s dispatch)...
Load Results - Successes: 20, Failures: 0, Avg Latency: 358.39ms, Throughput: 8.03 TPS, Error Rate: 0.00%
Resetting all Toxiproxy proxies...
Setting proxy 'inventory-service-proxy' enabled=True
Cleared all toxics on 'inventory-service-proxy'
Setting proxy 'notification-service-proxy' enabled=True
Cleared all toxics on 'notification-service-proxy'
Setting proxy 'order-service-proxy' enabled=True
Cleared all toxics on 'order-service-proxy'
Setting proxy 'payment-service-proxy' enabled=True
Cleared all toxics on 'payment-service-proxy'
Setting proxy 'shared-db-service-proxy' enabled=True
Cleared all toxics on 'shared-db-service-proxy'
Cleared all toxics on 'inventory-service-proxy'
Injecting latency on 'inventory-service-proxy': 3000ms (toxicity=1.0)
Load plan (TIME_BASED): 350 requests over ~35s @ 10 req/s
Generating load: 350 requests to http://localhost:8080/api/v1/linear @ ~10 req/s (~35.0s dispatch)...
Load Results - Successes: 20, Failures: 330, Avg Latency: 200.00ms, Throughput: 0.52 TPS, Error Rate: 94.29%
Resetting all Toxiproxy proxies...
Setting proxy 'inventory-service-proxy' enabled=True
Cleared all toxics on 'inventory-service-proxy'
Setting proxy 'notification-service-proxy' enabled=True
Cleared all toxics on 'notification-service-proxy'
Setting proxy 'order-service-proxy' enabled=True
Cleared all toxics on 'order-service-proxy'
Setting proxy 'payment-service-proxy' enabled=True
Cleared all toxics on 'payment-service-proxy'
Setting proxy 'shared-db-service-proxy' enabled=True
Cleared all toxics on 'shared-db-service-proxy'
Saved run metrics to C:\Users\Lenovo\OneDrive\Desktop\capstone project\services\CascadeShield\data\master_dataset.csv

Progress: Run 139 of 162 (config 47/54, replicate 1/3)

============================================================
STARTING EXPERIMENT: Mode=full, Topology=linear, Fault=latency, Replicate=1
Config: {'failureRateThreshold': 70, 'slidingWindowSize': 10, 'waitDurationInOpenState': 30, 'slidingWindowType': 'COUNT_BASED'}
============================================================
Updated .env with: {'failureRateThreshold': 70, 'slidingWindowSize': 10, 'waitDurationInOpenState': 30, 'slidingWindowType': 'COUNT_BASED'}
Recreating Spring Boot containers to apply new configuration...
gateway-service is healthy!
notification-service is healthy!
Measuring pre-fault baseline...
Generating load: 20 requests to http://localhost:8080/api/v1/linear @ ~20 req/s (~1.0s dispatch)...
Load Results - Successes: 20, Failures: 0, Avg Latency: 328.02ms, Throughput: 8.72 TPS, Error Rate: 0.00%
Resetting all Toxiproxy proxies...
Setting proxy 'inventory-service-proxy' enabled=True
Cleared all toxics on 'inventory-service-proxy'
Setting proxy 'notification-service-proxy' enabled=True
Cleared all toxics on 'notification-service-proxy'
Setting proxy 'order-service-proxy' enabled=True
Cleared all toxics on 'order-service-proxy'
Setting proxy 'payment-service-proxy' enabled=True
Cleared all toxics on 'payment-service-proxy'
Setting proxy 'shared-db-service-proxy' enabled=True
Cleared all toxics on 'shared-db-service-proxy'
Cleared all toxics on 'inventory-service-proxy'
Injecting latency on 'inventory-service-proxy': 3000ms (toxicity=1.0)
Load plan (COUNT_BASED): 40 requests over ~4s @ 10 req/s
Generating load: 40 requests to http://localhost:8080/api/v1/linear @ ~10 req/s (~4.0s dispatch)...
Load Results - Successes: 11, Failures: 29, Avg Latency: 883.67ms, Throughput: 1.16 TPS, Error Rate: 72.50%
Resetting all Toxiproxy proxies...
Setting proxy 'inventory-service-proxy' enabled=True
Cleared all toxics on 'inventory-service-proxy'
Setting proxy 'notification-service-proxy' enabled=True
Cleared all toxics on 'notification-service-proxy'
Setting proxy 'order-service-proxy' enabled=True
Cleared all toxics on 'order-service-proxy'
Setting proxy 'payment-service-proxy' enabled=True
Cleared all toxics on 'payment-service-proxy'
Setting proxy 'shared-db-service-proxy' enabled=True
Cleared all toxics on 'shared-db-service-proxy'
Saved run metrics to C:\Users\Lenovo\OneDrive\Desktop\capstone project\services\CascadeShield\data\master_dataset.csv

Progress: Run 140 of 162 (config 47/54, replicate 2/3)

============================================================
STARTING EXPERIMENT: Mode=full, Topology=linear, Fault=latency, Replicate=2
Config: {'failureRateThreshold': 70, 'slidingWindowSize': 10, 'waitDurationInOpenState': 30, 'slidingWindowType': 'COUNT_BASED'}
============================================================
Updated .env with: {'failureRateThreshold': 70, 'slidingWindowSize': 10, 'waitDurationInOpenState': 30, 'slidingWindowType': 'COUNT_BASED'}
Recreating Spring Boot containers to apply new configuration...
notification-service is healthy!
gateway-service is healthy!
Measuring pre-fault baseline...
Generating load: 20 requests to http://localhost:8080/api/v1/linear @ ~20 req/s (~1.0s dispatch)...
Load Results - Successes: 20, Failures: 0, Avg Latency: 326.81ms, Throughput: 8.78 TPS, Error Rate: 0.00%
Resetting all Toxiproxy proxies...
Setting proxy 'inventory-service-proxy' enabled=True
Cleared all toxics on 'inventory-service-proxy'
Setting proxy 'notification-service-proxy' enabled=True
Cleared all toxics on 'notification-service-proxy'
Setting proxy 'order-service-proxy' enabled=True
Cleared all toxics on 'order-service-proxy'
Setting proxy 'payment-service-proxy' enabled=True
Cleared all toxics on 'payment-service-proxy'
Setting proxy 'shared-db-service-proxy' enabled=True
Cleared all toxics on 'shared-db-service-proxy'
Cleared all toxics on 'inventory-service-proxy'
Injecting latency on 'inventory-service-proxy': 3000ms (toxicity=1.0)
Load plan (COUNT_BASED): 40 requests over ~4s @ 10 req/s
Generating load: 40 requests to http://localhost:8080/api/v1/linear @ ~10 req/s (~4.0s dispatch)...
Load Results - Successes: 11, Failures: 29, Avg Latency: 873.72ms, Throughput: 1.17 TPS, Error Rate: 72.50%
Resetting all Toxiproxy proxies...
Setting proxy 'inventory-service-proxy' enabled=True
Cleared all toxics on 'inventory-service-proxy'
Setting proxy 'notification-service-proxy' enabled=True
Cleared all toxics on 'notification-service-proxy'
Setting proxy 'order-service-proxy' enabled=True
Cleared all toxics on 'order-service-proxy'
Setting proxy 'payment-service-proxy' enabled=True
Cleared all toxics on 'payment-service-proxy'
Setting proxy 'shared-db-service-proxy' enabled=True
Cleared all toxics on 'shared-db-service-proxy'
Saved run metrics to C:\Users\Lenovo\OneDrive\Desktop\capstone project\services\CascadeShield\data\master_dataset.csv

Progress: Run 141 of 162 (config 47/54, replicate 3/3)

============================================================
STARTING EXPERIMENT: Mode=full, Topology=linear, Fault=latency, Replicate=3
Config: {'failureRateThreshold': 70, 'slidingWindowSize': 10, 'waitDurationInOpenState': 30, 'slidingWindowType': 'COUNT_BASED'}
============================================================
Updated .env with: {'failureRateThreshold': 70, 'slidingWindowSize': 10, 'waitDurationInOpenState': 30, 'slidingWindowType': 'COUNT_BASED'}
Recreating Spring Boot containers to apply new configuration...
notification-service is healthy!
gateway-service is healthy!
Measuring pre-fault baseline...
Generating load: 20 requests to http://localhost:8080/api/v1/linear @ ~20 req/s (~1.0s dispatch)...
Load Results - Successes: 20, Failures: 0, Avg Latency: 311.55ms, Throughput: 9.18 TPS, Error Rate: 0.00%
Resetting all Toxiproxy proxies...
Setting proxy 'inventory-service-proxy' enabled=True
Cleared all toxics on 'inventory-service-proxy'
Setting proxy 'notification-service-proxy' enabled=True
Cleared all toxics on 'notification-service-proxy'
Setting proxy 'order-service-proxy' enabled=True
Cleared all toxics on 'order-service-proxy'
Setting proxy 'payment-service-proxy' enabled=True
Cleared all toxics on 'payment-service-proxy'
Setting proxy 'shared-db-service-proxy' enabled=True
Cleared all toxics on 'shared-db-service-proxy'
Cleared all toxics on 'inventory-service-proxy'
Injecting latency on 'inventory-service-proxy': 3000ms (toxicity=1.0)
Load plan (COUNT_BASED): 40 requests over ~4s @ 10 req/s
Generating load: 40 requests to http://localhost:8080/api/v1/linear @ ~10 req/s (~4.0s dispatch)...
Load Results - Successes: 11, Failures: 29, Avg Latency: 876.15ms, Throughput: 1.17 TPS, Error Rate: 72.50%
Resetting all Toxiproxy proxies...
Setting proxy 'inventory-service-proxy' enabled=True
Cleared all toxics on 'inventory-service-proxy'
Setting proxy 'notification-service-proxy' enabled=True
Cleared all toxics on 'notification-service-proxy'
Setting proxy 'order-service-proxy' enabled=True
Cleared all toxics on 'order-service-proxy'
Setting proxy 'payment-service-proxy' enabled=True
Cleared all toxics on 'payment-service-proxy'
Setting proxy 'shared-db-service-proxy' enabled=True
Cleared all toxics on 'shared-db-service-proxy'
Saved run metrics to C:\Users\Lenovo\OneDrive\Desktop\capstone project\services\CascadeShield\data\master_dataset.csv

Progress: Run 142 of 162 (config 48/54, replicate 1/3)

============================================================
STARTING EXPERIMENT: Mode=full, Topology=linear, Fault=latency, Replicate=1
Config: {'failureRateThreshold': 70, 'slidingWindowSize': 10, 'waitDurationInOpenState': 30, 'slidingWindowType': 'TIME_BASED'}
============================================================
Updated .env with: {'failureRateThreshold': 70, 'slidingWindowSize': 10, 'waitDurationInOpenState': 30, 'slidingWindowType': 'TIME_BASED'}
Recreating Spring Boot containers to apply new configuration...
gateway-service is healthy!
notification-service is healthy!
Measuring pre-fault baseline...
Generating load: 20 requests to http://localhost:8080/api/v1/linear @ ~20 req/s (~1.0s dispatch)...
Load Results - Successes: 20, Failures: 0, Avg Latency: 617.57ms, Throughput: 4.75 TPS, Error Rate: 0.00%
Resetting all Toxiproxy proxies...
Setting proxy 'inventory-service-proxy' enabled=True
Cleared all toxics on 'inventory-service-proxy'
Setting proxy 'notification-service-proxy' enabled=True
Cleared all toxics on 'notification-service-proxy'
Setting proxy 'order-service-proxy' enabled=True
Cleared all toxics on 'order-service-proxy'
Setting proxy 'payment-service-proxy' enabled=True
Cleared all toxics on 'payment-service-proxy'
Setting proxy 'shared-db-service-proxy' enabled=True
Cleared all toxics on 'shared-db-service-proxy'
Cleared all toxics on 'inventory-service-proxy'
Injecting latency on 'inventory-service-proxy': 3000ms (toxicity=1.0)
Load plan (TIME_BASED): 500 requests over ~50s @ 10 req/s
Generating load: 500 requests to http://localhost:8080/api/v1/linear @ ~10 req/s (~50.0s dispatch)...
Load Results - Successes: 20, Failures: 480, Avg Latency: 144.65ms, Throughput: 0.37 TPS, Error Rate: 96.00%
Resetting all Toxiproxy proxies...
Setting proxy 'inventory-service-proxy' enabled=True
Cleared all toxics on 'inventory-service-proxy'
Setting proxy 'notification-service-proxy' enabled=True
Cleared all toxics on 'notification-service-proxy'
Setting proxy 'order-service-proxy' enabled=True
Cleared all toxics on 'order-service-proxy'
Setting proxy 'payment-service-proxy' enabled=True
Cleared all toxics on 'payment-service-proxy'
Setting proxy 'shared-db-service-proxy' enabled=True
Cleared all toxics on 'shared-db-service-proxy'
Saved run metrics to C:\Users\Lenovo\OneDrive\Desktop\capstone project\services\CascadeShield\data\master_dataset.csv

Progress: Run 143 of 162 (config 48/54, replicate 2/3)

============================================================
STARTING EXPERIMENT: Mode=full, Topology=linear, Fault=latency, Replicate=2
Config: {'failureRateThreshold': 70, 'slidingWindowSize': 10, 'waitDurationInOpenState': 30, 'slidingWindowType': 'TIME_BASED'}
============================================================
Updated .env with: {'failureRateThreshold': 70, 'slidingWindowSize': 10, 'waitDurationInOpenState': 30, 'slidingWindowType': 'TIME_BASED'}
Recreating Spring Boot containers to apply new configuration...
gateway-service is healthy!
notification-service is healthy!
Measuring pre-fault baseline...
Generating load: 20 requests to http://localhost:8080/api/v1/linear @ ~20 req/s (~1.0s dispatch)...
Load Results - Successes: 20, Failures: 0, Avg Latency: 376.28ms, Throughput: 7.67 TPS, Error Rate: 0.00%
Resetting all Toxiproxy proxies...
Setting proxy 'inventory-service-proxy' enabled=True
Cleared all toxics on 'inventory-service-proxy'
Setting proxy 'notification-service-proxy' enabled=True
Cleared all toxics on 'notification-service-proxy'
Setting proxy 'order-service-proxy' enabled=True
Cleared all toxics on 'order-service-proxy'
Setting proxy 'payment-service-proxy' enabled=True
Cleared all toxics on 'payment-service-proxy'
Setting proxy 'shared-db-service-proxy' enabled=True
Cleared all toxics on 'shared-db-service-proxy'
Cleared all toxics on 'inventory-service-proxy'
Injecting latency on 'inventory-service-proxy': 3000ms (toxicity=1.0)
Load plan (TIME_BASED): 500 requests over ~50s @ 10 req/s
Generating load: 500 requests to http://localhost:8080/api/v1/linear @ ~10 req/s (~50.0s dispatch)...
Load Results - Successes: 20, Failures: 480, Avg Latency: 145.90ms, Throughput: 0.37 TPS, Error Rate: 96.00%
Resetting all Toxiproxy proxies...
Setting proxy 'inventory-service-proxy' enabled=True
Cleared all toxics on 'inventory-service-proxy'
Setting proxy 'notification-service-proxy' enabled=True
Cleared all toxics on 'notification-service-proxy'
Setting proxy 'order-service-proxy' enabled=True
Cleared all toxics on 'order-service-proxy'
Setting proxy 'payment-service-proxy' enabled=True
Cleared all toxics on 'payment-service-proxy'
Setting proxy 'shared-db-service-proxy' enabled=True
Cleared all toxics on 'shared-db-service-proxy'
Saved run metrics to C:\Users\Lenovo\OneDrive\Desktop\capstone project\services\CascadeShield\data\master_dataset.csv

Progress: Run 144 of 162 (config 48/54, replicate 3/3)

============================================================
STARTING EXPERIMENT: Mode=full, Topology=linear, Fault=latency, Replicate=3
Config: {'failureRateThreshold': 70, 'slidingWindowSize': 10, 'waitDurationInOpenState': 30, 'slidingWindowType': 'TIME_BASED'}
============================================================
Updated .env with: {'failureRateThreshold': 70, 'slidingWindowSize': 10, 'waitDurationInOpenState': 30, 'slidingWindowType': 'TIME_BASED'}
Recreating Spring Boot containers to apply new configuration...
gateway-service is healthy!
notification-service is healthy!
Measuring pre-fault baseline...
Generating load: 20 requests to http://localhost:8080/api/v1/linear @ ~20 req/s (~1.0s dispatch)...
Load Results - Successes: 20, Failures: 0, Avg Latency: 428.84ms, Throughput: 6.78 TPS, Error Rate: 0.00%
Resetting all Toxiproxy proxies...
Setting proxy 'inventory-service-proxy' enabled=True
Cleared all toxics on 'inventory-service-proxy'
Setting proxy 'notification-service-proxy' enabled=True
Cleared all toxics on 'notification-service-proxy'
Setting proxy 'order-service-proxy' enabled=True
Cleared all toxics on 'order-service-proxy'
Setting proxy 'payment-service-proxy' enabled=True
Cleared all toxics on 'payment-service-proxy'
Setting proxy 'shared-db-service-proxy' enabled=True
Cleared all toxics on 'shared-db-service-proxy'
Cleared all toxics on 'inventory-service-proxy'
Injecting latency on 'inventory-service-proxy': 3000ms (toxicity=1.0)
Load plan (TIME_BASED): 500 requests over ~50s @ 10 req/s
Generating load: 500 requests to http://localhost:8080/api/v1/linear @ ~10 req/s (~50.0s dispatch)...
Load Results - Successes: 20, Failures: 480, Avg Latency: 145.30ms, Throughput: 0.37 TPS, Error Rate: 96.00%
Resetting all Toxiproxy proxies...
Setting proxy 'inventory-service-proxy' enabled=True
Cleared all toxics on 'inventory-service-proxy'
Setting proxy 'notification-service-proxy' enabled=True
Cleared all toxics on 'notification-service-proxy'
Setting proxy 'order-service-proxy' enabled=True
Cleared all toxics on 'order-service-proxy'
Setting proxy 'payment-service-proxy' enabled=True
Cleared all toxics on 'payment-service-proxy'
Setting proxy 'shared-db-service-proxy' enabled=True
Cleared all toxics on 'shared-db-service-proxy'
Saved run metrics to C:\Users\Lenovo\OneDrive\Desktop\capstone project\services\CascadeShield\data\master_dataset.csv

Progress: Run 145 of 162 (config 49/54, replicate 1/3)

============================================================
STARTING EXPERIMENT: Mode=full, Topology=linear, Fault=latency, Replicate=1
Config: {'failureRateThreshold': 70, 'slidingWindowSize': 20, 'waitDurationInOpenState': 5, 'slidingWindowType': 'COUNT_BASED'}
============================================================
Updated .env with: {'failureRateThreshold': 70, 'slidingWindowSize': 20, 'waitDurationInOpenState': 5, 'slidingWindowType': 'COUNT_BASED'}
Recreating Spring Boot containers to apply new configuration...
notification-service is healthy!
gateway-service is healthy!
Measuring pre-fault baseline...
Generating load: 20 requests to http://localhost:8080/api/v1/linear @ ~20 req/s (~1.0s dispatch)...
Load Results - Successes: 20, Failures: 0, Avg Latency: 325.92ms, Throughput: 8.82 TPS, Error Rate: 0.00%
Resetting all Toxiproxy proxies...
Setting proxy 'inventory-service-proxy' enabled=True
Cleared all toxics on 'inventory-service-proxy'
Setting proxy 'notification-service-proxy' enabled=True
Cleared all toxics on 'notification-service-proxy'
Setting proxy 'order-service-proxy' enabled=True
Cleared all toxics on 'order-service-proxy'
Setting proxy 'payment-service-proxy' enabled=True
Cleared all toxics on 'payment-service-proxy'
Setting proxy 'shared-db-service-proxy' enabled=True
Cleared all toxics on 'shared-db-service-proxy'
Cleared all toxics on 'inventory-service-proxy'
Injecting latency on 'inventory-service-proxy': 3000ms (toxicity=1.0)
Load plan (COUNT_BASED): 60 requests over ~6s @ 10 req/s
Generating load: 60 requests to http://localhost:8080/api/v1/linear @ ~10 req/s (~6.0s dispatch)...
Load Results - Successes: 18, Failures: 42, Avg Latency: 951.75ms, Throughput: 1.42 TPS, Error Rate: 70.00%
Resetting all Toxiproxy proxies...
Setting proxy 'inventory-service-proxy' enabled=True
Cleared all toxics on 'inventory-service-proxy'
Setting proxy 'notification-service-proxy' enabled=True
Cleared all toxics on 'notification-service-proxy'
Setting proxy 'order-service-proxy' enabled=True
Cleared all toxics on 'order-service-proxy'
Setting proxy 'payment-service-proxy' enabled=True
Cleared all toxics on 'payment-service-proxy'
Setting proxy 'shared-db-service-proxy' enabled=True
Cleared all toxics on 'shared-db-service-proxy'
Saved run metrics to C:\Users\Lenovo\OneDrive\Desktop\capstone project\services\CascadeShield\data\master_dataset.csv

Progress: Run 146 of 162 (config 49/54, replicate 2/3)

============================================================
STARTING EXPERIMENT: Mode=full, Topology=linear, Fault=latency, Replicate=2
Config: {'failureRateThreshold': 70, 'slidingWindowSize': 20, 'waitDurationInOpenState': 5, 'slidingWindowType': 'COUNT_BASED'}
============================================================
Updated .env with: {'failureRateThreshold': 70, 'slidingWindowSize': 20, 'waitDurationInOpenState': 5, 'slidingWindowType': 'COUNT_BASED'}
Recreating Spring Boot containers to apply new configuration...
gateway-service is healthy!
notification-service is healthy!
Measuring pre-fault baseline...
Generating load: 20 requests to http://localhost:8080/api/v1/linear @ ~20 req/s (~1.0s dispatch)...
Load Results - Successes: 20, Failures: 0, Avg Latency: 317.86ms, Throughput: 8.91 TPS, Error Rate: 0.00%
Resetting all Toxiproxy proxies...
Setting proxy 'inventory-service-proxy' enabled=True
Cleared all toxics on 'inventory-service-proxy'
Setting proxy 'notification-service-proxy' enabled=True
Cleared all toxics on 'notification-service-proxy'
Setting proxy 'order-service-proxy' enabled=True
Cleared all toxics on 'order-service-proxy'
Setting proxy 'payment-service-proxy' enabled=True
Cleared all toxics on 'payment-service-proxy'
Setting proxy 'shared-db-service-proxy' enabled=True
Cleared all toxics on 'shared-db-service-proxy'
Cleared all toxics on 'inventory-service-proxy'
Injecting latency on 'inventory-service-proxy': 3000ms (toxicity=1.0)
Load plan (COUNT_BASED): 60 requests over ~6s @ 10 req/s
Generating load: 60 requests to http://localhost:8080/api/v1/linear @ ~10 req/s (~6.0s dispatch)...
Load Results - Successes: 18, Failures: 42, Avg Latency: 949.88ms, Throughput: 1.42 TPS, Error Rate: 70.00%
Resetting all Toxiproxy proxies...
Setting proxy 'inventory-service-proxy' enabled=True
Cleared all toxics on 'inventory-service-proxy'
Setting proxy 'notification-service-proxy' enabled=True
Cleared all toxics on 'notification-service-proxy'
Setting proxy 'order-service-proxy' enabled=True
Cleared all toxics on 'order-service-proxy'
Setting proxy 'payment-service-proxy' enabled=True
Cleared all toxics on 'payment-service-proxy'
Setting proxy 'shared-db-service-proxy' enabled=True
Cleared all toxics on 'shared-db-service-proxy'
Saved run metrics to C:\Users\Lenovo\OneDrive\Desktop\capstone project\services\CascadeShield\data\master_dataset.csv

Progress: Run 147 of 162 (config 49/54, replicate 3/3)

============================================================
STARTING EXPERIMENT: Mode=full, Topology=linear, Fault=latency, Replicate=3
Config: {'failureRateThreshold': 70, 'slidingWindowSize': 20, 'waitDurationInOpenState': 5, 'slidingWindowType': 'COUNT_BASED'}
============================================================
Updated .env with: {'failureRateThreshold': 70, 'slidingWindowSize': 20, 'waitDurationInOpenState': 5, 'slidingWindowType': 'COUNT_BASED'}
Recreating Spring Boot containers to apply new configuration...
gateway-service is healthy!
notification-service is healthy!
Measuring pre-fault baseline...
Generating load: 20 requests to http://localhost:8080/api/v1/linear @ ~20 req/s (~1.0s dispatch)...
Load Results - Successes: 20, Failures: 0, Avg Latency: 396.32ms, Throughput: 7.26 TPS, Error Rate: 0.00%
Resetting all Toxiproxy proxies...
Setting proxy 'inventory-service-proxy' enabled=True
Cleared all toxics on 'inventory-service-proxy'
Setting proxy 'notification-service-proxy' enabled=True
Cleared all toxics on 'notification-service-proxy'
Setting proxy 'order-service-proxy' enabled=True
Cleared all toxics on 'order-service-proxy'
Setting proxy 'payment-service-proxy' enabled=True
Cleared all toxics on 'payment-service-proxy'
Setting proxy 'shared-db-service-proxy' enabled=True
Cleared all toxics on 'shared-db-service-proxy'
Cleared all toxics on 'inventory-service-proxy'
Injecting latency on 'inventory-service-proxy': 3000ms (toxicity=1.0)
Load plan (COUNT_BASED): 60 requests over ~6s @ 10 req/s
Generating load: 60 requests to http://localhost:8080/api/v1/linear @ ~10 req/s (~6.0s dispatch)...
Load Results - Successes: 18, Failures: 42, Avg Latency: 952.53ms, Throughput: 1.42 TPS, Error Rate: 70.00%
Resetting all Toxiproxy proxies...
Setting proxy 'inventory-service-proxy' enabled=True
Cleared all toxics on 'inventory-service-proxy'
Setting proxy 'notification-service-proxy' enabled=True
Cleared all toxics on 'notification-service-proxy'
Setting proxy 'order-service-proxy' enabled=True
Cleared all toxics on 'order-service-proxy'
Setting proxy 'payment-service-proxy' enabled=True
Cleared all toxics on 'payment-service-proxy'
Setting proxy 'shared-db-service-proxy' enabled=True
Cleared all toxics on 'shared-db-service-proxy'
Saved run metrics to C:\Users\Lenovo\OneDrive\Desktop\capstone project\services\CascadeShield\data\master_dataset.csv

Progress: Run 148 of 162 (config 50/54, replicate 1/3)

============================================================
STARTING EXPERIMENT: Mode=full, Topology=linear, Fault=latency, Replicate=1
Config: {'failureRateThreshold': 70, 'slidingWindowSize': 20, 'waitDurationInOpenState': 5, 'slidingWindowType': 'TIME_BASED'}
============================================================
Updated .env with: {'failureRateThreshold': 70, 'slidingWindowSize': 20, 'waitDurationInOpenState': 5, 'slidingWindowType': 'TIME_BASED'}
Recreating Spring Boot containers to apply new configuration...
notification-service is healthy!
gateway-service is healthy!
Measuring pre-fault baseline...
Generating load: 20 requests to http://localhost:8080/api/v1/linear @ ~20 req/s (~1.0s dispatch)...
Load Results - Successes: 20, Failures: 0, Avg Latency: 355.25ms, Throughput: 8.12 TPS, Error Rate: 0.00%
Resetting all Toxiproxy proxies...
Setting proxy 'inventory-service-proxy' enabled=True
Cleared all toxics on 'inventory-service-proxy'
Setting proxy 'notification-service-proxy' enabled=True
Cleared all toxics on 'notification-service-proxy'
Setting proxy 'order-service-proxy' enabled=True
Cleared all toxics on 'order-service-proxy'
Setting proxy 'payment-service-proxy' enabled=True
Cleared all toxics on 'payment-service-proxy'
Setting proxy 'shared-db-service-proxy' enabled=True
Cleared all toxics on 'shared-db-service-proxy'
Cleared all toxics on 'inventory-service-proxy'
Injecting latency on 'inventory-service-proxy': 3000ms (toxicity=1.0)
Load plan (TIME_BASED): 350 requests over ~35s @ 10 req/s
Generating load: 350 requests to http://localhost:8080/api/v1/linear @ ~10 req/s (~35.0s dispatch)...
Load Results - Successes: 40, Failures: 310, Avg Latency: 376.28ms, Throughput: 1.05 TPS, Error Rate: 88.57%
Resetting all Toxiproxy proxies...
Setting proxy 'inventory-service-proxy' enabled=True
Cleared all toxics on 'inventory-service-proxy'
Setting proxy 'notification-service-proxy' enabled=True
Cleared all toxics on 'notification-service-proxy'
Setting proxy 'order-service-proxy' enabled=True
Cleared all toxics on 'order-service-proxy'
Setting proxy 'payment-service-proxy' enabled=True
Cleared all toxics on 'payment-service-proxy'
Setting proxy 'shared-db-service-proxy' enabled=True
Cleared all toxics on 'shared-db-service-proxy'
Saved run metrics to C:\Users\Lenovo\OneDrive\Desktop\capstone project\services\CascadeShield\data\master_dataset.csv

Progress: Run 149 of 162 (config 50/54, replicate 2/3)

============================================================
STARTING EXPERIMENT: Mode=full, Topology=linear, Fault=latency, Replicate=2
Config: {'failureRateThreshold': 70, 'slidingWindowSize': 20, 'waitDurationInOpenState': 5, 'slidingWindowType': 'TIME_BASED'}
============================================================
Updated .env with: {'failureRateThreshold': 70, 'slidingWindowSize': 20, 'waitDurationInOpenState': 5, 'slidingWindowType': 'TIME_BASED'}
Recreating Spring Boot containers to apply new configuration...
gateway-service is healthy!
notification-service is healthy!
Measuring pre-fault baseline...
Generating load: 20 requests to http://localhost:8080/api/v1/linear @ ~20 req/s (~1.0s dispatch)...
Load Results - Successes: 20, Failures: 0, Avg Latency: 382.89ms, Throughput: 7.61 TPS, Error Rate: 0.00%
Resetting all Toxiproxy proxies...
Setting proxy 'inventory-service-proxy' enabled=True
Cleared all toxics on 'inventory-service-proxy'
Setting proxy 'notification-service-proxy' enabled=True
Cleared all toxics on 'notification-service-proxy'
Setting proxy 'order-service-proxy' enabled=True
Cleared all toxics on 'order-service-proxy'
Setting proxy 'payment-service-proxy' enabled=True
Cleared all toxics on 'payment-service-proxy'
Setting proxy 'shared-db-service-proxy' enabled=True
Cleared all toxics on 'shared-db-service-proxy'
Cleared all toxics on 'inventory-service-proxy'
Injecting latency on 'inventory-service-proxy': 3000ms (toxicity=1.0)
Load plan (TIME_BASED): 350 requests over ~35s @ 10 req/s
Generating load: 350 requests to http://localhost:8080/api/v1/linear @ ~10 req/s (~35.0s dispatch)...
Load Results - Successes: 40, Failures: 310, Avg Latency: 375.58ms, Throughput: 1.05 TPS, Error Rate: 88.57%
Resetting all Toxiproxy proxies...
Setting proxy 'inventory-service-proxy' enabled=True
Cleared all toxics on 'inventory-service-proxy'
Setting proxy 'notification-service-proxy' enabled=True
Cleared all toxics on 'notification-service-proxy'
Setting proxy 'order-service-proxy' enabled=True
Cleared all toxics on 'order-service-proxy'
Setting proxy 'payment-service-proxy' enabled=True
Cleared all toxics on 'payment-service-proxy'
Setting proxy 'shared-db-service-proxy' enabled=True
Cleared all toxics on 'shared-db-service-proxy'
Saved run metrics to C:\Users\Lenovo\OneDrive\Desktop\capstone project\services\CascadeShield\data\master_dataset.csv

Progress: Run 150 of 162 (config 50/54, replicate 3/3)

============================================================
STARTING EXPERIMENT: Mode=full, Topology=linear, Fault=latency, Replicate=3
Config: {'failureRateThreshold': 70, 'slidingWindowSize': 20, 'waitDurationInOpenState': 5, 'slidingWindowType': 'TIME_BASED'}
============================================================
Updated .env with: {'failureRateThreshold': 70, 'slidingWindowSize': 20, 'waitDurationInOpenState': 5, 'slidingWindowType': 'TIME_BASED'}
Recreating Spring Boot containers to apply new configuration...
gateway-service is healthy!
notification-service is healthy!
Measuring pre-fault baseline...
Generating load: 20 requests to http://localhost:8080/api/v1/linear @ ~20 req/s (~1.0s dispatch)...
Load Results - Successes: 20, Failures: 0, Avg Latency: 394.44ms, Throughput: 7.34 TPS, Error Rate: 0.00%
Resetting all Toxiproxy proxies...
Setting proxy 'inventory-service-proxy' enabled=True
Cleared all toxics on 'inventory-service-proxy'
Setting proxy 'notification-service-proxy' enabled=True
Cleared all toxics on 'notification-service-proxy'
Setting proxy 'order-service-proxy' enabled=True
Cleared all toxics on 'order-service-proxy'
Setting proxy 'payment-service-proxy' enabled=True
Cleared all toxics on 'payment-service-proxy'
Setting proxy 'shared-db-service-proxy' enabled=True
Cleared all toxics on 'shared-db-service-proxy'
Cleared all toxics on 'inventory-service-proxy'
Injecting latency on 'inventory-service-proxy': 3000ms (toxicity=1.0)
Load plan (TIME_BASED): 350 requests over ~35s @ 10 req/s
Generating load: 350 requests to http://localhost:8080/api/v1/linear @ ~10 req/s (~35.0s dispatch)...
Load Results - Successes: 40, Failures: 310, Avg Latency: 376.80ms, Throughput: 1.05 TPS, Error Rate: 88.57%
Resetting all Toxiproxy proxies...
Setting proxy 'inventory-service-proxy' enabled=True
Cleared all toxics on 'inventory-service-proxy'
Setting proxy 'notification-service-proxy' enabled=True
Cleared all toxics on 'notification-service-proxy'
Setting proxy 'order-service-proxy' enabled=True
Cleared all toxics on 'order-service-proxy'
Setting proxy 'payment-service-proxy' enabled=True
Cleared all toxics on 'payment-service-proxy'
Setting proxy 'shared-db-service-proxy' enabled=True
Cleared all toxics on 'shared-db-service-proxy'
Saved run metrics to C:\Users\Lenovo\OneDrive\Desktop\capstone project\services\CascadeShield\data\master_dataset.csv

Progress: Run 151 of 162 (config 51/54, replicate 1/3)

============================================================
STARTING EXPERIMENT: Mode=full, Topology=linear, Fault=latency, Replicate=1
Config: {'failureRateThreshold': 70, 'slidingWindowSize': 20, 'waitDurationInOpenState': 15, 'slidingWindowType': 'COUNT_BASED'}
============================================================
Updated .env with: {'failureRateThreshold': 70, 'slidingWindowSize': 20, 'waitDurationInOpenState': 15, 'slidingWindowType': 'COUNT_BASED'}
Recreating Spring Boot containers to apply new configuration...
gateway-service is healthy!
notification-service is healthy!
Measuring pre-fault baseline...
Generating load: 20 requests to http://localhost:8080/api/v1/linear @ ~20 req/s (~1.0s dispatch)...
Load Results - Successes: 20, Failures: 0, Avg Latency: 322.11ms, Throughput: 8.92 TPS, Error Rate: 0.00%
Resetting all Toxiproxy proxies...
Setting proxy 'inventory-service-proxy' enabled=True
Cleared all toxics on 'inventory-service-proxy'
Setting proxy 'notification-service-proxy' enabled=True
Cleared all toxics on 'notification-service-proxy'
Setting proxy 'order-service-proxy' enabled=True
Cleared all toxics on 'order-service-proxy'
Setting proxy 'payment-service-proxy' enabled=True
Cleared all toxics on 'payment-service-proxy'
Setting proxy 'shared-db-service-proxy' enabled=True
Cleared all toxics on 'shared-db-service-proxy'
Cleared all toxics on 'inventory-service-proxy'
Injecting latency on 'inventory-service-proxy': 3000ms (toxicity=1.0)
Load plan (COUNT_BASED): 60 requests over ~6s @ 10 req/s
Generating load: 60 requests to http://localhost:8080/api/v1/linear @ ~10 req/s (~6.0s dispatch)...
Load Results - Successes: 18, Failures: 42, Avg Latency: 954.92ms, Throughput: 1.42 TPS, Error Rate: 70.00%
Resetting all Toxiproxy proxies...
Setting proxy 'inventory-service-proxy' enabled=True
Cleared all toxics on 'inventory-service-proxy'
Setting proxy 'notification-service-proxy' enabled=True
Cleared all toxics on 'notification-service-proxy'
Setting proxy 'order-service-proxy' enabled=True
Cleared all toxics on 'order-service-proxy'
Setting proxy 'payment-service-proxy' enabled=True
Cleared all toxics on 'payment-service-proxy'
Setting proxy 'shared-db-service-proxy' enabled=True
Cleared all toxics on 'shared-db-service-proxy'
Saved run metrics to C:\Users\Lenovo\OneDrive\Desktop\capstone project\services\CascadeShield\data\master_dataset.csv

Progress: Run 152 of 162 (config 51/54, replicate 2/3)

============================================================
STARTING EXPERIMENT: Mode=full, Topology=linear, Fault=latency, Replicate=2
Config: {'failureRateThreshold': 70, 'slidingWindowSize': 20, 'waitDurationInOpenState': 15, 'slidingWindowType': 'COUNT_BASED'}
============================================================
Updated .env with: {'failureRateThreshold': 70, 'slidingWindowSize': 20, 'waitDurationInOpenState': 15, 'slidingWindowType': 'COUNT_BASED'}
Recreating Spring Boot containers to apply new configuration...
gateway-service is healthy!
notification-service is healthy!
Measuring pre-fault baseline...
Generating load: 20 requests to http://localhost:8080/api/v1/linear @ ~20 req/s (~1.0s dispatch)...
Load Results - Successes: 20, Failures: 0, Avg Latency: 343.12ms, Throughput: 8.45 TPS, Error Rate: 0.00%
Resetting all Toxiproxy proxies...
Setting proxy 'inventory-service-proxy' enabled=True
Cleared all toxics on 'inventory-service-proxy'
Setting proxy 'notification-service-proxy' enabled=True
Cleared all toxics on 'notification-service-proxy'
Setting proxy 'order-service-proxy' enabled=True
Cleared all toxics on 'order-service-proxy'
Setting proxy 'payment-service-proxy' enabled=True
Cleared all toxics on 'payment-service-proxy'
Setting proxy 'shared-db-service-proxy' enabled=True
Cleared all toxics on 'shared-db-service-proxy'
Cleared all toxics on 'inventory-service-proxy'
Injecting latency on 'inventory-service-proxy': 3000ms (toxicity=1.0)
Load plan (COUNT_BASED): 60 requests over ~6s @ 10 req/s
Generating load: 60 requests to http://localhost:8080/api/v1/linear @ ~10 req/s (~6.0s dispatch)...
Load Results - Successes: 18, Failures: 42, Avg Latency: 951.27ms, Throughput: 1.42 TPS, Error Rate: 70.00%
Resetting all Toxiproxy proxies...
Setting proxy 'inventory-service-proxy' enabled=True
Cleared all toxics on 'inventory-service-proxy'
Setting proxy 'notification-service-proxy' enabled=True
Cleared all toxics on 'notification-service-proxy'
Setting proxy 'order-service-proxy' enabled=True
Cleared all toxics on 'order-service-proxy'
Setting proxy 'payment-service-proxy' enabled=True
Cleared all toxics on 'payment-service-proxy'
Setting proxy 'shared-db-service-proxy' enabled=True
Cleared all toxics on 'shared-db-service-proxy'
Saved run metrics to C:\Users\Lenovo\OneDrive\Desktop\capstone project\services\CascadeShield\data\master_dataset.csv

Progress: Run 153 of 162 (config 51/54, replicate 3/3)

============================================================
STARTING EXPERIMENT: Mode=full, Topology=linear, Fault=latency, Replicate=3
Config: {'failureRateThreshold': 70, 'slidingWindowSize': 20, 'waitDurationInOpenState': 15, 'slidingWindowType': 'COUNT_BASED'}
============================================================
Updated .env with: {'failureRateThreshold': 70, 'slidingWindowSize': 20, 'waitDurationInOpenState': 15, 'slidingWindowType': 'COUNT_BASED'}
Recreating Spring Boot containers to apply new configuration...
gateway-service is healthy!
notification-service is healthy!
Measuring pre-fault baseline...
Generating load: 20 requests to http://localhost:8080/api/v1/linear @ ~20 req/s (~1.0s dispatch)...
Load Results - Successes: 20, Failures: 0, Avg Latency: 386.42ms, Throughput: 7.47 TPS, Error Rate: 0.00%
Resetting all Toxiproxy proxies...
Setting proxy 'inventory-service-proxy' enabled=True
Cleared all toxics on 'inventory-service-proxy'
Setting proxy 'notification-service-proxy' enabled=True
Cleared all toxics on 'notification-service-proxy'
Setting proxy 'order-service-proxy' enabled=True
Cleared all toxics on 'order-service-proxy'
Setting proxy 'payment-service-proxy' enabled=True
Cleared all toxics on 'payment-service-proxy'
Setting proxy 'shared-db-service-proxy' enabled=True
Cleared all toxics on 'shared-db-service-proxy'
Cleared all toxics on 'inventory-service-proxy'
Injecting latency on 'inventory-service-proxy': 3000ms (toxicity=1.0)
Load plan (COUNT_BASED): 60 requests over ~6s @ 10 req/s
Generating load: 60 requests to http://localhost:8080/api/v1/linear @ ~10 req/s (~6.0s dispatch)...
Load Results - Successes: 18, Failures: 42, Avg Latency: 951.22ms, Throughput: 1.42 TPS, Error Rate: 70.00%
Resetting all Toxiproxy proxies...
Setting proxy 'inventory-service-proxy' enabled=True
Cleared all toxics on 'inventory-service-proxy'
Setting proxy 'notification-service-proxy' enabled=True
Cleared all toxics on 'notification-service-proxy'
Setting proxy 'order-service-proxy' enabled=True
Cleared all toxics on 'order-service-proxy'
Setting proxy 'payment-service-proxy' enabled=True
Cleared all toxics on 'payment-service-proxy'
Setting proxy 'shared-db-service-proxy' enabled=True
Cleared all toxics on 'shared-db-service-proxy'
Saved run metrics to C:\Users\Lenovo\OneDrive\Desktop\capstone project\services\CascadeShield\data\master_dataset.csv

Progress: Run 154 of 162 (config 52/54, replicate 1/3)

============================================================
STARTING EXPERIMENT: Mode=full, Topology=linear, Fault=latency, Replicate=1
Config: {'failureRateThreshold': 70, 'slidingWindowSize': 20, 'waitDurationInOpenState': 15, 'slidingWindowType': 'TIME_BASED'}
============================================================
Updated .env with: {'failureRateThreshold': 70, 'slidingWindowSize': 20, 'waitDurationInOpenState': 15, 'slidingWindowType': 'TIME_BASED'}
Recreating Spring Boot containers to apply new configuration...
gateway-service is healthy!
notification-service is healthy!
Measuring pre-fault baseline...
Generating load: 20 requests to http://localhost:8080/api/v1/linear @ ~20 req/s (~1.0s dispatch)...
Load Results - Successes: 20, Failures: 0, Avg Latency: 445.85ms, Throughput: 6.51 TPS, Error Rate: 0.00%
Resetting all Toxiproxy proxies...
Setting proxy 'inventory-service-proxy' enabled=True
Cleared all toxics on 'inventory-service-proxy'
Setting proxy 'notification-service-proxy' enabled=True
Cleared all toxics on 'notification-service-proxy'
Setting proxy 'order-service-proxy' enabled=True
Cleared all toxics on 'order-service-proxy'
Setting proxy 'payment-service-proxy' enabled=True
Cleared all toxics on 'payment-service-proxy'
Setting proxy 'shared-db-service-proxy' enabled=True
Cleared all toxics on 'shared-db-service-proxy'
Cleared all toxics on 'inventory-service-proxy'
Injecting latency on 'inventory-service-proxy': 3000ms (toxicity=1.0)
Load plan (TIME_BASED): 450 requests over ~45s @ 10 req/s
Generating load: 450 requests to http://localhost:8080/api/v1/linear @ ~10 req/s (~45.0s dispatch)...
Load Results - Successes: 35, Failures: 415, Avg Latency: 83681.60ms, Throughput: 0.00 TPS, Error Rate: 92.22%
Resetting all Toxiproxy proxies...
Setting proxy 'inventory-service-proxy' enabled=True
Cleared all toxics on 'inventory-service-proxy'
Setting proxy 'notification-service-proxy' enabled=True
Cleared all toxics on 'notification-service-proxy'
Setting proxy 'order-service-proxy' enabled=True
Cleared all toxics on 'order-service-proxy'
Setting proxy 'payment-service-proxy' enabled=True
Cleared all toxics on 'payment-service-proxy'
Setting proxy 'shared-db-service-proxy' enabled=True
Cleared all toxics on 'shared-db-service-proxy'
Saved run metrics to C:\Users\Lenovo\OneDrive\Desktop\capstone project\services\CascadeShield\data\master_dataset.csv

Progress: Run 155 of 162 (config 52/54, replicate 2/3)

============================================================
STARTING EXPERIMENT: Mode=full, Topology=linear, Fault=latency, Replicate=2
Config: {'failureRateThreshold': 70, 'slidingWindowSize': 20, 'waitDurationInOpenState': 15, 'slidingWindowType': 'TIME_BASED'}
============================================================
Updated .env with: {'failureRateThreshold': 70, 'slidingWindowSize': 20, 'waitDurationInOpenState': 15, 'slidingWindowType': 'TIME_BASED'}
Recreating Spring Boot containers to apply new configuration...
notification-service is healthy!
gateway-service is healthy!
Measuring pre-fault baseline...
Generating load: 20 requests to http://localhost:8080/api/v1/linear @ ~20 req/s (~1.0s dispatch)...
Load Results - Successes: 20, Failures: 0, Avg Latency: 251.64ms, Throughput: 11.31 TPS, Error Rate: 0.00%
Resetting all Toxiproxy proxies...
Setting proxy 'inventory-service-proxy' enabled=True
Cleared all toxics on 'inventory-service-proxy'
Setting proxy 'notification-service-proxy' enabled=True
Cleared all toxics on 'notification-service-proxy'
Setting proxy 'order-service-proxy' enabled=True
Cleared all toxics on 'order-service-proxy'
Setting proxy 'payment-service-proxy' enabled=True
Cleared all toxics on 'payment-service-proxy'
Setting proxy 'shared-db-service-proxy' enabled=True
Cleared all toxics on 'shared-db-service-proxy'
Cleared all toxics on 'inventory-service-proxy'
Injecting latency on 'inventory-service-proxy': 3000ms (toxicity=1.0)
Load plan (TIME_BASED): 450 requests over ~45s @ 10 req/s
Generating load: 450 requests to http://localhost:8080/api/v1/linear @ ~10 req/s (~45.0s dispatch)...
Load Results - Successes: 36, Failures: 414, Avg Latency: 255.20ms, Throughput: 0.74 TPS, Error Rate: 92.00%
Resetting all Toxiproxy proxies...
Setting proxy 'inventory-service-proxy' enabled=True
Cleared all toxics on 'inventory-service-proxy'
Setting proxy 'notification-service-proxy' enabled=True
Cleared all toxics on 'notification-service-proxy'
Setting proxy 'order-service-proxy' enabled=True
Cleared all toxics on 'order-service-proxy'
Setting proxy 'payment-service-proxy' enabled=True
Cleared all toxics on 'payment-service-proxy'
Setting proxy 'shared-db-service-proxy' enabled=True
Cleared all toxics on 'shared-db-service-proxy'
Saved run metrics to C:\Users\Lenovo\OneDrive\Desktop\capstone project\services\CascadeShield\data\master_dataset.csv

Progress: Run 156 of 162 (config 52/54, replicate 3/3)

============================================================
STARTING EXPERIMENT: Mode=full, Topology=linear, Fault=latency, Replicate=3
Config: {'failureRateThreshold': 70, 'slidingWindowSize': 20, 'waitDurationInOpenState': 15, 'slidingWindowType': 'TIME_BASED'}
============================================================
Updated .env with: {'failureRateThreshold': 70, 'slidingWindowSize': 20, 'waitDurationInOpenState': 15, 'slidingWindowType': 'TIME_BASED'}
Recreating Spring Boot containers to apply new configuration...
gateway-service is healthy!
notification-service is healthy!
Measuring pre-fault baseline...
Generating load: 20 requests to http://localhost:8080/api/v1/linear @ ~20 req/s (~1.0s dispatch)...
Load Results - Successes: 20, Failures: 0, Avg Latency: 287.50ms, Throughput: 10.02 TPS, Error Rate: 0.00%
Resetting all Toxiproxy proxies...
Setting proxy 'inventory-service-proxy' enabled=True
Cleared all toxics on 'inventory-service-proxy'
Setting proxy 'notification-service-proxy' enabled=True
Cleared all toxics on 'notification-service-proxy'
Setting proxy 'order-service-proxy' enabled=True
Cleared all toxics on 'order-service-proxy'
Setting proxy 'payment-service-proxy' enabled=True
Cleared all toxics on 'payment-service-proxy'
Setting proxy 'shared-db-service-proxy' enabled=True
Cleared all toxics on 'shared-db-service-proxy'
Cleared all toxics on 'inventory-service-proxy'
Injecting latency on 'inventory-service-proxy': 3000ms (toxicity=1.0)
Load plan (TIME_BASED): 450 requests over ~45s @ 10 req/s
Generating load: 450 requests to http://localhost:8080/api/v1/linear @ ~10 req/s (~45.0s dispatch)...
Load Results - Successes: 35, Failures: 415, Avg Latency: 249.20ms, Throughput: 0.72 TPS, Error Rate: 92.22%
Resetting all Toxiproxy proxies...
Setting proxy 'inventory-service-proxy' enabled=True
Cleared all toxics on 'inventory-service-proxy'
Setting proxy 'notification-service-proxy' enabled=True
Cleared all toxics on 'notification-service-proxy'
Setting proxy 'order-service-proxy' enabled=True
Cleared all toxics on 'order-service-proxy'
Setting proxy 'payment-service-proxy' enabled=True
Cleared all toxics on 'payment-service-proxy'
Setting proxy 'shared-db-service-proxy' enabled=True
Cleared all toxics on 'shared-db-service-proxy'
Saved run metrics to C:\Users\Lenovo\OneDrive\Desktop\capstone project\services\CascadeShield\data\master_dataset.csv

Progress: Run 157 of 162 (config 53/54, replicate 1/3)

============================================================
STARTING EXPERIMENT: Mode=full, Topology=linear, Fault=latency, Replicate=1
Config: {'failureRateThreshold': 70, 'slidingWindowSize': 20, 'waitDurationInOpenState': 30, 'slidingWindowType': 'COUNT_BASED'}
============================================================
Updated .env with: {'failureRateThreshold': 70, 'slidingWindowSize': 20, 'waitDurationInOpenState': 30, 'slidingWindowType': 'COUNT_BASED'}
Recreating Spring Boot containers to apply new configuration...
notification-service is healthy!
gateway-service is healthy!
Measuring pre-fault baseline...
Generating load: 20 requests to http://localhost:8080/api/v1/linear @ ~20 req/s (~1.0s dispatch)...
Load Results - Successes: 20, Failures: 0, Avg Latency: 255.92ms, Throughput: 11.12 TPS, Error Rate: 0.00%
Resetting all Toxiproxy proxies...
Setting proxy 'inventory-service-proxy' enabled=True
Cleared all toxics on 'inventory-service-proxy'
Setting proxy 'notification-service-proxy' enabled=True
Cleared all toxics on 'notification-service-proxy'
Setting proxy 'order-service-proxy' enabled=True
Cleared all toxics on 'order-service-proxy'
Setting proxy 'payment-service-proxy' enabled=True
Cleared all toxics on 'payment-service-proxy'
Setting proxy 'shared-db-service-proxy' enabled=True
Cleared all toxics on 'shared-db-service-proxy'
Cleared all toxics on 'inventory-service-proxy'
Injecting latency on 'inventory-service-proxy': 3000ms (toxicity=1.0)
Load plan (COUNT_BASED): 60 requests over ~6s @ 10 req/s
Generating load: 60 requests to http://localhost:8080/api/v1/linear @ ~10 req/s (~6.0s dispatch)...
Load Results - Successes: 18, Failures: 42, Avg Latency: 927.92ms, Throughput: 1.44 TPS, Error Rate: 70.00%
Resetting all Toxiproxy proxies...
Setting proxy 'inventory-service-proxy' enabled=True
Cleared all toxics on 'inventory-service-proxy'
Setting proxy 'notification-service-proxy' enabled=True
Cleared all toxics on 'notification-service-proxy'
Setting proxy 'order-service-proxy' enabled=True
Cleared all toxics on 'order-service-proxy'
Setting proxy 'payment-service-proxy' enabled=True
Cleared all toxics on 'payment-service-proxy'
Setting proxy 'shared-db-service-proxy' enabled=True
Cleared all toxics on 'shared-db-service-proxy'
Saved run metrics to C:\Users\Lenovo\OneDrive\Desktop\capstone project\services\CascadeShield\data\master_dataset.csv

Progress: Run 158 of 162 (config 53/54, replicate 2/3)

============================================================
STARTING EXPERIMENT: Mode=full, Topology=linear, Fault=latency, Replicate=2
Config: {'failureRateThreshold': 70, 'slidingWindowSize': 20, 'waitDurationInOpenState': 30, 'slidingWindowType': 'COUNT_BASED'}
============================================================
Updated .env with: {'failureRateThreshold': 70, 'slidingWindowSize': 20, 'waitDurationInOpenState': 30, 'slidingWindowType': 'COUNT_BASED'}
Recreating Spring Boot containers to apply new configuration...
gateway-service is healthy!
notification-service is healthy!
Measuring pre-fault baseline...
Generating load: 20 requests to http://localhost:8080/api/v1/linear @ ~20 req/s (~1.0s dispatch)...
Load Results - Successes: 20, Failures: 0, Avg Latency: 317.82ms, Throughput: 9.00 TPS, Error Rate: 0.00%
Resetting all Toxiproxy proxies...
Setting proxy 'inventory-service-proxy' enabled=True
Cleared all toxics on 'inventory-service-proxy'
Setting proxy 'notification-service-proxy' enabled=True
Cleared all toxics on 'notification-service-proxy'
Setting proxy 'order-service-proxy' enabled=True
Cleared all toxics on 'order-service-proxy'
Setting proxy 'payment-service-proxy' enabled=True
Cleared all toxics on 'payment-service-proxy'
Setting proxy 'shared-db-service-proxy' enabled=True
Cleared all toxics on 'shared-db-service-proxy'
Cleared all toxics on 'inventory-service-proxy'
Injecting latency on 'inventory-service-proxy': 3000ms (toxicity=1.0)
Load plan (COUNT_BASED): 60 requests over ~6s @ 10 req/s
Generating load: 60 requests to http://localhost:8080/api/v1/linear @ ~10 req/s (~6.0s dispatch)...
Load Results - Successes: 18, Failures: 42, Avg Latency: 927.72ms, Throughput: 1.44 TPS, Error Rate: 70.00%
Resetting all Toxiproxy proxies...
Setting proxy 'inventory-service-proxy' enabled=True
Cleared all toxics on 'inventory-service-proxy'
Setting proxy 'notification-service-proxy' enabled=True
Cleared all toxics on 'notification-service-proxy'
Setting proxy 'order-service-proxy' enabled=True
Cleared all toxics on 'order-service-proxy'
Setting proxy 'payment-service-proxy' enabled=True
Cleared all toxics on 'payment-service-proxy'
Setting proxy 'shared-db-service-proxy' enabled=True
Cleared all toxics on 'shared-db-service-proxy'
Saved run metrics to C:\Users\Lenovo\OneDrive\Desktop\capstone project\services\CascadeShield\data\master_dataset.csv

Progress: Run 159 of 162 (config 53/54, replicate 3/3)

============================================================
STARTING EXPERIMENT: Mode=full, Topology=linear, Fault=latency, Replicate=3
Config: {'failureRateThreshold': 70, 'slidingWindowSize': 20, 'waitDurationInOpenState': 30, 'slidingWindowType': 'COUNT_BASED'}
============================================================
Updated .env with: {'failureRateThreshold': 70, 'slidingWindowSize': 20, 'waitDurationInOpenState': 30, 'slidingWindowType': 'COUNT_BASED'}
Recreating Spring Boot containers to apply new configuration...
notification-service is healthy!
gateway-service is healthy!
Measuring pre-fault baseline...
Generating load: 20 requests to http://localhost:8080/api/v1/linear @ ~20 req/s (~1.0s dispatch)...
Load Results - Successes: 20, Failures: 0, Avg Latency: 250.94ms, Throughput: 11.42 TPS, Error Rate: 0.00%
Resetting all Toxiproxy proxies...
Setting proxy 'inventory-service-proxy' enabled=True
Cleared all toxics on 'inventory-service-proxy'
Setting proxy 'notification-service-proxy' enabled=True
Cleared all toxics on 'notification-service-proxy'
Setting proxy 'order-service-proxy' enabled=True
Cleared all toxics on 'order-service-proxy'
Setting proxy 'payment-service-proxy' enabled=True
Cleared all toxics on 'payment-service-proxy'
Setting proxy 'shared-db-service-proxy' enabled=True
Cleared all toxics on 'shared-db-service-proxy'
Cleared all toxics on 'inventory-service-proxy'
Injecting latency on 'inventory-service-proxy': 3000ms (toxicity=1.0)
Load plan (COUNT_BASED): 60 requests over ~6s @ 10 req/s
Generating load: 60 requests to http://localhost:8080/api/v1/linear @ ~10 req/s (~6.0s dispatch)...
Load Results - Successes: 18, Failures: 42, Avg Latency: 930.94ms, Throughput: 1.44 TPS, Error Rate: 70.00%
Resetting all Toxiproxy proxies...
Setting proxy 'inventory-service-proxy' enabled=True
Cleared all toxics on 'inventory-service-proxy'
Setting proxy 'notification-service-proxy' enabled=True
Cleared all toxics on 'notification-service-proxy'
Setting proxy 'order-service-proxy' enabled=True
Cleared all toxics on 'order-service-proxy'
Setting proxy 'payment-service-proxy' enabled=True
Cleared all toxics on 'payment-service-proxy'
Setting proxy 'shared-db-service-proxy' enabled=True
Cleared all toxics on 'shared-db-service-proxy'
Saved run metrics to C:\Users\Lenovo\OneDrive\Desktop\capstone project\services\CascadeShield\data\master_dataset.csv

Progress: Run 160 of 162 (config 54/54, replicate 1/3)

============================================================
STARTING EXPERIMENT: Mode=full, Topology=linear, Fault=latency, Replicate=1
Config: {'failureRateThreshold': 70, 'slidingWindowSize': 20, 'waitDurationInOpenState': 30, 'slidingWindowType': 'TIME_BASED'}
============================================================
Updated .env with: {'failureRateThreshold': 70, 'slidingWindowSize': 20, 'waitDurationInOpenState': 30, 'slidingWindowType': 'TIME_BASED'}
Recreating Spring Boot containers to apply new configuration...
notification-service is healthy!
gateway-service is healthy!
Measuring pre-fault baseline...
Generating load: 20 requests to http://localhost:8080/api/v1/linear @ ~20 req/s (~1.0s dispatch)...
Load Results - Successes: 20, Failures: 0, Avg Latency: 258.91ms, Throughput: 11.04 TPS, Error Rate: 0.00%
Resetting all Toxiproxy proxies...
Setting proxy 'inventory-service-proxy' enabled=True
Cleared all toxics on 'inventory-service-proxy'
Setting proxy 'notification-service-proxy' enabled=True
Cleared all toxics on 'notification-service-proxy'
Setting proxy 'order-service-proxy' enabled=True
Cleared all toxics on 'order-service-proxy'
Setting proxy 'payment-service-proxy' enabled=True
Cleared all toxics on 'payment-service-proxy'
Setting proxy 'shared-db-service-proxy' enabled=True
Cleared all toxics on 'shared-db-service-proxy'
Cleared all toxics on 'inventory-service-proxy'
Injecting latency on 'inventory-service-proxy': 3000ms (toxicity=1.0)
Load plan (TIME_BASED): 600 requests over ~60s @ 10 req/s
Generating load: 600 requests to http://localhost:8080/api/v1/linear @ ~10 req/s (~60.0s dispatch)...
Load Results - Successes: 35, Failures: 565, Avg Latency: 191.33ms, Throughput: 0.54 TPS, Error Rate: 94.17%
Resetting all Toxiproxy proxies...
Setting proxy 'inventory-service-proxy' enabled=True
Cleared all toxics on 'inventory-service-proxy'
Setting proxy 'notification-service-proxy' enabled=True
Cleared all toxics on 'notification-service-proxy'
Setting proxy 'order-service-proxy' enabled=True
Cleared all toxics on 'order-service-proxy'
Setting proxy 'payment-service-proxy' enabled=True
Cleared all toxics on 'payment-service-proxy'
Setting proxy 'shared-db-service-proxy' enabled=True
Cleared all toxics on 'shared-db-service-proxy'
Saved run metrics to C:\Users\Lenovo\OneDrive\Desktop\capstone project\services\CascadeShield\data\master_dataset.csv

Progress: Run 161 of 162 (config 54/54, replicate 2/3)

============================================================
STARTING EXPERIMENT: Mode=full, Topology=linear, Fault=latency, Replicate=2
Config: {'failureRateThreshold': 70, 'slidingWindowSize': 20, 'waitDurationInOpenState': 30, 'slidingWindowType': 'TIME_BASED'}
============================================================
Updated .env with: {'failureRateThreshold': 70, 'slidingWindowSize': 20, 'waitDurationInOpenState': 30, 'slidingWindowType': 'TIME_BASED'}
Recreating Spring Boot containers to apply new configuration...
notification-service is healthy!
gateway-service is healthy!
Measuring pre-fault baseline...
Generating load: 20 requests to http://localhost:8080/api/v1/linear @ ~20 req/s (~1.0s dispatch)...
Load Results - Successes: 20, Failures: 0, Avg Latency: 324.54ms, Throughput: 8.88 TPS, Error Rate: 0.00%
Resetting all Toxiproxy proxies...
Setting proxy 'inventory-service-proxy' enabled=True
Cleared all toxics on 'inventory-service-proxy'
Setting proxy 'notification-service-proxy' enabled=True
Cleared all toxics on 'notification-service-proxy'
Setting proxy 'order-service-proxy' enabled=True
Cleared all toxics on 'order-service-proxy'
Setting proxy 'payment-service-proxy' enabled=True
Cleared all toxics on 'payment-service-proxy'
Setting proxy 'shared-db-service-proxy' enabled=True
Cleared all toxics on 'shared-db-service-proxy'
Cleared all toxics on 'inventory-service-proxy'
Injecting latency on 'inventory-service-proxy': 3000ms (toxicity=1.0)
Load plan (TIME_BASED): 600 requests over ~60s @ 10 req/s
Generating load: 600 requests to http://localhost:8080/api/v1/linear @ ~10 req/s (~60.0s dispatch)...
Load Results - Successes: 38, Failures: 562, Avg Latency: 205.88ms, Throughput: 0.59 TPS, Error Rate: 93.67%
Resetting all Toxiproxy proxies...
Setting proxy 'inventory-service-proxy' enabled=True
Cleared all toxics on 'inventory-service-proxy'
Setting proxy 'notification-service-proxy' enabled=True
Cleared all toxics on 'notification-service-proxy'
Setting proxy 'order-service-proxy' enabled=True
Cleared all toxics on 'order-service-proxy'
Setting proxy 'payment-service-proxy' enabled=True
Cleared all toxics on 'payment-service-proxy'
Setting proxy 'shared-db-service-proxy' enabled=True
Cleared all toxics on 'shared-db-service-proxy'
Saved run metrics to C:\Users\Lenovo\OneDrive\Desktop\capstone project\services\CascadeShield\data\master_dataset.csv

Progress: Run 162 of 162 (config 54/54, replicate 3/3)

============================================================
STARTING EXPERIMENT: Mode=full, Topology=linear, Fault=latency, Replicate=3
Config: {'failureRateThreshold': 70, 'slidingWindowSize': 20, 'waitDurationInOpenState': 30, 'slidingWindowType': 'TIME_BASED'}
============================================================
Updated .env with: {'failureRateThreshold': 70, 'slidingWindowSize': 20, 'waitDurationInOpenState': 30, 'slidingWindowType': 'TIME_BASED'}
Recreating Spring Boot containers to apply new configuration...
gateway-service is healthy!
notification-service is healthy!
Measuring pre-fault baseline...
Generating load: 20 requests to http://localhost:8080/api/v1/linear @ ~20 req/s (~1.0s dispatch)...
Load Results - Successes: 20, Failures: 0, Avg Latency: 419.94ms, Throughput: 6.90 TPS, Error Rate: 0.00%
Resetting all Toxiproxy proxies...
Setting proxy 'inventory-service-proxy' enabled=True
Cleared all toxics on 'inventory-service-proxy'
Setting proxy 'notification-service-proxy' enabled=True
Cleared all toxics on 'notification-service-proxy'
Setting proxy 'order-service-proxy' enabled=True
Cleared all toxics on 'order-service-proxy'
Setting proxy 'payment-service-proxy' enabled=True
Cleared all toxics on 'payment-service-proxy'
Setting proxy 'shared-db-service-proxy' enabled=True
Cleared all toxics on 'shared-db-service-proxy'
Cleared all toxics on 'inventory-service-proxy'
Injecting latency on 'inventory-service-proxy': 3000ms (toxicity=1.0)
Load plan (TIME_BASED): 600 requests over ~60s @ 10 req/s
Generating load: 600 requests to http://localhost:8080/api/v1/linear @ ~10 req/s (~60.0s dispatch)...
Load Results - Successes: 38, Failures: 562, Avg Latency: 204.14ms, Throughput: 0.59 TPS, Error Rate: 93.67%
Resetting all Toxiproxy proxies...
Setting proxy 'inventory-service-proxy' enabled=True
Cleared all toxics on 'inventory-service-proxy'
Setting proxy 'notification-service-proxy' enabled=True
Cleared all toxics on 'notification-service-proxy'
Setting proxy 'order-service-proxy' enabled=True
Cleared all toxics on 'order-service-proxy'
Setting proxy 'payment-service-proxy' enabled=True
Cleared all toxics on 'payment-service-proxy'
Setting proxy 'shared-db-service-proxy' enabled=True
Cleared all toxics on 'shared-db-service-proxy'
Saved run metrics to C:\Users\Lenovo\OneDrive\Desktop\capstone project\services\CascadeShield\data\master_dataset.csv

============================================================
SWEEP COMPLETED: 162/162 runs executed successfully.
Master dataset: C:\Users\Lenovo\OneDrive\Desktop\capstone project\services\CascadeShield\data\master_dataset.csv
============================================================
