experiment_id,topology,fault_type,window_type,threshold,window_size,wait_duration,permitted_calls_half_open,environment,mode,replicate,run_timestamp,blast_radius,time_to_open,time_to_recover,error_rate,throughput_loss,real_blast_radius,leg_failure_rates,precondition_ok,precondition_fail_reason,readiness_wait_s,cb_state_pre,buffered_calls_pre,warmup_requests,warmup_duration_s,run_order_seed,run_index,load_concurrency,lambda_target,lambda_achieved,lambda_cv,lambda_deviation_flag,effective_horizon,machine_id,excluded_reason
LIN-LAT-TIM-T50-W20-D15-M5-L20,LINEAR,LATENCY,TIME_BASED,50,20,15,5,LOCAL,canary_matrix,2,2026-09-04T21:09:56Z,0.2500,8.926,52.663,0.7944,0.8015,0.0000,order-service:0.3972;inventory-service:0.0000;payment-service:0.0000;notification-service:0.0000,True,,26.923,gateway:orderServiceCB=CLOSED;gateway:inventoryServiceCB=CLOSED;gateway:paymentServiceCB=CLOSED;order:inventoryServiceCB=CLOSED;order:sharedDbCB=CLOSED;inventory:paymentServiceCB=CLOSED;inventory:sharedDbCB=CLOSED;payment:notificationServiceCB=CLOSED;payment:sharedDbCB=CLOSED;notification:sharedDbCB=CLOSED,gateway:orderServiceCB=0;gateway:inventoryServiceCB=0;gateway:paymentServiceCB=0;order:inventoryServiceCB=0;order:sharedDbCB=0;inventory:paymentServiceCB=0;inventory:sharedDbCB=0;payment:notificationServiceCB=0;payment:sharedDbCB=0;notification:sharedDbCB=0,200,20.032,20260811,1,90,20.0000,19.9345,0.0055,False,398.6907,codespace,
LIN-LAT-TIM-T50-W1-D15-M5-L5,LINEAR,LATENCY,TIME_BASED,50,1,15,5,LOCAL,canary_matrix,3,2026-09-04T21:20:35Z,0.2500,5.377,34.999,0.7538,0.9399,0.0000,order-service:0.3769;inventory-service:0.0000;payment-service:0.0000;notification-service:0.0000,True,,32.680,gateway:orderServiceCB=CLOSED;gateway:inventoryServiceCB=CLOSED;gateway:paymentServiceCB=CLOSED;order:inventoryServiceCB=CLOSED;order:sharedDbCB=CLOSED;inventory:paymentServiceCB=CLOSED;inventory:sharedDbCB=CLOSED;payment:notificationServiceCB=CLOSED;payment:sharedDbCB=CLOSED;notification:sharedDbCB=CLOSED,gateway:orderServiceCB=0;gateway:inventoryServiceCB=0;gateway:paymentServiceCB=0;order:inventoryServiceCB=0;order:sharedDbCB=0;inventory:paymentServiceCB=0;inventory:sharedDbCB=0;payment:notificationServiceCB=0;payment:sharedDbCB=0;notification:sharedDbCB=0,200,20.035,20260811,2,23,5.0000,4.9947,0.0022,False,4.9947,codespace,
LIN-LAT-CNT-T50-W100-D15-M5-L5,LINEAR,LATENCY,COUNT_BASED,50,100,15,5,LOCAL,canary_matrix,4,2026-09-04T21:23:03Z,0.2500,13.056,54.193,0.7500,0.9389,0.0000,order-service:0.3750;inventory-service:0.0000;payment-service:0.0000;notification-service:0.0000,True,,26.712,gateway:orderServiceCB=CLOSED;gateway:inventoryServiceCB=CLOSED;gateway:paymentServiceCB=CLOSED;order:inventoryServiceCB=CLOSED;order:sharedDbCB=CLOSED;inventory:paymentServiceCB=CLOSED;inventory:sharedDbCB=CLOSED;payment:notificationServiceCB=CLOSED;payment:sharedDbCB=CLOSED;notification:sharedDbCB=CLOSED,gateway:orderServiceCB=0;gateway:inventoryServiceCB=0;gateway:paymentServiceCB=0;order:inventoryServiceCB=0;order:sharedDbCB=0;inventory:paymentServiceCB=0;inventory:sharedDbCB=0;payment:notificationServiceCB=0;payment:sharedDbCB=0;notification:sharedDbCB=0,200,20.033,20260811,3,23,5.0000,4.9956,0.0008,False,100.0000,codespace,
LIN-NON-TIM-T50-W10-D15-M5-L20,LINEAR,NONE,TIME_BASED,50,10,15,5,LOCAL,canary_matrix,9,2026-09-04T21:25:06Z,0.0000,,,0.0000,0.0276,0.0000,order-service:0.0000;inventory-service:0.0000;payment-service:0.0000;notification-service:0.0000,True,,28.464,gateway:orderServiceCB=CLOSED;gateway:inventoryServiceCB=CLOSED;gateway:paymentServiceCB=CLOSED;order:inventoryServiceCB=CLOSED;order:sharedDbCB=CLOSED;inventory:paymentServiceCB=CLOSED;inventory:sharedDbCB=CLOSED;payment:notificationServiceCB=CLOSED;payment:sharedDbCB=CLOSED;notification:sharedDbCB=CLOSED,gateway:orderServiceCB=0;gateway:inventoryServiceCB=0;gateway:paymentServiceCB=0;order:inventoryServiceCB=0;order:sharedDbCB=0;inventory:paymentServiceCB=0;inventory:sharedDbCB=0;payment:notificationServiceCB=0;payment:sharedDbCB=0;notification:sharedDbCB=0,200,20.035,20260811,4,5,20.0000,19.9486,0.0037,False,199.4856,codespace,
LIN-LAT-CNT-T50-W5-D15-M5-L80,LINEAR,LATENCY,COUNT_BASED,50,5,15,5,LOCAL,canary_matrix,1,2026-09-04T21:26:46Z,0.2500,3.19,16.78,0.0000,0.4619,0.0000,order-service:0.0000;inventory-service:0.0000;payment-service:0.0000;notification-service:0.0000,True,,26.987,gateway:orderServiceCB=CLOSED;gateway:inventoryServiceCB=CLOSED;gateway:paymentServiceCB=CLOSED;order:inventoryServiceCB=CLOSED;order:sharedDbCB=CLOSED;inventory:paymentServiceCB=CLOSED;inventory:sharedDbCB=CLOSED;payment:notificationServiceCB=CLOSED;payment:sharedDbCB=CLOSED;notification:sharedDbCB=CLOSED,gateway:orderServiceCB=0;gateway:inventoryServiceCB=0;gateway:paymentServiceCB=0;order:inventoryServiceCB=0;order:sharedDbCB=0;inventory:paymentServiceCB=0;inventory:sharedDbCB=0;payment:notificationServiceCB=0;payment:sharedDbCB=0;notification:sharedDbCB=0,200,20.031,20260811,5,360,80.0000,73.1137,0.0485,False,5.0000,codespace,
LIN-NON-TIM-T50-W5-D15-M5-L20,LINEAR,NONE,TIME_BASED,50,5,15,5,LOCAL,canary_matrix,6,2026-09-04T21:28:43Z,0.0000,,,0.0000,0.0286,0.0000,order-service:0.0000;inventory-service:0.0000;payment-service:0.0000;notification-service:0.0000,True,,26.912,gateway:orderServiceCB=CLOSED;gateway:inventoryServiceCB=CLOSED;gateway:paymentServiceCB=CLOSED;order:inventoryServiceCB=CLOSED;order:sharedDbCB=CLOSED;inventory:paymentServiceCB=CLOSED;inventory:sharedDbCB=CLOSED;payment:notificationServiceCB=CLOSED;payment:sharedDbCB=CLOSED;notification:sharedDbCB=CLOSED,gateway:orderServiceCB=0;gateway:inventoryServiceCB=0;gateway:paymentServiceCB=0;order:inventoryServiceCB=0;order:sharedDbCB=0;inventory:paymentServiceCB=0;inventory:sharedDbCB=0;payment:notificationServiceCB=0;payment:sharedDbCB=0;notification:sharedDbCB=0,200,20.034,20260811,6,5,20.0000,19.9496,0.0030,False,99.7481,codespace,
LIN-LAT-CNT-T50-W10-D15-M5-L5,LINEAR,LATENCY,COUNT_BASED,50,10,15,5,LOCAL,canary_matrix,2,2026-09-04T21:30:24Z,0.2500,3.94,16.339,0.5000,0.8756,0.0000,order-service:0.2500;inventory-service:0.0000;payment-service:0.0000;notification-service:0.0000,True,,27.019,gateway:orderServiceCB=CLOSED;gateway:inventoryServiceCB=CLOSED;gateway:paymentServiceCB=CLOSED;order:inventoryServiceCB=CLOSED;order:sharedDbCB=CLOSED;inventory:paymentServiceCB=CLOSED;inventory:sharedDbCB=CLOSED;payment:notificationServiceCB=CLOSED;payment:sharedDbCB=CLOSED;notification:sharedDbCB=CLOSED,gateway:orderServiceCB=0;gateway:inventoryServiceCB=0;gateway:paymentServiceCB=0;order:inventoryServiceCB=0;order:sharedDbCB=0;inventory:paymentServiceCB=0;inventory:sharedDbCB=0;payment:notificationServiceCB=0;payment:sharedDbCB=0;notification:sharedDbCB=0,200,20.030,20260811,7,23,5.0000,4.9907,0.0020,False,10.0000,codespace,
LIN-LAT-TIM-T50-W1-D15-M5-L5,LINEAR,LATENCY,TIME_BASED,50,1,15,5,LOCAL,canary_matrix,1,2026-09-04T21:32:25Z,0.2500,4.737,35.622,0.7769,0.9454,0.0000,order-service:0.3885;inventory-service:0.0000;payment-service:0.0000;notification-service:0.0000,True,,26.940,gateway:orderServiceCB=CLOSED;gateway:inventoryServiceCB=CLOSED;gateway:paymentServiceCB=CLOSED;order:inventoryServiceCB=CLOSED;order:sharedDbCB=CLOSED;inventory:paymentServiceCB=CLOSED;inventory:sharedDbCB=CLOSED;payment:notificationServiceCB=CLOSED;payment:sharedDbCB=CLOSED;notification:sharedDbCB=CLOSED,gateway:orderServiceCB=0;gateway:inventoryServiceCB=0;gateway:paymentServiceCB=0;order:inventoryServiceCB=0;order:sharedDbCB=0;inventory:paymentServiceCB=0;inventory:sharedDbCB=0;payment:notificationServiceCB=0;payment:sharedDbCB=0;notification:sharedDbCB=0,200,20.037,20260811,8,23,5.0000,4.9949,0.0010,False,4.9949,codespace,
LIN-LAT-TIM-T50-W5-D15-M5-L20,LINEAR,LATENCY,TIME_BASED,50,5,15,5,LOCAL,canary_matrix,4,2026-09-04T21:34:26Z,0.2500,3.727,34.588,0.8733,0.8770,0.0000,order-service:0.4367;inventory-service:0.0000;payment-service:0.0000;notification-service:0.0000,True,,28.316,gateway:orderServiceCB=CLOSED;gateway:inventoryServiceCB=CLOSED;gateway:paymentServiceCB=CLOSED;order:inventoryServiceCB=CLOSED;order:sharedDbCB=CLOSED;inventory:paymentServiceCB=CLOSED;inventory:sharedDbCB=CLOSED;payment:notificationServiceCB=CLOSED;payment:sharedDbCB=CLOSED;notification:sharedDbCB=CLOSED,gateway:orderServiceCB=0;gateway:inventoryServiceCB=0;gateway:paymentServiceCB=0;order:inventoryServiceCB=0;order:sharedDbCB=0;inventory:paymentServiceCB=0;inventory:sharedDbCB=0;payment:notificationServiceCB=0;payment:sharedDbCB=0;notification:sharedDbCB=0,200,20.034,20260811,9,90,20.0000,19.9283,0.0056,False,99.6415,codespace,
LIN-LAT-CNT-T50-W800-D15-M5-L80,LINEAR,LATENCY,COUNT_BASED,50,800,15,5,LOCAL,canary_matrix,1,2026-09-04T21:36:19Z,0.2500,6.822,25.884,0.8254,0.3344,0.0000,order-service:0.3625;inventory-service:0.0000;payment-service:0.0000;notification-service:0.0000,True,,26.936,gateway:orderServiceCB=CLOSED;gateway:inventoryServiceCB=CLOSED;gateway:paymentServiceCB=CLOSED;order:inventoryServiceCB=CLOSED;order:sharedDbCB=CLOSED;inventory:paymentServiceCB=CLOSED;inventory:sharedDbCB=CLOSED;payment:notificationServiceCB=CLOSED;payment:sharedDbCB=CLOSED;notification:sharedDbCB=CLOSED,gateway:orderServiceCB=0;gateway:inventoryServiceCB=0;gateway:paymentServiceCB=0;order:inventoryServiceCB=0;order:sharedDbCB=0;inventory:paymentServiceCB=0;inventory:sharedDbCB=0;payment:notificationServiceCB=0;payment:sharedDbCB=0;notification:sharedDbCB=0,200,20.032,20260811,10,360,80.0000,78.3987,0.0412,False,800.0000,codespace,
LIN-LAT-CNT-T50-W20-D15-M5-L320,LINEAR,LATENCY,COUNT_BASED,50,20,15,5,LOCAL,canary_matrix,1,2026-09-04T21:38:01Z,0.2500,3.436,16.704,0.0000,0.2077,0.0000,order-service:0.0000;inventory-service:0.0000;payment-service:0.0000;notification-service:0.0000,True,,26.961,gateway:orderServiceCB=CLOSED;gateway:inventoryServiceCB=CLOSED;gateway:paymentServiceCB=CLOSED;order:inventoryServiceCB=CLOSED;order:sharedDbCB=CLOSED;inventory:paymentServiceCB=CLOSED;inventory:sharedDbCB=CLOSED;payment:notificationServiceCB=CLOSED;payment:sharedDbCB=CLOSED;notification:sharedDbCB=CLOSED,gateway:orderServiceCB=0;gateway:inventoryServiceCB=0;gateway:paymentServiceCB=0;order:inventoryServiceCB=0;order:sharedDbCB=0;inventory:paymentServiceCB=0;inventory:sharedDbCB=0;payment:notificationServiceCB=0;payment:sharedDbCB=0;notification:sharedDbCB=0,200,20.031,20260811,11,1440,320.0000,229.7820,0.1947,True,20.0000,codespace,
LIN-LAT-CNT-T50-W5-D15-M5-L5,LINEAR,LATENCY,COUNT_BASED,50,5,15,5,LOCAL,canary_matrix,3,2026-09-04T21:39:42Z,0.2500,3.483,16.747,0.5500,0.8880,0.0000,order-service:0.2632;inventory-service:0.0000;payment-service:0.0000;notification-service:0.0000,True,,27.646,gateway:orderServiceCB=CLOSED;gateway:inventoryServiceCB=CLOSED;gateway:paymentServiceCB=CLOSED;order:inventoryServiceCB=CLOSED;order:sharedDbCB=CLOSED;inventory:paymentServiceCB=CLOSED;inventory:sharedDbCB=CLOSED;payment:notificationServiceCB=CLOSED;payment:sharedDbCB=CLOSED;notification:sharedDbCB=CLOSED,gateway:orderServiceCB=0;gateway:inventoryServiceCB=0;gateway:paymentServiceCB=0;order:inventoryServiceCB=0;order:sharedDbCB=0;inventory:paymentServiceCB=0;inventory:sharedDbCB=0;payment:notificationServiceCB=0;payment:sharedDbCB=0;notification:sharedDbCB=0,200,20.035,20260811,12,23,5.0000,4.9926,0.0009,False,5.0000,codespace,
LIN-LAT-TIM-T50-W5-D15-M5-L20,LINEAR,LATENCY,TIME_BASED,50,5,15,5,LOCAL,canary_matrix,5,2026-09-04T21:41:42Z,0.2500,3.519,34.799,0.8800,0.8819,0.0000,order-service:0.4400;inventory-service:0.0000;payment-service:0.0000;notification-service:0.0000,True,,27.141,gateway:orderServiceCB=CLOSED;gateway:inventoryServiceCB=CLOSED;gateway:paymentServiceCB=CLOSED;order:inventoryServiceCB=CLOSED;order:sharedDbCB=CLOSED;inventory:paymentServiceCB=CLOSED;inventory:sharedDbCB=CLOSED;payment:notificationServiceCB=CLOSED;payment:sharedDbCB=CLOSED;notification:sharedDbCB=CLOSED,gateway:orderServiceCB=0;gateway:inventoryServiceCB=0;gateway:paymentServiceCB=0;order:inventoryServiceCB=0;order:sharedDbCB=0;inventory:paymentServiceCB=0;inventory:sharedDbCB=0;payment:notificationServiceCB=0;payment:sharedDbCB=0;notification:sharedDbCB=0,200,20.031,20260811,13,90,20.0000,19.9336,0.0033,False,99.6682,codespace,
LIN-NON-CNT-T50-W5-D15-M5-L80,LINEAR,NONE,COUNT_BASED,50,5,15,5,LOCAL,canary_matrix,1,2026-09-04T21:43:09Z,0.0000,,,0.0000,0.0000,0.0000,order-service:0.0000;inventory-service:0.0000;payment-service:0.0000;notification-service:0.0000,True,,27.119,gateway:orderServiceCB=CLOSED;gateway:inventoryServiceCB=CLOSED;gateway:paymentServiceCB=CLOSED;order:inventoryServiceCB=CLOSED;order:sharedDbCB=CLOSED;inventory:paymentServiceCB=CLOSED;inventory:sharedDbCB=CLOSED;payment:notificationServiceCB=CLOSED;payment:sharedDbCB=CLOSED;notification:sharedDbCB=CLOSED,gateway:orderServiceCB=0;gateway:inventoryServiceCB=0;gateway:paymentServiceCB=0;order:inventoryServiceCB=0;order:sharedDbCB=0;inventory:paymentServiceCB=0;inventory:sharedDbCB=0;payment:notificationServiceCB=0;payment:sharedDbCB=0;notification:sharedDbCB=0,200,20.042,20260811,14,5,80.0000,67.5823,0.6948,True,5.0000,codespace,
LIN-LAT-TIM-T50-W1-D15-M5-L20,LINEAR,LATENCY,TIME_BASED,50,1,15,5,LOCAL,canary_matrix,5,2026-09-04T21:45:09Z,0.2500,3.265,35.106,0.8673,0.8705,0.0000,order-service:0.4337;inventory-service:0.0000;payment-service:0.0000;notification-service:0.0000,True,,27.088,gateway:orderServiceCB=CLOSED;gateway:inventoryServiceCB=CLOSED;gateway:paymentServiceCB=CLOSED;order:inventoryServiceCB=CLOSED;order:sharedDbCB=CLOSED;inventory:paymentServiceCB=CLOSED;inventory:sharedDbCB=CLOSED;payment:notificationServiceCB=CLOSED;payment:sharedDbCB=CLOSED;notification:sharedDbCB=CLOSED,gateway:orderServiceCB=0;gateway:inventoryServiceCB=0;gateway:paymentServiceCB=0;order:inventoryServiceCB=0;order:sharedDbCB=0;inventory:paymentServiceCB=0;inventory:sharedDbCB=0;payment:notificationServiceCB=0;payment:sharedDbCB=0;notification:sharedDbCB=0,200,20.038,20260811,15,90,20.0000,19.9308,0.0038,False,19.9308,codespace,
LIN-LAT-CNT-T50-W10-D15-M5-L20,LINEAR,LATENCY,COUNT_BASED,50,10,15,5,LOCAL,canary_matrix,5,2026-09-04T21:46:49Z,0.2500,3.303,16.029,0.0000,0.6111,0.0000,order-service:0.0000;inventory-service:0.0000;payment-service:0.0000;notification-service:0.0000,True,,27.212,gateway:orderServiceCB=CLOSED;gateway:inventoryServiceCB=CLOSED;gateway:paymentServiceCB=CLOSED;order:inventoryServiceCB=CLOSED;order:sharedDbCB=CLOSED;inventory:paymentServiceCB=CLOSED;inventory:sharedDbCB=CLOSED;payment:notificationServiceCB=CLOSED;payment:sharedDbCB=CLOSED;notification:sharedDbCB=CLOSED,gateway:orderServiceCB=0;gateway:inventoryServiceCB=0;gateway:paymentServiceCB=0;order:inventoryServiceCB=0;order:sharedDbCB=0;inventory:paymentServiceCB=0;inventory:sharedDbCB=0;payment:notificationServiceCB=0;payment:sharedDbCB=0;notification:sharedDbCB=0,200,20.033,20260811,16,90,20.0000,19.7385,0.0094,False,10.0000,codespace,
LIN-NON-CNT-T50-W10-D15-M5-L80,LINEAR,NONE,COUNT_BASED,50,10,15,5,LOCAL,canary_matrix,7,2026-09-04T21:48:17Z,0.0000,,,0.0000,0.0000,0.0000,order-service:0.0000;inventory-service:0.0000;payment-service:0.0000;notification-service:0.0000,True,,27.852,gateway:orderServiceCB=CLOSED;gateway:inventoryServiceCB=CLOSED;gateway:paymentServiceCB=CLOSED;order:inventoryServiceCB=CLOSED;order:sharedDbCB=CLOSED;inventory:paymentServiceCB=CLOSED;inventory:sharedDbCB=CLOSED;payment:notificationServiceCB=CLOSED;payment:sharedDbCB=CLOSED;notification:sharedDbCB=CLOSED,gateway:orderServiceCB=0;gateway:inventoryServiceCB=0;gateway:paymentServiceCB=0;order:inventoryServiceCB=0;order:sharedDbCB=0;inventory:paymentServiceCB=0;inventory:sharedDbCB=0;payment:notificationServiceCB=0;payment:sharedDbCB=0;notification:sharedDbCB=0,200,20.034,20260811,17,5,80.0000,61.4843,0.8159,True,10.0000,codespace,
LIN-LAT-TIM-T50-W5-D15-M5-L320,LINEAR,LATENCY,TIME_BASED,50,5,15,5,LOCAL,canary_matrix,2,2026-09-04T21:50:16Z,0.2500,8.969,28.888,0.9786,0.6942,0.0000,order-service:0.4883;inventory-service:0.0000;payment-service:0.0000;notification-service:0.0000,True,,27.763,gateway:orderServiceCB=CLOSED;gateway:inventoryServiceCB=CLOSED;gateway:paymentServiceCB=CLOSED;order:inventoryServiceCB=CLOSED;order:sharedDbCB=CLOSED;inventory:paymentServiceCB=CLOSED;inventory:sharedDbCB=CLOSED;payment:notificationServiceCB=CLOSED;payment:sharedDbCB=CLOSED;notification:sharedDbCB=CLOSED,gateway:orderServiceCB=0;gateway:inventoryServiceCB=0;gateway:paymentServiceCB=0;order:inventoryServiceCB=0;order:sharedDbCB=0;inventory:paymentServiceCB=0;inventory:sharedDbCB=0;payment:notificationServiceCB=0;payment:sharedDbCB=0;notification:sharedDbCB=0,200,20.034,20260811,18,1440,320.0000,294.9512,0.1728,False,1474.7558,codespace,
LIN-LAT-CNT-T50-W20-D15-M5-L20,LINEAR,LATENCY,COUNT_BASED,50,20,15,5,LOCAL,canary_matrix,2,2026-09-04T21:51:58Z,0.2500,3.507,16.866,0.0000,0.5154,0.0000,order-service:0.0000;inventory-service:0.0000;payment-service:0.0000;notification-service:0.0000,True,,26.856,gateway:orderServiceCB=CLOSED;gateway:inventoryServiceCB=CLOSED;gateway:paymentServiceCB=CLOSED;order:inventoryServiceCB=CLOSED;order:sharedDbCB=CLOSED;inventory:paymentServiceCB=CLOSED;inventory:sharedDbCB=CLOSED;payment:notificationServiceCB=CLOSED;payment:sharedDbCB=CLOSED;notification:sharedDbCB=CLOSED,gateway:orderServiceCB=0;gateway:inventoryServiceCB=0;gateway:paymentServiceCB=0;order:inventoryServiceCB=0;order:sharedDbCB=0;inventory:paymentServiceCB=0;inventory:sharedDbCB=0;payment:notificationServiceCB=0;payment:sharedDbCB=0;notification:sharedDbCB=0,200,20.035,20260811,19,90,20.0000,19.7734,0.0048,False,20.0000,codespace,
LIN-LAT-CNT-T50-W20-D15-M5-L5,LINEAR,LATENCY,COUNT_BASED,50,20,15,5,LOCAL,canary_matrix,1,2026-09-04T21:53:40Z,0.2500,4.957,16.252,0.5833,0.8975,0.0000,order-service:0.2917;inventory-service:0.0000;payment-service:0.0000;notification-service:0.0000,True,,27.043,gateway:orderServiceCB=CLOSED;gateway:inventoryServiceCB=CLOSED;gateway:paymentServiceCB=CLOSED;order:inventoryServiceCB=CLOSED;order:sharedDbCB=CLOSED;inventory:paymentServiceCB=CLOSED;inventory:sharedDbCB=CLOSED;payment:notificationServiceCB=CLOSED;payment:sharedDbCB=CLOSED;notification:sharedDbCB=CLOSED,gateway:orderServiceCB=0;gateway:inventoryServiceCB=0;gateway:paymentServiceCB=0;order:inventoryServiceCB=0;order:sharedDbCB=0;inventory:paymentServiceCB=0;inventory:sharedDbCB=0;payment:notificationServiceCB=0;payment:sharedDbCB=0;notification:sharedDbCB=0,200,20.033,20260811,20,23,5.0000,4.9924,0.0026,False,20.0000,codespace,
LIN-LAT-CNT-T50-W10-D15-M5-L80,LINEAR,LATENCY,COUNT_BASED,50,10,15,5,LOCAL,canary_matrix,3,2026-09-04T21:55:22Z,0.2500,3.296,16.805,0.0000,0.4809,0.0000,order-service:0.0000;inventory-service:0.0000;payment-service:0.0000;notification-service:0.0000,True,,27.621,gateway:orderServiceCB=CLOSED;gateway:inventoryServiceCB=CLOSED;gateway:paymentServiceCB=CLOSED;order:inventoryServiceCB=CLOSED;order:sharedDbCB=CLOSED;inventory:paymentServiceCB=CLOSED;inventory:sharedDbCB=CLOSED;payment:notificationServiceCB=CLOSED;payment:sharedDbCB=CLOSED;notification:sharedDbCB=CLOSED,gateway:orderServiceCB=0;gateway:inventoryServiceCB=0;gateway:paymentServiceCB=0;order:inventoryServiceCB=0;order:sharedDbCB=0;inventory:paymentServiceCB=0;inventory:sharedDbCB=0;payment:notificationServiceCB=0;payment:sharedDbCB=0;notification:sharedDbCB=0,200,20.032,20260811,21,360,80.0000,70.2522,0.0878,False,10.0000,codespace,
LIN-LAT-CNT-T50-W10-D15-M5-L320,LINEAR,LATENCY,COUNT_BASED,50,10,15,5,LOCAL,canary_matrix,5,2026-09-04T21:57:02Z,0.2500,3.314,16.566,0.0000,0.4437,0.0000,order-service:0.0000;inventory-service:0.0000;payment-service:0.0000;notification-service:0.0000,True,,26.769,gateway:orderServiceCB=CLOSED;gateway:inventoryServiceCB=CLOSED;gateway:paymentServiceCB=CLOSED;order:inventoryServiceCB=CLOSED;order:sharedDbCB=CLOSED;inventory:paymentServiceCB=CLOSED;inventory:sharedDbCB=CLOSED;payment:notificationServiceCB=CLOSED;payment:sharedDbCB=CLOSED;notification:sharedDbCB=CLOSED,gateway:orderServiceCB=0;gateway:inventoryServiceCB=0;gateway:paymentServiceCB=0;order:inventoryServiceCB=0;order:sharedDbCB=0;inventory:paymentServiceCB=0;inventory:sharedDbCB=0;payment:notificationServiceCB=0;payment:sharedDbCB=0;notification:sharedDbCB=0,200,20.031,20260811,22,1440,320.0000,228.0406,0.2072,True,10.0000,codespace,
LIN-NON-TIM-T50-W5-D15-M5-L80,LINEAR,NONE,TIME_BASED,50,5,15,5,LOCAL,canary_matrix,3,2026-09-04T21:58:59Z,0.0000,,,0.0000,0.0000,0.0000,order-service:0.0000;inventory-service:0.0000;payment-service:0.0000;notification-service:0.0000,True,,26.740,gateway:orderServiceCB=CLOSED;gateway:inventoryServiceCB=CLOSED;gateway:paymentServiceCB=CLOSED;order:inventoryServiceCB=CLOSED;order:sharedDbCB=CLOSED;inventory:paymentServiceCB=CLOSED;inventory:sharedDbCB=CLOSED;payment:notificationServiceCB=CLOSED;payment:sharedDbCB=CLOSED;notification:sharedDbCB=CLOSED,gateway:orderServiceCB=0;gateway:inventoryServiceCB=0;gateway:paymentServiceCB=0;order:inventoryServiceCB=0;order:sharedDbCB=0;inventory:paymentServiceCB=0;inventory:sharedDbCB=0;payment:notificationServiceCB=0;payment:sharedDbCB=0;notification:sharedDbCB=0,200,20.030,20260811,23,5,80.0000,78.7217,0.7566,False,393.6083,codespace,
LIN-NON-CNT-T50-W20-D15-M5-L20,LINEAR,NONE,COUNT_BASED,50,20,15,5,LOCAL,canary_matrix,6,2026-09-04T22:00:30Z,0.0000,,,0.0000,0.0212,0.0000,order-service:0.0000;inventory-service:0.0000;payment-service:0.0000;notification-service:0.0000,True,,27.858,gateway:orderServiceCB=CLOSED;gateway:inventoryServiceCB=CLOSED;gateway:paymentServiceCB=CLOSED;order:inventoryServiceCB=CLOSED;order:sharedDbCB=CLOSED;inventory:paymentServiceCB=CLOSED;inventory:sharedDbCB=CLOSED;payment:notificationServiceCB=CLOSED;payment:sharedDbCB=CLOSED;notification:sharedDbCB=CLOSED,gateway:orderServiceCB=0;gateway:inventoryServiceCB=0;gateway:paymentServiceCB=0;order:inventoryServiceCB=0;order:sharedDbCB=0;inventory:paymentServiceCB=0;inventory:sharedDbCB=0;payment:notificationServiceCB=0;payment:sharedDbCB=0;notification:sharedDbCB=0,200,20.036,20260811,24,5,20.0000,19.9485,0.0018,False,20.0000,codespace,
LIN-NON-TIM-T50-W5-D15-M5-L20,LINEAR,NONE,TIME_BASED,50,5,15,5,LOCAL,canary_matrix,8,2026-09-04T22:02:27Z,0.0000,,,0.0000,0.0302,0.0000,order-service:0.0000;inventory-service:0.0000;payment-service:0.0000;notification-service:0.0000,True,,26.942,gateway:orderServiceCB=CLOSED;gateway:inventoryServiceCB=CLOSED;gateway:paymentServiceCB=CLOSED;order:inventoryServiceCB=CLOSED;order:sharedDbCB=CLOSED;inventory:paymentServiceCB=CLOSED;inventory:sharedDbCB=CLOSED;payment:notificationServiceCB=CLOSED;payment:sharedDbCB=CLOSED;notification:sharedDbCB=CLOSED,gateway:orderServiceCB=0;gateway:inventoryServiceCB=0;gateway:paymentServiceCB=0;order:inventoryServiceCB=0;order:sharedDbCB=0;inventory:paymentServiceCB=0;inventory:sharedDbCB=0;payment:notificationServiceCB=0;payment:sharedDbCB=0;notification:sharedDbCB=0,200,20.040,20260811,25,5,20.0000,19.9488,0.0037,False,99.7440,codespace,
LIN-NON-CNT-T50-W5-D15-M5-L20,LINEAR,NONE,COUNT_BASED,50,5,15,5,LOCAL,canary_matrix,10,2026-09-04T22:03:58Z,0.0000,,,0.0000,0.0092,0.0000,order-service:0.0000;inventory-service:0.0000;payment-service:0.0000;notification-service:0.0000,True,,28.689,gateway:orderServiceCB=CLOSED;gateway:inventoryServiceCB=CLOSED;gateway:paymentServiceCB=CLOSED;order:inventoryServiceCB=CLOSED;order:sharedDbCB=CLOSED;inventory:paymentServiceCB=CLOSED;inventory:sharedDbCB=CLOSED;payment:notificationServiceCB=CLOSED;payment:sharedDbCB=CLOSED;notification:sharedDbCB=CLOSED,gateway:orderServiceCB=0;gateway:inventoryServiceCB=0;gateway:paymentServiceCB=0;order:inventoryServiceCB=0;order:sharedDbCB=0;inventory:paymentServiceCB=0;inventory:sharedDbCB=0;payment:notificationServiceCB=0;payment:sharedDbCB=0;notification:sharedDbCB=0,200,20.034,20260811,26,5,20.0000,19.9465,0.0014,False,5.0000,codespace,
LIN-LAT-TIM-T50-W1-D15-M5-L20,LINEAR,LATENCY,TIME_BASED,50,1,15,5,LOCAL,canary_matrix,3,2026-09-04T22:05:57Z,0.2500,3.539,34.825,0.8596,0.8629,0.0000,order-service:0.4298;inventory-service:0.0000;payment-service:0.0000;notification-service:0.0000,True,,27.091,gateway:orderServiceCB=CLOSED;gateway:inventoryServiceCB=CLOSED;gateway:paymentServiceCB=CLOSED;order:inventoryServiceCB=CLOSED;order:sharedDbCB=CLOSED;inventory:paymentServiceCB=CLOSED;inventory:sharedDbCB=CLOSED;payment:notificationServiceCB=CLOSED;payment:sharedDbCB=CLOSED;notification:sharedDbCB=CLOSED,gateway:orderServiceCB=0;gateway:inventoryServiceCB=0;gateway:paymentServiceCB=0;order:inventoryServiceCB=0;order:sharedDbCB=0;inventory:paymentServiceCB=0;inventory:sharedDbCB=0;payment:notificationServiceCB=0;payment:sharedDbCB=0;notification:sharedDbCB=0,200,20.030,20260811,27,90,20.0000,19.9279,0.0052,False,19.9279,codespace,
LIN-NON-CNT-T50-W5-D15-M5-L20,LINEAR,NONE,COUNT_BASED,50,5,15,5,LOCAL,canary_matrix,1,2026-09-04T22:07:26Z,0.0000,,,0.0000,0.0150,0.0000,order-service:0.0000;inventory-service:0.0000;payment-service:0.0000;notification-service:0.0000,True,,26.957,gateway:orderServiceCB=CLOSED;gateway:inventoryServiceCB=CLOSED;gateway:paymentServiceCB=CLOSED;order:inventoryServiceCB=CLOSED;order:sharedDbCB=CLOSED;inventory:paymentServiceCB=CLOSED;inventory:sharedDbCB=CLOSED;payment:notificationServiceCB=CLOSED;payment:sharedDbCB=CLOSED;notification:sharedDbCB=CLOSED,gateway:orderServiceCB=0;gateway:inventoryServiceCB=0;gateway:paymentServiceCB=0;order:inventoryServiceCB=0;order:sharedDbCB=0;inventory:paymentServiceCB=0;inventory:sharedDbCB=0;payment:notificationServiceCB=0;payment:sharedDbCB=0;notification:sharedDbCB=0,200,20.034,20260811,28,5,20.0000,19.9537,0.0006,False,5.0000,codespace,
LIN-NON-TIM-T50-W20-D15-M5-L20,LINEAR,NONE,TIME_BASED,50,20,15,5,LOCAL,canary_matrix,4,2026-09-04T22:09:38Z,0.0000,,,0.0000,0.0306,0.0000,order-service:0.0000;inventory-service:0.0000;payment-service:0.0000;notification-service:0.0000,True,,26.800,gateway:orderServiceCB=CLOSED;gateway:inventoryServiceCB=CLOSED;gateway:paymentServiceCB=CLOSED;order:inventoryServiceCB=CLOSED;order:sharedDbCB=CLOSED;inventory:paymentServiceCB=CLOSED;inventory:sharedDbCB=CLOSED;payment:notificationServiceCB=CLOSED;payment:sharedDbCB=CLOSED;notification:sharedDbCB=CLOSED,gateway:orderServiceCB=0;gateway:inventoryServiceCB=0;gateway:paymentServiceCB=0;order:inventoryServiceCB=0;order:sharedDbCB=0;inventory:paymentServiceCB=0;inventory:sharedDbCB=0;payment:notificationServiceCB=0;payment:sharedDbCB=0;notification:sharedDbCB=0,200,20.033,20260811,29,5,20.0000,19.9509,0.0030,False,399.0186,codespace,
LIN-NON-CNT-T50-W10-D15-M5-L80,LINEAR,NONE,COUNT_BASED,50,10,15,5,LOCAL,canary_matrix,3,2026-09-04T22:11:07Z,0.0000,,,0.0000,0.0000,0.0000,order-service:0.0000;inventory-service:0.0000;payment-service:0.0000;notification-service:0.0000,True,,28.876,gateway:orderServiceCB=CLOSED;gateway:inventoryServiceCB=CLOSED;gateway:paymentServiceCB=CLOSED;order:inventoryServiceCB=CLOSED;order:sharedDbCB=CLOSED;inventory:paymentServiceCB=CLOSED;inventory:sharedDbCB=CLOSED;payment:notificationServiceCB=CLOSED;payment:sharedDbCB=CLOSED;notification:sharedDbCB=CLOSED,gateway:orderServiceCB=0;gateway:inventoryServiceCB=0;gateway:paymentServiceCB=0;order:inventoryServiceCB=0;order:sharedDbCB=0;inventory:paymentServiceCB=0;inventory:sharedDbCB=0;payment:notificationServiceCB=0;payment:sharedDbCB=0;notification:sharedDbCB=0,200,20.037,20260811,30,5,80.0000,68.4933,0.9171,False,10.0000,codespace,
LIN-LAT-TIM-T50-W5-D15-M5-L320,LINEAR,LATENCY,TIME_BASED,50,5,15,5,LOCAL,canary_matrix,1,2026-09-04T22:13:06Z,0.2500,7.088,30.746,0.9796,0.7078,0.0000,order-service:0.4882;inventory-service:0.0000;payment-service:0.0000;notification-service:0.0000,True,,27.143,gateway:orderServiceCB=CLOSED;gateway:inventoryServiceCB=CLOSED;gateway:paymentServiceCB=CLOSED;order:inventoryServiceCB=CLOSED;order:sharedDbCB=CLOSED;inventory:paymentServiceCB=CLOSED;inventory:sharedDbCB=CLOSED;payment:notificationServiceCB=CLOSED;payment:sharedDbCB=CLOSED;notification:sharedDbCB=CLOSED,gateway:orderServiceCB=0;gateway:inventoryServiceCB=0;gateway:paymentServiceCB=0;order:inventoryServiceCB=0;order:sharedDbCB=0;inventory:paymentServiceCB=0;inventory:sharedDbCB=0;payment:notificationServiceCB=0;payment:sharedDbCB=0;notification:sharedDbCB=0,200,20.036,20260811,31,1440,320.0000,295.1264,0.1868,False,1475.6322,codespace,
LIN-LAT-TIM-T50-W4-D15-M5-L5,LINEAR,LATENCY,TIME_BASED,50,4,15,5,LOCAL,canary_matrix,3,2026-09-04T22:15:09Z,0.2500,3.889,35.406,0.8276,0.9578,0.0000,order-service:0.4138;inventory-service:0.0000;payment-service:0.0000;notification-service:0.0000,True,,28.256,gateway:orderServiceCB=CLOSED;gateway:inventoryServiceCB=CLOSED;gateway:paymentServiceCB=CLOSED;order:inventoryServiceCB=CLOSED;order:sharedDbCB=CLOSED;inventory:paymentServiceCB=CLOSED;inventory:sharedDbCB=CLOSED;payment:notificationServiceCB=CLOSED;payment:sharedDbCB=CLOSED;notification:sharedDbCB=CLOSED,gateway:orderServiceCB=0;gateway:inventoryServiceCB=0;gateway:paymentServiceCB=0;order:inventoryServiceCB=0;order:sharedDbCB=0;inventory:paymentServiceCB=0;inventory:sharedDbCB=0;payment:notificationServiceCB=0;payment:sharedDbCB=0;notification:sharedDbCB=0,200,20.034,20260811,32,23,5.0000,4.9955,0.0006,False,19.9820,codespace,
LIN-LAT-CNT-T50-W50-D15-M5-L5,LINEAR,LATENCY,COUNT_BASED,50,50,15,5,LOCAL,canary_matrix,3,2026-09-04T22:17:01Z,0.2500,7.955,24.142,0.7333,0.9348,0.0000,order-service:0.3095;inventory-service:0.0000;payment-service:0.0000;notification-service:0.0000,True,,26.569,gateway:orderServiceCB=CLOSED;gateway:inventoryServiceCB=CLOSED;gateway:paymentServiceCB=CLOSED;order:inventoryServiceCB=CLOSED;order:sharedDbCB=CLOSED;inventory:paymentServiceCB=CLOSED;inventory:sharedDbCB=CLOSED;payment:notificationServiceCB=CLOSED;payment:sharedDbCB=CLOSED;notification:sharedDbCB=CLOSED,gateway:orderServiceCB=0;gateway:inventoryServiceCB=0;gateway:paymentServiceCB=0;order:inventoryServiceCB=0;order:sharedDbCB=0;inventory:paymentServiceCB=0;inventory:sharedDbCB=0;payment:notificationServiceCB=0;payment:sharedDbCB=0;notification:sharedDbCB=0,200,20.033,20260811,33,23,5.0000,4.9955,0.0006,False,50.0000,codespace,
LIN-LAT-CNT-T50-W10-D15-M5-L20,LINEAR,LATENCY,COUNT_BASED,50,10,15,5,LOCAL,canary_matrix,3,2026-09-04T22:18:42Z,0.2500,3.281,16.036,0.0000,0.6100,0.0000,order-service:0.0000;inventory-service:0.0000;payment-service:0.0000;notification-service:0.0000,True,,27.169,gateway:orderServiceCB=CLOSED;gateway:inventoryServiceCB=CLOSED;gateway:paymentServiceCB=CLOSED;order:inventoryServiceCB=CLOSED;order:sharedDbCB=CLOSED;inventory:paymentServiceCB=CLOSED;inventory:sharedDbCB=CLOSED;payment:notificationServiceCB=CLOSED;payment:sharedDbCB=CLOSED;notification:sharedDbCB=CLOSED,gateway:orderServiceCB=0;gateway:inventoryServiceCB=0;gateway:paymentServiceCB=0;order:inventoryServiceCB=0;order:sharedDbCB=0;inventory:paymentServiceCB=0;inventory:sharedDbCB=0;payment:notificationServiceCB=0;payment:sharedDbCB=0;notification:sharedDbCB=0,200,20.037,20260811,34,90,20.0000,19.7862,0.0020,False,10.0000,codespace,
LIN-LAT-TIM-T50-W5-D15-M5-L20,LINEAR,LATENCY,TIME_BASED,50,5,15,5,LOCAL,canary_matrix,1,2026-09-04T22:20:41Z,0.2500,3.708,34.603,0.8717,0.8749,0.0000,order-service:0.4358;inventory-service:0.0000;payment-service:0.0000;notification-service:0.0000,True,,26.860,gateway:orderServiceCB=CLOSED;gateway:inventoryServiceCB=CLOSED;gateway:paymentServiceCB=CLOSED;order:inventoryServiceCB=CLOSED;order:sharedDbCB=CLOSED;inventory:paymentServiceCB=CLOSED;inventory:sharedDbCB=CLOSED;payment:notificationServiceCB=CLOSED;payment:sharedDbCB=CLOSED;notification:sharedDbCB=CLOSED,gateway:orderServiceCB=0;gateway:inventoryServiceCB=0;gateway:paymentServiceCB=0;order:inventoryServiceCB=0;order:sharedDbCB=0;inventory:paymentServiceCB=0;inventory:sharedDbCB=0;payment:notificationServiceCB=0;payment:sharedDbCB=0;notification:sharedDbCB=0,200,20.038,20260811,35,90,20.0000,19.9324,0.0040,False,99.6620,codespace,
LIN-NON-CNT-T50-W20-D15-M5-L20,LINEAR,NONE,COUNT_BASED,50,20,15,5,LOCAL,canary_matrix,3,2026-09-04T22:22:10Z,0.0000,,,0.0000,0.0218,0.0000,order-service:0.0000;inventory-service:0.0000;payment-service:0.0000;notification-service:0.0000,True,,27.267,gateway:orderServiceCB=CLOSED;gateway:inventoryServiceCB=CLOSED;gateway:paymentServiceCB=CLOSED;order:inventoryServiceCB=CLOSED;order:sharedDbCB=CLOSED;inventory:paymentServiceCB=CLOSED;inventory:sharedDbCB=CLOSED;payment:notificationServiceCB=CLOSED;payment:sharedDbCB=CLOSED;notification:sharedDbCB=CLOSED,gateway:orderServiceCB=0;gateway:inventoryServiceCB=0;gateway:paymentServiceCB=0;order:inventoryServiceCB=0;order:sharedDbCB=0;inventory:paymentServiceCB=0;inventory:sharedDbCB=0;payment:notificationServiceCB=0;payment:sharedDbCB=0;notification:sharedDbCB=0,200,20.038,20260811,36,5,20.0000,19.9491,0.0054,False,20.0000,codespace,
LIN-LAT-TIM-T50-W20-D15-M5-L20,LINEAR,LATENCY,TIME_BASED,50,20,15,5,LOCAL,canary_matrix,4,2026-09-04T22:24:35Z,0.2500,8.663,52.797,0.8000,0.8060,0.0000,order-service:0.4000;inventory-service:0.0000;payment-service:0.0000;notification-service:0.0000,True,,28.959,gateway:orderServiceCB=CLOSED;gateway:inventoryServiceCB=CLOSED;gateway:paymentServiceCB=CLOSED;order:inventoryServiceCB=CLOSED;order:sharedDbCB=CLOSED;inventory:paymentServiceCB=CLOSED;inventory:sharedDbCB=CLOSED;payment:notificationServiceCB=CLOSED;payment:sharedDbCB=CLOSED;notification:sharedDbCB=CLOSED,gateway:orderServiceCB=0;gateway:inventoryServiceCB=0;gateway:paymentServiceCB=0;order:inventoryServiceCB=0;order:sharedDbCB=0;inventory:paymentServiceCB=0;inventory:sharedDbCB=0;payment:notificationServiceCB=0;payment:sharedDbCB=0;notification:sharedDbCB=0,200,20.030,20260811,37,90,20.0000,19.9397,0.0029,False,398.7950,codespace,
LIN-LAT-CNT-T50-W10-D15-M5-L5,LINEAR,LATENCY,COUNT_BASED,50,10,15,5,LOCAL,canary_matrix,5,2026-09-04T22:26:16Z,0.2500,3.896,16.414,0.5000,0.8756,0.0000,order-service:0.2500;inventory-service:0.0000;payment-service:0.0000;notification-service:0.0000,True,,27.141,gateway:orderServiceCB=CLOSED;gateway:inventoryServiceCB=CLOSED;gateway:paymentServiceCB=CLOSED;order:inventoryServiceCB=CLOSED;order:sharedDbCB=CLOSED;inventory:paymentServiceCB=CLOSED;inventory:sharedDbCB=CLOSED;payment:notificationServiceCB=CLOSED;payment:sharedDbCB=CLOSED;notification:sharedDbCB=CLOSED,gateway:orderServiceCB=0;gateway:inventoryServiceCB=0;gateway:paymentServiceCB=0;order:inventoryServiceCB=0;order:sharedDbCB=0;inventory:paymentServiceCB=0;inventory:sharedDbCB=0;payment:notificationServiceCB=0;payment:sharedDbCB=0;notification:sharedDbCB=0,200,20.034,20260811,38,23,5.0000,4.9926,0.0009,False,10.0000,codespace,
LIN-LAT-TIM-T50-W1-D15-M5-L20,LINEAR,LATENCY,TIME_BASED,50,1,15,5,LOCAL,canary_matrix,2,2026-09-04T22:28:15Z,0.2500,3.306,35.062,0.8673,0.8715,0.0000,order-service:0.4337;inventory-service:0.0000;payment-service:0.0000;notification-service:0.0000,True,,26.930,gateway:orderServiceCB=CLOSED;gateway:inventoryServiceCB=CLOSED;gateway:paymentServiceCB=CLOSED;order:inventoryServiceCB=CLOSED;order:sharedDbCB=CLOSED;inventory:paymentServiceCB=CLOSED;inventory:sharedDbCB=CLOSED;payment:notificationServiceCB=CLOSED;payment:sharedDbCB=CLOSED;notification:sharedDbCB=CLOSED,gateway:orderServiceCB=0;gateway:inventoryServiceCB=0;gateway:paymentServiceCB=0;order:inventoryServiceCB=0;order:sharedDbCB=0;inventory:paymentServiceCB=0;inventory:sharedDbCB=0;payment:notificationServiceCB=0;payment:sharedDbCB=0;notification:sharedDbCB=0,200,20.028,20260811,39,90,20.0000,19.9263,0.0066,False,19.9263,codespace,
LIN-LAT-CNT-T50-W10-D15-M5-L5,LINEAR,LATENCY,COUNT_BASED,50,10,15,5,LOCAL,canary_matrix,3,2026-09-04T22:29:57Z,0.2500,3.882,16.392,0.5000,0.8759,0.0000,order-service:0.2500;inventory-service:0.0000;payment-service:0.0000;notification-service:0.0000,True,,27.157,gateway:orderServiceCB=CLOSED;gateway:inventoryServiceCB=CLOSED;gateway:paymentServiceCB=CLOSED;order:inventoryServiceCB=CLOSED;order:sharedDbCB=CLOSED;inventory:paymentServiceCB=CLOSED;inventory:sharedDbCB=CLOSED;payment:notificationServiceCB=CLOSED;payment:sharedDbCB=CLOSED;notification:sharedDbCB=CLOSED,gateway:orderServiceCB=0;gateway:inventoryServiceCB=0;gateway:paymentServiceCB=0;order:inventoryServiceCB=0;order:sharedDbCB=0;inventory:paymentServiceCB=0;inventory:sharedDbCB=0;payment:notificationServiceCB=0;payment:sharedDbCB=0;notification:sharedDbCB=0,200,20.028,20260811,40,23,5.0000,4.9926,0.0010,False,10.0000,codespace,
LIN-NON-CNT-T50-W10-D15-M5-L80,LINEAR,NONE,COUNT_BASED,50,10,15,5,LOCAL,canary_matrix,6,2026-09-04T22:31:25Z,0.0000,,,0.0000,0.0000,0.0000,order-service:0.0000;inventory-service:0.0000;payment-service:0.0000;notification-service:0.0000,True,,27.309,gateway:orderServiceCB=CLOSED;gateway:inventoryServiceCB=CLOSED;gateway:paymentServiceCB=CLOSED;order:inventoryServiceCB=CLOSED;order:sharedDbCB=CLOSED;inventory:paymentServiceCB=CLOSED;inventory:sharedDbCB=CLOSED;payment:notificationServiceCB=CLOSED;payment:sharedDbCB=CLOSED;notification:sharedDbCB=CLOSED,gateway:orderServiceCB=0;gateway:inventoryServiceCB=0;gateway:paymentServiceCB=0;order:inventoryServiceCB=0;order:sharedDbCB=0;inventory:paymentServiceCB=0;inventory:sharedDbCB=0;payment:notificationServiceCB=0;payment:sharedDbCB=0;notification:sharedDbCB=0,200,20.032,20260811,41,5,80.0000,61.7097,0.7807,True,10.0000,codespace,
LIN-NON-TIM-T50-W5-D15-M5-L20,LINEAR,NONE,TIME_BASED,50,5,15,5,LOCAL,canary_matrix,5,2026-09-04T22:33:22Z,0.0000,,,0.0000,0.0304,0.0000,order-service:0.0000;inventory-service:0.0000;payment-service:0.0000;notification-service:0.0000,True,,27.174,gateway:orderServiceCB=CLOSED;gateway:inventoryServiceCB=CLOSED;gateway:paymentServiceCB=CLOSED;order:inventoryServiceCB=CLOSED;order:sharedDbCB=CLOSED;inventory:paymentServiceCB=CLOSED;inventory:sharedDbCB=CLOSED;payment:notificationServiceCB=CLOSED;payment:sharedDbCB=CLOSED;notification:sharedDbCB=CLOSED,gateway:orderServiceCB=0;gateway:inventoryServiceCB=0;gateway:paymentServiceCB=0;order:inventoryServiceCB=0;order:sharedDbCB=0;inventory:paymentServiceCB=0;inventory:sharedDbCB=0;payment:notificationServiceCB=0;payment:sharedDbCB=0;notification:sharedDbCB=0,200,20.038,20260811,42,5,20.0000,19.9493,0.0051,False,99.7467,codespace,
LIN-LAT-CNT-T50-W400-D15-M5-L20,LINEAR,LATENCY,COUNT_BASED,50,400,15,5,LOCAL,canary_matrix,2,2026-09-04T22:35:50Z,0.2500,13.196,53.13,0.7750,0.7821,0.0000,order-service:0.3875;inventory-service:0.0000;payment-service:0.0000;notification-service:0.0000,True,,28.320,gateway:orderServiceCB=CLOSED;gateway:inventoryServiceCB=CLOSED;gateway:paymentServiceCB=CLOSED;order:inventoryServiceCB=CLOSED;order:sharedDbCB=CLOSED;inventory:paymentServiceCB=CLOSED;inventory:sharedDbCB=CLOSED;payment:notificationServiceCB=CLOSED;payment:sharedDbCB=CLOSED;notification:sharedDbCB=CLOSED,gateway:orderServiceCB=0;gateway:inventoryServiceCB=0;gateway:paymentServiceCB=0;order:inventoryServiceCB=0;order:sharedDbCB=0;inventory:paymentServiceCB=0;inventory:sharedDbCB=0;payment:notificationServiceCB=0;payment:sharedDbCB=0;notification:sharedDbCB=0,200,20.031,20260811,43,90,20.0000,19.9409,0.0035,False,400.0000,codespace,
LIN-NON-CNT-T50-W20-D15-M5-L80,LINEAR,NONE,COUNT_BASED,50,20,15,5,LOCAL,canary_matrix,1,2026-09-04T22:37:18Z,0.0000,,,0.0000,0.0000,0.0000,order-service:0.0000;inventory-service:0.0000;payment-service:0.0000;notification-service:0.0000,True,,27.256,gateway:orderServiceCB=CLOSED;gateway:inventoryServiceCB=CLOSED;gateway:paymentServiceCB=CLOSED;order:inventoryServiceCB=CLOSED;order:sharedDbCB=CLOSED;inventory:paymentServiceCB=CLOSED;inventory:sharedDbCB=CLOSED;payment:notificationServiceCB=CLOSED;payment:sharedDbCB=CLOSED;notification:sharedDbCB=CLOSED,gateway:orderServiceCB=0;gateway:inventoryServiceCB=0;gateway:paymentServiceCB=0;order:inventoryServiceCB=0;order:sharedDbCB=0;inventory:paymentServiceCB=0;inventory:sharedDbCB=0;payment:notificationServiceCB=0;payment:sharedDbCB=0;notification:sharedDbCB=0,200,20.032,20260811,44,5,80.0000,70.3325,0.8664,False,20.0000,codespace,
LIN-LAT-TIM-T50-W2-D15-M5-L5,LINEAR,LATENCY,TIME_BASED,50,2,15,5,LOCAL,canary_matrix,2,2026-09-04T22:39:19Z,0.2500,3.874,35.485,0.8148,0.9548,0.0000,order-service:0.4074;inventory-service:0.0000;payment-service:0.0000;notification-service:0.0000,True,,27.781,gateway:orderServiceCB=CLOSED;gateway:inventoryServiceCB=CLOSED;gateway:paymentServiceCB=CLOSED;order:inventoryServiceCB=CLOSED;order:sharedDbCB=CLOSED;inventory:paymentServiceCB=CLOSED;inventory:sharedDbCB=CLOSED;payment:notificationServiceCB=CLOSED;payment:sharedDbCB=CLOSED;notification:sharedDbCB=CLOSED,gateway:orderServiceCB=0;gateway:inventoryServiceCB=0;gateway:paymentServiceCB=0;order:inventoryServiceCB=0;order:sharedDbCB=0;inventory:paymentServiceCB=0;inventory:sharedDbCB=0;payment:notificationServiceCB=0;payment:sharedDbCB=0;notification:sharedDbCB=0,200,20.034,20260811,45,23,5.0000,4.9952,0.0006,False,9.9903,codespace,
LIN-NON-CNT-T50-W10-D15-M5-L80,LINEAR,NONE,COUNT_BASED,50,10,15,5,LOCAL,canary_matrix,9,2026-09-04T22:40:49Z,0.0000,,,0.0000,0.0000,0.0000,order-service:0.0000;inventory-service:0.0000;payment-service:0.0000;notification-service:0.0000,True,,30.255,gateway:orderServiceCB=CLOSED;gateway:inventoryServiceCB=CLOSED;gateway:paymentServiceCB=CLOSED;order:inventoryServiceCB=CLOSED;order:sharedDbCB=CLOSED;inventory:paymentServiceCB=CLOSED;inventory:sharedDbCB=CLOSED;payment:notificationServiceCB=CLOSED;payment:sharedDbCB=CLOSED;notification:sharedDbCB=CLOSED,gateway:orderServiceCB=0;gateway:inventoryServiceCB=0;gateway:paymentServiceCB=0;order:inventoryServiceCB=0;order:sharedDbCB=0;inventory:paymentServiceCB=0;inventory:sharedDbCB=0;payment:notificationServiceCB=0;payment:sharedDbCB=0;notification:sharedDbCB=0,200,20.045,20260811,46,5,80.0000,60.6994,0.8276,True,10.0000,codespace,
LIN-NON-CNT-T50-W20-D15-M5-L20,LINEAR,NONE,COUNT_BASED,50,20,15,5,LOCAL,canary_matrix,1,2026-09-04T22:42:19Z,0.0000,,,0.0000,0.0200,0.0000,order-service:0.0000;inventory-service:0.0000;payment-service:0.0000;notification-service:0.0000,True,,26.794,gateway:orderServiceCB=CLOSED;gateway:inventoryServiceCB=CLOSED;gateway:paymentServiceCB=CLOSED;order:inventoryServiceCB=CLOSED;order:sharedDbCB=CLOSED;inventory:paymentServiceCB=CLOSED;inventory:sharedDbCB=CLOSED;payment:notificationServiceCB=CLOSED;payment:sharedDbCB=CLOSED;notification:sharedDbCB=CLOSED,gateway:orderServiceCB=0;gateway:inventoryServiceCB=0;gateway:paymentServiceCB=0;order:inventoryServiceCB=0;order:sharedDbCB=0;inventory:paymentServiceCB=0;inventory:sharedDbCB=0;payment:notificationServiceCB=0;payment:sharedDbCB=0;notification:sharedDbCB=0,200,20.038,20260811,47,5,20.0000,19.9506,0.0013,False,20.0000,codespace,
LIN-NON-TIM-T50-W5-D15-M5-L20,LINEAR,NONE,TIME_BASED,50,5,15,5,LOCAL,canary_matrix,10,2026-09-04T22:44:16Z,0.0000,,,0.0000,0.0307,0.0000,order-service:0.0000;inventory-service:0.0000;payment-service:0.0000;notification-service:0.0000,True,,27.244,gateway:orderServiceCB=CLOSED;gateway:inventoryServiceCB=CLOSED;gateway:paymentServiceCB=CLOSED;order:inventoryServiceCB=CLOSED;order:sharedDbCB=CLOSED;inventory:paymentServiceCB=CLOSED;inventory:sharedDbCB=CLOSED;payment:notificationServiceCB=CLOSED;payment:sharedDbCB=CLOSED;notification:sharedDbCB=CLOSED,gateway:orderServiceCB=0;gateway:inventoryServiceCB=0;gateway:paymentServiceCB=0;order:inventoryServiceCB=0;order:sharedDbCB=0;inventory:paymentServiceCB=0;inventory:sharedDbCB=0;payment:notificationServiceCB=0;payment:sharedDbCB=0;notification:sharedDbCB=0,200,20.033,20260811,48,5,20.0000,19.9490,0.0027,False,99.7450,codespace,
LIN-NON-CNT-T50-W5-D15-M5-L20,LINEAR,NONE,COUNT_BASED,50,5,15,5,LOCAL,canary_matrix,9,2026-09-04T22:45:45Z,0.0000,,,0.0000,0.0143,0.0000,order-service:0.0000;inventory-service:0.0000;payment-service:0.0000;notification-service:0.0000,True,,27.016,gateway:orderServiceCB=CLOSED;gateway:inventoryServiceCB=CLOSED;gateway:paymentServiceCB=CLOSED;order:inventoryServiceCB=CLOSED;order:sharedDbCB=CLOSED;inventory:paymentServiceCB=CLOSED;inventory:sharedDbCB=CLOSED;payment:notificationServiceCB=CLOSED;payment:sharedDbCB=CLOSED;notification:sharedDbCB=CLOSED,gateway:orderServiceCB=0;gateway:inventoryServiceCB=0;gateway:paymentServiceCB=0;order:inventoryServiceCB=0;order:sharedDbCB=0;inventory:paymentServiceCB=0;inventory:sharedDbCB=0;payment:notificationServiceCB=0;payment:sharedDbCB=0;notification:sharedDbCB=0,200,20.035,20260811,49,5,20.0000,19.9507,0.0006,False,5.0000,codespace,
LIN-NON-CNT-T50-W5-D15-M5-L20,LINEAR,NONE,COUNT_BASED,50,5,15,5,LOCAL,canary_matrix,2,2026-09-04T22:47:14Z,0.0000,,,0.0000,0.0238,0.0000,order-service:0.0000;inventory-service:0.0000;payment-service:0.0000;notification-service:0.0000,True,,27.467,gateway:orderServiceCB=CLOSED;gateway:inventoryServiceCB=CLOSED;gateway:paymentServiceCB=CLOSED;order:inventoryServiceCB=CLOSED;order:sharedDbCB=CLOSED;inventory:paymentServiceCB=CLOSED;inventory:sharedDbCB=CLOSED;payment:notificationServiceCB=CLOSED;payment:sharedDbCB=CLOSED;notification:sharedDbCB=CLOSED,gateway:orderServiceCB=0;gateway:inventoryServiceCB=0;gateway:paymentServiceCB=0;order:inventoryServiceCB=0;order:sharedDbCB=0;inventory:paymentServiceCB=0;inventory:sharedDbCB=0;payment:notificationServiceCB=0;payment:sharedDbCB=0;notification:sharedDbCB=0,200,20.032,20260811,50,5,20.0000,19.9515,0.0010,False,5.0000,codespace,
LIN-LAT-CNT-T50-W20-D15-M5-L5,LINEAR,LATENCY,COUNT_BASED,50,20,15,5,LOCAL,canary_matrix,2,2026-09-04T22:48:57Z,0.2500,4.953,16.259,0.5833,0.8972,0.0000,order-service:0.2917;inventory-service:0.0000;payment-service:0.0000;notification-service:0.0000,True,,28.461,gateway:orderServiceCB=CLOSED;gateway:inventoryServiceCB=CLOSED;gateway:paymentServiceCB=CLOSED;order:inventoryServiceCB=CLOSED;order:sharedDbCB=CLOSED;inventory:paymentServiceCB=CLOSED;inventory:sharedDbCB=CLOSED;payment:notificationServiceCB=CLOSED;payment:sharedDbCB=CLOSED;notification:sharedDbCB=CLOSED,gateway:orderServiceCB=0;gateway:inventoryServiceCB=0;gateway:paymentServiceCB=0;order:inventoryServiceCB=0;order:sharedDbCB=0;inventory:paymentServiceCB=0;inventory:sharedDbCB=0;payment:notificationServiceCB=0;payment:sharedDbCB=0;notification:sharedDbCB=0,200,20.030,20260811,51,23,5.0000,4.9938,0.0009,False,20.0000,codespace,
LIN-LAT-CNT-T50-W5-D15-M5-L5,LINEAR,LATENCY,COUNT_BASED,50,5,15,5,LOCAL,canary_matrix,5,2026-09-04T22:50:40Z,0.2500,3.467,16.767,0.5500,0.8882,0.0000,order-service:0.2632;inventory-service:0.0000;payment-service:0.0000;notification-service:0.0000,True,,28.607,gateway:orderServiceCB=CLOSED;gateway:inventoryServiceCB=CLOSED;gateway:paymentServiceCB=CLOSED;order:inventoryServiceCB=CLOSED;order:sharedDbCB=CLOSED;inventory:paymentServiceCB=CLOSED;inventory:sharedDbCB=CLOSED;payment:notificationServiceCB=CLOSED;payment:sharedDbCB=CLOSED;notification:sharedDbCB=CLOSED,gateway:orderServiceCB=0;gateway:inventoryServiceCB=0;gateway:paymentServiceCB=0;order:inventoryServiceCB=0;order:sharedDbCB=0;inventory:paymentServiceCB=0;inventory:sharedDbCB=0;payment:notificationServiceCB=0;payment:sharedDbCB=0;notification:sharedDbCB=0,200,20.031,20260811,52,23,5.0000,4.9927,0.0009,False,5.0000,codespace,
LIN-LAT-TIM-T50-W20-D15-M5-L320,LINEAR,LATENCY,TIME_BASED,50,20,15,5,LOCAL,canary_matrix,2,2026-09-04T22:52:59Z,0.2500,9.555,48.256,0.9854,0.7899,0.0000,order-service:0.4870;inventory-service:0.0000;payment-service:0.0000;notification-service:0.0000,True,,27.215,gateway:orderServiceCB=CLOSED;gateway:inventoryServiceCB=CLOSED;gateway:paymentServiceCB=CLOSED;order:inventoryServiceCB=CLOSED;order:sharedDbCB=CLOSED;inventory:paymentServiceCB=CLOSED;inventory:sharedDbCB=CLOSED;payment:notificationServiceCB=CLOSED;payment:sharedDbCB=CLOSED;notification:sharedDbCB=CLOSED,gateway:orderServiceCB=0;gateway:inventoryServiceCB=0;gateway:paymentServiceCB=0;order:inventoryServiceCB=0;order:sharedDbCB=0;inventory:paymentServiceCB=0;inventory:sharedDbCB=0;payment:notificationServiceCB=0;payment:sharedDbCB=0;notification:sharedDbCB=0,200,20.035,20260811,53,1440,320.0000,296.7806,0.1654,False,5935.6126,codespace,
LIN-NON-TIM-T50-W10-D15-M5-L80,LINEAR,NONE,TIME_BASED,50,10,15,5,LOCAL,canary_matrix,7,2026-09-04T22:55:03Z,0.0000,,,0.0000,0.0000,0.0000,order-service:0.0000;inventory-service:0.0000;payment-service:0.0000;notification-service:0.0000,True,,27.039,gateway:orderServiceCB=CLOSED;gateway:inventoryServiceCB=CLOSED;gateway:paymentServiceCB=CLOSED;order:inventoryServiceCB=CLOSED;order:sharedDbCB=CLOSED;inventory:paymentServiceCB=CLOSED;inventory:sharedDbCB=CLOSED;payment:notificationServiceCB=CLOSED;payment:sharedDbCB=CLOSED;notification:sharedDbCB=CLOSED,gateway:orderServiceCB=0;gateway:inventoryServiceCB=0;gateway:paymentServiceCB=0;order:inventoryServiceCB=0;order:sharedDbCB=0;inventory:paymentServiceCB=0;inventory:sharedDbCB=0;payment:notificationServiceCB=0;payment:sharedDbCB=0;notification:sharedDbCB=0,200,20.031,20260811,54,5,80.0000,78.8308,0.7748,False,788.3079,codespace,
LIN-LAT-TIM-T50-W10-D15-M5-L320,LINEAR,LATENCY,TIME_BASED,50,10,15,5,LOCAL,canary_matrix,3,2026-09-04T22:57:21Z,0.2500,12.138,44.283,0.9805,0.7360,0.0000,order-service:0.4877;inventory-service:0.0000;payment-service:0.0000;notification-service:0.0000,True,,26.974,gateway:orderServiceCB=CLOSED;gateway:inventoryServiceCB=CLOSED;gateway:paymentServiceCB=CLOSED;order:inventoryServiceCB=CLOSED;order:sharedDbCB=CLOSED;inventory:paymentServiceCB=CLOSED;inventory:sharedDbCB=CLOSED;payment:notificationServiceCB=CLOSED;payment:sharedDbCB=CLOSED;notification:sharedDbCB=CLOSED,gateway:orderServiceCB=0;gateway:inventoryServiceCB=0;gateway:paymentServiceCB=0;order:inventoryServiceCB=0;order:sharedDbCB=0;inventory:paymentServiceCB=0;inventory:sharedDbCB=0;payment:notificationServiceCB=0;payment:sharedDbCB=0;notification:sharedDbCB=0,200,20.030,20260811,55,1440,320.0000,294.6622,0.1944,False,2946.6223,codespace,
LIN-NON-TIM-T50-W5-D15-M5-L20,LINEAR,NONE,TIME_BASED,50,5,15,5,LOCAL,canary_matrix,4,2026-09-04T22:59:19Z,0.0000,,,0.0000,0.0316,0.0000,order-service:0.0000;inventory-service:0.0000;payment-service:0.0000;notification-service:0.0000,True,,26.811,gateway:orderServiceCB=CLOSED;gateway:inventoryServiceCB=CLOSED;gateway:paymentServiceCB=CLOSED;order:inventoryServiceCB=CLOSED;order:sharedDbCB=CLOSED;inventory:paymentServiceCB=CLOSED;inventory:sharedDbCB=CLOSED;payment:notificationServiceCB=CLOSED;payment:sharedDbCB=CLOSED;notification:sharedDbCB=CLOSED,gateway:orderServiceCB=0;gateway:inventoryServiceCB=0;gateway:paymentServiceCB=0;order:inventoryServiceCB=0;order:sharedDbCB=0;inventory:paymentServiceCB=0;inventory:sharedDbCB=0;payment:notificationServiceCB=0;payment:sharedDbCB=0;notification:sharedDbCB=0,200,20.035,20260811,56,5,20.0000,19.9474,0.0061,False,99.7370,codespace,
LIN-LAT-CNT-T50-W800-D15-M5-L80,LINEAR,LATENCY,COUNT_BASED,50,800,15,5,LOCAL,canary_matrix,4,2026-09-04T23:01:13Z,0.2500,6.482,26.278,0.8254,0.3364,0.0000,order-service:0.3620;inventory-service:0.0000;payment-service:0.0000;notification-service:0.0000,True,,27.399,gateway:orderServiceCB=CLOSED;gateway:inventoryServiceCB=CLOSED;gateway:paymentServiceCB=CLOSED;order:inventoryServiceCB=CLOSED;order:sharedDbCB=CLOSED;inventory:paymentServiceCB=CLOSED;inventory:sharedDbCB=CLOSED;payment:notificationServiceCB=CLOSED;payment:sharedDbCB=CLOSED;notification:sharedDbCB=CLOSED,gateway:orderServiceCB=0;gateway:inventoryServiceCB=0;gateway:paymentServiceCB=0;order:inventoryServiceCB=0;order:sharedDbCB=0;inventory:paymentServiceCB=0;inventory:sharedDbCB=0;payment:notificationServiceCB=0;payment:sharedDbCB=0;notification:sharedDbCB=0,200,20.031,20260811,57,360,80.0000,78.2919,0.0439,False,800.0000,codespace,
LIN-LAT-CNT-T50-W5-D15-M5-L320,LINEAR,LATENCY,COUNT_BASED,50,5,15,5,LOCAL,canary_matrix,5,2026-09-04T23:02:55Z,0.2500,3.207,16.58,0.0000,0.4329,0.0000,order-service:0.0000;inventory-service:0.0000;payment-service:0.0000;notification-service:0.0000,True,,28.484,gateway:orderServiceCB=CLOSED;gateway:inventoryServiceCB=CLOSED;gateway:paymentServiceCB=CLOSED;order:inventoryServiceCB=CLOSED;order:sharedDbCB=CLOSED;inventory:paymentServiceCB=CLOSED;inventory:sharedDbCB=CLOSED;payment:notificationServiceCB=CLOSED;payment:sharedDbCB=CLOSED;notification:sharedDbCB=CLOSED,gateway:orderServiceCB=0;gateway:inventoryServiceCB=0;gateway:paymentServiceCB=0;order:inventoryServiceCB=0;order:sharedDbCB=0;inventory:paymentServiceCB=0;inventory:sharedDbCB=0;payment:notificationServiceCB=0;payment:sharedDbCB=0;notification:sharedDbCB=0,200,20.041,20260811,58,1440,320.0000,237.7965,0.1157,True,5.0000,codespace,
LIN-LAT-TIM-T50-W20-D15-M5-L80,LINEAR,LATENCY,TIME_BASED,50,20,15,5,LOCAL,canary_matrix,5,2026-09-04T23:05:14Z,0.2500,5.31,52.688,0.8997,0.6158,0.0000,order-service:0.4499;inventory-service:0.0000;payment-service:0.0000;notification-service:0.0000,True,,27.244,gateway:orderServiceCB=CLOSED;gateway:inventoryServiceCB=CLOSED;gateway:paymentServiceCB=CLOSED;order:inventoryServiceCB=CLOSED;order:sharedDbCB=CLOSED;inventory:paymentServiceCB=CLOSED;inventory:sharedDbCB=CLOSED;payment:notificationServiceCB=CLOSED;payment:sharedDbCB=CLOSED;notification:sharedDbCB=CLOSED,gateway:orderServiceCB=0;gateway:inventoryServiceCB=0;gateway:paymentServiceCB=0;order:inventoryServiceCB=0;order:sharedDbCB=0;inventory:paymentServiceCB=0;inventory:sharedDbCB=0;payment:notificationServiceCB=0;payment:sharedDbCB=0;notification:sharedDbCB=0,200,20.031,20260811,59,360,80.0000,78.7169,0.0424,False,1574.3371,codespace,
LIN-LAT-CNT-T50-W10-D15-M5-L80,LINEAR,LATENCY,COUNT_BASED,50,10,15,5,LOCAL,canary_matrix,1,2026-09-04T23:06:56Z,0.2500,3.211,16.789,0.0000,0.4601,0.0000,order-service:0.0000;inventory-service:0.0000;payment-service:0.0000;notification-service:0.0000,True,,27.061,gateway:orderServiceCB=CLOSED;gateway:inventoryServiceCB=CLOSED;gateway:paymentServiceCB=CLOSED;order:inventoryServiceCB=CLOSED;order:sharedDbCB=CLOSED;inventory:paymentServiceCB=CLOSED;inventory:sharedDbCB=CLOSED;payment:notificationServiceCB=CLOSED;payment:sharedDbCB=CLOSED;notification:sharedDbCB=CLOSED,gateway:orderServiceCB=0;gateway:inventoryServiceCB=0;gateway:paymentServiceCB=0;order:inventoryServiceCB=0;order:sharedDbCB=0;inventory:paymentServiceCB=0;inventory:sharedDbCB=0;payment:notificationServiceCB=0;payment:sharedDbCB=0;notification:sharedDbCB=0,200,20.045,20260811,60,360,80.0000,71.7917,0.0719,False,10.0000,codespace,
LIN-NON-TIM-T50-W5-D15-M5-L80,LINEAR,NONE,TIME_BASED,50,5,15,5,LOCAL,canary_matrix,9,2026-09-04T23:08:54Z,0.0000,,,0.0000,0.0000,0.0000,order-service:0.0000;inventory-service:0.0000;payment-service:0.0000;notification-service:0.0000,True,,28.458,gateway:orderServiceCB=CLOSED;gateway:inventoryServiceCB=CLOSED;gateway:paymentServiceCB=CLOSED;order:inventoryServiceCB=CLOSED;order:sharedDbCB=CLOSED;inventory:paymentServiceCB=CLOSED;inventory:sharedDbCB=CLOSED;payment:notificationServiceCB=CLOSED;payment:sharedDbCB=CLOSED;notification:sharedDbCB=CLOSED,gateway:orderServiceCB=0;gateway:inventoryServiceCB=0;gateway:paymentServiceCB=0;order:inventoryServiceCB=0;order:sharedDbCB=0;inventory:paymentServiceCB=0;inventory:sharedDbCB=0;payment:notificationServiceCB=0;payment:sharedDbCB=0;notification:sharedDbCB=0,200,20.033,20260811,61,5,80.0000,78.7559,0.7894,False,393.7794,codespace,
LIN-LAT-TIM-T50-W20-D15-M5-L5,LINEAR,LATENCY,TIME_BASED,50,20,15,5,LOCAL,canary_matrix,1,2026-09-04T23:11:07Z,0.2500,14.764,35.48,0.6489,0.9142,0.0000,order-service:0.3244;inventory-service:0.0000;payment-service:0.0000;notification-service:0.0000,True,,27.765,gateway:orderServiceCB=CLOSED;gateway:inventoryServiceCB=CLOSED;gateway:paymentServiceCB=CLOSED;order:inventoryServiceCB=CLOSED;order:sharedDbCB=CLOSED;inventory:paymentServiceCB=CLOSED;inventory:sharedDbCB=CLOSED;payment:notificationServiceCB=CLOSED;payment:sharedDbCB=CLOSED;notification:sharedDbCB=CLOSED,gateway:orderServiceCB=0;gateway:inventoryServiceCB=0;gateway:paymentServiceCB=0;order:inventoryServiceCB=0;order:sharedDbCB=0;inventory:paymentServiceCB=0;inventory:sharedDbCB=0;payment:notificationServiceCB=0;payment:sharedDbCB=0;notification:sharedDbCB=0,200,20.044,20260811,62,23,5.0000,4.9955,0.0009,False,99.9098,codespace,
LIN-NON-TIM-T50-W20-D15-M5-L80,LINEAR,NONE,TIME_BASED,50,20,15,5,LOCAL,canary_matrix,5,2026-09-04T23:13:20Z,0.0000,,,0.0000,0.0000,0.0000,order-service:0.0000;inventory-service:0.0000;payment-service:0.0000;notification-service:0.0000,True,,28.467,gateway:orderServiceCB=CLOSED;gateway:inventoryServiceCB=CLOSED;gateway:paymentServiceCB=CLOSED;order:inventoryServiceCB=CLOSED;order:sharedDbCB=CLOSED;inventory:paymentServiceCB=CLOSED;inventory:sharedDbCB=CLOSED;payment:notificationServiceCB=CLOSED;payment:sharedDbCB=CLOSED;notification:sharedDbCB=CLOSED,gateway:orderServiceCB=0;gateway:inventoryServiceCB=0;gateway:paymentServiceCB=0;order:inventoryServiceCB=0;order:sharedDbCB=0;inventory:paymentServiceCB=0;inventory:sharedDbCB=0;payment:notificationServiceCB=0;payment:sharedDbCB=0;notification:sharedDbCB=0,200,20.033,20260811,63,5,80.0000,78.9026,0.5752,False,1578.0528,codespace,
LIN-LAT-CNT-T50-W400-D15-M5-L80,LINEAR,LATENCY,COUNT_BASED,50,400,15,5,LOCAL,canary_matrix,5,2026-09-04T23:15:06Z,0.2500,6.176,16.429,0.6675,0.0000,0.0000,order-service:0.3156;inventory-service:0.0000;payment-service:0.0000;notification-service:0.0000,True,,29.050,gateway:orderServiceCB=CLOSED;gateway:inventoryServiceCB=CLOSED;gateway:paymentServiceCB=CLOSED;order:inventoryServiceCB=CLOSED;order:sharedDbCB=CLOSED;inventory:paymentServiceCB=CLOSED;inventory:sharedDbCB=CLOSED;payment:notificationServiceCB=CLOSED;payment:sharedDbCB=CLOSED;notification:sharedDbCB=CLOSED,gateway:orderServiceCB=0;gateway:inventoryServiceCB=0;gateway:paymentServiceCB=0;order:inventoryServiceCB=0;order:sharedDbCB=0;inventory:paymentServiceCB=0;inventory:sharedDbCB=0;payment:notificationServiceCB=0;payment:sharedDbCB=0;notification:sharedDbCB=0,200,20.039,20260811,64,360,80.0000,77.6162,0.0564,False,400.0000,codespace,
LIN-LAT-CNT-T50-W200-D15-M5-L20,LINEAR,LATENCY,COUNT_BASED,50,200,15,5,LOCAL,canary_matrix,3,2026-09-04T23:16:59Z,0.2500,8.224,23.951,0.7333,0.7416,0.0000,order-service:0.3095;inventory-service:0.0000;payment-service:0.0000;notification-service:0.0000,True,,27.078,gateway:orderServiceCB=CLOSED;gateway:inventoryServiceCB=CLOSED;gateway:paymentServiceCB=CLOSED;order:inventoryServiceCB=CLOSED;order:sharedDbCB=CLOSED;inventory:paymentServiceCB=CLOSED;inventory:sharedDbCB=CLOSED;payment:notificationServiceCB=CLOSED;payment:sharedDbCB=CLOSED;notification:sharedDbCB=CLOSED,gateway:orderServiceCB=0;gateway:inventoryServiceCB=0;gateway:paymentServiceCB=0;order:inventoryServiceCB=0;order:sharedDbCB=0;inventory:paymentServiceCB=0;inventory:sharedDbCB=0;payment:notificationServiceCB=0;payment:sharedDbCB=0;notification:sharedDbCB=0,200,20.037,20260811,65,90,20.0000,19.9315,0.0042,False,200.0000,codespace,
LIN-NON-TIM-T50-W20-D15-M5-L20,LINEAR,NONE,TIME_BASED,50,20,15,5,LOCAL,canary_matrix,6,2026-09-04T23:19:12Z,0.0000,,,0.0000,0.0238,0.0000,order-service:0.0000;inventory-service:0.0000;payment-service:0.0000;notification-service:0.0000,True,,26.971,gateway:orderServiceCB=CLOSED;gateway:inventoryServiceCB=CLOSED;gateway:paymentServiceCB=CLOSED;order:inventoryServiceCB=CLOSED;order:sharedDbCB=CLOSED;inventory:paymentServiceCB=CLOSED;inventory:sharedDbCB=CLOSED;payment:notificationServiceCB=CLOSED;payment:sharedDbCB=CLOSED;notification:sharedDbCB=CLOSED,gateway:orderServiceCB=0;gateway:inventoryServiceCB=0;gateway:paymentServiceCB=0;order:inventoryServiceCB=0;order:sharedDbCB=0;inventory:paymentServiceCB=0;inventory:sharedDbCB=0;payment:notificationServiceCB=0;payment:sharedDbCB=0;notification:sharedDbCB=0,200,20.031,20260811,66,5,20.0000,19.9490,0.0041,False,398.9805,codespace,
LIN-LAT-CNT-T50-W100-D15-M5-L20,LINEAR,LATENCY,COUNT_BASED,50,100,15,5,LOCAL,canary_matrix,1,2026-09-04T23:20:55Z,0.2500,5.711,16.494,0.6333,0.6442,0.0000,order-service:0.2963;inventory-service:0.0000;payment-service:0.0000;notification-service:0.0000,True,,26.955,gateway:orderServiceCB=CLOSED;gateway:inventoryServiceCB=CLOSED;gateway:paymentServiceCB=CLOSED;order:inventoryServiceCB=CLOSED;order:sharedDbCB=CLOSED;inventory:paymentServiceCB=CLOSED;inventory:sharedDbCB=CLOSED;payment:notificationServiceCB=CLOSED;payment:sharedDbCB=CLOSED;notification:sharedDbCB=CLOSED,gateway:orderServiceCB=0;gateway:inventoryServiceCB=0;gateway:paymentServiceCB=0;order:inventoryServiceCB=0;order:sharedDbCB=0;inventory:paymentServiceCB=0;inventory:sharedDbCB=0;payment:notificationServiceCB=0;payment:sharedDbCB=0;notification:sharedDbCB=0,200,20.028,20260811,67,90,20.0000,19.9109,0.0052,False,100.0000,codespace,
LIN-NON-TIM-T50-W20-D15-M5-L80,LINEAR,NONE,TIME_BASED,50,20,15,5,LOCAL,canary_matrix,2,2026-09-04T23:23:08Z,0.0000,,,0.0000,0.0000,0.0000,order-service:0.0000;inventory-service:0.0000;payment-service:0.0000;notification-service:0.0000,True,,28.198,gateway:orderServiceCB=CLOSED;gateway:inventoryServiceCB=CLOSED;gateway:paymentServiceCB=CLOSED;order:inventoryServiceCB=CLOSED;order:sharedDbCB=CLOSED;inventory:paymentServiceCB=CLOSED;inventory:sharedDbCB=CLOSED;payment:notificationServiceCB=CLOSED;payment:sharedDbCB=CLOSED;notification:sharedDbCB=CLOSED,gateway:orderServiceCB=0;gateway:inventoryServiceCB=0;gateway:paymentServiceCB=0;order:inventoryServiceCB=0;order:sharedDbCB=0;inventory:paymentServiceCB=0;inventory:sharedDbCB=0;payment:notificationServiceCB=0;payment:sharedDbCB=0;notification:sharedDbCB=0,200,20.038,20260811,68,5,80.0000,78.8405,0.5262,False,1576.8107,codespace,
LIN-LAT-TIM-T50-W10-D15-M5-L5,LINEAR,LATENCY,TIME_BASED,50,10,15,5,LOCAL,canary_matrix,2,2026-09-04T23:25:12Z,0.2500,8.153,35.127,0.7371,0.9359,0.0000,order-service:0.3686;inventory-service:0.0000;payment-service:0.0000;notification-service:0.0000,True,,26.599,gateway:orderServiceCB=CLOSED;gateway:inventoryServiceCB=CLOSED;gateway:paymentServiceCB=CLOSED;order:inventoryServiceCB=CLOSED;order:sharedDbCB=CLOSED;inventory:paymentServiceCB=CLOSED;inventory:sharedDbCB=CLOSED;payment:notificationServiceCB=CLOSED;payment:sharedDbCB=CLOSED;notification:sharedDbCB=CLOSED,gateway:orderServiceCB=0;gateway:inventoryServiceCB=0;gateway:paymentServiceCB=0;order:inventoryServiceCB=0;order:sharedDbCB=0;inventory:paymentServiceCB=0;inventory:sharedDbCB=0;payment:notificationServiceCB=0;payment:sharedDbCB=0;notification:sharedDbCB=0,200,20.028,20260811,69,23,5.0000,4.9948,0.0014,False,49.9483,codespace,
LIN-LAT-CNT-T50-W10-D15-M5-L320,LINEAR,LATENCY,COUNT_BASED,50,10,15,5,LOCAL,canary_matrix,4,2026-09-04T23:26:53Z,0.2500,3.473,16.395,0.0000,0.4330,0.0000,order-service:0.0000;inventory-service:0.0000;payment-service:0.0000;notification-service:0.0000,True,,27.657,gateway:orderServiceCB=CLOSED;gateway:inventoryServiceCB=CLOSED;gateway:paymentServiceCB=CLOSED;order:inventoryServiceCB=CLOSED;order:sharedDbCB=CLOSED;inventory:paymentServiceCB=CLOSED;inventory:sharedDbCB=CLOSED;payment:notificationServiceCB=CLOSED;payment:sharedDbCB=CLOSED;notification:sharedDbCB=CLOSED,gateway:orderServiceCB=0;gateway:inventoryServiceCB=0;gateway:paymentServiceCB=0;order:inventoryServiceCB=0;order:sharedDbCB=0;inventory:paymentServiceCB=0;inventory:sharedDbCB=0;payment:notificationServiceCB=0;payment:sharedDbCB=0;notification:sharedDbCB=0,200,20.030,20260811,70,1440,320.0000,229.5994,0.1867,True,10.0000,codespace,
LIN-NON-TIM-T50-W20-D15-M5-L80,LINEAR,NONE,TIME_BASED,50,20,15,5,LOCAL,canary_matrix,7,2026-09-04T23:29:07Z,0.0000,,,0.0000,0.0000,0.0000,order-service:0.0000;inventory-service:0.0000;payment-service:0.0000;notification-service:0.0000,True,,29.011,gateway:orderServiceCB=CLOSED;gateway:inventoryServiceCB=CLOSED;gateway:paymentServiceCB=CLOSED;order:inventoryServiceCB=CLOSED;order:sharedDbCB=CLOSED;inventory:paymentServiceCB=CLOSED;inventory:sharedDbCB=CLOSED;payment:notificationServiceCB=CLOSED;payment:sharedDbCB=CLOSED;notification:sharedDbCB=CLOSED,gateway:orderServiceCB=0;gateway:inventoryServiceCB=0;gateway:paymentServiceCB=0;order:inventoryServiceCB=0;order:sharedDbCB=0;inventory:paymentServiceCB=0;inventory:sharedDbCB=0;payment:notificationServiceCB=0;payment:sharedDbCB=0;notification:sharedDbCB=0,200,20.039,20260811,71,5,80.0000,78.8335,0.6076,False,1576.6707,codespace,
LIN-LAT-TIM-T50-W20-D15-M5-L320,LINEAR,LATENCY,TIME_BASED,50,20,15,5,LOCAL,canary_matrix,5,2026-09-04T23:31:28Z,0.2500,13.19,44.488,0.9852,0.7850,0.0000,order-service:0.4874;inventory-service:0.0000;payment-service:0.0000;notification-service:0.0000,True,,28.481,gateway:orderServiceCB=CLOSED;gateway:inventoryServiceCB=CLOSED;gateway:paymentServiceCB=CLOSED;order:inventoryServiceCB=CLOSED;order:sharedDbCB=CLOSED;inventory:paymentServiceCB=CLOSED;inventory:sharedDbCB=CLOSED;payment:notificationServiceCB=CLOSED;payment:sharedDbCB=CLOSED;notification:sharedDbCB=CLOSED,gateway:orderServiceCB=0;gateway:inventoryServiceCB=0;gateway:paymentServiceCB=0;order:inventoryServiceCB=0;order:sharedDbCB=0;inventory:paymentServiceCB=0;inventory:sharedDbCB=0;payment:notificationServiceCB=0;payment:sharedDbCB=0;notification:sharedDbCB=0,200,20.032,20260811,72,1440,320.0000,297.5154,0.1492,False,5950.3084,codespace,
LIN-LAT-CNT-T50-W10-D15-M5-L20,LINEAR,LATENCY,COUNT_BASED,50,10,15,5,LOCAL,canary_matrix,2,2026-09-04T23:33:10Z,0.2500,3.259,16.091,0.0000,0.6105,0.0000,order-service:0.0000;inventory-service:0.0000;payment-service:0.0000;notification-service:0.0000,True,,27.021,gateway:orderServiceCB=CLOSED;gateway:inventoryServiceCB=CLOSED;gateway:paymentServiceCB=CLOSED;order:inventoryServiceCB=CLOSED;order:sharedDbCB=CLOSED;inventory:paymentServiceCB=CLOSED;inventory:sharedDbCB=CLOSED;payment:notificationServiceCB=CLOSED;payment:sharedDbCB=CLOSED;notification:sharedDbCB=CLOSED,gateway:orderServiceCB=0;gateway:inventoryServiceCB=0;gateway:paymentServiceCB=0;order:inventoryServiceCB=0;order:sharedDbCB=0;inventory:paymentServiceCB=0;inventory:sharedDbCB=0;payment:notificationServiceCB=0;payment:sharedDbCB=0;notification:sharedDbCB=0,200,20.033,20260811,73,90,20.0000,19.7303,0.0082,False,10.0000,codespace,
LIN-LAT-TIM-T50-W2-D15-M5-L5,LINEAR,LATENCY,TIME_BASED,50,2,15,5,LOCAL,canary_matrix,4,2026-09-04T23:35:10Z,0.2500,3.888,35.443,0.8148,0.9547,0.0000,order-service:0.4074;inventory-service:0.0000;payment-service:0.0000;notification-service:0.0000,True,,26.998,gateway:orderServiceCB=CLOSED;gateway:inventoryServiceCB=CLOSED;gateway:paymentServiceCB=CLOSED;order:inventoryServiceCB=CLOSED;order:sharedDbCB=CLOSED;inventory:paymentServiceCB=CLOSED;inventory:sharedDbCB=CLOSED;payment:notificationServiceCB=CLOSED;payment:sharedDbCB=CLOSED;notification:sharedDbCB=CLOSED,gateway:orderServiceCB=0;gateway:inventoryServiceCB=0;gateway:paymentServiceCB=0;order:inventoryServiceCB=0;order:sharedDbCB=0;inventory:paymentServiceCB=0;inventory:sharedDbCB=0;payment:notificationServiceCB=0;payment:sharedDbCB=0;notification:sharedDbCB=0,200,20.031,20260811,74,23,5.0000,4.9952,0.0008,False,9.9904,codespace,
LIN-LAT-CNT-T50-W25-D15-M5-L5,LINEAR,LATENCY,COUNT_BASED,50,25,15,5,LOCAL,canary_matrix,1,2026-09-04T23:36:53Z,0.2500,5.585,16.591,0.6267,0.9082,0.0000,order-service:0.2941;inventory-service:0.0000;payment-service:0.0000;notification-service:0.0000,True,,26.966,gateway:orderServiceCB=CLOSED;gateway:inventoryServiceCB=CLOSED;gateway:paymentServiceCB=CLOSED;order:inventoryServiceCB=CLOSED;order:sharedDbCB=CLOSED;inventory:paymentServiceCB=CLOSED;inventory:sharedDbCB=CLOSED;payment:notificationServiceCB=CLOSED;payment:sharedDbCB=CLOSED;notification:sharedDbCB=CLOSED,gateway:orderServiceCB=0;gateway:inventoryServiceCB=0;gateway:paymentServiceCB=0;order:inventoryServiceCB=0;order:sharedDbCB=0;inventory:paymentServiceCB=0;inventory:sharedDbCB=0;payment:notificationServiceCB=0;payment:sharedDbCB=0;notification:sharedDbCB=0,200,20.040,20260811,75,23,5.0000,4.9940,0.0010,False,25.0000,codespace,
LIN-NON-CNT-T50-W5-D15-M5-L20,LINEAR,NONE,COUNT_BASED,50,5,15,5,LOCAL,canary_matrix,6,2026-09-04T23:38:23Z,0.0000,,,0.0000,0.0129,0.0000,order-service:0.0000;inventory-service:0.0000;payment-service:0.0000;notification-service:0.0000,True,,28.606,gateway:orderServiceCB=CLOSED;gateway:inventoryServiceCB=CLOSED;gateway:paymentServiceCB=CLOSED;order:inventoryServiceCB=CLOSED;order:sharedDbCB=CLOSED;inventory:paymentServiceCB=CLOSED;inventory:sharedDbCB=CLOSED;payment:notificationServiceCB=CLOSED;payment:sharedDbCB=CLOSED;notification:sharedDbCB=CLOSED,gateway:orderServiceCB=0;gateway:inventoryServiceCB=0;gateway:paymentServiceCB=0;order:inventoryServiceCB=0;order:sharedDbCB=0;inventory:paymentServiceCB=0;inventory:sharedDbCB=0;payment:notificationServiceCB=0;payment:sharedDbCB=0;notification:sharedDbCB=0,200,20.038,20260811,76,5,20.0000,19.9452,0.0018,False,5.0000,codespace,
LIN-LAT-TIM-T50-W5-D15-M5-L80,LINEAR,LATENCY,TIME_BASED,50,5,15,5,LOCAL,canary_matrix,1,2026-09-04T23:40:22Z,0.2500,3.623,34.114,0.9079,0.6434,0.0000,order-service:0.4540;inventory-service:0.0000;payment-service:0.0000;notification-service:0.0000,True,,27.258,gateway:orderServiceCB=CLOSED;gateway:inventoryServiceCB=CLOSED;gateway:paymentServiceCB=CLOSED;order:inventoryServiceCB=CLOSED;order:sharedDbCB=CLOSED;inventory:paymentServiceCB=CLOSED;inventory:sharedDbCB=CLOSED;payment:notificationServiceCB=CLOSED;payment:sharedDbCB=CLOSED;notification:sharedDbCB=CLOSED,gateway:orderServiceCB=0;gateway:inventoryServiceCB=0;gateway:paymentServiceCB=0;order:inventoryServiceCB=0;order:sharedDbCB=0;inventory:paymentServiceCB=0;inventory:sharedDbCB=0;payment:notificationServiceCB=0;payment:sharedDbCB=0;notification:sharedDbCB=0,200,20.039,20260811,77,360,80.0000,78.5636,0.0364,False,392.8182,codespace,
LIN-LAT-CNT-T50-W50-D15-M5-L5,LINEAR,LATENCY,COUNT_BASED,50,50,15,5,LOCAL,canary_matrix,4,2026-09-04T23:42:17Z,0.2500,7.95,24.153,0.7333,0.9349,0.0000,order-service:0.3095;inventory-service:0.0000;payment-service:0.0000;notification-service:0.0000,True,,28.442,gateway:orderServiceCB=CLOSED;gateway:inventoryServiceCB=CLOSED;gateway:paymentServiceCB=CLOSED;order:inventoryServiceCB=CLOSED;order:sharedDbCB=CLOSED;inventory:paymentServiceCB=CLOSED;inventory:sharedDbCB=CLOSED;payment:notificationServiceCB=CLOSED;payment:sharedDbCB=CLOSED;notification:sharedDbCB=CLOSED,gateway:orderServiceCB=0;gateway:inventoryServiceCB=0;gateway:paymentServiceCB=0;order:inventoryServiceCB=0;order:sharedDbCB=0;inventory:paymentServiceCB=0;inventory:sharedDbCB=0;payment:notificationServiceCB=0;payment:sharedDbCB=0;notification:sharedDbCB=0,200,20.033,20260811,78,23,5.0000,4.9951,0.0013,False,50.0000,codespace,
LIN-NON-CNT-T50-W10-D15-M5-L20,LINEAR,NONE,COUNT_BASED,50,10,15,5,LOCAL,canary_matrix,9,2026-09-04T23:43:46Z,0.0000,,,0.0000,0.0209,0.0000,order-service:0.0000;inventory-service:0.0000;payment-service:0.0000;notification-service:0.0000,True,,27.058,gateway:orderServiceCB=CLOSED;gateway:inventoryServiceCB=CLOSED;gateway:paymentServiceCB=CLOSED;order:inventoryServiceCB=CLOSED;order:sharedDbCB=CLOSED;inventory:paymentServiceCB=CLOSED;inventory:sharedDbCB=CLOSED;payment:notificationServiceCB=CLOSED;payment:sharedDbCB=CLOSED;notification:sharedDbCB=CLOSED,gateway:orderServiceCB=0;gateway:inventoryServiceCB=0;gateway:paymentServiceCB=0;order:inventoryServiceCB=0;order:sharedDbCB=0;inventory:paymentServiceCB=0;inventory:sharedDbCB=0;payment:notificationServiceCB=0;payment:sharedDbCB=0;notification:sharedDbCB=0,200,20.034,20260811,79,5,20.0000,19.9259,0.0049,False,10.0000,codespace,
LIN-LAT-CNT-T50-W5-D15-M5-L20,LINEAR,LATENCY,COUNT_BASED,50,5,15,5,LOCAL,canary_matrix,3,2026-09-04T23:45:26Z,0.2500,3.252,16.048,0.0000,0.6112,0.0000,order-service:0.0000;inventory-service:0.0000;payment-service:0.0000;notification-service:0.0000,True,,26.938,gateway:orderServiceCB=CLOSED;gateway:inventoryServiceCB=CLOSED;gateway:paymentServiceCB=CLOSED;order:inventoryServiceCB=CLOSED;order:sharedDbCB=CLOSED;inventory:paymentServiceCB=CLOSED;inventory:sharedDbCB=CLOSED;payment:notificationServiceCB=CLOSED;payment:sharedDbCB=CLOSED;notification:sharedDbCB=CLOSED,gateway:orderServiceCB=0;gateway:inventoryServiceCB=0;gateway:paymentServiceCB=0;order:inventoryServiceCB=0;order:sharedDbCB=0;inventory:paymentServiceCB=0;inventory:sharedDbCB=0;payment:notificationServiceCB=0;payment:sharedDbCB=0;notification:sharedDbCB=0,200,20.030,20260811,80,90,20.0000,19.7665,0.0086,False,5.0000,codespace,
LIN-LAT-CNT-T50-W10-D15-M5-L5,LINEAR,LATENCY,COUNT_BASED,50,10,15,5,LOCAL,canary_matrix,1,2026-09-04T23:47:07Z,0.2500,3.906,16.385,0.5000,0.8760,0.0000,order-service:0.2500;inventory-service:0.0000;payment-service:0.0000;notification-service:0.0000,True,,26.691,gateway:orderServiceCB=CLOSED;gateway:inventoryServiceCB=CLOSED;gateway:paymentServiceCB=CLOSED;order:inventoryServiceCB=CLOSED;order:sharedDbCB=CLOSED;inventory:paymentServiceCB=CLOSED;inventory:sharedDbCB=CLOSED;payment:notificationServiceCB=CLOSED;payment:sharedDbCB=CLOSED;notification:sharedDbCB=CLOSED,gateway:orderServiceCB=0;gateway:inventoryServiceCB=0;gateway:paymentServiceCB=0;order:inventoryServiceCB=0;order:sharedDbCB=0;inventory:paymentServiceCB=0;inventory:sharedDbCB=0;payment:notificationServiceCB=0;payment:sharedDbCB=0;notification:sharedDbCB=0,200,20.031,20260811,81,23,5.0000,4.9921,0.0012,False,10.0000,codespace,
LIN-LAT-TIM-T50-W1-D15-M5-L5,LINEAR,LATENCY,TIME_BASED,50,1,15,5,LOCAL,canary_matrix,4,2026-09-04T23:49:10Z,0.2500,4.538,35.843,0.7846,0.9474,0.0000,order-service:0.3923;inventory-service:0.0000;payment-service:0.0000;notification-service:0.0000,True,,28.632,gateway:orderServiceCB=CLOSED;gateway:inventoryServiceCB=CLOSED;gateway:paymentServiceCB=CLOSED;order:inventoryServiceCB=CLOSED;order:sharedDbCB=CLOSED;inventory:paymentServiceCB=CLOSED;inventory:sharedDbCB=CLOSED;payment:notificationServiceCB=CLOSED;payment:sharedDbCB=CLOSED;notification:sharedDbCB=CLOSED,gateway:orderServiceCB=0;gateway:inventoryServiceCB=0;gateway:paymentServiceCB=0;order:inventoryServiceCB=0;order:sharedDbCB=0;inventory:paymentServiceCB=0;inventory:sharedDbCB=0;payment:notificationServiceCB=0;payment:sharedDbCB=0;notification:sharedDbCB=0,200,20.033,20260811,82,23,5.0000,4.9952,0.0006,False,4.9952,codespace,
LIN-LAT-TIM-T50-W10-D15-M5-L80,LINEAR,LATENCY,TIME_BASED,50,10,15,5,LOCAL,canary_matrix,2,2026-09-04T23:51:09Z,0.2500,4.529,34.238,0.9032,0.6302,0.0000,order-service:0.4516;inventory-service:0.0000;payment-service:0.0000;notification-service:0.0000,True,,26.879,gateway:orderServiceCB=CLOSED;gateway:inventoryServiceCB=CLOSED;gateway:paymentServiceCB=CLOSED;order:inventoryServiceCB=CLOSED;order:sharedDbCB=CLOSED;inventory:paymentServiceCB=CLOSED;inventory:sharedDbCB=CLOSED;payment:notificationServiceCB=CLOSED;payment:sharedDbCB=CLOSED;notification:sharedDbCB=CLOSED,gateway:orderServiceCB=0;gateway:inventoryServiceCB=0;gateway:paymentServiceCB=0;order:inventoryServiceCB=0;order:sharedDbCB=0;inventory:paymentServiceCB=0;inventory:sharedDbCB=0;payment:notificationServiceCB=0;payment:sharedDbCB=0;notification:sharedDbCB=0,200,20.031,20260811,83,360,80.0000,78.5692,0.0404,False,785.6923,codespace,
LIN-NON-CNT-T50-W20-D15-M5-L20,LINEAR,NONE,COUNT_BASED,50,20,15,5,LOCAL,canary_matrix,4,2026-09-04T23:52:40Z,0.0000,,,0.0000,0.0203,0.0000,order-service:0.0000;inventory-service:0.0000;payment-service:0.0000;notification-service:0.0000,True,,26.822,gateway:orderServiceCB=CLOSED;gateway:inventoryServiceCB=CLOSED;gateway:paymentServiceCB=CLOSED;order:inventoryServiceCB=CLOSED;order:sharedDbCB=CLOSED;inventory:paymentServiceCB=CLOSED;inventory:sharedDbCB=CLOSED;payment:notificationServiceCB=CLOSED;payment:sharedDbCB=CLOSED;notification:sharedDbCB=CLOSED,gateway:orderServiceCB=0;gateway:inventoryServiceCB=0;gateway:paymentServiceCB=0;order:inventoryServiceCB=0;order:sharedDbCB=0;inventory:paymentServiceCB=0;inventory:sharedDbCB=0;payment:notificationServiceCB=0;payment:sharedDbCB=0;notification:sharedDbCB=0,200,20.035,20260811,84,5,20.0000,19.9527,0.0007,False,20.0000,codespace,
LIN-LAT-TIM-T50-W10-D15-M5-L5,LINEAR,LATENCY,TIME_BASED,50,10,15,5,LOCAL,canary_matrix,5,2026-09-04T23:54:44Z,0.2500,8.164,35.078,0.7371,0.9359,0.0000,order-service:0.3686;inventory-service:0.0000;payment-service:0.0000;notification-service:0.0000,True,,26.906,gateway:orderServiceCB=CLOSED;gateway:inventoryServiceCB=CLOSED;gateway:paymentServiceCB=CLOSED;order:inventoryServiceCB=CLOSED;order:sharedDbCB=CLOSED;inventory:paymentServiceCB=CLOSED;inventory:sharedDbCB=CLOSED;payment:notificationServiceCB=CLOSED;payment:sharedDbCB=CLOSED;notification:sharedDbCB=CLOSED,gateway:orderServiceCB=0;gateway:inventoryServiceCB=0;gateway:paymentServiceCB=0;order:inventoryServiceCB=0;order:sharedDbCB=0;inventory:paymentServiceCB=0;inventory:sharedDbCB=0;payment:notificationServiceCB=0;payment:sharedDbCB=0;notification:sharedDbCB=0,200,20.032,20260811,85,23,5.0000,4.9953,0.0007,False,49.9531,codespace,
LIN-NON-CNT-T50-W5-D15-M5-L80,LINEAR,NONE,COUNT_BASED,50,5,15,5,LOCAL,canary_matrix,9,2026-09-04T23:56:12Z,0.0000,,,0.0000,0.0000,0.0000,order-service:0.0000;inventory-service:0.0000;payment-service:0.0000;notification-service:0.0000,True,,27.032,gateway:orderServiceCB=CLOSED;gateway:inventoryServiceCB=CLOSED;gateway:paymentServiceCB=CLOSED;order:inventoryServiceCB=CLOSED;order:sharedDbCB=CLOSED;inventory:paymentServiceCB=CLOSED;inventory:sharedDbCB=CLOSED;payment:notificationServiceCB=CLOSED;payment:sharedDbCB=CLOSED;notification:sharedDbCB=CLOSED,gateway:orderServiceCB=0;gateway:inventoryServiceCB=0;gateway:paymentServiceCB=0;order:inventoryServiceCB=0;order:sharedDbCB=0;inventory:paymentServiceCB=0;inventory:sharedDbCB=0;payment:notificationServiceCB=0;payment:sharedDbCB=0;notification:sharedDbCB=0,200,20.031,20260811,86,5,80.0000,71.9018,0.5219,False,5.0000,codespace,
LIN-LAT-TIM-T50-W20-D15-M5-L320,LINEAR,LATENCY,TIME_BASED,50,20,15,5,LOCAL,canary_matrix,1,2026-09-04T23:58:31Z,0.2500,12.052,45.902,0.9849,0.7820,0.0000,order-service:0.4877;inventory-service:0.0000;payment-service:0.0000;notification-service:0.0000,True,,27.679,gateway:orderServiceCB=CLOSED;gateway:inventoryServiceCB=CLOSED;gateway:paymentServiceCB=CLOSED;order:inventoryServiceCB=CLOSED;order:sharedDbCB=CLOSED;inventory:paymentServiceCB=CLOSED;inventory:sharedDbCB=CLOSED;payment:notificationServiceCB=CLOSED;payment:sharedDbCB=CLOSED;notification:sharedDbCB=CLOSED,gateway:orderServiceCB=0;gateway:inventoryServiceCB=0;gateway:paymentServiceCB=0;order:inventoryServiceCB=0;order:sharedDbCB=0;inventory:paymentServiceCB=0;inventory:sharedDbCB=0;payment:notificationServiceCB=0;payment:sharedDbCB=0;notification:sharedDbCB=0,200,20.033,20260811,87,1440,320.0000,296.2098,0.1898,False,5924.1970,codespace,
LIN-NON-TIM-T50-W10-D15-M5-L80,LINEAR,NONE,TIME_BASED,50,10,15,5,LOCAL,canary_matrix,2,2026-09-05T00:00:35Z,0.0000,,,0.0000,0.0000,0.0000,order-service:0.0000;inventory-service:0.0000;payment-service:0.0000;notification-service:0.0000,True,,26.710,gateway:orderServiceCB=CLOSED;gateway:inventoryServiceCB=CLOSED;gateway:paymentServiceCB=CLOSED;order:inventoryServiceCB=CLOSED;order:sharedDbCB=CLOSED;inventory:paymentServiceCB=CLOSED;inventory:sharedDbCB=CLOSED;payment:notificationServiceCB=CLOSED;payment:sharedDbCB=CLOSED;notification:sharedDbCB=CLOSED,gateway:orderServiceCB=0;gateway:inventoryServiceCB=0;gateway:paymentServiceCB=0;order:inventoryServiceCB=0;order:sharedDbCB=0;inventory:paymentServiceCB=0;inventory:sharedDbCB=0;payment:notificationServiceCB=0;payment:sharedDbCB=0;notification:sharedDbCB=0,200,20.031,20260811,88,5,80.0000,78.7785,0.6565,False,787.7853,codespace,
LIN-NON-CNT-T50-W10-D15-M5-L20,LINEAR,NONE,COUNT_BASED,50,10,15,5,LOCAL,canary_matrix,1,2026-09-05T00:02:06Z,0.0000,,,0.0000,0.0152,0.0000,order-service:0.0000;inventory-service:0.0000;payment-service:0.0000;notification-service:0.0000,True,,28.598,gateway:orderServiceCB=CLOSED;gateway:inventoryServiceCB=CLOSED;gateway:paymentServiceCB=CLOSED;order:inventoryServiceCB=CLOSED;order:sharedDbCB=CLOSED;inventory:paymentServiceCB=CLOSED;inventory:sharedDbCB=CLOSED;payment:notificationServiceCB=CLOSED;payment:sharedDbCB=CLOSED;notification:sharedDbCB=CLOSED,gateway:orderServiceCB=0;gateway:inventoryServiceCB=0;gateway:paymentServiceCB=0;order:inventoryServiceCB=0;order:sharedDbCB=0;inventory:paymentServiceCB=0;inventory:sharedDbCB=0;payment:notificationServiceCB=0;payment:sharedDbCB=0;notification:sharedDbCB=0,200,20.038,20260811,89,5,20.0000,19.9510,0.0016,False,10.0000,codespace,
LIN-NON-TIM-T50-W5-D15-M5-L20,LINEAR,NONE,TIME_BASED,50,5,15,5,LOCAL,canary_matrix,9,2026-09-05T00:04:03Z,0.0000,,,0.0000,0.0252,0.0000,order-service:0.0000;inventory-service:0.0000;payment-service:0.0000;notification-service:0.0000,True,,27.462,gateway:orderServiceCB=CLOSED;gateway:inventoryServiceCB=CLOSED;gateway:paymentServiceCB=CLOSED;order:inventoryServiceCB=CLOSED;order:sharedDbCB=CLOSED;inventory:paymentServiceCB=CLOSED;inventory:sharedDbCB=CLOSED;payment:notificationServiceCB=CLOSED;payment:sharedDbCB=CLOSED;notification:sharedDbCB=CLOSED,gateway:orderServiceCB=0;gateway:inventoryServiceCB=0;gateway:paymentServiceCB=0;order:inventoryServiceCB=0;order:sharedDbCB=0;inventory:paymentServiceCB=0;inventory:sharedDbCB=0;payment:notificationServiceCB=0;payment:sharedDbCB=0;notification:sharedDbCB=0,200,20.029,20260811,90,5,20.0000,19.9529,0.0022,False,99.7644,codespace,
LIN-NON-TIM-T50-W5-D15-M5-L80,LINEAR,NONE,TIME_BASED,50,5,15,5,LOCAL,canary_matrix,7,2026-09-05T00:06:00Z,0.0000,,,0.0000,0.0000,0.0000,order-service:0.0000;inventory-service:0.0000;payment-service:0.0000;notification-service:0.0000,True,,27.007,gateway:orderServiceCB=CLOSED;gateway:inventoryServiceCB=CLOSED;gateway:paymentServiceCB=CLOSED;order:inventoryServiceCB=CLOSED;order:sharedDbCB=CLOSED;inventory:paymentServiceCB=CLOSED;inventory:sharedDbCB=CLOSED;payment:notificationServiceCB=CLOSED;payment:sharedDbCB=CLOSED;notification:sharedDbCB=CLOSED,gateway:orderServiceCB=0;gateway:inventoryServiceCB=0;gateway:paymentServiceCB=0;order:inventoryServiceCB=0;order:sharedDbCB=0;inventory:paymentServiceCB=0;inventory:sharedDbCB=0;payment:notificationServiceCB=0;payment:sharedDbCB=0;notification:sharedDbCB=0,200,20.032,20260811,91,5,80.0000,78.7678,0.6645,False,393.8388,codespace,
LIN-LAT-CNT-T50-W5-D15-M5-L20,LINEAR,LATENCY,COUNT_BASED,50,5,15,5,LOCAL,canary_matrix,4,2026-09-05T13:13:32Z,0.2500,3.273,16.016,0.0000,0.6119,0.0000,order-service:0.0000;inventory-service:0.0000;payment-service:0.0000;notification-service:0.0000,True,,27.280,gateway:orderServiceCB=CLOSED;gateway:inventoryServiceCB=CLOSED;gateway:paymentServiceCB=CLOSED;order:inventoryServiceCB=CLOSED;order:sharedDbCB=CLOSED;inventory:paymentServiceCB=CLOSED;inventory:sharedDbCB=CLOSED;payment:notificationServiceCB=CLOSED;payment:sharedDbCB=CLOSED;notification:sharedDbCB=CLOSED,gateway:orderServiceCB=0;gateway:inventoryServiceCB=0;gateway:paymentServiceCB=0;order:inventoryServiceCB=0;order:sharedDbCB=0;inventory:paymentServiceCB=0;inventory:sharedDbCB=0;payment:notificationServiceCB=0;payment:sharedDbCB=0;notification:sharedDbCB=0,200,20.035,20260811,92,90,20.0000,19.7224,0.0100,False,5.0000,codespace,
LIN-LAT-TIM-T50-W5-D15-M5-L80,LINEAR,LATENCY,TIME_BASED,50,5,15,5,LOCAL,canary_matrix,3,2026-09-05T13:15:31Z,0.2500,3.366,34.439,0.9100,0.6576,0.0000,order-service:0.4550;inventory-service:0.0000;payment-service:0.0000;notification-service:0.0000,True,,27.786,gateway:orderServiceCB=CLOSED;gateway:inventoryServiceCB=CLOSED;gateway:paymentServiceCB=CLOSED;order:inventoryServiceCB=CLOSED;order:sharedDbCB=CLOSED;inventory:paymentServiceCB=CLOSED;inventory:sharedDbCB=CLOSED;payment:notificationServiceCB=CLOSED;payment:sharedDbCB=CLOSED;notification:sharedDbCB=CLOSED,gateway:orderServiceCB=0;gateway:inventoryServiceCB=0;gateway:paymentServiceCB=0;order:inventoryServiceCB=0;order:sharedDbCB=0;inventory:paymentServiceCB=0;inventory:sharedDbCB=0;payment:notificationServiceCB=0;payment:sharedDbCB=0;notification:sharedDbCB=0,200,20.034,20260811,93,360,80.0000,78.4058,0.0505,False,392.0288,codespace,
LIN-LAT-TIM-T50-W4-D15-M5-L5,LINEAR,LATENCY,TIME_BASED,50,4,15,5,LOCAL,canary_matrix,4,2026-09-05T13:17:31Z,0.2500,3.902,35.39,0.8276,0.9579,0.0000,order-service:0.4138;inventory-service:0.0000;payment-service:0.0000;notification-service:0.0000,True,,26.849,gateway:orderServiceCB=CLOSED;gateway:inventoryServiceCB=CLOSED;gateway:paymentServiceCB=CLOSED;order:inventoryServiceCB=CLOSED;order:sharedDbCB=CLOSED;inventory:paymentServiceCB=CLOSED;inventory:sharedDbCB=CLOSED;payment:notificationServiceCB=CLOSED;payment:sharedDbCB=CLOSED;notification:sharedDbCB=CLOSED,gateway:orderServiceCB=0;gateway:inventoryServiceCB=0;gateway:paymentServiceCB=0;order:inventoryServiceCB=0;order:sharedDbCB=0;inventory:paymentServiceCB=0;inventory:sharedDbCB=0;payment:notificationServiceCB=0;payment:sharedDbCB=0;notification:sharedDbCB=0,200,20.035,20260811,94,23,5.0000,4.9952,0.0006,False,19.9806,codespace,
LIN-NON-CNT-T50-W5-D15-M5-L80,LINEAR,NONE,COUNT_BASED,50,5,15,5,LOCAL,canary_matrix,10,2026-09-05T13:18:59Z,0.0000,,,0.0000,0.0000,0.0000,order-service:0.0000;inventory-service:0.0000;payment-service:0.0000;notification-service:0.0000,True,,27.170,gateway:orderServiceCB=CLOSED;gateway:inventoryServiceCB=CLOSED;gateway:paymentServiceCB=CLOSED;order:inventoryServiceCB=CLOSED;order:sharedDbCB=CLOSED;inventory:paymentServiceCB=CLOSED;inventory:sharedDbCB=CLOSED;payment:notificationServiceCB=CLOSED;payment:sharedDbCB=CLOSED;notification:sharedDbCB=CLOSED,gateway:orderServiceCB=0;gateway:inventoryServiceCB=0;gateway:paymentServiceCB=0;order:inventoryServiceCB=0;order:sharedDbCB=0;inventory:paymentServiceCB=0;inventory:sharedDbCB=0;payment:notificationServiceCB=0;payment:sharedDbCB=0;notification:sharedDbCB=0,200,20.033,20260811,95,5,80.0000,67.9296,0.8226,True,5.0000,codespace,
LIN-LAT-TIM-T50-W5-D15-M5-L80,LINEAR,LATENCY,TIME_BASED,50,5,15,5,LOCAL,canary_matrix,5,2026-09-05T13:20:57Z,0.2500,3.585,34.21,0.9054,0.6390,0.0000,order-service:0.4527;inventory-service:0.0000;payment-service:0.0000;notification-service:0.0000,True,,26.962,gateway:orderServiceCB=CLOSED;gateway:inventoryServiceCB=CLOSED;gateway:paymentServiceCB=CLOSED;order:inventoryServiceCB=CLOSED;order:sharedDbCB=CLOSED;inventory:paymentServiceCB=CLOSED;inventory:sharedDbCB=CLOSED;payment:notificationServiceCB=CLOSED;payment:sharedDbCB=CLOSED;notification:sharedDbCB=CLOSED,gateway:orderServiceCB=0;gateway:inventoryServiceCB=0;gateway:paymentServiceCB=0;order:inventoryServiceCB=0;order:sharedDbCB=0;inventory:paymentServiceCB=0;inventory:sharedDbCB=0;payment:notificationServiceCB=0;payment:sharedDbCB=0;notification:sharedDbCB=0,200,20.033,20260811,96,360,80.0000,78.5472,0.0384,False,392.7358,codespace,
LIN-LAT-CNT-T50-W400-D15-M5-L80,LINEAR,LATENCY,COUNT_BASED,50,400,15,5,LOCAL,canary_matrix,4,2026-09-05T13:22:41Z,0.2500,6.143,16.435,0.6675,0.0000,0.0000,order-service:0.3148;inventory-service:0.0000;payment-service:0.0000;notification-service:0.0000,True,,27.163,gateway:orderServiceCB=CLOSED;gateway:inventoryServiceCB=CLOSED;gateway:paymentServiceCB=CLOSED;order:inventoryServiceCB=CLOSED;order:sharedDbCB=CLOSED;inventory:paymentServiceCB=CLOSED;inventory:sharedDbCB=CLOSED;payment:notificationServiceCB=CLOSED;payment:sharedDbCB=CLOSED;notification:sharedDbCB=CLOSED,gateway:orderServiceCB=0;gateway:inventoryServiceCB=0;gateway:paymentServiceCB=0;order:inventoryServiceCB=0;order:sharedDbCB=0;inventory:paymentServiceCB=0;inventory:sharedDbCB=0;payment:notificationServiceCB=0;payment:sharedDbCB=0;notification:sharedDbCB=0,200,20.031,20260811,97,360,80.0000,77.7193,0.0567,False,400.0000,codespace,
LIN-LAT-CNT-T50-W100-D15-M5-L5,LINEAR,LATENCY,COUNT_BASED,50,100,15,5,LOCAL,canary_matrix,3,2026-09-05T13:25:10Z,0.2500,12.864,54.375,0.7500,0.9392,0.0000,order-service:0.3750;inventory-service:0.0000;payment-service:0.0000;notification-service:0.0000,True,,27.153,gateway:orderServiceCB=CLOSED;gateway:inventoryServiceCB=CLOSED;gateway:paymentServiceCB=CLOSED;order:inventoryServiceCB=CLOSED;order:sharedDbCB=CLOSED;inventory:paymentServiceCB=CLOSED;inventory:sharedDbCB=CLOSED;payment:notificationServiceCB=CLOSED;payment:sharedDbCB=CLOSED;notification:sharedDbCB=CLOSED,gateway:orderServiceCB=0;gateway:inventoryServiceCB=0;gateway:paymentServiceCB=0;order:inventoryServiceCB=0;order:sharedDbCB=0;inventory:paymentServiceCB=0;inventory:sharedDbCB=0;payment:notificationServiceCB=0;payment:sharedDbCB=0;notification:sharedDbCB=0,200,20.032,20260811,98,23,5.0000,4.9957,0.0005,False,100.0000,codespace,
LIN-NON-TIM-T50-W10-D15-M5-L80,LINEAR,NONE,TIME_BASED,50,10,15,5,LOCAL,canary_matrix,1,2026-09-05T13:27:12Z,0.0000,,,0.0000,0.0000,0.0000,order-service:0.0000;inventory-service:0.0000;payment-service:0.0000;notification-service:0.0000,True,,26.824,gateway:orderServiceCB=CLOSED;gateway:inventoryServiceCB=CLOSED;gateway:paymentServiceCB=CLOSED;order:inventoryServiceCB=CLOSED;order:sharedDbCB=CLOSED;inventory:paymentServiceCB=CLOSED;inventory:sharedDbCB=CLOSED;payment:notificationServiceCB=CLOSED;payment:sharedDbCB=CLOSED;notification:sharedDbCB=CLOSED,gateway:orderServiceCB=0;gateway:inventoryServiceCB=0;gateway:paymentServiceCB=0;order:inventoryServiceCB=0;order:sharedDbCB=0;inventory:paymentServiceCB=0;inventory:sharedDbCB=0;payment:notificationServiceCB=0;payment:sharedDbCB=0;notification:sharedDbCB=0,200,20.040,20260811,99,5,80.0000,78.7494,0.6624,False,787.4941,codespace,
LIN-LAT-CNT-T50-W400-D15-M5-L80,LINEAR,LATENCY,COUNT_BASED,50,400,15,5,LOCAL,canary_matrix,1,2026-09-05T13:28:56Z,0.2500,6.146,16.461,0.6683,0.0000,0.0000,order-service:0.3157;inventory-service:0.0000;payment-service:0.0000;notification-service:0.0000,True,,27.153,gateway:orderServiceCB=CLOSED;gateway:inventoryServiceCB=CLOSED;gateway:paymentServiceCB=CLOSED;order:inventoryServiceCB=CLOSED;order:sharedDbCB=CLOSED;inventory:paymentServiceCB=CLOSED;inventory:sharedDbCB=CLOSED;payment:notificationServiceCB=CLOSED;payment:sharedDbCB=CLOSED;notification:sharedDbCB=CLOSED,gateway:orderServiceCB=0;gateway:inventoryServiceCB=0;gateway:paymentServiceCB=0;order:inventoryServiceCB=0;order:sharedDbCB=0;inventory:paymentServiceCB=0;inventory:sharedDbCB=0;payment:notificationServiceCB=0;payment:sharedDbCB=0;notification:sharedDbCB=0,200,20.034,20260811,100,360,80.0000,77.6242,0.0573,False,400.0000,codespace,
LIN-NON-CNT-T50-W10-D15-M5-L20,LINEAR,NONE,COUNT_BASED,50,10,15,5,LOCAL,canary_matrix,3,2026-09-05T13:30:26Z,0.0000,,,0.0000,0.0182,0.0000,order-service:0.0000;inventory-service:0.0000;payment-service:0.0000;notification-service:0.0000,True,,28.289,gateway:orderServiceCB=CLOSED;gateway:inventoryServiceCB=CLOSED;gateway:paymentServiceCB=CLOSED;order:inventoryServiceCB=CLOSED;order:sharedDbCB=CLOSED;inventory:paymentServiceCB=CLOSED;inventory:sharedDbCB=CLOSED;payment:notificationServiceCB=CLOSED;payment:sharedDbCB=CLOSED;notification:sharedDbCB=CLOSED,gateway:orderServiceCB=0;gateway:inventoryServiceCB=0;gateway:paymentServiceCB=0;order:inventoryServiceCB=0;order:sharedDbCB=0;inventory:paymentServiceCB=0;inventory:sharedDbCB=0;payment:notificationServiceCB=0;payment:sharedDbCB=0;notification:sharedDbCB=0,200,20.032,20260811,101,5,20.0000,19.9461,0.0041,False,10.0000,codespace,
LIN-LAT-CNT-T50-W10-D15-M5-L80,LINEAR,LATENCY,COUNT_BASED,50,10,15,5,LOCAL,canary_matrix,2,2026-09-05T13:32:08Z,0.2500,3.135,16.888,0.0000,0.4570,0.0000,order-service:0.0000;inventory-service:0.0000;payment-service:0.0000;notification-service:0.0000,True,,27.925,gateway:orderServiceCB=CLOSED;gateway:inventoryServiceCB=CLOSED;gateway:paymentServiceCB=CLOSED;order:inventoryServiceCB=CLOSED;order:sharedDbCB=CLOSED;inventory:paymentServiceCB=CLOSED;inventory:sharedDbCB=CLOSED;payment:notificationServiceCB=CLOSED;payment:sharedDbCB=CLOSED;notification:sharedDbCB=CLOSED,gateway:orderServiceCB=0;gateway:inventoryServiceCB=0;gateway:paymentServiceCB=0;order:inventoryServiceCB=0;order:sharedDbCB=0;inventory:paymentServiceCB=0;inventory:sharedDbCB=0;payment:notificationServiceCB=0;payment:sharedDbCB=0;notification:sharedDbCB=0,200,20.039,20260811,102,360,80.0000,72.1140,0.0657,False,10.0000,codespace,
LIN-NON-CNT-T50-W20-D15-M5-L20,LINEAR,NONE,COUNT_BASED,50,20,15,5,LOCAL,canary_matrix,8,2026-09-05T13:33:38Z,0.0000,,,0.0000,0.0194,0.0000,order-service:0.0000;inventory-service:0.0000;payment-service:0.0000;notification-service:0.0000,True,,26.959,gateway:orderServiceCB=CLOSED;gateway:inventoryServiceCB=CLOSED;gateway:paymentServiceCB=CLOSED;order:inventoryServiceCB=CLOSED;order:sharedDbCB=CLOSED;inventory:paymentServiceCB=CLOSED;inventory:sharedDbCB=CLOSED;payment:notificationServiceCB=CLOSED;payment:sharedDbCB=CLOSED;notification:sharedDbCB=CLOSED,gateway:orderServiceCB=0;gateway:inventoryServiceCB=0;gateway:paymentServiceCB=0;order:inventoryServiceCB=0;order:sharedDbCB=0;inventory:paymentServiceCB=0;inventory:sharedDbCB=0;payment:notificationServiceCB=0;payment:sharedDbCB=0;notification:sharedDbCB=0,200,20.036,20260811,103,5,20.0000,19.9455,0.0043,False,20.0000,codespace,
LIN-LAT-CNT-T50-W5-D15-M5-L80,LINEAR,LATENCY,COUNT_BASED,50,5,15,5,LOCAL,canary_matrix,2,2026-09-05T13:35:19Z,0.2500,3.192,16.779,0.0000,0.4573,0.0000,order-service:0.0000;inventory-service:0.0000;payment-service:0.0000;notification-service:0.0000,True,,27.710,gateway:orderServiceCB=CLOSED;gateway:inventoryServiceCB=CLOSED;gateway:paymentServiceCB=CLOSED;order:inventoryServiceCB=CLOSED;order:sharedDbCB=CLOSED;inventory:paymentServiceCB=CLOSED;inventory:sharedDbCB=CLOSED;payment:notificationServiceCB=CLOSED;payment:sharedDbCB=CLOSED;notification:sharedDbCB=CLOSED,gateway:orderServiceCB=0;gateway:inventoryServiceCB=0;gateway:paymentServiceCB=0;order:inventoryServiceCB=0;order:sharedDbCB=0;inventory:paymentServiceCB=0;inventory:sharedDbCB=0;payment:notificationServiceCB=0;payment:sharedDbCB=0;notification:sharedDbCB=0,200,20.033,20260811,104,360,80.0000,71.9731,0.0609,False,5.0000,codespace,
LIN-LAT-TIM-T50-W10-D15-M5-L20,LINEAR,LATENCY,TIME_BASED,50,10,15,5,LOCAL,canary_matrix,1,2026-09-05T13:37:22Z,0.2500,5.414,34.842,0.8400,0.8451,0.0000,order-service:0.4200;inventory-service:0.0000;payment-service:0.0000;notification-service:0.0000,True,,28.652,gateway:orderServiceCB=CLOSED;gateway:inventoryServiceCB=CLOSED;gateway:paymentServiceCB=CLOSED;order:inventoryServiceCB=CLOSED;order:sharedDbCB=CLOSED;inventory:paymentServiceCB=CLOSED;inventory:sharedDbCB=CLOSED;payment:notificationServiceCB=CLOSED;payment:sharedDbCB=CLOSED;notification:sharedDbCB=CLOSED,gateway:orderServiceCB=0;gateway:inventoryServiceCB=0;gateway:paymentServiceCB=0;order:inventoryServiceCB=0;order:sharedDbCB=0;inventory:paymentServiceCB=0;inventory:sharedDbCB=0;payment:notificationServiceCB=0;payment:sharedDbCB=0;notification:sharedDbCB=0,200,20.037,20260811,105,90,20.0000,19.9342,0.0035,False,199.3417,codespace,
LIN-LAT-CNT-T50-W400-D15-M5-L20,LINEAR,LATENCY,COUNT_BASED,50,400,15,5,LOCAL,canary_matrix,5,2026-09-05T13:39:50Z,0.2500,13.143,53.193,0.7750,0.7811,0.0000,order-service:0.3875;inventory-service:0.0000;payment-service:0.0000;notification-service:0.0000,True,,28.513,gateway:orderServiceCB=CLOSED;gateway:inventoryServiceCB=CLOSED;gateway:paymentServiceCB=CLOSED;order:inventoryServiceCB=CLOSED;order:sharedDbCB=CLOSED;inventory:paymentServiceCB=CLOSED;inventory:sharedDbCB=CLOSED;payment:notificationServiceCB=CLOSED;payment:sharedDbCB=CLOSED;notification:sharedDbCB=CLOSED,gateway:orderServiceCB=0;gateway:inventoryServiceCB=0;gateway:paymentServiceCB=0;order:inventoryServiceCB=0;order:sharedDbCB=0;inventory:paymentServiceCB=0;inventory:sharedDbCB=0;payment:notificationServiceCB=0;payment:sharedDbCB=0;notification:sharedDbCB=0,200,20.036,20260811,106,90,20.0000,19.9401,0.0035,False,400.0000,codespace,
LIN-LAT-TIM-T50-W10-D15-M5-L80,LINEAR,LATENCY,TIME_BASED,50,10,15,5,LOCAL,canary_matrix,4,2026-09-05T13:41:51Z,0.2500,4.382,34.368,0.9071,0.6443,0.0000,order-service:0.4536;inventory-service:0.0000;payment-service:0.0000;notification-service:0.0000,True,,28.037,gateway:orderServiceCB=CLOSED;gateway:inventoryServiceCB=CLOSED;gateway:paymentServiceCB=CLOSED;order:inventoryServiceCB=CLOSED;order:sharedDbCB=CLOSED;inventory:paymentServiceCB=CLOSED;inventory:sharedDbCB=CLOSED;payment:notificationServiceCB=CLOSED;payment:sharedDbCB=CLOSED;notification:sharedDbCB=CLOSED,gateway:orderServiceCB=0;gateway:inventoryServiceCB=0;gateway:paymentServiceCB=0;order:inventoryServiceCB=0;order:sharedDbCB=0;inventory:paymentServiceCB=0;inventory:sharedDbCB=0;payment:notificationServiceCB=0;payment:sharedDbCB=0;notification:sharedDbCB=0,200,20.038,20260811,107,360,80.0000,78.6000,0.0359,False,786.0003,codespace,
LIN-LAT-CNT-T50-W400-D15-M5-L80,LINEAR,LATENCY,COUNT_BASED,50,400,15,5,LOCAL,canary_matrix,3,2026-09-05T13:43:36Z,0.2500,5.997,16.584,0.6683,0.0000,0.0000,order-service:0.3152;inventory-service:0.0000;payment-service:0.0000;notification-service:0.0000,True,,28.520,gateway:orderServiceCB=CLOSED;gateway:inventoryServiceCB=CLOSED;gateway:paymentServiceCB=CLOSED;order:inventoryServiceCB=CLOSED;order:sharedDbCB=CLOSED;inventory:paymentServiceCB=CLOSED;inventory:sharedDbCB=CLOSED;payment:notificationServiceCB=CLOSED;payment:sharedDbCB=CLOSED;notification:sharedDbCB=CLOSED,gateway:orderServiceCB=0;gateway:inventoryServiceCB=0;gateway:paymentServiceCB=0;order:inventoryServiceCB=0;order:sharedDbCB=0;inventory:paymentServiceCB=0;inventory:sharedDbCB=0;payment:notificationServiceCB=0;payment:sharedDbCB=0;notification:sharedDbCB=0,200,20.035,20260811,108,360,80.0000,77.7451,0.0541,False,400.0000,codespace,
LIN-LAT-CNT-T50-W5-D15-M5-L80,LINEAR,LATENCY,COUNT_BASED,50,5,15,5,LOCAL,canary_matrix,5,2026-09-05T13:45:16Z,0.2500,3.238,16.752,0.0000,0.4633,0.0000,order-service:0.0000;inventory-service:0.0000;payment-service:0.0000;notification-service:0.0000,True,,26.782,gateway:orderServiceCB=CLOSED;gateway:inventoryServiceCB=CLOSED;gateway:paymentServiceCB=CLOSED;order:inventoryServiceCB=CLOSED;order:sharedDbCB=CLOSED;inventory:paymentServiceCB=CLOSED;inventory:sharedDbCB=CLOSED;payment:notificationServiceCB=CLOSED;payment:sharedDbCB=CLOSED;notification:sharedDbCB=CLOSED,gateway:orderServiceCB=0;gateway:inventoryServiceCB=0;gateway:paymentServiceCB=0;order:inventoryServiceCB=0;order:sharedDbCB=0;inventory:paymentServiceCB=0;inventory:sharedDbCB=0;payment:notificationServiceCB=0;payment:sharedDbCB=0;notification:sharedDbCB=0,200,20.035,20260811,109,360,80.0000,73.4351,0.0524,False,5.0000,codespace,
LIN-LAT-CNT-T50-W20-D15-M5-L5,LINEAR,LATENCY,COUNT_BASED,50,20,15,5,LOCAL,canary_matrix,5,2026-09-05T13:46:58Z,0.2500,4.955,16.254,0.5833,0.8956,0.0000,order-service:0.2917;inventory-service:0.0000;payment-service:0.0000;notification-service:0.0000,True,,26.953,gateway:orderServiceCB=CLOSED;gateway:inventoryServiceCB=CLOSED;gateway:paymentServiceCB=CLOSED;order:inventoryServiceCB=CLOSED;order:sharedDbCB=CLOSED;inventory:paymentServiceCB=CLOSED;inventory:sharedDbCB=CLOSED;payment:notificationServiceCB=CLOSED;payment:sharedDbCB=CLOSED;notification:sharedDbCB=CLOSED,gateway:orderServiceCB=0;gateway:inventoryServiceCB=0;gateway:paymentServiceCB=0;order:inventoryServiceCB=0;order:sharedDbCB=0;inventory:paymentServiceCB=0;inventory:sharedDbCB=0;payment:notificationServiceCB=0;payment:sharedDbCB=0;notification:sharedDbCB=0,200,20.033,20260811,110,23,5.0000,4.9931,0.0012,False,20.0000,codespace,
LIN-LAT-TIM-T50-W10-D15-M5-L20,LINEAR,LATENCY,TIME_BASED,50,10,15,5,LOCAL,canary_matrix,3,2026-09-05T13:49:00Z,0.2500,5.663,34.604,0.8371,0.8424,0.0000,order-service:0.4186;inventory-service:0.0000;payment-service:0.0000;notification-service:0.0000,True,,27.015,gateway:orderServiceCB=CLOSED;gateway:inventoryServiceCB=CLOSED;gateway:paymentServiceCB=CLOSED;order:inventoryServiceCB=CLOSED;order:sharedDbCB=CLOSED;inventory:paymentServiceCB=CLOSED;inventory:sharedDbCB=CLOSED;payment:notificationServiceCB=CLOSED;payment:sharedDbCB=CLOSED;notification:sharedDbCB=CLOSED,gateway:orderServiceCB=0;gateway:inventoryServiceCB=0;gateway:paymentServiceCB=0;order:inventoryServiceCB=0;order:sharedDbCB=0;inventory:paymentServiceCB=0;inventory:sharedDbCB=0;payment:notificationServiceCB=0;payment:sharedDbCB=0;notification:sharedDbCB=0,200,20.037,20260811,111,90,20.0000,19.9351,0.0030,False,199.3505,codespace,
LIN-LAT-CNT-T50-W200-D15-M5-L20,LINEAR,LATENCY,COUNT_BASED,50,200,15,5,LOCAL,canary_matrix,1,2026-09-05T13:50:53Z,0.2500,8.109,24.074,0.7333,0.7411,0.0000,order-service:0.3095;inventory-service:0.0000;payment-service:0.0000;notification-service:0.0000,True,,27.414,gateway:orderServiceCB=CLOSED;gateway:inventoryServiceCB=CLOSED;gateway:paymentServiceCB=CLOSED;order:inventoryServiceCB=CLOSED;order:sharedDbCB=CLOSED;inventory:paymentServiceCB=CLOSED;inventory:sharedDbCB=CLOSED;payment:notificationServiceCB=CLOSED;payment:sharedDbCB=CLOSED;notification:sharedDbCB=CLOSED,gateway:orderServiceCB=0;gateway:inventoryServiceCB=0;gateway:paymentServiceCB=0;order:inventoryServiceCB=0;order:sharedDbCB=0;inventory:paymentServiceCB=0;inventory:sharedDbCB=0;payment:notificationServiceCB=0;payment:sharedDbCB=0;notification:sharedDbCB=0,200,20.039,20260811,112,90,20.0000,19.9293,0.0043,False,200.0000,codespace,
LIN-NON-CNT-T50-W20-D15-M5-L80,LINEAR,NONE,COUNT_BASED,50,20,15,5,LOCAL,canary_matrix,7,2026-09-05T13:52:22Z,0.0000,,,0.0000,0.0000,0.0000,order-service:0.0000;inventory-service:0.0000;payment-service:0.0000;notification-service:0.0000,True,,28.887,gateway:orderServiceCB=CLOSED;gateway:inventoryServiceCB=CLOSED;gateway:paymentServiceCB=CLOSED;order:inventoryServiceCB=CLOSED;order:sharedDbCB=CLOSED;inventory:paymentServiceCB=CLOSED;inventory:sharedDbCB=CLOSED;payment:notificationServiceCB=CLOSED;payment:sharedDbCB=CLOSED;notification:sharedDbCB=CLOSED,gateway:orderServiceCB=0;gateway:inventoryServiceCB=0;gateway:paymentServiceCB=0;order:inventoryServiceCB=0;order:sharedDbCB=0;inventory:paymentServiceCB=0;inventory:sharedDbCB=0;payment:notificationServiceCB=0;payment:sharedDbCB=0;notification:sharedDbCB=0,200,20.035,20260811,113,5,80.0000,73.7457,0.8741,False,20.0000,codespace,
LIN-LAT-TIM-T50-W5-D15-M5-L20,LINEAR,LATENCY,TIME_BASED,50,5,15,5,LOCAL,canary_matrix,3,2026-09-05T13:54:21Z,0.2500,3.741,34.572,0.8700,0.8735,0.0000,order-service:0.4350;inventory-service:0.0000;payment-service:0.0000;notification-service:0.0000,True,,26.963,gateway:orderServiceCB=CLOSED;gateway:inventoryServiceCB=CLOSED;gateway:paymentServiceCB=CLOSED;order:inventoryServiceCB=CLOSED;order:sharedDbCB=CLOSED;inventory:paymentServiceCB=CLOSED;inventory:sharedDbCB=CLOSED;payment:notificationServiceCB=CLOSED;payment:sharedDbCB=CLOSED;notification:sharedDbCB=CLOSED,gateway:orderServiceCB=0;gateway:inventoryServiceCB=0;gateway:paymentServiceCB=0;order:inventoryServiceCB=0;order:sharedDbCB=0;inventory:paymentServiceCB=0;inventory:sharedDbCB=0;payment:notificationServiceCB=0;payment:sharedDbCB=0;notification:sharedDbCB=0,200,20.034,20260811,114,90,20.0000,19.9309,0.0041,False,99.6546,codespace,
LIN-NON-TIM-T50-W20-D15-M5-L20,LINEAR,NONE,TIME_BASED,50,20,15,5,LOCAL,canary_matrix,7,2026-09-05T13:56:34Z,0.0000,,,0.0000,0.0305,0.0000,order-service:0.0000;inventory-service:0.0000;payment-service:0.0000;notification-service:0.0000,True,,27.781,gateway:orderServiceCB=CLOSED;gateway:inventoryServiceCB=CLOSED;gateway:paymentServiceCB=CLOSED;order:inventoryServiceCB=CLOSED;order:sharedDbCB=CLOSED;inventory:paymentServiceCB=CLOSED;inventory:sharedDbCB=CLOSED;payment:notificationServiceCB=CLOSED;payment:sharedDbCB=CLOSED;notification:sharedDbCB=CLOSED,gateway:orderServiceCB=0;gateway:inventoryServiceCB=0;gateway:paymentServiceCB=0;order:inventoryServiceCB=0;order:sharedDbCB=0;inventory:paymentServiceCB=0;inventory:sharedDbCB=0;payment:notificationServiceCB=0;payment:sharedDbCB=0;notification:sharedDbCB=0,200,20.032,20260811,115,5,20.0000,19.9481,0.0033,False,398.9619,codespace,
LIN-LAT-TIM-T50-W5-D15-M5-L80,LINEAR,LATENCY,TIME_BASED,50,5,15,5,LOCAL,canary_matrix,4,2026-09-05T13:58:33Z,0.2500,3.39,34.408,0.9092,0.6535,0.0000,order-service:0.4546;inventory-service:0.0000;payment-service:0.0000;notification-service:0.0000,True,,26.708,gateway:orderServiceCB=CLOSED;gateway:inventoryServiceCB=CLOSED;gateway:paymentServiceCB=CLOSED;order:inventoryServiceCB=CLOSED;order:sharedDbCB=CLOSED;inventory:paymentServiceCB=CLOSED;inventory:sharedDbCB=CLOSED;payment:notificationServiceCB=CLOSED;payment:sharedDbCB=CLOSED;notification:sharedDbCB=CLOSED,gateway:orderServiceCB=0;gateway:inventoryServiceCB=0;gateway:paymentServiceCB=0;order:inventoryServiceCB=0;order:sharedDbCB=0;inventory:paymentServiceCB=0;inventory:sharedDbCB=0;payment:notificationServiceCB=0;payment:sharedDbCB=0;notification:sharedDbCB=0,200,20.033,20260811,116,360,80.0000,78.5037,0.0428,False,392.5186,codespace,
LIN-NON-TIM-T50-W20-D15-M5-L80,LINEAR,NONE,TIME_BASED,50,20,15,5,LOCAL,canary_matrix,6,2026-09-05T14:00:46Z,0.0000,,,0.0000,0.0000,0.0000,order-service:0.0000;inventory-service:0.0000;payment-service:0.0000;notification-service:0.0000,True,,27.966,gateway:orderServiceCB=CLOSED;gateway:inventoryServiceCB=CLOSED;gateway:paymentServiceCB=CLOSED;order:inventoryServiceCB=CLOSED;order:sharedDbCB=CLOSED;inventory:paymentServiceCB=CLOSED;inventory:sharedDbCB=CLOSED;payment:notificationServiceCB=CLOSED;payment:sharedDbCB=CLOSED;notification:sharedDbCB=CLOSED,gateway:orderServiceCB=0;gateway:inventoryServiceCB=0;gateway:paymentServiceCB=0;order:inventoryServiceCB=0;order:sharedDbCB=0;inventory:paymentServiceCB=0;inventory:sharedDbCB=0;payment:notificationServiceCB=0;payment:sharedDbCB=0;notification:sharedDbCB=0,200,20.037,20260811,117,5,80.0000,78.8682,0.5560,False,1577.3631,codespace,
LIN-NON-TIM-T50-W20-D15-M5-L80,LINEAR,NONE,TIME_BASED,50,20,15,5,LOCAL,canary_matrix,3,2026-09-05T14:02:59Z,0.0000,,,0.0000,0.0000,0.0000,order-service:0.0000;inventory-service:0.0000;payment-service:0.0000;notification-service:0.0000,True,,27.529,gateway:orderServiceCB=CLOSED;gateway:inventoryServiceCB=CLOSED;gateway:paymentServiceCB=CLOSED;order:inventoryServiceCB=CLOSED;order:sharedDbCB=CLOSED;inventory:paymentServiceCB=CLOSED;inventory:sharedDbCB=CLOSED;payment:notificationServiceCB=CLOSED;payment:sharedDbCB=CLOSED;notification:sharedDbCB=CLOSED,gateway:orderServiceCB=0;gateway:inventoryServiceCB=0;gateway:paymentServiceCB=0;order:inventoryServiceCB=0;order:sharedDbCB=0;inventory:paymentServiceCB=0;inventory:sharedDbCB=0;payment:notificationServiceCB=0;payment:sharedDbCB=0;notification:sharedDbCB=0,200,20.039,20260811,118,5,80.0000,78.8106,0.5329,False,1576.2126,codespace,
LIN-NON-CNT-T50-W20-D15-M5-L80,LINEAR,NONE,COUNT_BASED,50,20,15,5,LOCAL,canary_matrix,4,2026-09-05T14:04:27Z,0.0000,,,0.0000,0.0000,0.0000,order-service:0.0000;inventory-service:0.0000;payment-service:0.0000;notification-service:0.0000,True,,26.850,gateway:orderServiceCB=CLOSED;gateway:inventoryServiceCB=CLOSED;gateway:paymentServiceCB=CLOSED;order:inventoryServiceCB=CLOSED;order:sharedDbCB=CLOSED;inventory:paymentServiceCB=CLOSED;inventory:sharedDbCB=CLOSED;payment:notificationServiceCB=CLOSED;payment:sharedDbCB=CLOSED;notification:sharedDbCB=CLOSED,gateway:orderServiceCB=0;gateway:inventoryServiceCB=0;gateway:paymentServiceCB=0;order:inventoryServiceCB=0;order:sharedDbCB=0;inventory:paymentServiceCB=0;inventory:sharedDbCB=0;payment:notificationServiceCB=0;payment:sharedDbCB=0;notification:sharedDbCB=0,200,20.041,20260811,119,5,80.0000,62.8104,0.7652,True,20.0000,codespace,
LIN-NON-CNT-T50-W10-D15-M5-L20,LINEAR,NONE,COUNT_BASED,50,10,15,5,LOCAL,canary_matrix,6,2026-09-05T14:05:56Z,0.0000,,,0.0000,0.0166,0.0000,order-service:0.0000;inventory-service:0.0000;payment-service:0.0000;notification-service:0.0000,True,,27.170,gateway:orderServiceCB=CLOSED;gateway:inventoryServiceCB=CLOSED;gateway:paymentServiceCB=CLOSED;order:inventoryServiceCB=CLOSED;order:sharedDbCB=CLOSED;inventory:paymentServiceCB=CLOSED;inventory:sharedDbCB=CLOSED;payment:notificationServiceCB=CLOSED;payment:sharedDbCB=CLOSED;notification:sharedDbCB=CLOSED,gateway:orderServiceCB=0;gateway:inventoryServiceCB=0;gateway:paymentServiceCB=0;order:inventoryServiceCB=0;order:sharedDbCB=0;inventory:paymentServiceCB=0;inventory:sharedDbCB=0;payment:notificationServiceCB=0;payment:sharedDbCB=0;notification:sharedDbCB=0,200,20.034,20260811,120,5,20.0000,19.9252,0.0090,False,10.0000,codespace,
LIN-NON-CNT-T50-W5-D15-M5-L80,LINEAR,NONE,COUNT_BASED,50,5,15,5,LOCAL,canary_matrix,8,2026-09-05T14:07:23Z,0.0000,,,0.0000,0.0000,0.0000,order-service:0.0000;inventory-service:0.0000;payment-service:0.0000;notification-service:0.0000,True,,26.834,gateway:orderServiceCB=CLOSED;gateway:inventoryServiceCB=CLOSED;gateway:paymentServiceCB=CLOSED;order:inventoryServiceCB=CLOSED;order:sharedDbCB=CLOSED;inventory:paymentServiceCB=CLOSED;inventory:sharedDbCB=CLOSED;payment:notificationServiceCB=CLOSED;payment:sharedDbCB=CLOSED;notification:sharedDbCB=CLOSED,gateway:orderServiceCB=0;gateway:inventoryServiceCB=0;gateway:paymentServiceCB=0;order:inventoryServiceCB=0;order:sharedDbCB=0;inventory:paymentServiceCB=0;inventory:sharedDbCB=0;payment:notificationServiceCB=0;payment:sharedDbCB=0;notification:sharedDbCB=0,200,20.037,20260811,121,5,80.0000,54.1752,0.7132,True,5.0000,codespace,
LIN-NON-TIM-T50-W10-D15-M5-L20,LINEAR,NONE,TIME_BASED,50,10,15,5,LOCAL,canary_matrix,1,2026-09-05T14:09:26Z,0.0000,,,0.0000,0.0278,0.0000,order-service:0.0000;inventory-service:0.0000;payment-service:0.0000;notification-service:0.0000,True,,28.296,gateway:orderServiceCB=CLOSED;gateway:inventoryServiceCB=CLOSED;gateway:paymentServiceCB=CLOSED;order:inventoryServiceCB=CLOSED;order:sharedDbCB=CLOSED;inventory:paymentServiceCB=CLOSED;inventory:sharedDbCB=CLOSED;payment:notificationServiceCB=CLOSED;payment:sharedDbCB=CLOSED;notification:sharedDbCB=CLOSED,gateway:orderServiceCB=0;gateway:inventoryServiceCB=0;gateway:paymentServiceCB=0;order:inventoryServiceCB=0;order:sharedDbCB=0;inventory:paymentServiceCB=0;inventory:sharedDbCB=0;payment:notificationServiceCB=0;payment:sharedDbCB=0;notification:sharedDbCB=0,200,20.038,20260811,122,5,20.0000,19.9406,0.0064,False,199.4063,codespace,
LIN-NON-CNT-T50-W10-D15-M5-L20,LINEAR,NONE,COUNT_BASED,50,10,15,5,LOCAL,canary_matrix,7,2026-09-05T14:10:55Z,0.0000,,,0.0000,0.0119,0.0000,order-service:0.0000;inventory-service:0.0000;payment-service:0.0000;notification-service:0.0000,True,,26.812,gateway:orderServiceCB=CLOSED;gateway:inventoryServiceCB=CLOSED;gateway:paymentServiceCB=CLOSED;order:inventoryServiceCB=CLOSED;order:sharedDbCB=CLOSED;inventory:paymentServiceCB=CLOSED;inventory:sharedDbCB=CLOSED;payment:notificationServiceCB=CLOSED;payment:sharedDbCB=CLOSED;notification:sharedDbCB=CLOSED,gateway:orderServiceCB=0;gateway:inventoryServiceCB=0;gateway:paymentServiceCB=0;order:inventoryServiceCB=0;order:sharedDbCB=0;inventory:paymentServiceCB=0;inventory:sharedDbCB=0;payment:notificationServiceCB=0;payment:sharedDbCB=0;notification:sharedDbCB=0,200,20.031,20260811,123,5,20.0000,19.9437,0.0023,False,10.0000,codespace,
LIN-LAT-TIM-T50-W1-D15-M5-L20,LINEAR,LATENCY,TIME_BASED,50,1,15,5,LOCAL,canary_matrix,1,2026-09-05T14:12:55Z,0.2500,3.301,35.069,0.8654,0.8697,0.0000,order-service:0.4327;inventory-service:0.0000;payment-service:0.0000;notification-service:0.0000,True,,27.223,gateway:orderServiceCB=CLOSED;gateway:inventoryServiceCB=CLOSED;gateway:paymentServiceCB=CLOSED;order:inventoryServiceCB=CLOSED;order:sharedDbCB=CLOSED;inventory:paymentServiceCB=CLOSED;inventory:sharedDbCB=CLOSED;payment:notificationServiceCB=CLOSED;payment:sharedDbCB=CLOSED;notification:sharedDbCB=CLOSED,gateway:orderServiceCB=0;gateway:inventoryServiceCB=0;gateway:paymentServiceCB=0;order:inventoryServiceCB=0;order:sharedDbCB=0;inventory:paymentServiceCB=0;inventory:sharedDbCB=0;payment:notificationServiceCB=0;payment:sharedDbCB=0;notification:sharedDbCB=0,200,20.034,20260811,124,90,20.0000,19.9269,0.0050,False,19.9269,codespace,
LIN-LAT-CNT-T50-W100-D15-M5-L5,LINEAR,LATENCY,COUNT_BASED,50,100,15,5,LOCAL,canary_matrix,5,2026-09-05T14:15:24Z,0.2500,12.869,54.357,0.7500,0.9391,0.0000,order-service:0.3750;inventory-service:0.0000;payment-service:0.0000;notification-service:0.0000,True,,28.220,gateway:orderServiceCB=CLOSED;gateway:inventoryServiceCB=CLOSED;gateway:paymentServiceCB=CLOSED;order:inventoryServiceCB=CLOSED;order:sharedDbCB=CLOSED;inventory:paymentServiceCB=CLOSED;inventory:sharedDbCB=CLOSED;payment:notificationServiceCB=CLOSED;payment:sharedDbCB=CLOSED;notification:sharedDbCB=CLOSED,gateway:orderServiceCB=0;gateway:inventoryServiceCB=0;gateway:paymentServiceCB=0;order:inventoryServiceCB=0;order:sharedDbCB=0;inventory:paymentServiceCB=0;inventory:sharedDbCB=0;payment:notificationServiceCB=0;payment:sharedDbCB=0;notification:sharedDbCB=0,200,20.034,20260811,125,23,5.0000,4.9958,0.0005,False,100.0000,codespace,
LIN-LAT-CNT-T50-W100-D15-M5-L20,LINEAR,LATENCY,COUNT_BASED,50,100,15,5,LOCAL,canary_matrix,4,2026-09-05T14:17:07Z,0.2500,5.682,16.538,0.6333,0.6435,0.0000,order-service:0.2963;inventory-service:0.0000;payment-service:0.0000;notification-service:0.0000,True,,27.048,gateway:orderServiceCB=CLOSED;gateway:inventoryServiceCB=CLOSED;gateway:paymentServiceCB=CLOSED;order:inventoryServiceCB=CLOSED;order:sharedDbCB=CLOSED;inventory:paymentServiceCB=CLOSED;inventory:sharedDbCB=CLOSED;payment:notificationServiceCB=CLOSED;payment:sharedDbCB=CLOSED;notification:sharedDbCB=CLOSED,gateway:orderServiceCB=0;gateway:inventoryServiceCB=0;gateway:paymentServiceCB=0;order:inventoryServiceCB=0;order:sharedDbCB=0;inventory:paymentServiceCB=0;inventory:sharedDbCB=0;payment:notificationServiceCB=0;payment:sharedDbCB=0;notification:sharedDbCB=0,200,20.034,20260811,126,90,20.0000,19.9075,0.0060,False,100.0000,codespace,
LIN-LAT-TIM-T50-W20-D15-M5-L320,LINEAR,LATENCY,TIME_BASED,50,20,15,5,LOCAL,canary_matrix,4,2026-09-05T14:19:28Z,0.2500,9.356,48.66,0.9852,0.7870,0.0000,order-service:0.4875;inventory-service:0.0000;payment-service:0.0000;notification-service:0.0000,True,,26.838,gateway:orderServiceCB=CLOSED;gateway:inventoryServiceCB=CLOSED;gateway:paymentServiceCB=CLOSED;order:inventoryServiceCB=CLOSED;order:sharedDbCB=CLOSED;inventory:paymentServiceCB=CLOSED;inventory:sharedDbCB=CLOSED;payment:notificationServiceCB=CLOSED;payment:sharedDbCB=CLOSED;notification:sharedDbCB=CLOSED,gateway:orderServiceCB=0;gateway:inventoryServiceCB=0;gateway:paymentServiceCB=0;order:inventoryServiceCB=0;order:sharedDbCB=0;inventory:paymentServiceCB=0;inventory:sharedDbCB=0;payment:notificationServiceCB=0;payment:sharedDbCB=0;notification:sharedDbCB=0,200,20.031,20260811,127,1440,320.0000,295.7714,0.1620,False,5915.4278,codespace,
LIN-NON-TIM-T50-W5-D15-M5-L80,LINEAR,NONE,TIME_BASED,50,5,15,5,LOCAL,canary_matrix,10,2026-09-05T14:21:27Z,0.0000,,,0.0000,0.0000,0.0000,order-service:0.0000;inventory-service:0.0000;payment-service:0.0000;notification-service:0.0000,True,,27.506,gateway:orderServiceCB=CLOSED;gateway:inventoryServiceCB=CLOSED;gateway:paymentServiceCB=CLOSED;order:inventoryServiceCB=CLOSED;order:sharedDbCB=CLOSED;inventory:paymentServiceCB=CLOSED;inventory:sharedDbCB=CLOSED;payment:notificationServiceCB=CLOSED;payment:sharedDbCB=CLOSED;notification:sharedDbCB=CLOSED,gateway:orderServiceCB=0;gateway:inventoryServiceCB=0;gateway:paymentServiceCB=0;order:inventoryServiceCB=0;order:sharedDbCB=0;inventory:paymentServiceCB=0;inventory:sharedDbCB=0;payment:notificationServiceCB=0;payment:sharedDbCB=0;notification:sharedDbCB=0,200,20.035,20260811,128,5,80.0000,78.6313,0.7930,False,393.1567,codespace,
LIN-LAT-CNT-T50-W5-D15-M5-L5,LINEAR,LATENCY,COUNT_BASED,50,5,15,5,LOCAL,canary_matrix,2,2026-09-05T14:23:10Z,0.2500,3.458,16.778,0.5500,0.8879,0.0000,order-service:0.2632;inventory-service:0.0000;payment-service:0.0000;notification-service:0.0000,True,,27.021,gateway:orderServiceCB=CLOSED;gateway:inventoryServiceCB=CLOSED;gateway:paymentServiceCB=CLOSED;order:inventoryServiceCB=CLOSED;order:sharedDbCB=CLOSED;inventory:paymentServiceCB=CLOSED;inventory:sharedDbCB=CLOSED;payment:notificationServiceCB=CLOSED;payment:sharedDbCB=CLOSED;notification:sharedDbCB=CLOSED,gateway:orderServiceCB=0;gateway:inventoryServiceCB=0;gateway:paymentServiceCB=0;order:inventoryServiceCB=0;order:sharedDbCB=0;inventory:paymentServiceCB=0;inventory:sharedDbCB=0;payment:notificationServiceCB=0;payment:sharedDbCB=0;notification:sharedDbCB=0,200,20.035,20260811,129,23,5.0000,4.9924,0.0010,False,5.0000,codespace,
LIN-LAT-TIM-T50-W10-D15-M5-L80,LINEAR,LATENCY,TIME_BASED,50,10,15,5,LOCAL,canary_matrix,5,2026-09-05T14:25:10Z,0.2500,4.199,34.491,0.9050,0.6359,0.0000,order-service:0.4525;inventory-service:0.0000;payment-service:0.0000;notification-service:0.0000,True,,28.087,gateway:orderServiceCB=CLOSED;gateway:inventoryServiceCB=CLOSED;gateway:paymentServiceCB=CLOSED;order:inventoryServiceCB=CLOSED;order:sharedDbCB=CLOSED;inventory:paymentServiceCB=CLOSED;inventory:sharedDbCB=CLOSED;payment:notificationServiceCB=CLOSED;payment:sharedDbCB=CLOSED;notification:sharedDbCB=CLOSED,gateway:orderServiceCB=0;gateway:inventoryServiceCB=0;gateway:paymentServiceCB=0;order:inventoryServiceCB=0;order:sharedDbCB=0;inventory:paymentServiceCB=0;inventory:sharedDbCB=0;payment:notificationServiceCB=0;payment:sharedDbCB=0;notification:sharedDbCB=0,200,20.043,20260811,130,360,80.0000,78.7281,0.0340,False,787.2806,codespace,
LIN-LAT-TIM-T50-W20-D15-M5-L5,LINEAR,LATENCY,TIME_BASED,50,20,15,5,LOCAL,canary_matrix,2,2026-09-05T14:27:22Z,0.2500,14.386,35.821,0.6578,0.9167,0.0000,order-service:0.3289;inventory-service:0.0000;payment-service:0.0000;notification-service:0.0000,True,,27.171,gateway:orderServiceCB=CLOSED;gateway:inventoryServiceCB=CLOSED;gateway:paymentServiceCB=CLOSED;order:inventoryServiceCB=CLOSED;order:sharedDbCB=CLOSED;inventory:paymentServiceCB=CLOSED;inventory:sharedDbCB=CLOSED;payment:notificationServiceCB=CLOSED;payment:sharedDbCB=CLOSED;notification:sharedDbCB=CLOSED,gateway:orderServiceCB=0;gateway:inventoryServiceCB=0;gateway:paymentServiceCB=0;order:inventoryServiceCB=0;order:sharedDbCB=0;inventory:paymentServiceCB=0;inventory:sharedDbCB=0;payment:notificationServiceCB=0;payment:sharedDbCB=0;notification:sharedDbCB=0,200,20.037,20260811,131,23,5.0000,4.9957,0.0007,False,99.9137,codespace,
LIN-NON-TIM-T50-W20-D15-M5-L20,LINEAR,NONE,TIME_BASED,50,20,15,5,LOCAL,canary_matrix,3,2026-09-05T14:29:34Z,0.0000,,,0.0000,0.0298,0.0000,order-service:0.0000;inventory-service:0.0000;payment-service:0.0000;notification-service:0.0000,True,,26.984,gateway:orderServiceCB=CLOSED;gateway:inventoryServiceCB=CLOSED;gateway:paymentServiceCB=CLOSED;order:inventoryServiceCB=CLOSED;order:sharedDbCB=CLOSED;inventory:paymentServiceCB=CLOSED;inventory:sharedDbCB=CLOSED;payment:notificationServiceCB=CLOSED;payment:sharedDbCB=CLOSED;notification:sharedDbCB=CLOSED,gateway:orderServiceCB=0;gateway:inventoryServiceCB=0;gateway:paymentServiceCB=0;order:inventoryServiceCB=0;order:sharedDbCB=0;inventory:paymentServiceCB=0;inventory:sharedDbCB=0;payment:notificationServiceCB=0;payment:sharedDbCB=0;notification:sharedDbCB=0,200,20.037,20260811,132,5,20.0000,19.9494,0.0041,False,398.9879,codespace,
LIN-LAT-CNT-T50-W10-D15-M5-L320,LINEAR,LATENCY,COUNT_BASED,50,10,15,5,LOCAL,canary_matrix,2,2026-09-05T14:31:15Z,0.2500,3.298,16.577,0.0000,0.4356,0.0000,order-service:0.0000;inventory-service:0.0000;payment-service:0.0000;notification-service:0.0000,True,,27.044,gateway:orderServiceCB=CLOSED;gateway:inventoryServiceCB=CLOSED;gateway:paymentServiceCB=CLOSED;order:inventoryServiceCB=CLOSED;order:sharedDbCB=CLOSED;inventory:paymentServiceCB=CLOSED;inventory:sharedDbCB=CLOSED;payment:notificationServiceCB=CLOSED;payment:sharedDbCB=CLOSED;notification:sharedDbCB=CLOSED,gateway:orderServiceCB=0;gateway:inventoryServiceCB=0;gateway:paymentServiceCB=0;order:inventoryServiceCB=0;order:sharedDbCB=0;inventory:paymentServiceCB=0;inventory:sharedDbCB=0;payment:notificationServiceCB=0;payment:sharedDbCB=0;notification:sharedDbCB=0,200,20.038,20260811,133,1440,320.0000,233.7685,0.1509,True,10.0000,codespace,
LIN-LAT-CNT-T50-W10-D15-M5-L320,LINEAR,LATENCY,COUNT_BASED,50,10,15,5,LOCAL,canary_matrix,1,2026-09-05T14:32:57Z,0.2500,3.226,16.591,0.0000,0.4369,0.0000,order-service:0.0000;inventory-service:0.0000;payment-service:0.0000;notification-service:0.0000,True,,29.066,gateway:orderServiceCB=CLOSED;gateway:inventoryServiceCB=CLOSED;gateway:paymentServiceCB=CLOSED;order:inventoryServiceCB=CLOSED;order:sharedDbCB=CLOSED;inventory:paymentServiceCB=CLOSED;inventory:sharedDbCB=CLOSED;payment:notificationServiceCB=CLOSED;payment:sharedDbCB=CLOSED;notification:sharedDbCB=CLOSED,gateway:orderServiceCB=0;gateway:inventoryServiceCB=0;gateway:paymentServiceCB=0;order:inventoryServiceCB=0;order:sharedDbCB=0;inventory:paymentServiceCB=0;inventory:sharedDbCB=0;payment:notificationServiceCB=0;payment:sharedDbCB=0;notification:sharedDbCB=0,200,20.034,20260811,134,1440,320.0000,234.8438,0.1718,True,10.0000,codespace,
LIN-NON-TIM-T50-W5-D15-M5-L80,LINEAR,NONE,TIME_BASED,50,5,15,5,LOCAL,canary_matrix,4,2026-09-05T14:34:56Z,0.0000,,,0.0000,0.0000,0.0000,order-service:0.0000;inventory-service:0.0000;payment-service:0.0000;notification-service:0.0000,True,,28.607,gateway:orderServiceCB=CLOSED;gateway:inventoryServiceCB=CLOSED;gateway:paymentServiceCB=CLOSED;order:inventoryServiceCB=CLOSED;order:sharedDbCB=CLOSED;inventory:paymentServiceCB=CLOSED;inventory:sharedDbCB=CLOSED;payment:notificationServiceCB=CLOSED;payment:sharedDbCB=CLOSED;notification:sharedDbCB=CLOSED,gateway:orderServiceCB=0;gateway:inventoryServiceCB=0;gateway:paymentServiceCB=0;order:inventoryServiceCB=0;order:sharedDbCB=0;inventory:paymentServiceCB=0;inventory:sharedDbCB=0;payment:notificationServiceCB=0;payment:sharedDbCB=0;notification:sharedDbCB=0,200,20.032,20260811,135,5,80.0000,78.7580,0.6587,False,393.7900,codespace,
LIN-NON-TIM-T50-W10-D15-M5-L20,LINEAR,NONE,TIME_BASED,50,10,15,5,LOCAL,canary_matrix,5,2026-09-05T14:37:00Z,0.0000,,,0.0000,0.0285,0.0000,order-service:0.0000;inventory-service:0.0000;payment-service:0.0000;notification-service:0.0000,True,,29.170,gateway:orderServiceCB=CLOSED;gateway:inventoryServiceCB=CLOSED;gateway:paymentServiceCB=CLOSED;order:inventoryServiceCB=CLOSED;order:sharedDbCB=CLOSED;inventory:paymentServiceCB=CLOSED;inventory:sharedDbCB=CLOSED;payment:notificationServiceCB=CLOSED;payment:sharedDbCB=CLOSED;notification:sharedDbCB=CLOSED,gateway:orderServiceCB=0;gateway:inventoryServiceCB=0;gateway:paymentServiceCB=0;order:inventoryServiceCB=0;order:sharedDbCB=0;inventory:paymentServiceCB=0;inventory:sharedDbCB=0;payment:notificationServiceCB=0;payment:sharedDbCB=0;notification:sharedDbCB=0,200,20.030,20260811,136,5,20.0000,19.9494,0.0022,False,199.4943,codespace,
LIN-LAT-CNT-T50-W20-D15-M5-L80,LINEAR,LATENCY,COUNT_BASED,50,20,15,5,LOCAL,canary_matrix,1,2026-09-05T14:38:41Z,0.2500,3.317,16.034,0.0000,0.2570,0.0000,order-service:0.0000;inventory-service:0.0000;payment-service:0.0000;notification-service:0.0000,True,,27.173,gateway:orderServiceCB=CLOSED;gateway:inventoryServiceCB=CLOSED;gateway:paymentServiceCB=CLOSED;order:inventoryServiceCB=CLOSED;order:sharedDbCB=CLOSED;inventory:paymentServiceCB=CLOSED;inventory:sharedDbCB=CLOSED;payment:notificationServiceCB=CLOSED;payment:sharedDbCB=CLOSED;notification:sharedDbCB=CLOSED,gateway:orderServiceCB=0;gateway:inventoryServiceCB=0;gateway:paymentServiceCB=0;order:inventoryServiceCB=0;order:sharedDbCB=0;inventory:paymentServiceCB=0;inventory:sharedDbCB=0;payment:notificationServiceCB=0;payment:sharedDbCB=0;notification:sharedDbCB=0,200,20.035,20260811,137,360,80.0000,72.1316,0.0612,False,20.0000,codespace,
LIN-LAT-TIM-T50-W5-D15-M5-L320,LINEAR,LATENCY,TIME_BASED,50,5,15,5,LOCAL,canary_matrix,5,2026-09-05T14:40:40Z,0.2500,9.237,28.671,0.9797,0.7085,0.0000,order-service:0.4883;inventory-service:0.0000;payment-service:0.0000;notification-service:0.0000,True,,27.182,gateway:orderServiceCB=CLOSED;gateway:inventoryServiceCB=CLOSED;gateway:paymentServiceCB=CLOSED;order:inventoryServiceCB=CLOSED;order:sharedDbCB=CLOSED;inventory:paymentServiceCB=CLOSED;inventory:sharedDbCB=CLOSED;payment:notificationServiceCB=CLOSED;payment:sharedDbCB=CLOSED;notification:sharedDbCB=CLOSED,gateway:orderServiceCB=0;gateway:inventoryServiceCB=0;gateway:paymentServiceCB=0;order:inventoryServiceCB=0;order:sharedDbCB=0;inventory:paymentServiceCB=0;inventory:sharedDbCB=0;payment:notificationServiceCB=0;payment:sharedDbCB=0;notification:sharedDbCB=0,200,20.035,20260811,138,1440,320.0000,294.4251,0.1950,False,1472.1253,codespace,
LIN-LAT-TIM-T50-W20-D15-M5-L320,LINEAR,LATENCY,TIME_BASED,50,20,15,5,LOCAL,canary_matrix,3,2026-09-05T14:43:02Z,0.2500,16.924,41.066,0.9854,0.7893,0.0000,order-service:0.4874;inventory-service:0.0000;payment-service:0.0000;notification-service:0.0000,True,,27.873,gateway:orderServiceCB=CLOSED;gateway:inventoryServiceCB=CLOSED;gateway:paymentServiceCB=CLOSED;order:inventoryServiceCB=CLOSED;order:sharedDbCB=CLOSED;inventory:paymentServiceCB=CLOSED;inventory:sharedDbCB=CLOSED;payment:notificationServiceCB=CLOSED;payment:sharedDbCB=CLOSED;notification:sharedDbCB=CLOSED,gateway:orderServiceCB=0;gateway:inventoryServiceCB=0;gateway:paymentServiceCB=0;order:inventoryServiceCB=0;order:sharedDbCB=0;inventory:paymentServiceCB=0;inventory:sharedDbCB=0;payment:notificationServiceCB=0;payment:sharedDbCB=0;notification:sharedDbCB=0,200,20.037,20260811,139,1440,320.0000,295.6356,0.1716,False,5912.7114,codespace,
LIN-NON-CNT-T50-W20-D15-M5-L20,LINEAR,NONE,COUNT_BASED,50,20,15,5,LOCAL,canary_matrix,9,2026-09-05T14:44:38Z,0.0000,,,0.0000,0.0214,0.0000,order-service:0.0000;inventory-service:0.0000;payment-service:0.0000;notification-service:0.0000,True,,32.811,gateway:orderServiceCB=CLOSED;gateway:inventoryServiceCB=CLOSED;gateway:paymentServiceCB=CLOSED;order:inventoryServiceCB=CLOSED;order:sharedDbCB=CLOSED;inventory:paymentServiceCB=CLOSED;inventory:sharedDbCB=CLOSED;payment:notificationServiceCB=CLOSED;payment:sharedDbCB=CLOSED;notification:sharedDbCB=CLOSED,gateway:orderServiceCB=0;gateway:inventoryServiceCB=0;gateway:paymentServiceCB=0;order:inventoryServiceCB=0;order:sharedDbCB=0;inventory:paymentServiceCB=0;inventory:sharedDbCB=0;payment:notificationServiceCB=0;payment:sharedDbCB=0;notification:sharedDbCB=0,200,20.039,20260811,140,5,20.0000,19.9311,0.0073,False,20.0000,codespace,
LIN-NON-TIM-T50-W5-D15-M5-L80,LINEAR,NONE,TIME_BASED,50,5,15,5,LOCAL,canary_matrix,2,2026-09-05T14:46:37Z,0.0000,,,0.0000,0.0000,0.0000,order-service:0.0000;inventory-service:0.0000;payment-service:0.0000;notification-service:0.0000,True,,29.098,gateway:orderServiceCB=CLOSED;gateway:inventoryServiceCB=CLOSED;gateway:paymentServiceCB=CLOSED;order:inventoryServiceCB=CLOSED;order:sharedDbCB=CLOSED;inventory:paymentServiceCB=CLOSED;inventory:sharedDbCB=CLOSED;payment:notificationServiceCB=CLOSED;payment:sharedDbCB=CLOSED;notification:sharedDbCB=CLOSED,gateway:orderServiceCB=0;gateway:inventoryServiceCB=0;gateway:paymentServiceCB=0;order:inventoryServiceCB=0;order:sharedDbCB=0;inventory:paymentServiceCB=0;inventory:sharedDbCB=0;payment:notificationServiceCB=0;payment:sharedDbCB=0;notification:sharedDbCB=0,200,20.037,20260811,141,5,80.0000,78.4784,0.6592,False,392.3918,codespace,
LIN-LAT-CNT-T50-W100-D15-M5-L20,LINEAR,LATENCY,COUNT_BASED,50,100,15,5,LOCAL,canary_matrix,5,2026-09-05T14:48:22Z,0.2500,5.629,16.6,0.6333,0.6435,0.0000,order-service:0.2963;inventory-service:0.0000;payment-service:0.0000;notification-service:0.0000,True,,28.473,gateway:orderServiceCB=CLOSED;gateway:inventoryServiceCB=CLOSED;gateway:paymentServiceCB=CLOSED;order:inventoryServiceCB=CLOSED;order:sharedDbCB=CLOSED;inventory:paymentServiceCB=CLOSED;inventory:sharedDbCB=CLOSED;payment:notificationServiceCB=CLOSED;payment:sharedDbCB=CLOSED;notification:sharedDbCB=CLOSED,gateway:orderServiceCB=0;gateway:inventoryServiceCB=0;gateway:paymentServiceCB=0;order:inventoryServiceCB=0;order:sharedDbCB=0;inventory:paymentServiceCB=0;inventory:sharedDbCB=0;payment:notificationServiceCB=0;payment:sharedDbCB=0;notification:sharedDbCB=0,200,20.049,20260811,142,90,20.0000,19.8843,0.0121,False,100.0000,codespace,
LIN-NON-CNT-T50-W5-D15-M5-L20,LINEAR,NONE,COUNT_BASED,50,5,15,5,LOCAL,canary_matrix,7,2026-09-05T14:49:52Z,0.0000,,,0.0000,0.0091,0.0000,order-service:0.0000;inventory-service:0.0000;payment-service:0.0000;notification-service:0.0000,True,,27.823,gateway:orderServiceCB=CLOSED;gateway:inventoryServiceCB=CLOSED;gateway:paymentServiceCB=CLOSED;order:inventoryServiceCB=CLOSED;order:sharedDbCB=CLOSED;inventory:paymentServiceCB=CLOSED;inventory:sharedDbCB=CLOSED;payment:notificationServiceCB=CLOSED;payment:sharedDbCB=CLOSED;notification:sharedDbCB=CLOSED,gateway:orderServiceCB=0;gateway:inventoryServiceCB=0;gateway:paymentServiceCB=0;order:inventoryServiceCB=0;order:sharedDbCB=0;inventory:paymentServiceCB=0;inventory:sharedDbCB=0;payment:notificationServiceCB=0;payment:sharedDbCB=0;notification:sharedDbCB=0,200,20.033,20260811,143,5,20.0000,19.9459,0.0017,False,5.0000,codespace,
LIN-LAT-TIM-T50-W20-D15-M5-L20,LINEAR,LATENCY,TIME_BASED,50,20,15,5,LOCAL,canary_matrix,1,2026-09-05T14:52:14Z,0.2500,8.997,52.666,0.7933,0.8010,0.0000,order-service:0.3967;inventory-service:0.0000;payment-service:0.0000;notification-service:0.0000,True,,26.797,gateway:orderServiceCB=CLOSED;gateway:inventoryServiceCB=CLOSED;gateway:paymentServiceCB=CLOSED;order:inventoryServiceCB=CLOSED;order:sharedDbCB=CLOSED;inventory:paymentServiceCB=CLOSED;inventory:sharedDbCB=CLOSED;payment:notificationServiceCB=CLOSED;payment:sharedDbCB=CLOSED;notification:sharedDbCB=CLOSED,gateway:orderServiceCB=0;gateway:inventoryServiceCB=0;gateway:paymentServiceCB=0;order:inventoryServiceCB=0;order:sharedDbCB=0;inventory:paymentServiceCB=0;inventory:sharedDbCB=0;payment:notificationServiceCB=0;payment:sharedDbCB=0;notification:sharedDbCB=0,200,20.035,20260811,144,90,20.0000,19.9284,0.0065,False,398.5688,codespace,
LIN-LAT-TIM-T50-W2-D15-M5-L5,LINEAR,LATENCY,TIME_BASED,50,2,15,5,LOCAL,canary_matrix,1,2026-09-05T14:54:16Z,0.2500,3.915,35.452,0.8148,0.9544,0.0000,order-service:0.4074;inventory-service:0.0000;payment-service:0.0000;notification-service:0.0000,True,,27.822,gateway:orderServiceCB=CLOSED;gateway:inventoryServiceCB=CLOSED;gateway:paymentServiceCB=CLOSED;order:inventoryServiceCB=CLOSED;order:sharedDbCB=CLOSED;inventory:paymentServiceCB=CLOSED;inventory:sharedDbCB=CLOSED;payment:notificationServiceCB=CLOSED;payment:sharedDbCB=CLOSED;notification:sharedDbCB=CLOSED,gateway:orderServiceCB=0;gateway:inventoryServiceCB=0;gateway:paymentServiceCB=0;order:inventoryServiceCB=0;order:sharedDbCB=0;inventory:paymentServiceCB=0;inventory:sharedDbCB=0;payment:notificationServiceCB=0;payment:sharedDbCB=0;notification:sharedDbCB=0,200,20.040,20260811,145,23,5.0000,4.9944,0.0024,False,9.9887,codespace,
LIN-NON-TIM-T50-W20-D15-M5-L20,LINEAR,NONE,TIME_BASED,50,20,15,5,LOCAL,canary_matrix,5,2026-09-05T14:56:28Z,0.0000,,,0.0000,0.0290,0.0000,order-service:0.0000;inventory-service:0.0000;payment-service:0.0000;notification-service:0.0000,True,,27.848,gateway:orderServiceCB=CLOSED;gateway:inventoryServiceCB=CLOSED;gateway:paymentServiceCB=CLOSED;order:inventoryServiceCB=CLOSED;order:sharedDbCB=CLOSED;inventory:paymentServiceCB=CLOSED;inventory:sharedDbCB=CLOSED;payment:notificationServiceCB=CLOSED;payment:sharedDbCB=CLOSED;notification:sharedDbCB=CLOSED,gateway:orderServiceCB=0;gateway:inventoryServiceCB=0;gateway:paymentServiceCB=0;order:inventoryServiceCB=0;order:sharedDbCB=0;inventory:paymentServiceCB=0;inventory:sharedDbCB=0;payment:notificationServiceCB=0;payment:sharedDbCB=0;notification:sharedDbCB=0,200,20.036,20260811,146,5,20.0000,19.9427,0.0048,False,398.8534,codespace,
LIN-LAT-TIM-T50-W20-D15-M5-L80,LINEAR,LATENCY,TIME_BASED,50,20,15,5,LOCAL,canary_matrix,2,2026-09-05T14:58:48Z,0.2500,5.568,52.455,0.9006,0.6201,0.0000,order-service:0.4503;inventory-service:0.0000;payment-service:0.0000;notification-service:0.0000,True,,27.335,gateway:orderServiceCB=CLOSED;gateway:inventoryServiceCB=CLOSED;gateway:paymentServiceCB=CLOSED;order:inventoryServiceCB=CLOSED;order:sharedDbCB=CLOSED;inventory:paymentServiceCB=CLOSED;inventory:sharedDbCB=CLOSED;payment:notificationServiceCB=CLOSED;payment:sharedDbCB=CLOSED;notification:sharedDbCB=CLOSED,gateway:orderServiceCB=0;gateway:inventoryServiceCB=0;gateway:paymentServiceCB=0;order:inventoryServiceCB=0;order:sharedDbCB=0;inventory:paymentServiceCB=0;inventory:sharedDbCB=0;payment:notificationServiceCB=0;payment:sharedDbCB=0;notification:sharedDbCB=0,200,20.032,20260811,147,360,80.0000,78.6812,0.0386,False,1573.6247,codespace,
LIN-NON-TIM-T50-W5-D15-M5-L20,LINEAR,NONE,TIME_BASED,50,5,15,5,LOCAL,canary_matrix,3,2026-09-05T15:00:46Z,0.0000,,,0.0000,0.0305,0.0000,order-service:0.0000;inventory-service:0.0000;payment-service:0.0000;notification-service:0.0000,True,,27.907,gateway:orderServiceCB=CLOSED;gateway:inventoryServiceCB=CLOSED;gateway:paymentServiceCB=CLOSED;order:inventoryServiceCB=CLOSED;order:sharedDbCB=CLOSED;inventory:paymentServiceCB=CLOSED;inventory:sharedDbCB=CLOSED;payment:notificationServiceCB=CLOSED;payment:sharedDbCB=CLOSED;notification:sharedDbCB=CLOSED,gateway:orderServiceCB=0;gateway:inventoryServiceCB=0;gateway:paymentServiceCB=0;order:inventoryServiceCB=0;order:sharedDbCB=0;inventory:paymentServiceCB=0;inventory:sharedDbCB=0;payment:notificationServiceCB=0;payment:sharedDbCB=0;notification:sharedDbCB=0,200,20.037,20260811,148,5,20.0000,19.9423,0.0067,False,99.7113,codespace,
LIN-LAT-TIM-T50-W10-D15-M5-L320,LINEAR,LATENCY,TIME_BASED,50,10,15,5,LOCAL,canary_matrix,4,2026-09-05T15:03:06Z,0.2500,13.994,42.351,0.9825,0.7612,0.0000,order-service:0.4878;inventory-service:0.0000;payment-service:0.0000;notification-service:0.0000,True,,29.341,gateway:orderServiceCB=CLOSED;gateway:inventoryServiceCB=CLOSED;gateway:paymentServiceCB=CLOSED;order:inventoryServiceCB=CLOSED;order:sharedDbCB=CLOSED;inventory:paymentServiceCB=CLOSED;inventory:sharedDbCB=CLOSED;payment:notificationServiceCB=CLOSED;payment:sharedDbCB=CLOSED;notification:sharedDbCB=CLOSED,gateway:orderServiceCB=0;gateway:inventoryServiceCB=0;gateway:paymentServiceCB=0;order:inventoryServiceCB=0;order:sharedDbCB=0;inventory:paymentServiceCB=0;inventory:sharedDbCB=0;payment:notificationServiceCB=0;payment:sharedDbCB=0;notification:sharedDbCB=0,200,20.034,20260811,149,1440,320.0000,294.0776,0.2038,False,2940.7763,codespace,
LIN-NON-TIM-T50-W5-D15-M5-L20,LINEAR,NONE,TIME_BASED,50,5,15,5,LOCAL,canary_matrix,7,2026-09-05T15:05:07Z,0.0000,,,0.0000,0.0242,0.0000,order-service:0.0000;inventory-service:0.0000;payment-service:0.0000;notification-service:0.0000,True,,29.710,gateway:orderServiceCB=CLOSED;gateway:inventoryServiceCB=CLOSED;gateway:paymentServiceCB=CLOSED;order:inventoryServiceCB=CLOSED;order:sharedDbCB=CLOSED;inventory:paymentServiceCB=CLOSED;inventory:sharedDbCB=CLOSED;payment:notificationServiceCB=CLOSED;payment:sharedDbCB=CLOSED;notification:sharedDbCB=CLOSED,gateway:orderServiceCB=0;gateway:inventoryServiceCB=0;gateway:paymentServiceCB=0;order:inventoryServiceCB=0;order:sharedDbCB=0;inventory:paymentServiceCB=0;inventory:sharedDbCB=0;payment:notificationServiceCB=0;payment:sharedDbCB=0;notification:sharedDbCB=0,200,20.040,20260811,150,5,20.0000,19.9406,0.0057,False,99.7029,codespace,
LIN-LAT-TIM-T50-W5-D15-M5-L320,LINEAR,LATENCY,TIME_BASED,50,5,15,5,LOCAL,canary_matrix,3,2026-09-05T15:07:09Z,0.2500,5.138,32.977,0.9789,0.6994,0.0000,order-service:0.4884;inventory-service:0.0000;payment-service:0.0000;notification-service:0.0000,True,,29.782,gateway:orderServiceCB=CLOSED;gateway:inventoryServiceCB=CLOSED;gateway:paymentServiceCB=CLOSED;order:inventoryServiceCB=CLOSED;order:sharedDbCB=CLOSED;inventory:paymentServiceCB=CLOSED;inventory:sharedDbCB=CLOSED;payment:notificationServiceCB=CLOSED;payment:sharedDbCB=CLOSED;notification:sharedDbCB=CLOSED,gateway:orderServiceCB=0;gateway:inventoryServiceCB=0;gateway:paymentServiceCB=0;order:inventoryServiceCB=0;order:sharedDbCB=0;inventory:paymentServiceCB=0;inventory:sharedDbCB=0;payment:notificationServiceCB=0;payment:sharedDbCB=0;notification:sharedDbCB=0,200,20.035,20260811,151,1440,320.0000,293.1041,0.1885,False,1465.5203,codespace,
LIN-LAT-CNT-T50-W20-D15-M5-L320,LINEAR,LATENCY,COUNT_BASED,50,20,15,5,LOCAL,canary_matrix,3,2026-09-05T15:08:55Z,0.2500,3.486,16.8,0.0000,0.2278,0.0000,order-service:0.0000;inventory-service:0.0000;payment-service:0.0000;notification-service:0.0000,True,,29.554,gateway:orderServiceCB=CLOSED;gateway:inventoryServiceCB=CLOSED;gateway:paymentServiceCB=CLOSED;order:inventoryServiceCB=CLOSED;order:sharedDbCB=CLOSED;inventory:paymentServiceCB=CLOSED;inventory:sharedDbCB=CLOSED;payment:notificationServiceCB=CLOSED;payment:sharedDbCB=CLOSED;notification:sharedDbCB=CLOSED,gateway:orderServiceCB=0;gateway:inventoryServiceCB=0;gateway:paymentServiceCB=0;order:inventoryServiceCB=0;order:sharedDbCB=0;inventory:paymentServiceCB=0;inventory:sharedDbCB=0;payment:notificationServiceCB=0;payment:sharedDbCB=0;notification:sharedDbCB=0,200,20.044,20260811,152,1440,320.0000,228.4401,0.1713,True,20.0000,codespace,
LIN-NON-TIM-T50-W10-D15-M5-L20,LINEAR,NONE,TIME_BASED,50,10,15,5,LOCAL,canary_matrix,10,2026-09-05T15:10:57Z,0.0000,,,0.0000,0.0292,0.0000,order-service:0.0000;inventory-service:0.0000;payment-service:0.0000;notification-service:0.0000,True,,27.162,gateway:orderServiceCB=CLOSED;gateway:inventoryServiceCB=CLOSED;gateway:paymentServiceCB=CLOSED;order:inventoryServiceCB=CLOSED;order:sharedDbCB=CLOSED;inventory:paymentServiceCB=CLOSED;inventory:sharedDbCB=CLOSED;payment:notificationServiceCB=CLOSED;payment:sharedDbCB=CLOSED;notification:sharedDbCB=CLOSED,gateway:orderServiceCB=0;gateway:inventoryServiceCB=0;gateway:paymentServiceCB=0;order:inventoryServiceCB=0;order:sharedDbCB=0;inventory:paymentServiceCB=0;inventory:sharedDbCB=0;payment:notificationServiceCB=0;payment:sharedDbCB=0;notification:sharedDbCB=0,200,20.036,20260811,153,5,20.0000,19.9420,0.0053,False,199.4203,codespace,
LIN-LAT-CNT-T50-W20-D15-M5-L20,LINEAR,LATENCY,COUNT_BASED,50,20,15,5,LOCAL,canary_matrix,1,2026-09-05T15:12:39Z,0.2500,3.52,16.883,0.0000,0.5086,0.0000,order-service:0.0000;inventory-service:0.0000;payment-service:0.0000;notification-service:0.0000,True,,27.531,gateway:orderServiceCB=CLOSED;gateway:inventoryServiceCB=CLOSED;gateway:paymentServiceCB=CLOSED;order:inventoryServiceCB=CLOSED;order:sharedDbCB=CLOSED;inventory:paymentServiceCB=CLOSED;inventory:sharedDbCB=CLOSED;payment:notificationServiceCB=CLOSED;payment:sharedDbCB=CLOSED;notification:sharedDbCB=CLOSED,gateway:orderServiceCB=0;gateway:inventoryServiceCB=0;gateway:paymentServiceCB=0;order:inventoryServiceCB=0;order:sharedDbCB=0;inventory:paymentServiceCB=0;inventory:sharedDbCB=0;payment:notificationServiceCB=0;payment:sharedDbCB=0;notification:sharedDbCB=0,200,20.041,20260811,154,90,20.0000,19.7307,0.0101,False,20.0000,codespace,
LIN-LAT-TIM-T50-W10-D15-M5-L20,LINEAR,LATENCY,TIME_BASED,50,10,15,5,LOCAL,canary_matrix,4,2026-09-05T15:14:41Z,0.2500,5.326,35.004,0.8414,0.8462,0.0000,order-service:0.4207;inventory-service:0.0000;payment-service:0.0000;notification-service:0.0000,True,,27.379,gateway:orderServiceCB=CLOSED;gateway:inventoryServiceCB=CLOSED;gateway:paymentServiceCB=CLOSED;order:inventoryServiceCB=CLOSED;order:sharedDbCB=CLOSED;inventory:paymentServiceCB=CLOSED;inventory:sharedDbCB=CLOSED;payment:notificationServiceCB=CLOSED;payment:sharedDbCB=CLOSED;notification:sharedDbCB=CLOSED,gateway:orderServiceCB=0;gateway:inventoryServiceCB=0;gateway:paymentServiceCB=0;order:inventoryServiceCB=0;order:sharedDbCB=0;inventory:paymentServiceCB=0;inventory:sharedDbCB=0;payment:notificationServiceCB=0;payment:sharedDbCB=0;notification:sharedDbCB=0,200,20.044,20260811,155,90,20.0000,19.9216,0.0057,False,199.2162,codespace,
LIN-LAT-CNT-T50-W5-D15-M5-L20,LINEAR,LATENCY,COUNT_BASED,50,5,15,5,LOCAL,canary_matrix,2,2026-09-05T15:16:23Z,0.2500,3.299,16.076,0.0000,0.6117,0.0000,order-service:0.0000;inventory-service:0.0000;payment-service:0.0000;notification-service:0.0000,True,,28.813,gateway:orderServiceCB=CLOSED;gateway:inventoryServiceCB=CLOSED;gateway:paymentServiceCB=CLOSED;order:inventoryServiceCB=CLOSED;order:sharedDbCB=CLOSED;inventory:paymentServiceCB=CLOSED;inventory:sharedDbCB=CLOSED;payment:notificationServiceCB=CLOSED;payment:sharedDbCB=CLOSED;notification:sharedDbCB=CLOSED,gateway:orderServiceCB=0;gateway:inventoryServiceCB=0;gateway:paymentServiceCB=0;order:inventoryServiceCB=0;order:sharedDbCB=0;inventory:paymentServiceCB=0;inventory:sharedDbCB=0;payment:notificationServiceCB=0;payment:sharedDbCB=0;notification:sharedDbCB=0,200,20.036,20260811,156,90,20.0000,19.7003,0.0136,False,5.0000,codespace,
LIN-LAT-CNT-T50-W5-D15-M5-L320,LINEAR,LATENCY,COUNT_BASED,50,5,15,5,LOCAL,canary_matrix,4,2026-09-05T15:18:05Z,0.2500,3.307,16.547,0.0000,0.4448,0.0000,order-service:0.0000;inventory-service:0.0000;payment-service:0.0000;notification-service:0.0000,True,,28.936,gateway:orderServiceCB=CLOSED;gateway:inventoryServiceCB=CLOSED;gateway:paymentServiceCB=CLOSED;order:inventoryServiceCB=CLOSED;order:sharedDbCB=CLOSED;inventory:paymentServiceCB=CLOSED;inventory:sharedDbCB=CLOSED;payment:notificationServiceCB=CLOSED;payment:sharedDbCB=CLOSED;notification:sharedDbCB=CLOSED,gateway:orderServiceCB=0;gateway:inventoryServiceCB=0;gateway:paymentServiceCB=0;order:inventoryServiceCB=0;order:sharedDbCB=0;inventory:paymentServiceCB=0;inventory:sharedDbCB=0;payment:notificationServiceCB=0;payment:sharedDbCB=0;notification:sharedDbCB=0,200,20.038,20260811,157,1440,320.0000,223.2986,0.2658,True,5.0000,codespace,
LIN-NON-TIM-T50-W20-D15-M5-L20,LINEAR,NONE,TIME_BASED,50,20,15,5,LOCAL,canary_matrix,10,2026-09-05T15:20:17Z,0.0000,,,0.0000,0.0262,0.0000,order-service:0.0000;inventory-service:0.0000;payment-service:0.0000;notification-service:0.0000,True,,26.972,gateway:orderServiceCB=CLOSED;gateway:inventoryServiceCB=CLOSED;gateway:paymentServiceCB=CLOSED;order:inventoryServiceCB=CLOSED;order:sharedDbCB=CLOSED;inventory:paymentServiceCB=CLOSED;inventory:sharedDbCB=CLOSED;payment:notificationServiceCB=CLOSED;payment:sharedDbCB=CLOSED;notification:sharedDbCB=CLOSED,gateway:orderServiceCB=0;gateway:inventoryServiceCB=0;gateway:paymentServiceCB=0;order:inventoryServiceCB=0;order:sharedDbCB=0;inventory:paymentServiceCB=0;inventory:sharedDbCB=0;payment:notificationServiceCB=0;payment:sharedDbCB=0;notification:sharedDbCB=0,200,20.039,20260811,158,5,20.0000,19.9429,0.0066,False,398.8574,codespace,
LIN-LAT-CNT-T50-W25-D15-M5-L5,LINEAR,LATENCY,COUNT_BASED,50,25,15,5,LOCAL,canary_matrix,2,2026-09-05T15:22:01Z,0.2500,5.605,16.573,0.6267,0.9082,0.0000,order-service:0.2941;inventory-service:0.0000;payment-service:0.0000;notification-service:0.0000,True,,27.362,gateway:orderServiceCB=CLOSED;gateway:inventoryServiceCB=CLOSED;gateway:paymentServiceCB=CLOSED;order:inventoryServiceCB=CLOSED;order:sharedDbCB=CLOSED;inventory:paymentServiceCB=CLOSED;inventory:sharedDbCB=CLOSED;payment:notificationServiceCB=CLOSED;payment:sharedDbCB=CLOSED;notification:sharedDbCB=CLOSED,gateway:orderServiceCB=0;gateway:inventoryServiceCB=0;gateway:paymentServiceCB=0;order:inventoryServiceCB=0;order:sharedDbCB=0;inventory:paymentServiceCB=0;inventory:sharedDbCB=0;payment:notificationServiceCB=0;payment:sharedDbCB=0;notification:sharedDbCB=0,200,20.033,20260811,159,23,5.0000,4.9943,0.0009,False,25.0000,codespace,
LIN-NON-TIM-T50-W20-D15-M5-L80,LINEAR,NONE,TIME_BASED,50,20,15,5,LOCAL,canary_matrix,1,2026-09-05T15:24:15Z,0.0000,,,0.0000,0.0000,0.0000,order-service:0.0000;inventory-service:0.0000;payment-service:0.0000;notification-service:0.0000,True,,28.984,gateway:orderServiceCB=CLOSED;gateway:inventoryServiceCB=CLOSED;gateway:paymentServiceCB=CLOSED;order:inventoryServiceCB=CLOSED;order:sharedDbCB=CLOSED;inventory:paymentServiceCB=CLOSED;inventory:sharedDbCB=CLOSED;payment:notificationServiceCB=CLOSED;payment:sharedDbCB=CLOSED;notification:sharedDbCB=CLOSED,gateway:orderServiceCB=0;gateway:inventoryServiceCB=0;gateway:paymentServiceCB=0;order:inventoryServiceCB=0;order:sharedDbCB=0;inventory:paymentServiceCB=0;inventory:sharedDbCB=0;payment:notificationServiceCB=0;payment:sharedDbCB=0;notification:sharedDbCB=0,200,20.034,20260811,160,5,80.0000,78.8573,0.5847,False,1577.1454,codespace,
LIN-LAT-CNT-T50-W5-D15-M5-L320,LINEAR,LATENCY,COUNT_BASED,50,5,15,5,LOCAL,canary_matrix,2,2026-09-05T15:25:56Z,0.2500,3.312,16.61,0.0000,0.4489,0.0000,order-service:0.0000;inventory-service:0.0000;payment-service:0.0000;notification-service:0.0000,True,,27.009,gateway:orderServiceCB=CLOSED;gateway:inventoryServiceCB=CLOSED;gateway:paymentServiceCB=CLOSED;order:inventoryServiceCB=CLOSED;order:sharedDbCB=CLOSED;inventory:paymentServiceCB=CLOSED;inventory:sharedDbCB=CLOSED;payment:notificationServiceCB=CLOSED;payment:sharedDbCB=CLOSED;notification:sharedDbCB=CLOSED,gateway:orderServiceCB=0;gateway:inventoryServiceCB=0;gateway:paymentServiceCB=0;order:inventoryServiceCB=0;order:sharedDbCB=0;inventory:paymentServiceCB=0;inventory:sharedDbCB=0;payment:notificationServiceCB=0;payment:sharedDbCB=0;notification:sharedDbCB=0,200,20.031,20260811,161,1440,320.0000,226.1928,0.2079,True,5.0000,codespace,
LIN-LAT-CNT-T50-W5-D15-M5-L320,LINEAR,LATENCY,COUNT_BASED,50,5,15,5,LOCAL,canary_matrix,3,2026-09-05T15:27:38Z,0.2500,3.281,16.556,0.0000,0.4398,0.0000,order-service:0.0000;inventory-service:0.0000;payment-service:0.0000;notification-service:0.0000,True,,27.130,gateway:orderServiceCB=CLOSED;gateway:inventoryServiceCB=CLOSED;gateway:paymentServiceCB=CLOSED;order:inventoryServiceCB=CLOSED;order:sharedDbCB=CLOSED;inventory:paymentServiceCB=CLOSED;inventory:sharedDbCB=CLOSED;payment:notificationServiceCB=CLOSED;payment:sharedDbCB=CLOSED;notification:sharedDbCB=CLOSED,gateway:orderServiceCB=0;gateway:inventoryServiceCB=0;gateway:paymentServiceCB=0;order:inventoryServiceCB=0;order:sharedDbCB=0;inventory:paymentServiceCB=0;inventory:sharedDbCB=0;payment:notificationServiceCB=0;payment:sharedDbCB=0;notification:sharedDbCB=0,200,20.036,20260811,162,1440,320.0000,231.1708,0.1667,True,5.0000,codespace,
LIN-NON-CNT-T50-W5-D15-M5-L80,LINEAR,NONE,COUNT_BASED,50,5,15,5,LOCAL,canary_matrix,3,2026-09-05T15:29:07Z,0.0000,,,0.0000,0.0000,0.0000,order-service:0.0000;inventory-service:0.0000;payment-service:0.0000;notification-service:0.0000,True,,29.261,gateway:orderServiceCB=CLOSED;gateway:inventoryServiceCB=CLOSED;gateway:paymentServiceCB=CLOSED;order:inventoryServiceCB=CLOSED;order:sharedDbCB=CLOSED;inventory:paymentServiceCB=CLOSED;inventory:sharedDbCB=CLOSED;payment:notificationServiceCB=CLOSED;payment:sharedDbCB=CLOSED;notification:sharedDbCB=CLOSED,gateway:orderServiceCB=0;gateway:inventoryServiceCB=0;gateway:paymentServiceCB=0;order:inventoryServiceCB=0;order:sharedDbCB=0;inventory:paymentServiceCB=0;inventory:sharedDbCB=0;payment:notificationServiceCB=0;payment:sharedDbCB=0;notification:sharedDbCB=0,200,20.033,20260811,163,5,80.0000,55.0677,0.8474,True,5.0000,codespace,
LIN-LAT-CNT-T50-W20-D15-M5-L320,LINEAR,LATENCY,COUNT_BASED,50,20,15,5,LOCAL,canary_matrix,2,2026-09-05T15:30:48Z,0.2500,3.354,16.871,0.0000,0.2242,0.0000,order-service:0.0000;inventory-service:0.0000;payment-service:0.0000;notification-service:0.0000,True,,27.106,gateway:orderServiceCB=CLOSED;gateway:inventoryServiceCB=CLOSED;gateway:paymentServiceCB=CLOSED;order:inventoryServiceCB=CLOSED;order:sharedDbCB=CLOSED;inventory:paymentServiceCB=CLOSED;inventory:sharedDbCB=CLOSED;payment:notificationServiceCB=CLOSED;payment:sharedDbCB=CLOSED;notification:sharedDbCB=CLOSED,gateway:orderServiceCB=0;gateway:inventoryServiceCB=0;gateway:paymentServiceCB=0;order:inventoryServiceCB=0;order:sharedDbCB=0;inventory:paymentServiceCB=0;inventory:sharedDbCB=0;payment:notificationServiceCB=0;payment:sharedDbCB=0;notification:sharedDbCB=0,200,20.030,20260811,164,1440,320.0000,231.3826,0.1670,True,20.0000,codespace,
LIN-LAT-TIM-T50-W1-D15-M5-L5,LINEAR,LATENCY,TIME_BASED,50,1,15,5,LOCAL,canary_matrix,2,2026-09-05T15:32:49Z,0.2500,4.33,35.054,0.7923,0.9493,0.0000,order-service:0.3962;inventory-service:0.0000;payment-service:0.0000;notification-service:0.0000,True,,26.907,gateway:orderServiceCB=CLOSED;gateway:inventoryServiceCB=CLOSED;gateway:paymentServiceCB=CLOSED;order:inventoryServiceCB=CLOSED;order:sharedDbCB=CLOSED;inventory:paymentServiceCB=CLOSED;inventory:sharedDbCB=CLOSED;payment:notificationServiceCB=CLOSED;payment:sharedDbCB=CLOSED;notification:sharedDbCB=CLOSED,gateway:orderServiceCB=0;gateway:inventoryServiceCB=0;gateway:paymentServiceCB=0;order:inventoryServiceCB=0;order:sharedDbCB=0;inventory:paymentServiceCB=0;inventory:sharedDbCB=0;payment:notificationServiceCB=0;payment:sharedDbCB=0;notification:sharedDbCB=0,200,20.036,20260811,165,23,5.0000,4.9947,0.0011,False,4.9947,codespace,
LIN-NON-CNT-T50-W20-D15-M5-L80,LINEAR,NONE,COUNT_BASED,50,20,15,5,LOCAL,canary_matrix,9,2026-09-05T15:34:17Z,0.0000,,,0.0000,0.0000,0.0000,order-service:0.0000;inventory-service:0.0000;payment-service:0.0000;notification-service:0.0000,True,,27.241,gateway:orderServiceCB=CLOSED;gateway:inventoryServiceCB=CLOSED;gateway:paymentServiceCB=CLOSED;order:inventoryServiceCB=CLOSED;order:sharedDbCB=CLOSED;inventory:paymentServiceCB=CLOSED;inventory:sharedDbCB=CLOSED;payment:notificationServiceCB=CLOSED;payment:sharedDbCB=CLOSED;notification:sharedDbCB=CLOSED,gateway:orderServiceCB=0;gateway:inventoryServiceCB=0;gateway:paymentServiceCB=0;order:inventoryServiceCB=0;order:sharedDbCB=0;inventory:paymentServiceCB=0;inventory:sharedDbCB=0;payment:notificationServiceCB=0;payment:sharedDbCB=0;notification:sharedDbCB=0,200,20.034,20260811,166,5,80.0000,55.2973,0.8586,True,20.0000,codespace,
LIN-NON-TIM-T50-W5-D15-M5-L80,LINEAR,NONE,TIME_BASED,50,5,15,5,LOCAL,canary_matrix,5,2026-09-05T15:36:14Z,0.0000,,,0.0000,0.0000,0.0000,order-service:0.0000;inventory-service:0.0000;payment-service:0.0000;notification-service:0.0000,True,,27.139,gateway:orderServiceCB=CLOSED;gateway:inventoryServiceCB=CLOSED;gateway:paymentServiceCB=CLOSED;order:inventoryServiceCB=CLOSED;order:sharedDbCB=CLOSED;inventory:paymentServiceCB=CLOSED;inventory:sharedDbCB=CLOSED;payment:notificationServiceCB=CLOSED;payment:sharedDbCB=CLOSED;notification:sharedDbCB=CLOSED,gateway:orderServiceCB=0;gateway:inventoryServiceCB=0;gateway:paymentServiceCB=0;order:inventoryServiceCB=0;order:sharedDbCB=0;inventory:paymentServiceCB=0;inventory:sharedDbCB=0;payment:notificationServiceCB=0;payment:sharedDbCB=0;notification:sharedDbCB=0,200,20.035,20260811,167,5,80.0000,78.6705,0.6716,False,393.3524,codespace,
LIN-NON-TIM-T50-W10-D15-M5-L80,LINEAR,NONE,TIME_BASED,50,10,15,5,LOCAL,canary_matrix,3,2026-09-05T15:38:17Z,0.0000,,,0.0000,0.0000,0.0000,order-service:0.0000;inventory-service:0.0000;payment-service:0.0000;notification-service:0.0000,True,,27.178,gateway:orderServiceCB=CLOSED;gateway:inventoryServiceCB=CLOSED;gateway:paymentServiceCB=CLOSED;order:inventoryServiceCB=CLOSED;order:sharedDbCB=CLOSED;inventory:paymentServiceCB=CLOSED;inventory:sharedDbCB=CLOSED;payment:notificationServiceCB=CLOSED;payment:sharedDbCB=CLOSED;notification:sharedDbCB=CLOSED,gateway:orderServiceCB=0;gateway:inventoryServiceCB=0;gateway:paymentServiceCB=0;order:inventoryServiceCB=0;order:sharedDbCB=0;inventory:paymentServiceCB=0;inventory:sharedDbCB=0;payment:notificationServiceCB=0;payment:sharedDbCB=0;notification:sharedDbCB=0,200,20.035,20260811,168,5,80.0000,78.7303,0.5629,False,787.3027,codespace,
LIN-NON-CNT-T50-W20-D15-M5-L20,LINEAR,NONE,COUNT_BASED,50,20,15,5,LOCAL,canary_matrix,10,2026-09-05T15:39:48Z,0.0000,,,0.0000,0.0112,0.0000,order-service:0.0000;inventory-service:0.0000;payment-service:0.0000;notification-service:0.0000,True,,27.971,gateway:orderServiceCB=CLOSED;gateway:inventoryServiceCB=CLOSED;gateway:paymentServiceCB=CLOSED;order:inventoryServiceCB=CLOSED;order:sharedDbCB=CLOSED;inventory:paymentServiceCB=CLOSED;inventory:sharedDbCB=CLOSED;payment:notificationServiceCB=CLOSED;payment:sharedDbCB=CLOSED;notification:sharedDbCB=CLOSED,gateway:orderServiceCB=0;gateway:inventoryServiceCB=0;gateway:paymentServiceCB=0;order:inventoryServiceCB=0;order:sharedDbCB=0;inventory:paymentServiceCB=0;inventory:sharedDbCB=0;payment:notificationServiceCB=0;payment:sharedDbCB=0;notification:sharedDbCB=0,200,20.033,20260811,169,5,20.0000,19.9315,0.0079,False,20.0000,codespace,
LIN-LAT-CNT-T50-W400-D15-M5-L20,LINEAR,LATENCY,COUNT_BASED,50,400,15,5,LOCAL,canary_matrix,1,2026-09-05T15:42:17Z,0.2500,13.108,53.245,0.7750,0.7821,0.0000,order-service:0.3875;inventory-service:0.0000;payment-service:0.0000;notification-service:0.0000,True,,28.768,gateway:orderServiceCB=CLOSED;gateway:inventoryServiceCB=CLOSED;gateway:paymentServiceCB=CLOSED;order:inventoryServiceCB=CLOSED;order:sharedDbCB=CLOSED;inventory:paymentServiceCB=CLOSED;inventory:sharedDbCB=CLOSED;payment:notificationServiceCB=CLOSED;payment:sharedDbCB=CLOSED;notification:sharedDbCB=CLOSED,gateway:orderServiceCB=0;gateway:inventoryServiceCB=0;gateway:paymentServiceCB=0;order:inventoryServiceCB=0;order:sharedDbCB=0;inventory:paymentServiceCB=0;inventory:sharedDbCB=0;payment:notificationServiceCB=0;payment:sharedDbCB=0;notification:sharedDbCB=0,200,20.031,20260811,170,90,20.0000,19.9319,0.0060,False,400.0000,codespace,
LIN-NON-CNT-T50-W5-D15-M5-L80,LINEAR,NONE,COUNT_BASED,50,5,15,5,LOCAL,canary_matrix,7,2026-09-05T15:43:45Z,0.0000,,,0.0000,0.0000,0.0000,order-service:0.0000;inventory-service:0.0000;payment-service:0.0000;notification-service:0.0000,True,,27.741,gateway:orderServiceCB=CLOSED;gateway:inventoryServiceCB=CLOSED;gateway:paymentServiceCB=CLOSED;order:inventoryServiceCB=CLOSED;order:sharedDbCB=CLOSED;inventory:paymentServiceCB=CLOSED;inventory:sharedDbCB=CLOSED;payment:notificationServiceCB=CLOSED;payment:sharedDbCB=CLOSED;notification:sharedDbCB=CLOSED,gateway:orderServiceCB=0;gateway:inventoryServiceCB=0;gateway:paymentServiceCB=0;order:inventoryServiceCB=0;order:sharedDbCB=0;inventory:paymentServiceCB=0;inventory:sharedDbCB=0;payment:notificationServiceCB=0;payment:sharedDbCB=0;notification:sharedDbCB=0,200,20.038,20260811,171,5,80.0000,51.7532,0.6385,True,5.0000,codespace,
LIN-NON-CNT-T50-W10-D15-M5-L20,LINEAR,NONE,COUNT_BASED,50,10,15,5,LOCAL,canary_matrix,4,2026-09-05T15:45:14Z,0.0000,,,0.0000,0.0175,0.0000,order-service:0.0000;inventory-service:0.0000;payment-service:0.0000;notification-service:0.0000,True,,27.190,gateway:orderServiceCB=CLOSED;gateway:inventoryServiceCB=CLOSED;gateway:paymentServiceCB=CLOSED;order:inventoryServiceCB=CLOSED;order:sharedDbCB=CLOSED;inventory:paymentServiceCB=CLOSED;inventory:sharedDbCB=CLOSED;payment:notificationServiceCB=CLOSED;payment:sharedDbCB=CLOSED;notification:sharedDbCB=CLOSED,gateway:orderServiceCB=0;gateway:inventoryServiceCB=0;gateway:paymentServiceCB=0;order:inventoryServiceCB=0;order:sharedDbCB=0;inventory:paymentServiceCB=0;inventory:sharedDbCB=0;payment:notificationServiceCB=0;payment:sharedDbCB=0;notification:sharedDbCB=0,200,20.038,20260811,172,5,20.0000,19.9380,0.0026,False,10.0000,codespace,
LIN-LAT-CNT-T50-W10-D15-M5-L20,LINEAR,LATENCY,COUNT_BASED,50,10,15,5,LOCAL,canary_matrix,4,2026-09-05T15:46:55Z,0.2500,3.29,16.043,0.0000,0.6119,0.0000,order-service:0.0000;inventory-service:0.0000;payment-service:0.0000;notification-service:0.0000,True,,27.190,gateway:orderServiceCB=CLOSED;gateway:inventoryServiceCB=CLOSED;gateway:paymentServiceCB=CLOSED;order:inventoryServiceCB=CLOSED;order:sharedDbCB=CLOSED;inventory:paymentServiceCB=CLOSED;inventory:sharedDbCB=CLOSED;payment:notificationServiceCB=CLOSED;payment:sharedDbCB=CLOSED;notification:sharedDbCB=CLOSED,gateway:orderServiceCB=0;gateway:inventoryServiceCB=0;gateway:paymentServiceCB=0;order:inventoryServiceCB=0;order:sharedDbCB=0;inventory:paymentServiceCB=0;inventory:sharedDbCB=0;payment:notificationServiceCB=0;payment:sharedDbCB=0;notification:sharedDbCB=0,200,20.031,20260811,173,90,20.0000,19.7438,0.0078,False,10.0000,codespace,
LIN-LAT-TIM-T50-W20-D15-M5-L5,LINEAR,LATENCY,TIME_BASED,50,20,15,5,LOCAL,canary_matrix,3,2026-09-05T15:49:06Z,0.2500,14.599,35.597,0.6533,0.9153,0.0000,order-service:0.3267;inventory-service:0.0000;payment-service:0.0000;notification-service:0.0000,True,,26.988,gateway:orderServiceCB=CLOSED;gateway:inventoryServiceCB=CLOSED;gateway:paymentServiceCB=CLOSED;order:inventoryServiceCB=CLOSED;order:sharedDbCB=CLOSED;inventory:paymentServiceCB=CLOSED;inventory:sharedDbCB=CLOSED;payment:notificationServiceCB=CLOSED;payment:sharedDbCB=CLOSED;notification:sharedDbCB=CLOSED,gateway:orderServiceCB=0;gateway:inventoryServiceCB=0;gateway:paymentServiceCB=0;order:inventoryServiceCB=0;order:sharedDbCB=0;inventory:paymentServiceCB=0;inventory:sharedDbCB=0;payment:notificationServiceCB=0;payment:sharedDbCB=0;notification:sharedDbCB=0,200,20.030,20260811,174,23,5.0000,4.9956,0.0013,False,99.9130,codespace,
LIN-LAT-CNT-T50-W50-D15-M5-L5,LINEAR,LATENCY,COUNT_BASED,50,50,15,5,LOCAL,canary_matrix,5,2026-09-05T15:51:00Z,0.2500,7.959,24.154,0.7333,0.9347,0.0000,order-service:0.3095;inventory-service:0.0000;payment-service:0.0000;notification-service:0.0000,True,,27.264,gateway:orderServiceCB=CLOSED;gateway:inventoryServiceCB=CLOSED;gateway:paymentServiceCB=CLOSED;order:inventoryServiceCB=CLOSED;order:sharedDbCB=CLOSED;inventory:paymentServiceCB=CLOSED;inventory:sharedDbCB=CLOSED;payment:notificationServiceCB=CLOSED;payment:sharedDbCB=CLOSED;notification:sharedDbCB=CLOSED,gateway:orderServiceCB=0;gateway:inventoryServiceCB=0;gateway:paymentServiceCB=0;order:inventoryServiceCB=0;order:sharedDbCB=0;inventory:paymentServiceCB=0;inventory:sharedDbCB=0;payment:notificationServiceCB=0;payment:sharedDbCB=0;notification:sharedDbCB=0,200,20.036,20260811,175,23,5.0000,4.9952,0.0007,False,50.0000,codespace,
LIN-NON-CNT-T50-W5-D15-M5-L80,LINEAR,NONE,COUNT_BASED,50,5,15,5,LOCAL,canary_matrix,2,2026-09-05T15:52:27Z,0.0000,,,0.0000,0.0000,0.0000,order-service:0.0000;inventory-service:0.0000;payment-service:0.0000;notification-service:0.0000,True,,26.967,gateway:orderServiceCB=CLOSED;gateway:inventoryServiceCB=CLOSED;gateway:paymentServiceCB=CLOSED;order:inventoryServiceCB=CLOSED;order:sharedDbCB=CLOSED;inventory:paymentServiceCB=CLOSED;inventory:sharedDbCB=CLOSED;payment:notificationServiceCB=CLOSED;payment:sharedDbCB=CLOSED;notification:sharedDbCB=CLOSED,gateway:orderServiceCB=0;gateway:inventoryServiceCB=0;gateway:paymentServiceCB=0;order:inventoryServiceCB=0;order:sharedDbCB=0;inventory:paymentServiceCB=0;inventory:sharedDbCB=0;payment:notificationServiceCB=0;payment:sharedDbCB=0;notification:sharedDbCB=0,200,20.036,20260811,176,5,80.0000,58.1251,0.7953,True,5.0000,codespace,
LIN-LAT-TIM-T50-W10-D15-M5-L5,LINEAR,LATENCY,TIME_BASED,50,10,15,5,LOCAL,canary_matrix,4,2026-09-05T15:54:32Z,0.2500,7.776,35.501,0.7486,0.9386,0.0000,order-service:0.3743;inventory-service:0.0000;payment-service:0.0000;notification-service:0.0000,True,,26.973,gateway:orderServiceCB=CLOSED;gateway:inventoryServiceCB=CLOSED;gateway:paymentServiceCB=CLOSED;order:inventoryServiceCB=CLOSED;order:sharedDbCB=CLOSED;inventory:paymentServiceCB=CLOSED;inventory:sharedDbCB=CLOSED;payment:notificationServiceCB=CLOSED;payment:sharedDbCB=CLOSED;notification:sharedDbCB=CLOSED,gateway:orderServiceCB=0;gateway:inventoryServiceCB=0;gateway:paymentServiceCB=0;order:inventoryServiceCB=0;order:sharedDbCB=0;inventory:paymentServiceCB=0;inventory:sharedDbCB=0;payment:notificationServiceCB=0;payment:sharedDbCB=0;notification:sharedDbCB=0,200,20.031,20260811,177,23,5.0000,4.9955,0.0007,False,49.9554,codespace,
LIN-NON-CNT-T50-W20-D15-M5-L80,LINEAR,NONE,COUNT_BASED,50,20,15,5,LOCAL,canary_matrix,8,2026-09-05T15:56:00Z,0.0000,,,0.0000,0.0000,0.0000,order-service:0.0000;inventory-service:0.0000;payment-service:0.0000;notification-service:0.0000,True,,27.129,gateway:orderServiceCB=CLOSED;gateway:inventoryServiceCB=CLOSED;gateway:paymentServiceCB=CLOSED;order:inventoryServiceCB=CLOSED;order:sharedDbCB=CLOSED;inventory:paymentServiceCB=CLOSED;inventory:sharedDbCB=CLOSED;payment:notificationServiceCB=CLOSED;payment:sharedDbCB=CLOSED;notification:sharedDbCB=CLOSED,gateway:orderServiceCB=0;gateway:inventoryServiceCB=0;gateway:paymentServiceCB=0;order:inventoryServiceCB=0;order:sharedDbCB=0;inventory:paymentServiceCB=0;inventory:sharedDbCB=0;payment:notificationServiceCB=0;payment:sharedDbCB=0;notification:sharedDbCB=0,200,20.033,20260811,178,5,80.0000,53.3114,0.8884,True,20.0000,codespace,
LIN-LAT-CNT-T50-W5-D15-M5-L5,LINEAR,LATENCY,COUNT_BASED,50,5,15,5,LOCAL,canary_matrix,1,2026-09-05T15:57:41Z,0.2500,3.489,16.77,0.5500,0.8880,0.0000,order-service:0.2632;inventory-service:0.0000;payment-service:0.0000;notification-service:0.0000,True,,27.003,gateway:orderServiceCB=CLOSED;gateway:inventoryServiceCB=CLOSED;gateway:paymentServiceCB=CLOSED;order:inventoryServiceCB=CLOSED;order:sharedDbCB=CLOSED;inventory:paymentServiceCB=CLOSED;inventory:sharedDbCB=CLOSED;payment:notificationServiceCB=CLOSED;payment:sharedDbCB=CLOSED;notification:sharedDbCB=CLOSED,gateway:orderServiceCB=0;gateway:inventoryServiceCB=0;gateway:paymentServiceCB=0;order:inventoryServiceCB=0;order:sharedDbCB=0;inventory:paymentServiceCB=0;inventory:sharedDbCB=0;payment:notificationServiceCB=0;payment:sharedDbCB=0;notification:sharedDbCB=0,200,20.032,20260811,179,23,5.0000,4.9926,0.0010,False,5.0000,codespace,
LIN-NON-TIM-T50-W20-D15-M5-L80,LINEAR,NONE,TIME_BASED,50,20,15,5,LOCAL,canary_matrix,8,2026-09-05T15:59:55Z,0.0000,,,0.0000,0.0000,0.0000,order-service:0.0000;inventory-service:0.0000;payment-service:0.0000;notification-service:0.0000,True,,29.010,gateway:orderServiceCB=CLOSED;gateway:inventoryServiceCB=CLOSED;gateway:paymentServiceCB=CLOSED;order:inventoryServiceCB=CLOSED;order:sharedDbCB=CLOSED;inventory:paymentServiceCB=CLOSED;inventory:sharedDbCB=CLOSED;payment:notificationServiceCB=CLOSED;payment:sharedDbCB=CLOSED;notification:sharedDbCB=CLOSED,gateway:orderServiceCB=0;gateway:inventoryServiceCB=0;gateway:paymentServiceCB=0;order:inventoryServiceCB=0;order:sharedDbCB=0;inventory:paymentServiceCB=0;inventory:sharedDbCB=0;payment:notificationServiceCB=0;payment:sharedDbCB=0;notification:sharedDbCB=0,200,20.036,20260811,180,5,80.0000,78.7293,0.5340,False,1574.5863,codespace,
LIN-LAT-CNT-T50-W5-D15-M5-L320,LINEAR,LATENCY,COUNT_BASED,50,5,15,5,LOCAL,canary_matrix,1,2026-09-05T16:01:39Z,0.2500,3.311,16.605,0.0000,0.4468,0.0000,order-service:0.0000;inventory-service:0.0000;payment-service:0.0000;notification-service:0.0000,True,,29.691,gateway:orderServiceCB=CLOSED;gateway:inventoryServiceCB=CLOSED;gateway:paymentServiceCB=CLOSED;order:inventoryServiceCB=CLOSED;order:sharedDbCB=CLOSED;inventory:paymentServiceCB=CLOSED;inventory:sharedDbCB=CLOSED;payment:notificationServiceCB=CLOSED;payment:sharedDbCB=CLOSED;notification:sharedDbCB=CLOSED,gateway:orderServiceCB=0;gateway:inventoryServiceCB=0;gateway:paymentServiceCB=0;order:inventoryServiceCB=0;order:sharedDbCB=0;inventory:paymentServiceCB=0;inventory:sharedDbCB=0;payment:notificationServiceCB=0;payment:sharedDbCB=0;notification:sharedDbCB=0,200,20.037,20260811,181,1440,320.0000,228.0832,0.1794,True,5.0000,codespace,
LIN-LAT-CNT-T50-W400-D15-M5-L20,LINEAR,LATENCY,COUNT_BASED,50,400,15,5,LOCAL,canary_matrix,3,2026-09-05T16:04:06Z,0.2500,13.188,53.154,0.7750,0.7817,0.0000,order-service:0.3875;inventory-service:0.0000;payment-service:0.0000;notification-service:0.0000,True,,27.337,gateway:orderServiceCB=CLOSED;gateway:inventoryServiceCB=CLOSED;gateway:paymentServiceCB=CLOSED;order:inventoryServiceCB=CLOSED;order:sharedDbCB=CLOSED;inventory:paymentServiceCB=CLOSED;inventory:sharedDbCB=CLOSED;payment:notificationServiceCB=CLOSED;payment:sharedDbCB=CLOSED;notification:sharedDbCB=CLOSED,gateway:orderServiceCB=0;gateway:inventoryServiceCB=0;gateway:paymentServiceCB=0;order:inventoryServiceCB=0;order:sharedDbCB=0;inventory:paymentServiceCB=0;inventory:sharedDbCB=0;payment:notificationServiceCB=0;payment:sharedDbCB=0;notification:sharedDbCB=0,200,20.035,20260811,182,90,20.0000,19.9374,0.0042,False,400.0000,codespace,
LIN-NON-CNT-T50-W5-D15-M5-L20,LINEAR,NONE,COUNT_BASED,50,5,15,5,LOCAL,canary_matrix,5,2026-09-05T16:05:36Z,0.0000,,,0.0000,0.0147,0.0000,order-service:0.0000;inventory-service:0.0000;payment-service:0.0000;notification-service:0.0000,True,,28.579,gateway:orderServiceCB=CLOSED;gateway:inventoryServiceCB=CLOSED;gateway:paymentServiceCB=CLOSED;order:inventoryServiceCB=CLOSED;order:sharedDbCB=CLOSED;inventory:paymentServiceCB=CLOSED;inventory:sharedDbCB=CLOSED;payment:notificationServiceCB=CLOSED;payment:sharedDbCB=CLOSED;notification:sharedDbCB=CLOSED,gateway:orderServiceCB=0;gateway:inventoryServiceCB=0;gateway:paymentServiceCB=0;order:inventoryServiceCB=0;order:sharedDbCB=0;inventory:paymentServiceCB=0;inventory:sharedDbCB=0;payment:notificationServiceCB=0;payment:sharedDbCB=0;notification:sharedDbCB=0,200,20.031,20260811,183,5,20.0000,19.9491,0.0009,False,5.0000,codespace,
LIN-LAT-TIM-T50-W4-D15-M5-L5,LINEAR,LATENCY,TIME_BASED,50,4,15,5,LOCAL,canary_matrix,5,2026-09-05T16:07:37Z,0.2500,3.909,35.404,0.8276,0.9578,0.0000,order-service:0.4138;inventory-service:0.0000;payment-service:0.0000;notification-service:0.0000,True,,27.826,gateway:orderServiceCB=CLOSED;gateway:inventoryServiceCB=CLOSED;gateway:paymentServiceCB=CLOSED;order:inventoryServiceCB=CLOSED;order:sharedDbCB=CLOSED;inventory:paymentServiceCB=CLOSED;inventory:sharedDbCB=CLOSED;payment:notificationServiceCB=CLOSED;payment:sharedDbCB=CLOSED;notification:sharedDbCB=CLOSED,gateway:orderServiceCB=0;gateway:inventoryServiceCB=0;gateway:paymentServiceCB=0;order:inventoryServiceCB=0;order:sharedDbCB=0;inventory:paymentServiceCB=0;inventory:sharedDbCB=0;payment:notificationServiceCB=0;payment:sharedDbCB=0;notification:sharedDbCB=0,200,20.033,20260811,184,23,5.0000,4.9953,0.0007,False,19.9810,codespace,
LIN-LAT-CNT-T50-W50-D15-M5-L5,LINEAR,LATENCY,COUNT_BASED,50,50,15,5,LOCAL,canary_matrix,1,2026-09-05T16:09:32Z,0.2500,7.985,24.123,0.7333,0.9344,0.0000,order-service:0.3095;inventory-service:0.0000;payment-service:0.0000;notification-service:0.0000,True,,28.986,gateway:orderServiceCB=CLOSED;gateway:inventoryServiceCB=CLOSED;gateway:paymentServiceCB=CLOSED;order:inventoryServiceCB=CLOSED;order:sharedDbCB=CLOSED;inventory:paymentServiceCB=CLOSED;inventory:sharedDbCB=CLOSED;payment:notificationServiceCB=CLOSED;payment:sharedDbCB=CLOSED;notification:sharedDbCB=CLOSED,gateway:orderServiceCB=0;gateway:inventoryServiceCB=0;gateway:paymentServiceCB=0;order:inventoryServiceCB=0;order:sharedDbCB=0;inventory:paymentServiceCB=0;inventory:sharedDbCB=0;payment:notificationServiceCB=0;payment:sharedDbCB=0;notification:sharedDbCB=0,200,20.032,20260811,185,23,5.0000,4.9954,0.0008,False,50.0000,codespace,
LIN-NON-TIM-T50-W10-D15-M5-L80,LINEAR,NONE,TIME_BASED,50,10,15,5,LOCAL,canary_matrix,10,2026-09-05T16:11:34Z,0.0000,,,0.0000,0.0000,0.0000,order-service:0.0000;inventory-service:0.0000;payment-service:0.0000;notification-service:0.0000,True,,26.888,gateway:orderServiceCB=CLOSED;gateway:inventoryServiceCB=CLOSED;gateway:paymentServiceCB=CLOSED;order:inventoryServiceCB=CLOSED;order:sharedDbCB=CLOSED;inventory:paymentServiceCB=CLOSED;inventory:sharedDbCB=CLOSED;payment:notificationServiceCB=CLOSED;payment:sharedDbCB=CLOSED;notification:sharedDbCB=CLOSED,gateway:orderServiceCB=0;gateway:inventoryServiceCB=0;gateway:paymentServiceCB=0;order:inventoryServiceCB=0;order:sharedDbCB=0;inventory:paymentServiceCB=0;inventory:sharedDbCB=0;payment:notificationServiceCB=0;payment:sharedDbCB=0;notification:sharedDbCB=0,200,20.036,20260811,186,5,80.0000,78.7315,0.5506,False,787.3147,codespace,
LIN-LAT-CNT-T50-W20-D15-M5-L320,LINEAR,LATENCY,COUNT_BASED,50,20,15,5,LOCAL,canary_matrix,4,2026-09-05T16:13:16Z,0.2500,3.37,16.858,0.0000,0.2191,0.0000,order-service:0.0000;inventory-service:0.0000;payment-service:0.0000;notification-service:0.0000,True,,27.039,gateway:orderServiceCB=CLOSED;gateway:inventoryServiceCB=CLOSED;gateway:paymentServiceCB=CLOSED;order:inventoryServiceCB=CLOSED;order:sharedDbCB=CLOSED;inventory:paymentServiceCB=CLOSED;inventory:sharedDbCB=CLOSED;payment:notificationServiceCB=CLOSED;payment:sharedDbCB=CLOSED;notification:sharedDbCB=CLOSED,gateway:orderServiceCB=0;gateway:inventoryServiceCB=0;gateway:paymentServiceCB=0;order:inventoryServiceCB=0;order:sharedDbCB=0;inventory:paymentServiceCB=0;inventory:sharedDbCB=0;payment:notificationServiceCB=0;payment:sharedDbCB=0;notification:sharedDbCB=0,200,20.035,20260811,187,1440,320.0000,230.0522,0.2912,True,20.0000,codespace,
LIN-NON-CNT-T50-W20-D15-M5-L80,LINEAR,NONE,COUNT_BASED,50,20,15,5,LOCAL,canary_matrix,10,2026-09-05T16:14:45Z,0.0000,,,0.0000,0.0000,0.0000,order-service:0.0000;inventory-service:0.0000;payment-service:0.0000;notification-service:0.0000,True,,29.187,gateway:orderServiceCB=CLOSED;gateway:inventoryServiceCB=CLOSED;gateway:paymentServiceCB=CLOSED;order:inventoryServiceCB=CLOSED;order:sharedDbCB=CLOSED;inventory:paymentServiceCB=CLOSED;inventory:sharedDbCB=CLOSED;payment:notificationServiceCB=CLOSED;payment:sharedDbCB=CLOSED;notification:sharedDbCB=CLOSED,gateway:orderServiceCB=0;gateway:inventoryServiceCB=0;gateway:paymentServiceCB=0;order:inventoryServiceCB=0;order:sharedDbCB=0;inventory:paymentServiceCB=0;inventory:sharedDbCB=0;payment:notificationServiceCB=0;payment:sharedDbCB=0;notification:sharedDbCB=0,200,20.039,20260811,188,5,80.0000,58.2756,0.7944,True,20.0000,codespace,
LIN-LAT-TIM-T50-W5-D15-M5-L80,LINEAR,LATENCY,TIME_BASED,50,5,15,5,LOCAL,canary_matrix,2,2026-09-05T16:16:44Z,0.2500,3.636,34.188,0.9071,0.6454,0.0000,order-service:0.4535;inventory-service:0.0000;payment-service:0.0000;notification-service:0.0000,True,,26.966,gateway:orderServiceCB=CLOSED;gateway:inventoryServiceCB=CLOSED;gateway:paymentServiceCB=CLOSED;order:inventoryServiceCB=CLOSED;order:sharedDbCB=CLOSED;inventory:paymentServiceCB=CLOSED;inventory:sharedDbCB=CLOSED;payment:notificationServiceCB=CLOSED;payment:sharedDbCB=CLOSED;notification:sharedDbCB=CLOSED,gateway:orderServiceCB=0;gateway:inventoryServiceCB=0;gateway:paymentServiceCB=0;order:inventoryServiceCB=0;order:sharedDbCB=0;inventory:paymentServiceCB=0;inventory:sharedDbCB=0;payment:notificationServiceCB=0;payment:sharedDbCB=0;notification:sharedDbCB=0,200,20.041,20260811,189,360,80.0000,78.4421,0.0429,False,392.2107,codespace,
LIN-LAT-CNT-T50-W20-D15-M5-L80,LINEAR,LATENCY,COUNT_BASED,50,20,15,5,LOCAL,canary_matrix,2,2026-09-05T16:18:26Z,0.2500,3.392,15.975,0.0000,0.2612,0.0000,order-service:0.0000;inventory-service:0.0000;payment-service:0.0000;notification-service:0.0000,True,,28.016,gateway:orderServiceCB=CLOSED;gateway:inventoryServiceCB=CLOSED;gateway:paymentServiceCB=CLOSED;order:inventoryServiceCB=CLOSED;order:sharedDbCB=CLOSED;inventory:paymentServiceCB=CLOSED;inventory:sharedDbCB=CLOSED;payment:notificationServiceCB=CLOSED;payment:sharedDbCB=CLOSED;notification:sharedDbCB=CLOSED,gateway:orderServiceCB=0;gateway:inventoryServiceCB=0;gateway:paymentServiceCB=0;order:inventoryServiceCB=0;order:sharedDbCB=0;inventory:paymentServiceCB=0;inventory:sharedDbCB=0;payment:notificationServiceCB=0;payment:sharedDbCB=0;notification:sharedDbCB=0,200,20.035,20260811,190,360,80.0000,71.6756,0.0910,False,20.0000,codespace,
LIN-LAT-CNT-T50-W10-D15-M5-L320,LINEAR,LATENCY,COUNT_BASED,50,10,15,5,LOCAL,canary_matrix,3,2026-09-05T16:20:07Z,0.2500,3.225,16.624,0.0000,0.4387,0.0000,order-service:0.0000;inventory-service:0.0000;payment-service:0.0000;notification-service:0.0000,True,,26.913,gateway:orderServiceCB=CLOSED;gateway:inventoryServiceCB=CLOSED;gateway:paymentServiceCB=CLOSED;order:inventoryServiceCB=CLOSED;order:sharedDbCB=CLOSED;inventory:paymentServiceCB=CLOSED;inventory:sharedDbCB=CLOSED;payment:notificationServiceCB=CLOSED;payment:sharedDbCB=CLOSED;notification:sharedDbCB=CLOSED,gateway:orderServiceCB=0;gateway:inventoryServiceCB=0;gateway:paymentServiceCB=0;order:inventoryServiceCB=0;order:sharedDbCB=0;inventory:paymentServiceCB=0;inventory:sharedDbCB=0;payment:notificationServiceCB=0;payment:sharedDbCB=0;notification:sharedDbCB=0,200,20.033,20260811,191,1440,320.0000,240.5405,0.1810,True,10.0000,codespace,
LIN-NON-CNT-T50-W5-D15-M5-L80,LINEAR,NONE,COUNT_BASED,50,5,15,5,LOCAL,canary_matrix,5,2026-09-05T16:21:35Z,0.0000,,,0.0000,0.0000,0.0000,order-service:0.0000;inventory-service:0.0000;payment-service:0.0000;notification-service:0.0000,True,,27.984,gateway:orderServiceCB=CLOSED;gateway:inventoryServiceCB=CLOSED;gateway:paymentServiceCB=CLOSED;order:inventoryServiceCB=CLOSED;order:sharedDbCB=CLOSED;inventory:paymentServiceCB=CLOSED;inventory:sharedDbCB=CLOSED;payment:notificationServiceCB=CLOSED;payment:sharedDbCB=CLOSED;notification:sharedDbCB=CLOSED,gateway:orderServiceCB=0;gateway:inventoryServiceCB=0;gateway:paymentServiceCB=0;order:inventoryServiceCB=0;order:sharedDbCB=0;inventory:paymentServiceCB=0;inventory:sharedDbCB=0;payment:notificationServiceCB=0;payment:sharedDbCB=0;notification:sharedDbCB=0,200,20.038,20260811,192,5,80.0000,63.4278,0.7177,True,5.0000,codespace,
LIN-LAT-CNT-T50-W20-D15-M5-L80,LINEAR,LATENCY,COUNT_BASED,50,20,15,5,LOCAL,canary_matrix,3,2026-09-05T16:23:15Z,0.2500,3.375,15.964,0.0000,0.2461,0.0000,order-service:0.0000;inventory-service:0.0000;payment-service:0.0000;notification-service:0.0000,True,,27.112,gateway:orderServiceCB=CLOSED;gateway:inventoryServiceCB=CLOSED;gateway:paymentServiceCB=CLOSED;order:inventoryServiceCB=CLOSED;order:sharedDbCB=CLOSED;inventory:paymentServiceCB=CLOSED;inventory:sharedDbCB=CLOSED;payment:notificationServiceCB=CLOSED;payment:sharedDbCB=CLOSED;notification:sharedDbCB=CLOSED,gateway:orderServiceCB=0;gateway:inventoryServiceCB=0;gateway:paymentServiceCB=0;order:inventoryServiceCB=0;order:sharedDbCB=0;inventory:paymentServiceCB=0;inventory:sharedDbCB=0;payment:notificationServiceCB=0;payment:sharedDbCB=0;notification:sharedDbCB=0,200,20.032,20260811,193,360,80.0000,72.3231,0.1017,False,20.0000,codespace,
LIN-LAT-CNT-T50-W10-D15-M5-L80,LINEAR,LATENCY,COUNT_BASED,50,10,15,5,LOCAL,canary_matrix,5,2026-09-05T16:24:57Z,0.2500,3.322,16.692,0.0000,0.4613,0.0000,order-service:0.0000;inventory-service:0.0000;payment-service:0.0000;notification-service:0.0000,True,,28.375,gateway:orderServiceCB=CLOSED;gateway:inventoryServiceCB=CLOSED;gateway:paymentServiceCB=CLOSED;order:inventoryServiceCB=CLOSED;order:sharedDbCB=CLOSED;inventory:paymentServiceCB=CLOSED;inventory:sharedDbCB=CLOSED;payment:notificationServiceCB=CLOSED;payment:sharedDbCB=CLOSED;notification:sharedDbCB=CLOSED,gateway:orderServiceCB=0;gateway:inventoryServiceCB=0;gateway:paymentServiceCB=0;order:inventoryServiceCB=0;order:sharedDbCB=0;inventory:paymentServiceCB=0;inventory:sharedDbCB=0;payment:notificationServiceCB=0;payment:sharedDbCB=0;notification:sharedDbCB=0,200,20.035,20260811,194,360,80.0000,72.8386,0.0496,False,10.0000,codespace,
LIN-NON-TIM-T50-W5-D15-M5-L20,LINEAR,NONE,TIME_BASED,50,5,15,5,LOCAL,canary_matrix,1,2026-09-05T16:26:54Z,0.0000,,,0.0000,0.0305,0.0000,order-service:0.0000;inventory-service:0.0000;payment-service:0.0000;notification-service:0.0000,True,,27.658,gateway:orderServiceCB=CLOSED;gateway:inventoryServiceCB=CLOSED;gateway:paymentServiceCB=CLOSED;order:inventoryServiceCB=CLOSED;order:sharedDbCB=CLOSED;inventory:paymentServiceCB=CLOSED;inventory:sharedDbCB=CLOSED;payment:notificationServiceCB=CLOSED;payment:sharedDbCB=CLOSED;notification:sharedDbCB=CLOSED,gateway:orderServiceCB=0;gateway:inventoryServiceCB=0;gateway:paymentServiceCB=0;order:inventoryServiceCB=0;order:sharedDbCB=0;inventory:paymentServiceCB=0;inventory:sharedDbCB=0;payment:notificationServiceCB=0;payment:sharedDbCB=0;notification:sharedDbCB=0,200,20.044,20260811,195,5,20.0000,19.9425,0.0042,False,99.7126,codespace,
LIN-NON-CNT-T50-W5-D15-M5-L80,LINEAR,NONE,COUNT_BASED,50,5,15,5,LOCAL,canary_matrix,6,2026-09-05T16:28:22Z,0.0000,,,0.0000,0.0000,0.0000,order-service:0.0000;inventory-service:0.0000;payment-service:0.0000;notification-service:0.0000,True,,26.514,gateway:orderServiceCB=CLOSED;gateway:inventoryServiceCB=CLOSED;gateway:paymentServiceCB=CLOSED;order:inventoryServiceCB=CLOSED;order:sharedDbCB=CLOSED;inventory:paymentServiceCB=CLOSED;inventory:sharedDbCB=CLOSED;payment:notificationServiceCB=CLOSED;payment:sharedDbCB=CLOSED;notification:sharedDbCB=CLOSED,gateway:orderServiceCB=0;gateway:inventoryServiceCB=0;gateway:paymentServiceCB=0;order:inventoryServiceCB=0;order:sharedDbCB=0;inventory:paymentServiceCB=0;inventory:sharedDbCB=0;payment:notificationServiceCB=0;payment:sharedDbCB=0;notification:sharedDbCB=0,200,20.031,20260811,196,5,80.0000,59.0529,0.9308,True,5.0000,codespace,
LIN-NON-CNT-T50-W5-D15-M5-L20,LINEAR,NONE,COUNT_BASED,50,5,15,5,LOCAL,canary_matrix,4,2026-09-05T16:29:50Z,0.0000,,,0.0000,0.0131,0.0000,order-service:0.0000;inventory-service:0.0000;payment-service:0.0000;notification-service:0.0000,True,,27.118,gateway:orderServiceCB=CLOSED;gateway:inventoryServiceCB=CLOSED;gateway:paymentServiceCB=CLOSED;order:inventoryServiceCB=CLOSED;order:sharedDbCB=CLOSED;inventory:paymentServiceCB=CLOSED;inventory:sharedDbCB=CLOSED;payment:notificationServiceCB=CLOSED;payment:sharedDbCB=CLOSED;notification:sharedDbCB=CLOSED,gateway:orderServiceCB=0;gateway:inventoryServiceCB=0;gateway:paymentServiceCB=0;order:inventoryServiceCB=0;order:sharedDbCB=0;inventory:paymentServiceCB=0;inventory:sharedDbCB=0;payment:notificationServiceCB=0;payment:sharedDbCB=0;notification:sharedDbCB=0,200,20.036,20260811,197,5,20.0000,19.9278,0.0072,False,5.0000,codespace,
LIN-LAT-TIM-T50-W10-D15-M5-L320,LINEAR,LATENCY,TIME_BASED,50,10,15,5,LOCAL,canary_matrix,2,2026-09-05T16:32:09Z,0.2500,10.174,46.265,0.9812,0.7439,0.0000,order-service:0.4882;inventory-service:0.0000;payment-service:0.0000;notification-service:0.0000,True,,27.238,gateway:orderServiceCB=CLOSED;gateway:inventoryServiceCB=CLOSED;gateway:paymentServiceCB=CLOSED;order:inventoryServiceCB=CLOSED;order:sharedDbCB=CLOSED;inventory:paymentServiceCB=CLOSED;inventory:sharedDbCB=CLOSED;payment:notificationServiceCB=CLOSED;payment:sharedDbCB=CLOSED;notification:sharedDbCB=CLOSED,gateway:orderServiceCB=0;gateway:inventoryServiceCB=0;gateway:paymentServiceCB=0;order:inventoryServiceCB=0;order:sharedDbCB=0;inventory:paymentServiceCB=0;inventory:sharedDbCB=0;payment:notificationServiceCB=0;payment:sharedDbCB=0;notification:sharedDbCB=0,200,20.032,20260811,198,1440,320.0000,294.3809,0.1922,False,2943.8091,codespace,
LIN-NON-TIM-T50-W20-D15-M5-L80,LINEAR,NONE,TIME_BASED,50,20,15,5,LOCAL,canary_matrix,4,2026-09-05T16:34:25Z,0.0000,,,0.0000,0.0000,0.0000,order-service:0.0000;inventory-service:0.0000;payment-service:0.0000;notification-service:0.0000,True,,30.008,gateway:orderServiceCB=CLOSED;gateway:inventoryServiceCB=CLOSED;gateway:paymentServiceCB=CLOSED;order:inventoryServiceCB=CLOSED;order:sharedDbCB=CLOSED;inventory:paymentServiceCB=CLOSED;inventory:sharedDbCB=CLOSED;payment:notificationServiceCB=CLOSED;payment:sharedDbCB=CLOSED;notification:sharedDbCB=CLOSED,gateway:orderServiceCB=0;gateway:inventoryServiceCB=0;gateway:paymentServiceCB=0;order:inventoryServiceCB=0;order:sharedDbCB=0;inventory:paymentServiceCB=0;inventory:sharedDbCB=0;payment:notificationServiceCB=0;payment:sharedDbCB=0;notification:sharedDbCB=0,200,20.037,20260811,199,5,80.0000,78.8342,0.4726,False,1576.6842,codespace,
LIN-LAT-TIM-T50-W20-D15-M5-L5,LINEAR,LATENCY,TIME_BASED,50,20,15,5,LOCAL,canary_matrix,4,2026-09-05T16:36:37Z,0.2500,14.635,35.606,0.6533,0.9146,0.0000,order-service:0.3267;inventory-service:0.0000;payment-service:0.0000;notification-service:0.0000,True,,26.905,gateway:orderServiceCB=CLOSED;gateway:inventoryServiceCB=CLOSED;gateway:paymentServiceCB=CLOSED;order:inventoryServiceCB=CLOSED;order:sharedDbCB=CLOSED;inventory:paymentServiceCB=CLOSED;inventory:sharedDbCB=CLOSED;payment:notificationServiceCB=CLOSED;payment:sharedDbCB=CLOSED;notification:sharedDbCB=CLOSED,gateway:orderServiceCB=0;gateway:inventoryServiceCB=0;gateway:paymentServiceCB=0;order:inventoryServiceCB=0;order:sharedDbCB=0;inventory:paymentServiceCB=0;inventory:sharedDbCB=0;payment:notificationServiceCB=0;payment:sharedDbCB=0;notification:sharedDbCB=0,200,20.031,20260811,200,23,5.0000,4.9955,0.0008,False,99.9092,codespace,
LIN-LAT-TIM-T50-W5-D15-M5-L5,LINEAR,LATENCY,TIME_BASED,50,5,15,5,LOCAL,canary_matrix,5,2026-09-05T16:38:38Z,0.2500,3.686,35.606,0.8400,0.9607,0.0000,order-service:0.4200;inventory-service:0.0000;payment-service:0.0000;notification-service:0.0000,True,,27.602,gateway:orderServiceCB=CLOSED;gateway:inventoryServiceCB=CLOSED;gateway:paymentServiceCB=CLOSED;order:inventoryServiceCB=CLOSED;order:sharedDbCB=CLOSED;inventory:paymentServiceCB=CLOSED;inventory:sharedDbCB=CLOSED;payment:notificationServiceCB=CLOSED;payment:sharedDbCB=CLOSED;notification:sharedDbCB=CLOSED,gateway:orderServiceCB=0;gateway:inventoryServiceCB=0;gateway:paymentServiceCB=0;order:inventoryServiceCB=0;order:sharedDbCB=0;inventory:paymentServiceCB=0;inventory:sharedDbCB=0;payment:notificationServiceCB=0;payment:sharedDbCB=0;notification:sharedDbCB=0,200,20.033,20260811,201,23,5.0000,4.9949,0.0013,False,24.9743,codespace,
LIN-NON-CNT-T50-W20-D15-M5-L80,LINEAR,NONE,COUNT_BASED,50,20,15,5,LOCAL,canary_matrix,2,2026-09-05T16:40:06Z,0.0000,,,0.0000,0.0000,0.0000,order-service:0.0000;inventory-service:0.0000;payment-service:0.0000;notification-service:0.0000,True,,27.534,gateway:orderServiceCB=CLOSED;gateway:inventoryServiceCB=CLOSED;gateway:paymentServiceCB=CLOSED;order:inventoryServiceCB=CLOSED;order:sharedDbCB=CLOSED;inventory:paymentServiceCB=CLOSED;inventory:sharedDbCB=CLOSED;payment:notificationServiceCB=CLOSED;payment:sharedDbCB=CLOSED;notification:sharedDbCB=CLOSED,gateway:orderServiceCB=0;gateway:inventoryServiceCB=0;gateway:paymentServiceCB=0;order:inventoryServiceCB=0;order:sharedDbCB=0;inventory:paymentServiceCB=0;inventory:sharedDbCB=0;payment:notificationServiceCB=0;payment:sharedDbCB=0;notification:sharedDbCB=0,200,20.047,20260811,202,5,80.0000,65.7873,1.0403,True,20.0000,codespace,
LIN-LAT-TIM-T50-W1-D15-M5-L20,LINEAR,LATENCY,TIME_BASED,50,1,15,5,LOCAL,canary_matrix,4,2026-09-05T16:42:05Z,0.2500,3.298,35.082,0.8673,0.8714,0.0000,order-service:0.4337;inventory-service:0.0000;payment-service:0.0000;notification-service:0.0000,True,,26.766,gateway:orderServiceCB=CLOSED;gateway:inventoryServiceCB=CLOSED;gateway:paymentServiceCB=CLOSED;order:inventoryServiceCB=CLOSED;order:sharedDbCB=CLOSED;inventory:paymentServiceCB=CLOSED;inventory:sharedDbCB=CLOSED;payment:notificationServiceCB=CLOSED;payment:sharedDbCB=CLOSED;notification:sharedDbCB=CLOSED,gateway:orderServiceCB=0;gateway:inventoryServiceCB=0;gateway:paymentServiceCB=0;order:inventoryServiceCB=0;order:sharedDbCB=0;inventory:paymentServiceCB=0;inventory:sharedDbCB=0;payment:notificationServiceCB=0;payment:sharedDbCB=0;notification:sharedDbCB=0,200,20.035,20260811,203,90,20.0000,19.9198,0.0070,False,19.9198,codespace,
LIN-NON-TIM-T50-W10-D15-M5-L80,LINEAR,NONE,TIME_BASED,50,10,15,5,LOCAL,canary_matrix,6,2026-09-05T16:44:07Z,0.0000,,,0.0000,0.0000,0.0000,order-service:0.0000;inventory-service:0.0000;payment-service:0.0000;notification-service:0.0000,True,,27.181,gateway:orderServiceCB=CLOSED;gateway:inventoryServiceCB=CLOSED;gateway:paymentServiceCB=CLOSED;order:inventoryServiceCB=CLOSED;order:sharedDbCB=CLOSED;inventory:paymentServiceCB=CLOSED;inventory:sharedDbCB=CLOSED;payment:notificationServiceCB=CLOSED;payment:sharedDbCB=CLOSED;notification:sharedDbCB=CLOSED,gateway:orderServiceCB=0;gateway:inventoryServiceCB=0;gateway:paymentServiceCB=0;order:inventoryServiceCB=0;order:sharedDbCB=0;inventory:paymentServiceCB=0;inventory:sharedDbCB=0;payment:notificationServiceCB=0;payment:sharedDbCB=0;notification:sharedDbCB=0,200,20.036,20260811,204,5,80.0000,78.7195,0.6268,False,787.1953,codespace,
LIN-LAT-CNT-T50-W20-D15-M5-L80,LINEAR,LATENCY,COUNT_BASED,50,20,15,5,LOCAL,canary_matrix,5,2026-09-05T16:45:49Z,0.2500,3.261,16.132,0.0000,0.2560,0.0000,order-service:0.0000;inventory-service:0.0000;payment-service:0.0000;notification-service:0.0000,True,,28.625,gateway:orderServiceCB=CLOSED;gateway:inventoryServiceCB=CLOSED;gateway:paymentServiceCB=CLOSED;order:inventoryServiceCB=CLOSED;order:sharedDbCB=CLOSED;inventory:paymentServiceCB=CLOSED;inventory:sharedDbCB=CLOSED;payment:notificationServiceCB=CLOSED;payment:sharedDbCB=CLOSED;notification:sharedDbCB=CLOSED,gateway:orderServiceCB=0;gateway:inventoryServiceCB=0;gateway:paymentServiceCB=0;order:inventoryServiceCB=0;order:sharedDbCB=0;inventory:paymentServiceCB=0;inventory:sharedDbCB=0;payment:notificationServiceCB=0;payment:sharedDbCB=0;notification:sharedDbCB=0,200,20.037,20260811,205,360,80.0000,72.0917,0.0662,False,20.0000,codespace,
LIN-LAT-CNT-T50-W5-D15-M5-L80,LINEAR,LATENCY,COUNT_BASED,50,5,15,5,LOCAL,canary_matrix,3,2026-09-05T16:47:31Z,0.2500,3.139,16.797,0.0000,0.4572,0.0000,order-service:0.0000;inventory-service:0.0000;payment-service:0.0000;notification-service:0.0000,True,,28.400,gateway:orderServiceCB=CLOSED;gateway:inventoryServiceCB=CLOSED;gateway:paymentServiceCB=CLOSED;order:inventoryServiceCB=CLOSED;order:sharedDbCB=CLOSED;inventory:paymentServiceCB=CLOSED;inventory:sharedDbCB=CLOSED;payment:notificationServiceCB=CLOSED;payment:sharedDbCB=CLOSED;notification:sharedDbCB=CLOSED,gateway:orderServiceCB=0;gateway:inventoryServiceCB=0;gateway:paymentServiceCB=0;order:inventoryServiceCB=0;order:sharedDbCB=0;inventory:paymentServiceCB=0;inventory:sharedDbCB=0;payment:notificationServiceCB=0;payment:sharedDbCB=0;notification:sharedDbCB=0,200,20.040,20260811,206,360,80.0000,72.0104,0.0832,False,5.0000,codespace,
LIN-LAT-TIM-T50-W20-D15-M5-L80,LINEAR,LATENCY,TIME_BASED,50,20,15,5,LOCAL,canary_matrix,1,2026-09-05T16:49:51Z,0.2500,5.271,52.759,0.9014,0.6220,0.0000,order-service:0.4507;inventory-service:0.0000;payment-service:0.0000;notification-service:0.0000,True,,28.199,gateway:orderServiceCB=CLOSED;gateway:inventoryServiceCB=CLOSED;gateway:paymentServiceCB=CLOSED;order:inventoryServiceCB=CLOSED;order:sharedDbCB=CLOSED;inventory:paymentServiceCB=CLOSED;inventory:sharedDbCB=CLOSED;payment:notificationServiceCB=CLOSED;payment:sharedDbCB=CLOSED;notification:sharedDbCB=CLOSED,gateway:orderServiceCB=0;gateway:inventoryServiceCB=0;gateway:paymentServiceCB=0;order:inventoryServiceCB=0;order:sharedDbCB=0;inventory:paymentServiceCB=0;inventory:sharedDbCB=0;payment:notificationServiceCB=0;payment:sharedDbCB=0;notification:sharedDbCB=0,200,20.030,20260811,207,360,80.0000,78.6820,0.0388,False,1573.6391,codespace,
LIN-NON-CNT-T50-W10-D15-M5-L20,LINEAR,NONE,COUNT_BASED,50,10,15,5,LOCAL,canary_matrix,10,2026-09-05T16:51:21Z,0.0000,,,0.0000,0.0025,0.0000,order-service:0.0000;inventory-service:0.0000;payment-service:0.0000;notification-service:0.0000,True,,27.972,gateway:orderServiceCB=CLOSED;gateway:inventoryServiceCB=CLOSED;gateway:paymentServiceCB=CLOSED;order:inventoryServiceCB=CLOSED;order:sharedDbCB=CLOSED;inventory:paymentServiceCB=CLOSED;inventory:sharedDbCB=CLOSED;payment:notificationServiceCB=CLOSED;payment:sharedDbCB=CLOSED;notification:sharedDbCB=CLOSED,gateway:orderServiceCB=0;gateway:inventoryServiceCB=0;gateway:paymentServiceCB=0;order:inventoryServiceCB=0;order:sharedDbCB=0;inventory:paymentServiceCB=0;inventory:sharedDbCB=0;payment:notificationServiceCB=0;payment:sharedDbCB=0;notification:sharedDbCB=0,200,20.040,20260811,208,5,20.0000,19.9483,0.0009,False,10.0000,codespace,
LIN-LAT-CNT-T50-W5-D15-M5-L80,LINEAR,LATENCY,COUNT_BASED,50,5,15,5,LOCAL,canary_matrix,4,2026-09-05T16:53:02Z,0.2500,3.325,16.734,0.0000,0.4719,0.0000,order-service:0.0000;inventory-service:0.0000;payment-service:0.0000;notification-service:0.0000,True,,26.971,gateway:orderServiceCB=CLOSED;gateway:inventoryServiceCB=CLOSED;gateway:paymentServiceCB=CLOSED;order:inventoryServiceCB=CLOSED;order:sharedDbCB=CLOSED;inventory:paymentServiceCB=CLOSED;inventory:sharedDbCB=CLOSED;payment:notificationServiceCB=CLOSED;payment:sharedDbCB=CLOSED;notification:sharedDbCB=CLOSED,gateway:orderServiceCB=0;gateway:inventoryServiceCB=0;gateway:paymentServiceCB=0;order:inventoryServiceCB=0;order:sharedDbCB=0;inventory:paymentServiceCB=0;inventory:sharedDbCB=0;payment:notificationServiceCB=0;payment:sharedDbCB=0;notification:sharedDbCB=0,200,20.036,20260811,209,360,80.0000,72.8585,0.0521,False,5.0000,codespace,
LIN-NON-TIM-T50-W10-D15-M5-L20,LINEAR,NONE,TIME_BASED,50,10,15,5,LOCAL,canary_matrix,8,2026-09-05T16:55:06Z,0.0000,,,0.0000,0.0256,0.0000,order-service:0.0000;inventory-service:0.0000;payment-service:0.0000;notification-service:0.0000,True,,28.971,gateway:orderServiceCB=CLOSED;gateway:inventoryServiceCB=CLOSED;gateway:paymentServiceCB=CLOSED;order:inventoryServiceCB=CLOSED;order:sharedDbCB=CLOSED;inventory:paymentServiceCB=CLOSED;inventory:sharedDbCB=CLOSED;payment:notificationServiceCB=CLOSED;payment:sharedDbCB=CLOSED;notification:sharedDbCB=CLOSED,gateway:orderServiceCB=0;gateway:inventoryServiceCB=0;gateway:paymentServiceCB=0;order:inventoryServiceCB=0;order:sharedDbCB=0;inventory:paymentServiceCB=0;inventory:sharedDbCB=0;payment:notificationServiceCB=0;payment:sharedDbCB=0;notification:sharedDbCB=0,200,20.045,20260811,210,5,20.0000,19.9468,0.0036,False,199.4684,codespace,
LIN-LAT-TIM-T50-W20-D15-M5-L80,LINEAR,LATENCY,TIME_BASED,50,20,15,5,LOCAL,canary_matrix,4,2026-09-05T16:57:25Z,0.2500,5.315,52.711,0.9011,0.6217,0.0000,order-service:0.4506;inventory-service:0.0000;payment-service:0.0000;notification-service:0.0000,True,,26.930,gateway:orderServiceCB=CLOSED;gateway:inventoryServiceCB=CLOSED;gateway:paymentServiceCB=CLOSED;order:inventoryServiceCB=CLOSED;order:sharedDbCB=CLOSED;inventory:paymentServiceCB=CLOSED;inventory:sharedDbCB=CLOSED;payment:notificationServiceCB=CLOSED;payment:sharedDbCB=CLOSED;notification:sharedDbCB=CLOSED,gateway:orderServiceCB=0;gateway:inventoryServiceCB=0;gateway:paymentServiceCB=0;order:inventoryServiceCB=0;order:sharedDbCB=0;inventory:paymentServiceCB=0;inventory:sharedDbCB=0;payment:notificationServiceCB=0;payment:sharedDbCB=0;notification:sharedDbCB=0,200,20.032,20260811,211,360,80.0000,78.7405,0.0357,False,1574.8092,codespace,
LIN-NON-CNT-T50-W10-D15-M5-L80,LINEAR,NONE,COUNT_BASED,50,10,15,5,LOCAL,canary_matrix,2,2026-09-05T16:58:54Z,0.0000,,,0.0000,0.0000,0.0000,order-service:0.0000;inventory-service:0.0000;payment-service:0.0000;notification-service:0.0000,True,,28.599,gateway:orderServiceCB=CLOSED;gateway:inventoryServiceCB=CLOSED;gateway:paymentServiceCB=CLOSED;order:inventoryServiceCB=CLOSED;order:sharedDbCB=CLOSED;inventory:paymentServiceCB=CLOSED;inventory:sharedDbCB=CLOSED;payment:notificationServiceCB=CLOSED;payment:sharedDbCB=CLOSED;notification:sharedDbCB=CLOSED,gateway:orderServiceCB=0;gateway:inventoryServiceCB=0;gateway:paymentServiceCB=0;order:inventoryServiceCB=0;order:sharedDbCB=0;inventory:paymentServiceCB=0;inventory:sharedDbCB=0;payment:notificationServiceCB=0;payment:sharedDbCB=0;notification:sharedDbCB=0,200,20.037,20260811,212,5,80.0000,69.5845,0.7075,False,10.0000,codespace,
LIN-NON-CNT-T50-W20-D15-M5-L80,LINEAR,NONE,COUNT_BASED,50,20,15,5,LOCAL,canary_matrix,5,2026-09-05T17:00:23Z,0.0000,,,0.0000,0.0000,0.0000,order-service:0.0000;inventory-service:0.0000;payment-service:0.0000;notification-service:0.0000,True,,27.878,gateway:orderServiceCB=CLOSED;gateway:inventoryServiceCB=CLOSED;gateway:paymentServiceCB=CLOSED;order:inventoryServiceCB=CLOSED;order:sharedDbCB=CLOSED;inventory:paymentServiceCB=CLOSED;inventory:sharedDbCB=CLOSED;payment:notificationServiceCB=CLOSED;payment:sharedDbCB=CLOSED;notification:sharedDbCB=CLOSED,gateway:orderServiceCB=0;gateway:inventoryServiceCB=0;gateway:paymentServiceCB=0;order:inventoryServiceCB=0;order:sharedDbCB=0;inventory:paymentServiceCB=0;inventory:sharedDbCB=0;payment:notificationServiceCB=0;payment:sharedDbCB=0;notification:sharedDbCB=0,200,20.035,20260811,213,5,80.0000,60.4157,0.7467,True,20.0000,codespace,
LIN-LAT-CNT-T50-W400-D15-M5-L80,LINEAR,LATENCY,COUNT_BASED,50,400,15,5,LOCAL,canary_matrix,2,2026-09-05T17:02:06Z,0.2500,6.55,16.124,0.6683,0.0000,0.0000,order-service:0.3176;inventory-service:0.0000;payment-service:0.0000;notification-service:0.0000,True,,26.912,gateway:orderServiceCB=CLOSED;gateway:inventoryServiceCB=CLOSED;gateway:paymentServiceCB=CLOSED;order:inventoryServiceCB=CLOSED;order:sharedDbCB=CLOSED;inventory:paymentServiceCB=CLOSED;inventory:sharedDbCB=CLOSED;payment:notificationServiceCB=CLOSED;payment:sharedDbCB=CLOSED;notification:sharedDbCB=CLOSED,gateway:orderServiceCB=0;gateway:inventoryServiceCB=0;gateway:paymentServiceCB=0;order:inventoryServiceCB=0;order:sharedDbCB=0;inventory:paymentServiceCB=0;inventory:sharedDbCB=0;payment:notificationServiceCB=0;payment:sharedDbCB=0;notification:sharedDbCB=0,200,20.031,20260811,214,360,80.0000,77.3180,0.0620,False,400.0000,codespace,
LIN-LAT-TIM-T50-W20-D15-M5-L80,LINEAR,LATENCY,TIME_BASED,50,20,15,5,LOCAL,canary_matrix,3,2026-09-05T17:04:26Z,0.2500,5.446,52.614,0.9006,0.6199,0.0000,order-service:0.4503;inventory-service:0.0000;payment-service:0.0000;notification-service:0.0000,True,,27.523,gateway:orderServiceCB=CLOSED;gateway:inventoryServiceCB=CLOSED;gateway:paymentServiceCB=CLOSED;order:inventoryServiceCB=CLOSED;order:sharedDbCB=CLOSED;inventory:paymentServiceCB=CLOSED;inventory:sharedDbCB=CLOSED;payment:notificationServiceCB=CLOSED;payment:sharedDbCB=CLOSED;notification:sharedDbCB=CLOSED,gateway:orderServiceCB=0;gateway:inventoryServiceCB=0;gateway:paymentServiceCB=0;order:inventoryServiceCB=0;order:sharedDbCB=0;inventory:paymentServiceCB=0;inventory:sharedDbCB=0;payment:notificationServiceCB=0;payment:sharedDbCB=0;notification:sharedDbCB=0,200,20.039,20260811,215,360,80.0000,78.6661,0.0368,False,1573.3228,codespace,
LIN-NON-TIM-T50-W10-D15-M5-L80,LINEAR,NONE,TIME_BASED,50,10,15,5,LOCAL,canary_matrix,9,2026-09-05T17:06:30Z,0.0000,,,0.0000,0.0000,0.0000,order-service:0.0000;inventory-service:0.0000;payment-service:0.0000;notification-service:0.0000,True,,27.528,gateway:orderServiceCB=CLOSED;gateway:inventoryServiceCB=CLOSED;gateway:paymentServiceCB=CLOSED;order:inventoryServiceCB=CLOSED;order:sharedDbCB=CLOSED;inventory:paymentServiceCB=CLOSED;inventory:sharedDbCB=CLOSED;payment:notificationServiceCB=CLOSED;payment:sharedDbCB=CLOSED;notification:sharedDbCB=CLOSED,gateway:orderServiceCB=0;gateway:inventoryServiceCB=0;gateway:paymentServiceCB=0;order:inventoryServiceCB=0;order:sharedDbCB=0;inventory:paymentServiceCB=0;inventory:sharedDbCB=0;payment:notificationServiceCB=0;payment:sharedDbCB=0;notification:sharedDbCB=0,200,20.033,20260811,216,5,80.0000,78.6744,0.7237,False,786.7440,codespace,
LIN-LAT-TIM-T50-W10-D15-M5-L20,LINEAR,LATENCY,TIME_BASED,50,10,15,5,LOCAL,canary_matrix,5,2026-09-05T17:08:32Z,0.2500,5.476,34.794,0.8414,0.8444,0.0000,order-service:0.4207;inventory-service:0.0000;payment-service:0.0000;notification-service:0.0000,True,,28.155,gateway:orderServiceCB=CLOSED;gateway:inventoryServiceCB=CLOSED;gateway:paymentServiceCB=CLOSED;order:inventoryServiceCB=CLOSED;order:sharedDbCB=CLOSED;inventory:paymentServiceCB=CLOSED;inventory:sharedDbCB=CLOSED;payment:notificationServiceCB=CLOSED;payment:sharedDbCB=CLOSED;notification:sharedDbCB=CLOSED,gateway:orderServiceCB=0;gateway:inventoryServiceCB=0;gateway:paymentServiceCB=0;order:inventoryServiceCB=0;order:sharedDbCB=0;inventory:paymentServiceCB=0;inventory:sharedDbCB=0;payment:notificationServiceCB=0;payment:sharedDbCB=0;notification:sharedDbCB=0,200,20.042,20260811,217,90,20.0000,19.9308,0.0053,False,199.3079,codespace,
LIN-LAT-TIM-T50-W10-D15-M5-L5,LINEAR,LATENCY,TIME_BASED,50,10,15,5,LOCAL,canary_matrix,1,2026-09-05T17:10:36Z,0.2500,7.96,35.291,0.7429,0.9373,0.0000,order-service:0.3714;inventory-service:0.0000;payment-service:0.0000;notification-service:0.0000,True,,27.010,gateway:orderServiceCB=CLOSED;gateway:inventoryServiceCB=CLOSED;gateway:paymentServiceCB=CLOSED;order:inventoryServiceCB=CLOSED;order:sharedDbCB=CLOSED;inventory:paymentServiceCB=CLOSED;inventory:sharedDbCB=CLOSED;payment:notificationServiceCB=CLOSED;payment:sharedDbCB=CLOSED;notification:sharedDbCB=CLOSED,gateway:orderServiceCB=0;gateway:inventoryServiceCB=0;gateway:paymentServiceCB=0;order:inventoryServiceCB=0;order:sharedDbCB=0;inventory:paymentServiceCB=0;inventory:sharedDbCB=0;payment:notificationServiceCB=0;payment:sharedDbCB=0;notification:sharedDbCB=0,200,20.034,20260811,218,23,5.0000,4.9953,0.0009,False,49.9533,codespace,
LIN-NON-TIM-T50-W10-D15-M5-L20,LINEAR,NONE,TIME_BASED,50,10,15,5,LOCAL,canary_matrix,3,2026-09-05T17:12:38Z,0.0000,,,0.0000,0.0217,0.0000,order-service:0.0000;inventory-service:0.0000;payment-service:0.0000;notification-service:0.0000,True,,26.953,gateway:orderServiceCB=CLOSED;gateway:inventoryServiceCB=CLOSED;gateway:paymentServiceCB=CLOSED;order:inventoryServiceCB=CLOSED;order:sharedDbCB=CLOSED;inventory:paymentServiceCB=CLOSED;inventory:sharedDbCB=CLOSED;payment:notificationServiceCB=CLOSED;payment:sharedDbCB=CLOSED;notification:sharedDbCB=CLOSED,gateway:orderServiceCB=0;gateway:inventoryServiceCB=0;gateway:paymentServiceCB=0;order:inventoryServiceCB=0;order:sharedDbCB=0;inventory:paymentServiceCB=0;inventory:sharedDbCB=0;payment:notificationServiceCB=0;payment:sharedDbCB=0;notification:sharedDbCB=0,200,20.034,20260811,219,5,20.0000,19.9480,0.0036,False,199.4804,codespace,
LIN-LAT-CNT-T50-W100-D15-M5-L5,LINEAR,LATENCY,COUNT_BASED,50,100,15,5,LOCAL,canary_matrix,2,2026-09-05T17:15:07Z,0.2500,12.867,54.369,0.7500,0.9385,0.0000,order-service:0.3750;inventory-service:0.0000;payment-service:0.0000;notification-service:0.0000,True,,26.695,gateway:orderServiceCB=CLOSED;gateway:inventoryServiceCB=CLOSED;gateway:paymentServiceCB=CLOSED;order:inventoryServiceCB=CLOSED;order:sharedDbCB=CLOSED;inventory:paymentServiceCB=CLOSED;inventory:sharedDbCB=CLOSED;payment:notificationServiceCB=CLOSED;payment:sharedDbCB=CLOSED;notification:sharedDbCB=CLOSED,gateway:orderServiceCB=0;gateway:inventoryServiceCB=0;gateway:paymentServiceCB=0;order:inventoryServiceCB=0;order:sharedDbCB=0;inventory:paymentServiceCB=0;inventory:sharedDbCB=0;payment:notificationServiceCB=0;payment:sharedDbCB=0;notification:sharedDbCB=0,200,20.033,20260811,220,23,5.0000,4.9956,0.0008,False,100.0000,codespace,
LIN-NON-TIM-T50-W10-D15-M5-L20,LINEAR,NONE,TIME_BASED,50,10,15,5,LOCAL,canary_matrix,7,2026-09-05T17:17:09Z,0.0000,,,0.0000,0.0233,0.0000,order-service:0.0000;inventory-service:0.0000;payment-service:0.0000;notification-service:0.0000,True,,27.101,gateway:orderServiceCB=CLOSED;gateway:inventoryServiceCB=CLOSED;gateway:paymentServiceCB=CLOSED;order:inventoryServiceCB=CLOSED;order:sharedDbCB=CLOSED;inventory:paymentServiceCB=CLOSED;inventory:sharedDbCB=CLOSED;payment:notificationServiceCB=CLOSED;payment:sharedDbCB=CLOSED;notification:sharedDbCB=CLOSED,gateway:orderServiceCB=0;gateway:inventoryServiceCB=0;gateway:paymentServiceCB=0;order:inventoryServiceCB=0;order:sharedDbCB=0;inventory:paymentServiceCB=0;inventory:sharedDbCB=0;payment:notificationServiceCB=0;payment:sharedDbCB=0;notification:sharedDbCB=0,200,20.035,20260811,221,5,20.0000,19.9470,0.0035,False,199.4696,codespace,
LIN-LAT-TIM-T50-W5-D15-M5-L5,LINEAR,LATENCY,TIME_BASED,50,5,15,5,LOCAL,canary_matrix,1,2026-09-05T17:19:11Z,0.2500,3.903,35.394,0.8333,0.9592,0.0000,order-service:0.4167;inventory-service:0.0000;payment-service:0.0000;notification-service:0.0000,True,,28.379,gateway:orderServiceCB=CLOSED;gateway:inventoryServiceCB=CLOSED;gateway:paymentServiceCB=CLOSED;order:inventoryServiceCB=CLOSED;order:sharedDbCB=CLOSED;inventory:paymentServiceCB=CLOSED;inventory:sharedDbCB=CLOSED;payment:notificationServiceCB=CLOSED;payment:sharedDbCB=CLOSED;notification:sharedDbCB=CLOSED,gateway:orderServiceCB=0;gateway:inventoryServiceCB=0;gateway:paymentServiceCB=0;order:inventoryServiceCB=0;order:sharedDbCB=0;inventory:paymentServiceCB=0;inventory:sharedDbCB=0;payment:notificationServiceCB=0;payment:sharedDbCB=0;notification:sharedDbCB=0,200,20.036,20260811,222,23,5.0000,4.9953,0.0007,False,24.9767,codespace,
LIN-LAT-CNT-T50-W800-D15-M5-L80,LINEAR,LATENCY,COUNT_BASED,50,800,15,5,LOCAL,canary_matrix,5,2026-09-05T17:21:06Z,0.2500,6.568,26.111,0.8246,0.3312,0.0000,order-service:0.3616;inventory-service:0.0000;payment-service:0.0000;notification-service:0.0000,True,,29.113,gateway:orderServiceCB=CLOSED;gateway:inventoryServiceCB=CLOSED;gateway:paymentServiceCB=CLOSED;order:inventoryServiceCB=CLOSED;order:sharedDbCB=CLOSED;inventory:paymentServiceCB=CLOSED;inventory:sharedDbCB=CLOSED;payment:notificationServiceCB=CLOSED;payment:sharedDbCB=CLOSED;notification:sharedDbCB=CLOSED,gateway:orderServiceCB=0;gateway:inventoryServiceCB=0;gateway:paymentServiceCB=0;order:inventoryServiceCB=0;order:sharedDbCB=0;inventory:paymentServiceCB=0;inventory:sharedDbCB=0;payment:notificationServiceCB=0;payment:sharedDbCB=0;notification:sharedDbCB=0,200,20.030,20260811,223,360,80.0000,78.4511,0.0385,False,800.0000,codespace,
LIN-NON-TIM-T50-W20-D15-M5-L80,LINEAR,NONE,TIME_BASED,50,20,15,5,LOCAL,canary_matrix,10,2026-09-05T17:23:20Z,0.0000,,,0.0000,0.0000,0.0000,order-service:0.0000;inventory-service:0.0000;payment-service:0.0000;notification-service:0.0000,True,,28.502,gateway:orderServiceCB=CLOSED;gateway:inventoryServiceCB=CLOSED;gateway:paymentServiceCB=CLOSED;order:inventoryServiceCB=CLOSED;order:sharedDbCB=CLOSED;inventory:paymentServiceCB=CLOSED;inventory:sharedDbCB=CLOSED;payment:notificationServiceCB=CLOSED;payment:sharedDbCB=CLOSED;notification:sharedDbCB=CLOSED,gateway:orderServiceCB=0;gateway:inventoryServiceCB=0;gateway:paymentServiceCB=0;order:inventoryServiceCB=0;order:sharedDbCB=0;inventory:paymentServiceCB=0;inventory:sharedDbCB=0;payment:notificationServiceCB=0;payment:sharedDbCB=0;notification:sharedDbCB=0,200,20.043,20260811,224,5,80.0000,78.7871,0.5729,False,1575.7422,codespace,
LIN-LAT-CNT-T50-W20-D15-M5-L80,LINEAR,LATENCY,COUNT_BASED,50,20,15,5,LOCAL,canary_matrix,4,2026-09-05T17:25:02Z,0.2500,3.366,16.064,0.0000,0.2686,0.0000,order-service:0.0000;inventory-service:0.0000;payment-service:0.0000;notification-service:0.0000,True,,27.251,gateway:orderServiceCB=CLOSED;gateway:inventoryServiceCB=CLOSED;gateway:paymentServiceCB=CLOSED;order:inventoryServiceCB=CLOSED;order:sharedDbCB=CLOSED;inventory:paymentServiceCB=CLOSED;inventory:sharedDbCB=CLOSED;payment:notificationServiceCB=CLOSED;payment:sharedDbCB=CLOSED;notification:sharedDbCB=CLOSED,gateway:orderServiceCB=0;gateway:inventoryServiceCB=0;gateway:paymentServiceCB=0;order:inventoryServiceCB=0;order:sharedDbCB=0;inventory:paymentServiceCB=0;inventory:sharedDbCB=0;payment:notificationServiceCB=0;payment:sharedDbCB=0;notification:sharedDbCB=0,200,20.033,20260811,225,360,80.0000,71.7098,0.0747,False,20.0000,codespace,
LIN-LAT-TIM-T50-W10-D15-M5-L320,LINEAR,LATENCY,TIME_BASED,50,10,15,5,LOCAL,canary_matrix,5,2026-09-05T17:27:19Z,0.2500,7.44,48.987,0.9813,0.7468,0.0000,order-service:0.4881;inventory-service:0.0000;payment-service:0.0000;notification-service:0.0000,True,,27.125,gateway:orderServiceCB=CLOSED;gateway:inventoryServiceCB=CLOSED;gateway:paymentServiceCB=CLOSED;order:inventoryServiceCB=CLOSED;order:sharedDbCB=CLOSED;inventory:paymentServiceCB=CLOSED;inventory:sharedDbCB=CLOSED;payment:notificationServiceCB=CLOSED;payment:sharedDbCB=CLOSED;notification:sharedDbCB=CLOSED,gateway:orderServiceCB=0;gateway:inventoryServiceCB=0;gateway:paymentServiceCB=0;order:inventoryServiceCB=0;order:sharedDbCB=0;inventory:paymentServiceCB=0;inventory:sharedDbCB=0;payment:notificationServiceCB=0;payment:sharedDbCB=0;notification:sharedDbCB=0,200,20.035,20260811,226,1440,320.0000,295.8886,0.1708,False,2958.8864,codespace,
LIN-NON-CNT-T50-W10-D15-M5-L80,LINEAR,NONE,COUNT_BASED,50,10,15,5,LOCAL,canary_matrix,5,2026-09-05T17:28:50Z,0.0000,,,0.0000,0.0000,0.0000,order-service:0.0000;inventory-service:0.0000;payment-service:0.0000;notification-service:0.0000,True,,27.066,gateway:orderServiceCB=CLOSED;gateway:inventoryServiceCB=CLOSED;gateway:paymentServiceCB=CLOSED;order:inventoryServiceCB=CLOSED;order:sharedDbCB=CLOSED;inventory:paymentServiceCB=CLOSED;inventory:sharedDbCB=CLOSED;payment:notificationServiceCB=CLOSED;payment:sharedDbCB=CLOSED;notification:sharedDbCB=CLOSED,gateway:orderServiceCB=0;gateway:inventoryServiceCB=0;gateway:paymentServiceCB=0;order:inventoryServiceCB=0;order:sharedDbCB=0;inventory:paymentServiceCB=0;inventory:sharedDbCB=0;payment:notificationServiceCB=0;payment:sharedDbCB=0;notification:sharedDbCB=0,200,20.042,20260811,227,5,80.0000,61.6071,0.6551,True,10.0000,codespace,
LIN-NON-CNT-T50-W20-D15-M5-L20,LINEAR,NONE,COUNT_BASED,50,20,15,5,LOCAL,canary_matrix,7,2026-09-05T17:30:21Z,0.0000,,,0.0000,0.0168,0.0000,order-service:0.0000;inventory-service:0.0000;payment-service:0.0000;notification-service:0.0000,True,,27.852,gateway:orderServiceCB=CLOSED;gateway:inventoryServiceCB=CLOSED;gateway:paymentServiceCB=CLOSED;order:inventoryServiceCB=CLOSED;order:sharedDbCB=CLOSED;inventory:paymentServiceCB=CLOSED;inventory:sharedDbCB=CLOSED;payment:notificationServiceCB=CLOSED;payment:sharedDbCB=CLOSED;notification:sharedDbCB=CLOSED,gateway:orderServiceCB=0;gateway:inventoryServiceCB=0;gateway:paymentServiceCB=0;order:inventoryServiceCB=0;order:sharedDbCB=0;inventory:paymentServiceCB=0;inventory:sharedDbCB=0;payment:notificationServiceCB=0;payment:sharedDbCB=0;notification:sharedDbCB=0,200,20.034,20260811,228,5,20.0000,19.9341,0.0066,False,20.0000,codespace,
LIN-LAT-TIM-T50-W5-D15-M5-L5,LINEAR,LATENCY,TIME_BASED,50,5,15,5,LOCAL,canary_matrix,2,2026-09-05T17:32:21Z,0.2500,4.141,35.152,0.8267,0.9577,0.0000,order-service:0.4133;inventory-service:0.0000;payment-service:0.0000;notification-service:0.0000,True,,27.453,gateway:orderServiceCB=CLOSED;gateway:inventoryServiceCB=CLOSED;gateway:paymentServiceCB=CLOSED;order:inventoryServiceCB=CLOSED;order:sharedDbCB=CLOSED;inventory:paymentServiceCB=CLOSED;inventory:sharedDbCB=CLOSED;payment:notificationServiceCB=CLOSED;payment:sharedDbCB=CLOSED;notification:sharedDbCB=CLOSED,gateway:orderServiceCB=0;gateway:inventoryServiceCB=0;gateway:paymentServiceCB=0;order:inventoryServiceCB=0;order:sharedDbCB=0;inventory:paymentServiceCB=0;inventory:sharedDbCB=0;payment:notificationServiceCB=0;payment:sharedDbCB=0;notification:sharedDbCB=0,200,20.036,20260811,229,23,5.0000,4.9954,0.0007,False,24.9770,codespace,
LIN-LAT-CNT-T50-W10-D15-M5-L80,LINEAR,LATENCY,COUNT_BASED,50,10,15,5,LOCAL,canary_matrix,4,2026-09-05T17:34:02Z,0.2500,3.259,16.771,0.0000,0.4647,0.0000,order-service:0.0000;inventory-service:0.0000;payment-service:0.0000;notification-service:0.0000,True,,26.941,gateway:orderServiceCB=CLOSED;gateway:inventoryServiceCB=CLOSED;gateway:paymentServiceCB=CLOSED;order:inventoryServiceCB=CLOSED;order:sharedDbCB=CLOSED;inventory:paymentServiceCB=CLOSED;inventory:sharedDbCB=CLOSED;payment:notificationServiceCB=CLOSED;payment:sharedDbCB=CLOSED;notification:sharedDbCB=CLOSED,gateway:orderServiceCB=0;gateway:inventoryServiceCB=0;gateway:paymentServiceCB=0;order:inventoryServiceCB=0;order:sharedDbCB=0;inventory:paymentServiceCB=0;inventory:sharedDbCB=0;payment:notificationServiceCB=0;payment:sharedDbCB=0;notification:sharedDbCB=0,200,20.035,20260811,230,360,80.0000,72.7518,0.0528,False,10.0000,codespace,
LIN-NON-TIM-T50-W10-D15-M5-L80,LINEAR,NONE,TIME_BASED,50,10,15,5,LOCAL,canary_matrix,4,2026-09-05T17:36:04Z,0.0000,,,0.0000,0.0000,0.0000,order-service:0.0000;inventory-service:0.0000;payment-service:0.0000;notification-service:0.0000,True,,26.893,gateway:orderServiceCB=CLOSED;gateway:inventoryServiceCB=CLOSED;gateway:paymentServiceCB=CLOSED;order:inventoryServiceCB=CLOSED;order:sharedDbCB=CLOSED;inventory:paymentServiceCB=CLOSED;inventory:sharedDbCB=CLOSED;payment:notificationServiceCB=CLOSED;payment:sharedDbCB=CLOSED;notification:sharedDbCB=CLOSED,gateway:orderServiceCB=0;gateway:inventoryServiceCB=0;gateway:paymentServiceCB=0;order:inventoryServiceCB=0;order:sharedDbCB=0;inventory:paymentServiceCB=0;inventory:sharedDbCB=0;payment:notificationServiceCB=0;payment:sharedDbCB=0;notification:sharedDbCB=0,200,20.037,20260811,231,5,80.0000,78.6549,0.7174,False,786.5494,codespace,
LIN-LAT-CNT-T50-W5-D15-M5-L20,LINEAR,LATENCY,COUNT_BASED,50,5,15,5,LOCAL,canary_matrix,5,2026-09-05T17:37:45Z,0.2500,3.271,16.036,0.0000,0.6065,0.0000,order-service:0.0000;inventory-service:0.0000;payment-service:0.0000;notification-service:0.0000,True,,27.074,gateway:orderServiceCB=CLOSED;gateway:inventoryServiceCB=CLOSED;gateway:paymentServiceCB=CLOSED;order:inventoryServiceCB=CLOSED;order:sharedDbCB=CLOSED;inventory:paymentServiceCB=CLOSED;inventory:sharedDbCB=CLOSED;payment:notificationServiceCB=CLOSED;payment:sharedDbCB=CLOSED;notification:sharedDbCB=CLOSED,gateway:orderServiceCB=0;gateway:inventoryServiceCB=0;gateway:paymentServiceCB=0;order:inventoryServiceCB=0;order:sharedDbCB=0;inventory:paymentServiceCB=0;inventory:sharedDbCB=0;payment:notificationServiceCB=0;payment:sharedDbCB=0;notification:sharedDbCB=0,200,20.034,20260811,232,90,20.0000,19.7687,0.0066,False,5.0000,codespace,
LIN-LAT-CNT-T50-W10-D15-M5-L20,LINEAR,LATENCY,COUNT_BASED,50,10,15,5,LOCAL,canary_matrix,1,2026-09-05T17:39:26Z,0.2500,3.266,16.088,0.0000,0.6086,0.0000,order-service:0.0000;inventory-service:0.0000;payment-service:0.0000;notification-service:0.0000,True,,27.307,gateway:orderServiceCB=CLOSED;gateway:inventoryServiceCB=CLOSED;gateway:paymentServiceCB=CLOSED;order:inventoryServiceCB=CLOSED;order:sharedDbCB=CLOSED;inventory:paymentServiceCB=CLOSED;inventory:sharedDbCB=CLOSED;payment:notificationServiceCB=CLOSED;payment:sharedDbCB=CLOSED;notification:sharedDbCB=CLOSED,gateway:orderServiceCB=0;gateway:inventoryServiceCB=0;gateway:paymentServiceCB=0;order:inventoryServiceCB=0;order:sharedDbCB=0;inventory:paymentServiceCB=0;inventory:sharedDbCB=0;payment:notificationServiceCB=0;payment:sharedDbCB=0;notification:sharedDbCB=0,200,20.035,20260811,233,90,20.0000,19.7769,0.0044,False,10.0000,codespace,
LIN-LAT-TIM-T50-W5-D15-M5-L20,LINEAR,LATENCY,TIME_BASED,50,5,15,5,LOCAL,canary_matrix,2,2026-09-05T17:41:26Z,0.2500,3.516,34.812,0.8767,0.8806,0.0000,order-service:0.4383;inventory-service:0.0000;payment-service:0.0000;notification-service:0.0000,True,,27.585,gateway:orderServiceCB=CLOSED;gateway:inventoryServiceCB=CLOSED;gateway:paymentServiceCB=CLOSED;order:inventoryServiceCB=CLOSED;order:sharedDbCB=CLOSED;inventory:paymentServiceCB=CLOSED;inventory:sharedDbCB=CLOSED;payment:notificationServiceCB=CLOSED;payment:sharedDbCB=CLOSED;notification:sharedDbCB=CLOSED,gateway:orderServiceCB=0;gateway:inventoryServiceCB=0;gateway:paymentServiceCB=0;order:inventoryServiceCB=0;order:sharedDbCB=0;inventory:paymentServiceCB=0;inventory:sharedDbCB=0;payment:notificationServiceCB=0;payment:sharedDbCB=0;notification:sharedDbCB=0,200,20.037,20260811,234,90,20.0000,19.9318,0.0044,False,99.6588,codespace,
LIN-NON-CNT-T50-W20-D15-M5-L20,LINEAR,NONE,COUNT_BASED,50,20,15,5,LOCAL,canary_matrix,2,2026-09-05T17:42:56Z,0.0000,,,0.0000,0.0141,0.0000,order-service:0.0000;inventory-service:0.0000;payment-service:0.0000;notification-service:0.0000,True,,27.354,gateway:orderServiceCB=CLOSED;gateway:inventoryServiceCB=CLOSED;gateway:paymentServiceCB=CLOSED;order:inventoryServiceCB=CLOSED;order:sharedDbCB=CLOSED;inventory:paymentServiceCB=CLOSED;inventory:sharedDbCB=CLOSED;payment:notificationServiceCB=CLOSED;payment:sharedDbCB=CLOSED;notification:sharedDbCB=CLOSED,gateway:orderServiceCB=0;gateway:inventoryServiceCB=0;gateway:paymentServiceCB=0;order:inventoryServiceCB=0;order:sharedDbCB=0;inventory:paymentServiceCB=0;inventory:sharedDbCB=0;payment:notificationServiceCB=0;payment:sharedDbCB=0;notification:sharedDbCB=0,200,20.052,20260811,235,5,20.0000,19.9343,0.0060,False,20.0000,codespace,
LIN-LAT-TIM-T50-W5-D15-M5-L320,LINEAR,LATENCY,TIME_BASED,50,5,15,5,LOCAL,canary_matrix,4,2026-09-05T17:44:57Z,0.2500,5.485,32.364,0.9795,0.6980,0.0000,order-service:0.4888;inventory-service:0.0000;payment-service:0.0000;notification-service:0.0000,True,,28.882,gateway:orderServiceCB=CLOSED;gateway:inventoryServiceCB=CLOSED;gateway:paymentServiceCB=CLOSED;order:inventoryServiceCB=CLOSED;order:sharedDbCB=CLOSED;inventory:paymentServiceCB=CLOSED;inventory:sharedDbCB=CLOSED;payment:notificationServiceCB=CLOSED;payment:sharedDbCB=CLOSED;notification:sharedDbCB=CLOSED,gateway:orderServiceCB=0;gateway:inventoryServiceCB=0;gateway:paymentServiceCB=0;order:inventoryServiceCB=0;order:sharedDbCB=0;inventory:paymentServiceCB=0;inventory:sharedDbCB=0;payment:notificationServiceCB=0;payment:sharedDbCB=0;notification:sharedDbCB=0,200,20.035,20260811,236,1440,320.0000,294.4693,0.1762,False,1472.3467,codespace,
LIN-NON-TIM-T50-W20-D15-M5-L20,LINEAR,NONE,TIME_BASED,50,20,15,5,LOCAL,canary_matrix,1,2026-09-05T17:47:11Z,0.0000,,,0.0000,0.0169,0.0000,order-service:0.0000;inventory-service:0.0000;payment-service:0.0000;notification-service:0.0000,True,,27.663,gateway:orderServiceCB=CLOSED;gateway:inventoryServiceCB=CLOSED;gateway:paymentServiceCB=CLOSED;order:inventoryServiceCB=CLOSED;order:sharedDbCB=CLOSED;inventory:paymentServiceCB=CLOSED;inventory:sharedDbCB=CLOSED;payment:notificationServiceCB=CLOSED;payment:sharedDbCB=CLOSED;notification:sharedDbCB=CLOSED,gateway:orderServiceCB=0;gateway:inventoryServiceCB=0;gateway:paymentServiceCB=0;order:inventoryServiceCB=0;order:sharedDbCB=0;inventory:paymentServiceCB=0;inventory:sharedDbCB=0;payment:notificationServiceCB=0;payment:sharedDbCB=0;notification:sharedDbCB=0,200,20.032,20260811,237,5,20.0000,19.9476,0.0044,False,398.9512,codespace,
LIN-NON-CNT-T50-W10-D15-M5-L80,LINEAR,NONE,COUNT_BASED,50,10,15,5,LOCAL,canary_matrix,10,2026-09-05T17:48:39Z,0.0000,,,0.0000,0.0000,0.0000,order-service:0.0000;inventory-service:0.0000;payment-service:0.0000;notification-service:0.0000,True,,27.924,gateway:orderServiceCB=CLOSED;gateway:inventoryServiceCB=CLOSED;gateway:paymentServiceCB=CLOSED;order:inventoryServiceCB=CLOSED;order:sharedDbCB=CLOSED;inventory:paymentServiceCB=CLOSED;inventory:sharedDbCB=CLOSED;payment:notificationServiceCB=CLOSED;payment:sharedDbCB=CLOSED;notification:sharedDbCB=CLOSED,gateway:orderServiceCB=0;gateway:inventoryServiceCB=0;gateway:paymentServiceCB=0;order:inventoryServiceCB=0;order:sharedDbCB=0;inventory:paymentServiceCB=0;inventory:sharedDbCB=0;payment:notificationServiceCB=0;payment:sharedDbCB=0;notification:sharedDbCB=0,200,20.040,20260811,238,5,80.0000,69.1300,0.8847,False,10.0000,codespace,
LIN-LAT-TIM-T50-W2-D15-M5-L5,LINEAR,LATENCY,TIME_BASED,50,2,15,5,LOCAL,canary_matrix,3,2026-09-05T17:50:39Z,0.2500,3.906,35.431,0.8148,0.9548,0.0000,order-service:0.4074;inventory-service:0.0000;payment-service:0.0000;notification-service:0.0000,True,,26.954,gateway:orderServiceCB=CLOSED;gateway:inventoryServiceCB=CLOSED;gateway:paymentServiceCB=CLOSED;order:inventoryServiceCB=CLOSED;order:sharedDbCB=CLOSED;inventory:paymentServiceCB=CLOSED;inventory:sharedDbCB=CLOSED;payment:notificationServiceCB=CLOSED;payment:sharedDbCB=CLOSED;notification:sharedDbCB=CLOSED,gateway:orderServiceCB=0;gateway:inventoryServiceCB=0;gateway:paymentServiceCB=0;order:inventoryServiceCB=0;order:sharedDbCB=0;inventory:paymentServiceCB=0;inventory:sharedDbCB=0;payment:notificationServiceCB=0;payment:sharedDbCB=0;notification:sharedDbCB=0,200,20.041,20260811,239,23,5.0000,4.9952,0.0006,False,9.9904,codespace,
LIN-NON-TIM-T50-W5-D15-M5-L80,LINEAR,NONE,TIME_BASED,50,5,15,5,LOCAL,canary_matrix,8,2026-09-05T17:52:37Z,0.0000,,,0.0000,0.0000,0.0000,order-service:0.0000;inventory-service:0.0000;payment-service:0.0000;notification-service:0.0000,True,,27.491,gateway:orderServiceCB=CLOSED;gateway:inventoryServiceCB=CLOSED;gateway:paymentServiceCB=CLOSED;order:inventoryServiceCB=CLOSED;order:sharedDbCB=CLOSED;inventory:paymentServiceCB=CLOSED;inventory:sharedDbCB=CLOSED;payment:notificationServiceCB=CLOSED;payment:sharedDbCB=CLOSED;notification:sharedDbCB=CLOSED,gateway:orderServiceCB=0;gateway:inventoryServiceCB=0;gateway:paymentServiceCB=0;order:inventoryServiceCB=0;order:sharedDbCB=0;inventory:paymentServiceCB=0;inventory:sharedDbCB=0;payment:notificationServiceCB=0;payment:sharedDbCB=0;notification:sharedDbCB=0,200,20.036,20260811,240,5,80.0000,78.6573,0.7236,False,393.2867,codespace,
LIN-NON-TIM-T50-W5-D15-M5-L80,LINEAR,NONE,TIME_BASED,50,5,15,5,LOCAL,canary_matrix,6,2026-09-05T17:54:35Z,0.0000,,,0.0000,0.0000,0.0000,order-service:0.0000;inventory-service:0.0000;payment-service:0.0000;notification-service:0.0000,True,,26.926,gateway:orderServiceCB=CLOSED;gateway:inventoryServiceCB=CLOSED;gateway:paymentServiceCB=CLOSED;order:inventoryServiceCB=CLOSED;order:sharedDbCB=CLOSED;inventory:paymentServiceCB=CLOSED;inventory:sharedDbCB=CLOSED;payment:notificationServiceCB=CLOSED;payment:sharedDbCB=CLOSED;notification:sharedDbCB=CLOSED,gateway:orderServiceCB=0;gateway:inventoryServiceCB=0;gateway:paymentServiceCB=0;order:inventoryServiceCB=0;order:sharedDbCB=0;inventory:paymentServiceCB=0;inventory:sharedDbCB=0;payment:notificationServiceCB=0;payment:sharedDbCB=0;notification:sharedDbCB=0,200,20.035,20260811,241,5,80.0000,78.6152,0.7561,False,393.0759,codespace,
LIN-NON-CNT-T50-W5-D15-M5-L80,LINEAR,NONE,COUNT_BASED,50,5,15,5,LOCAL,canary_matrix,4,2026-09-05T17:56:03Z,0.0000,,,0.0000,0.0000,0.0000,order-service:0.0000;inventory-service:0.0000;payment-service:0.0000;notification-service:0.0000,True,,27.245,gateway:orderServiceCB=CLOSED;gateway:inventoryServiceCB=CLOSED;gateway:paymentServiceCB=CLOSED;order:inventoryServiceCB=CLOSED;order:sharedDbCB=CLOSED;inventory:paymentServiceCB=CLOSED;inventory:sharedDbCB=CLOSED;payment:notificationServiceCB=CLOSED;payment:sharedDbCB=CLOSED;notification:sharedDbCB=CLOSED,gateway:orderServiceCB=0;gateway:inventoryServiceCB=0;gateway:paymentServiceCB=0;order:inventoryServiceCB=0;order:sharedDbCB=0;inventory:paymentServiceCB=0;inventory:sharedDbCB=0;payment:notificationServiceCB=0;payment:sharedDbCB=0;notification:sharedDbCB=0,200,20.037,20260811,242,5,80.0000,59.9876,1.0805,True,5.0000,codespace,
LIN-NON-CNT-T50-W10-D15-M5-L80,LINEAR,NONE,COUNT_BASED,50,10,15,5,LOCAL,canary_matrix,1,2026-09-05T17:57:32Z,0.0000,,,0.0000,0.0000,0.0000,order-service:0.0000;inventory-service:0.0000;payment-service:0.0000;notification-service:0.0000,True,,28.887,gateway:orderServiceCB=CLOSED;gateway:inventoryServiceCB=CLOSED;gateway:paymentServiceCB=CLOSED;order:inventoryServiceCB=CLOSED;order:sharedDbCB=CLOSED;inventory:paymentServiceCB=CLOSED;inventory:sharedDbCB=CLOSED;payment:notificationServiceCB=CLOSED;payment:sharedDbCB=CLOSED;notification:sharedDbCB=CLOSED,gateway:orderServiceCB=0;gateway:inventoryServiceCB=0;gateway:paymentServiceCB=0;order:inventoryServiceCB=0;order:sharedDbCB=0;inventory:paymentServiceCB=0;inventory:sharedDbCB=0;payment:notificationServiceCB=0;payment:sharedDbCB=0;notification:sharedDbCB=0,200,20.034,20260811,243,5,80.0000,72.9318,0.6503,False,10.0000,codespace,
LIN-NON-CNT-T50-W10-D15-M5-L20,LINEAR,NONE,COUNT_BASED,50,10,15,5,LOCAL,canary_matrix,5,2026-09-05T17:59:01Z,0.0000,,,0.0000,0.0187,0.0000,order-service:0.0000;inventory-service:0.0000;payment-service:0.0000;notification-service:0.0000,True,,27.874,gateway:orderServiceCB=CLOSED;gateway:inventoryServiceCB=CLOSED;gateway:paymentServiceCB=CLOSED;order:inventoryServiceCB=CLOSED;order:sharedDbCB=CLOSED;inventory:paymentServiceCB=CLOSED;inventory:sharedDbCB=CLOSED;payment:notificationServiceCB=CLOSED;payment:sharedDbCB=CLOSED;notification:sharedDbCB=CLOSED,gateway:orderServiceCB=0;gateway:inventoryServiceCB=0;gateway:paymentServiceCB=0;order:inventoryServiceCB=0;order:sharedDbCB=0;inventory:paymentServiceCB=0;inventory:sharedDbCB=0;payment:notificationServiceCB=0;payment:sharedDbCB=0;notification:sharedDbCB=0,200,20.040,20260811,244,5,20.0000,19.9488,0.0041,False,10.0000,codespace,
LIN-NON-CNT-T50-W20-D15-M5-L80,LINEAR,NONE,COUNT_BASED,50,20,15,5,LOCAL,canary_matrix,6,2026-09-05T18:00:29Z,0.0000,,,0.0000,0.0000,0.0000,order-service:0.0000;inventory-service:0.0000;payment-service:0.0000;notification-service:0.0000,True,,27.089,gateway:orderServiceCB=CLOSED;gateway:inventoryServiceCB=CLOSED;gateway:paymentServiceCB=CLOSED;order:inventoryServiceCB=CLOSED;order:sharedDbCB=CLOSED;inventory:paymentServiceCB=CLOSED;inventory:sharedDbCB=CLOSED;payment:notificationServiceCB=CLOSED;payment:sharedDbCB=CLOSED;notification:sharedDbCB=CLOSED,gateway:orderServiceCB=0;gateway:inventoryServiceCB=0;gateway:paymentServiceCB=0;order:inventoryServiceCB=0;order:sharedDbCB=0;inventory:paymentServiceCB=0;inventory:sharedDbCB=0;payment:notificationServiceCB=0;payment:sharedDbCB=0;notification:sharedDbCB=0,200,20.036,20260811,245,5,80.0000,63.4855,0.9025,True,20.0000,codespace,
LIN-LAT-CNT-T50-W20-D15-M5-L5,LINEAR,LATENCY,COUNT_BASED,50,20,15,5,LOCAL,canary_matrix,3,2026-09-05T18:02:13Z,0.2500,4.965,16.234,0.5833,0.8968,0.0000,order-service:0.2917;inventory-service:0.0000;payment-service:0.0000;notification-service:0.0000,True,,28.573,gateway:orderServiceCB=CLOSED;gateway:inventoryServiceCB=CLOSED;gateway:paymentServiceCB=CLOSED;order:inventoryServiceCB=CLOSED;order:sharedDbCB=CLOSED;inventory:paymentServiceCB=CLOSED;inventory:sharedDbCB=CLOSED;payment:notificationServiceCB=CLOSED;payment:sharedDbCB=CLOSED;notification:sharedDbCB=CLOSED,gateway:orderServiceCB=0;gateway:inventoryServiceCB=0;gateway:paymentServiceCB=0;order:inventoryServiceCB=0;order:sharedDbCB=0;inventory:paymentServiceCB=0;inventory:sharedDbCB=0;payment:notificationServiceCB=0;payment:sharedDbCB=0;notification:sharedDbCB=0,200,20.035,20260811,246,23,5.0000,4.9943,0.0007,False,20.0000,codespace,
LIN-NON-TIM-T50-W5-D15-M5-L80,LINEAR,NONE,TIME_BASED,50,5,15,5,LOCAL,canary_matrix,1,2026-09-05T18:04:10Z,0.0000,,,0.0000,0.0000,0.0000,order-service:0.0000;inventory-service:0.0000;payment-service:0.0000;notification-service:0.0000,True,,27.080,gateway:orderServiceCB=CLOSED;gateway:inventoryServiceCB=CLOSED;gateway:paymentServiceCB=CLOSED;order:inventoryServiceCB=CLOSED;order:sharedDbCB=CLOSED;inventory:paymentServiceCB=CLOSED;inventory:sharedDbCB=CLOSED;payment:notificationServiceCB=CLOSED;payment:sharedDbCB=CLOSED;notification:sharedDbCB=CLOSED,gateway:orderServiceCB=0;gateway:inventoryServiceCB=0;gateway:paymentServiceCB=0;order:inventoryServiceCB=0;order:sharedDbCB=0;inventory:paymentServiceCB=0;inventory:sharedDbCB=0;payment:notificationServiceCB=0;payment:sharedDbCB=0;notification:sharedDbCB=0,200,20.035,20260811,247,5,80.0000,78.6524,0.7768,False,393.2619,codespace,
LIN-NON-CNT-T50-W10-D15-M5-L20,LINEAR,NONE,COUNT_BASED,50,10,15,5,LOCAL,canary_matrix,8,2026-09-05T18:05:41Z,0.0000,,,0.0000,0.0142,0.0000,order-service:0.0000;inventory-service:0.0000;payment-service:0.0000;notification-service:0.0000,True,,27.278,gateway:orderServiceCB=CLOSED;gateway:inventoryServiceCB=CLOSED;gateway:paymentServiceCB=CLOSED;order:inventoryServiceCB=CLOSED;order:sharedDbCB=CLOSED;inventory:paymentServiceCB=CLOSED;inventory:sharedDbCB=CLOSED;payment:notificationServiceCB=CLOSED;payment:sharedDbCB=CLOSED;notification:sharedDbCB=CLOSED,gateway:orderServiceCB=0;gateway:inventoryServiceCB=0;gateway:paymentServiceCB=0;order:inventoryServiceCB=0;order:sharedDbCB=0;inventory:paymentServiceCB=0;inventory:sharedDbCB=0;payment:notificationServiceCB=0;payment:sharedDbCB=0;notification:sharedDbCB=0,200,20.043,20260811,248,5,20.0000,19.9491,0.0015,False,10.0000,codespace,
LIN-LAT-CNT-T50-W25-D15-M5-L5,LINEAR,LATENCY,COUNT_BASED,50,25,15,5,LOCAL,canary_matrix,3,2026-09-05T18:07:24Z,0.2500,5.597,16.603,0.6267,0.9080,0.0000,order-service:0.2941;inventory-service:0.0000;payment-service:0.0000;notification-service:0.0000,True,,27.260,gateway:orderServiceCB=CLOSED;gateway:inventoryServiceCB=CLOSED;gateway:paymentServiceCB=CLOSED;order:inventoryServiceCB=CLOSED;order:sharedDbCB=CLOSED;inventory:paymentServiceCB=CLOSED;inventory:sharedDbCB=CLOSED;payment:notificationServiceCB=CLOSED;payment:sharedDbCB=CLOSED;notification:sharedDbCB=CLOSED,gateway:orderServiceCB=0;gateway:inventoryServiceCB=0;gateway:paymentServiceCB=0;order:inventoryServiceCB=0;order:sharedDbCB=0;inventory:paymentServiceCB=0;inventory:sharedDbCB=0;payment:notificationServiceCB=0;payment:sharedDbCB=0;notification:sharedDbCB=0,200,20.035,20260811,249,23,5.0000,4.9937,0.0017,False,25.0000,codespace,
LIN-LAT-CNT-T50-W5-D15-M5-L5,LINEAR,LATENCY,COUNT_BASED,50,5,15,5,LOCAL,canary_matrix,4,2026-09-05T18:09:06Z,0.2500,3.475,16.767,0.5500,0.8870,0.0000,order-service:0.2632;inventory-service:0.0000;payment-service:0.0000;notification-service:0.0000,True,,27.068,gateway:orderServiceCB=CLOSED;gateway:inventoryServiceCB=CLOSED;gateway:paymentServiceCB=CLOSED;order:inventoryServiceCB=CLOSED;order:sharedDbCB=CLOSED;inventory:paymentServiceCB=CLOSED;inventory:sharedDbCB=CLOSED;payment:notificationServiceCB=CLOSED;payment:sharedDbCB=CLOSED;notification:sharedDbCB=CLOSED,gateway:orderServiceCB=0;gateway:inventoryServiceCB=0;gateway:paymentServiceCB=0;order:inventoryServiceCB=0;order:sharedDbCB=0;inventory:paymentServiceCB=0;inventory:sharedDbCB=0;payment:notificationServiceCB=0;payment:sharedDbCB=0;notification:sharedDbCB=0,200,20.030,20260811,250,23,5.0000,4.9919,0.0014,False,5.0000,codespace,
LIN-NON-CNT-T50-W5-D15-M5-L20,LINEAR,NONE,COUNT_BASED,50,5,15,5,LOCAL,canary_matrix,8,2026-09-05T18:10:35Z,0.0000,,,0.0000,0.0128,0.0000,order-service:0.0000;inventory-service:0.0000;payment-service:0.0000;notification-service:0.0000,True,,26.914,gateway:orderServiceCB=CLOSED;gateway:inventoryServiceCB=CLOSED;gateway:paymentServiceCB=CLOSED;order:inventoryServiceCB=CLOSED;order:sharedDbCB=CLOSED;inventory:paymentServiceCB=CLOSED;inventory:sharedDbCB=CLOSED;payment:notificationServiceCB=CLOSED;payment:sharedDbCB=CLOSED;notification:sharedDbCB=CLOSED,gateway:orderServiceCB=0;gateway:inventoryServiceCB=0;gateway:paymentServiceCB=0;order:inventoryServiceCB=0;order:sharedDbCB=0;inventory:paymentServiceCB=0;inventory:sharedDbCB=0;payment:notificationServiceCB=0;payment:sharedDbCB=0;notification:sharedDbCB=0,200,20.040,20260811,251,5,20.0000,19.9236,0.0087,False,5.0000,codespace,
LIN-NON-CNT-T50-W5-D15-M5-L20,LINEAR,NONE,COUNT_BASED,50,5,15,5,LOCAL,canary_matrix,3,2026-09-05T18:12:04Z,0.0000,,,0.0000,0.0121,0.0000,order-service:0.0000;inventory-service:0.0000;payment-service:0.0000;notification-service:0.0000,True,,27.268,gateway:orderServiceCB=CLOSED;gateway:inventoryServiceCB=CLOSED;gateway:paymentServiceCB=CLOSED;order:inventoryServiceCB=CLOSED;order:sharedDbCB=CLOSED;inventory:paymentServiceCB=CLOSED;inventory:sharedDbCB=CLOSED;payment:notificationServiceCB=CLOSED;payment:sharedDbCB=CLOSED;notification:sharedDbCB=CLOSED,gateway:orderServiceCB=0;gateway:inventoryServiceCB=0;gateway:paymentServiceCB=0;order:inventoryServiceCB=0;order:sharedDbCB=0;inventory:paymentServiceCB=0;inventory:sharedDbCB=0;payment:notificationServiceCB=0;payment:sharedDbCB=0;notification:sharedDbCB=0,200,20.038,20260811,252,5,20.0000,19.9306,0.0077,False,5.0000,codespace,
LIN-NON-CNT-T50-W10-D15-M5-L80,LINEAR,NONE,COUNT_BASED,50,10,15,5,LOCAL,canary_matrix,8,2026-09-05T18:13:32Z,0.0000,,,0.0000,0.0000,0.0000,order-service:0.0000;inventory-service:0.0000;payment-service:0.0000;notification-service:0.0000,True,,27.194,gateway:orderServiceCB=CLOSED;gateway:inventoryServiceCB=CLOSED;gateway:paymentServiceCB=CLOSED;order:inventoryServiceCB=CLOSED;order:sharedDbCB=CLOSED;inventory:paymentServiceCB=CLOSED;inventory:sharedDbCB=CLOSED;payment:notificationServiceCB=CLOSED;payment:sharedDbCB=CLOSED;notification:sharedDbCB=CLOSED,gateway:orderServiceCB=0;gateway:inventoryServiceCB=0;gateway:paymentServiceCB=0;order:inventoryServiceCB=0;order:sharedDbCB=0;inventory:paymentServiceCB=0;inventory:sharedDbCB=0;payment:notificationServiceCB=0;payment:sharedDbCB=0;notification:sharedDbCB=0,200,20.040,20260811,253,5,80.0000,54.5884,0.8900,True,10.0000,codespace,
LIN-LAT-TIM-T50-W5-D15-M5-L5,LINEAR,LATENCY,TIME_BASED,50,5,15,5,LOCAL,canary_matrix,3,2026-09-05T18:15:33Z,0.2500,4.119,35.196,0.8267,0.9577,0.0000,order-service:0.4133;inventory-service:0.0000;payment-service:0.0000;notification-service:0.0000,True,,27.893,gateway:orderServiceCB=CLOSED;gateway:inventoryServiceCB=CLOSED;gateway:paymentServiceCB=CLOSED;order:inventoryServiceCB=CLOSED;order:sharedDbCB=CLOSED;inventory:paymentServiceCB=CLOSED;inventory:sharedDbCB=CLOSED;payment:notificationServiceCB=CLOSED;payment:sharedDbCB=CLOSED;notification:sharedDbCB=CLOSED,gateway:orderServiceCB=0;gateway:inventoryServiceCB=0;gateway:paymentServiceCB=0;order:inventoryServiceCB=0;order:sharedDbCB=0;inventory:paymentServiceCB=0;inventory:sharedDbCB=0;payment:notificationServiceCB=0;payment:sharedDbCB=0;notification:sharedDbCB=0,200,20.043,20260811,254,23,5.0000,4.9953,0.0006,False,24.9763,codespace,
LIN-NON-CNT-T50-W20-D15-M5-L80,LINEAR,NONE,COUNT_BASED,50,20,15,5,LOCAL,canary_matrix,3,2026-09-05T18:17:02Z,0.0000,,,0.0000,0.0000,0.0000,order-service:0.0000;inventory-service:0.0000;payment-service:0.0000;notification-service:0.0000,True,,28.609,gateway:orderServiceCB=CLOSED;gateway:inventoryServiceCB=CLOSED;gateway:paymentServiceCB=CLOSED;order:inventoryServiceCB=CLOSED;order:sharedDbCB=CLOSED;inventory:paymentServiceCB=CLOSED;inventory:sharedDbCB=CLOSED;payment:notificationServiceCB=CLOSED;payment:sharedDbCB=CLOSED;notification:sharedDbCB=CLOSED,gateway:orderServiceCB=0;gateway:inventoryServiceCB=0;gateway:paymentServiceCB=0;order:inventoryServiceCB=0;order:sharedDbCB=0;inventory:paymentServiceCB=0;inventory:sharedDbCB=0;payment:notificationServiceCB=0;payment:sharedDbCB=0;notification:sharedDbCB=0,200,20.036,20260811,255,5,80.0000,61.8057,0.9275,True,20.0000,codespace,
LIN-LAT-TIM-T50-W1-D15-M5-L5,LINEAR,LATENCY,TIME_BASED,50,1,15,5,LOCAL,canary_matrix,5,2026-09-05T18:19:04Z,0.2500,4.539,35.872,0.7846,0.9473,0.0000,order-service:0.3923;inventory-service:0.0000;payment-service:0.0000;notification-service:0.0000,True,,27.011,gateway:orderServiceCB=CLOSED;gateway:inventoryServiceCB=CLOSED;gateway:paymentServiceCB=CLOSED;order:inventoryServiceCB=CLOSED;order:sharedDbCB=CLOSED;inventory:paymentServiceCB=CLOSED;inventory:sharedDbCB=CLOSED;payment:notificationServiceCB=CLOSED;payment:sharedDbCB=CLOSED;notification:sharedDbCB=CLOSED,gateway:orderServiceCB=0;gateway:inventoryServiceCB=0;gateway:paymentServiceCB=0;order:inventoryServiceCB=0;order:sharedDbCB=0;inventory:paymentServiceCB=0;inventory:sharedDbCB=0;payment:notificationServiceCB=0;payment:sharedDbCB=0;notification:sharedDbCB=0,200,20.042,20260811,256,23,5.0000,4.9949,0.0009,False,4.9949,codespace,
LIN-NON-CNT-T50-W10-D15-M5-L20,LINEAR,NONE,COUNT_BASED,50,10,15,5,LOCAL,canary_matrix,2,2026-09-05T18:20:33Z,0.0000,,,0.0000,0.0147,0.0000,order-service:0.0000;inventory-service:0.0000;payment-service:0.0000;notification-service:0.0000,True,,27.127,gateway:orderServiceCB=CLOSED;gateway:inventoryServiceCB=CLOSED;gateway:paymentServiceCB=CLOSED;order:inventoryServiceCB=CLOSED;order:sharedDbCB=CLOSED;inventory:paymentServiceCB=CLOSED;inventory:sharedDbCB=CLOSED;payment:notificationServiceCB=CLOSED;payment:sharedDbCB=CLOSED;notification:sharedDbCB=CLOSED,gateway:orderServiceCB=0;gateway:inventoryServiceCB=0;gateway:paymentServiceCB=0;order:inventoryServiceCB=0;order:sharedDbCB=0;inventory:paymentServiceCB=0;inventory:sharedDbCB=0;payment:notificationServiceCB=0;payment:sharedDbCB=0;notification:sharedDbCB=0,200,20.034,20260811,257,5,20.0000,19.9260,0.0050,False,10.0000,codespace,
LIN-NON-TIM-T50-W10-D15-M5-L80,LINEAR,NONE,TIME_BASED,50,10,15,5,LOCAL,canary_matrix,8,2026-09-05T18:22:35Z,0.0000,,,0.0000,0.0000,0.0000,order-service:0.0000;inventory-service:0.0000;payment-service:0.0000;notification-service:0.0000,True,,27.211,gateway:orderServiceCB=CLOSED;gateway:inventoryServiceCB=CLOSED;gateway:paymentServiceCB=CLOSED;order:inventoryServiceCB=CLOSED;order:sharedDbCB=CLOSED;inventory:paymentServiceCB=CLOSED;inventory:sharedDbCB=CLOSED;payment:notificationServiceCB=CLOSED;payment:sharedDbCB=CLOSED;notification:sharedDbCB=CLOSED,gateway:orderServiceCB=0;gateway:inventoryServiceCB=0;gateway:paymentServiceCB=0;order:inventoryServiceCB=0;order:sharedDbCB=0;inventory:paymentServiceCB=0;inventory:sharedDbCB=0;payment:notificationServiceCB=0;payment:sharedDbCB=0;notification:sharedDbCB=0,200,20.037,20260811,258,5,80.0000,78.7107,0.6875,False,787.1072,codespace,
LIN-LAT-CNT-T50-W20-D15-M5-L320,LINEAR,LATENCY,COUNT_BASED,50,20,15,5,LOCAL,canary_matrix,5,2026-09-05T18:24:18Z,0.2500,3.356,16.872,0.0000,0.2188,0.0000,order-service:0.0000;inventory-service:0.0000;payment-service:0.0000;notification-service:0.0000,True,,27.911,gateway:orderServiceCB=CLOSED;gateway:inventoryServiceCB=CLOSED;gateway:paymentServiceCB=CLOSED;order:inventoryServiceCB=CLOSED;order:sharedDbCB=CLOSED;inventory:paymentServiceCB=CLOSED;inventory:sharedDbCB=CLOSED;payment:notificationServiceCB=CLOSED;payment:sharedDbCB=CLOSED;notification:sharedDbCB=CLOSED,gateway:orderServiceCB=0;gateway:inventoryServiceCB=0;gateway:paymentServiceCB=0;order:inventoryServiceCB=0;order:sharedDbCB=0;inventory:paymentServiceCB=0;inventory:sharedDbCB=0;payment:notificationServiceCB=0;payment:sharedDbCB=0;notification:sharedDbCB=0,200,20.043,20260811,259,1440,320.0000,238.2033,0.1473,True,20.0000,codespace,
LIN-LAT-CNT-T50-W20-D15-M5-L20,LINEAR,LATENCY,COUNT_BASED,50,20,15,5,LOCAL,canary_matrix,5,2026-09-05T18:25:59Z,0.2500,3.511,16.918,0.0000,0.5165,0.0000,order-service:0.0000;inventory-service:0.0000;payment-service:0.0000;notification-service:0.0000,True,,27.030,gateway:orderServiceCB=CLOSED;gateway:inventoryServiceCB=CLOSED;gateway:paymentServiceCB=CLOSED;order:inventoryServiceCB=CLOSED;order:sharedDbCB=CLOSED;inventory:paymentServiceCB=CLOSED;inventory:sharedDbCB=CLOSED;payment:notificationServiceCB=CLOSED;payment:sharedDbCB=CLOSED;notification:sharedDbCB=CLOSED,gateway:orderServiceCB=0;gateway:inventoryServiceCB=0;gateway:paymentServiceCB=0;order:inventoryServiceCB=0;order:sharedDbCB=0;inventory:paymentServiceCB=0;inventory:sharedDbCB=0;payment:notificationServiceCB=0;payment:sharedDbCB=0;notification:sharedDbCB=0,200,20.034,20260811,260,90,20.0000,19.7836,0.0028,False,20.0000,codespace,
LIN-LAT-CNT-T50-W100-D15-M5-L20,LINEAR,LATENCY,COUNT_BASED,50,100,15,5,LOCAL,canary_matrix,2,2026-09-05T18:27:43Z,0.2500,5.697,16.512,0.6333,0.6434,0.0000,order-service:0.2963;inventory-service:0.0000;payment-service:0.0000;notification-service:0.0000,True,,28.289,gateway:orderServiceCB=CLOSED;gateway:inventoryServiceCB=CLOSED;gateway:paymentServiceCB=CLOSED;order:inventoryServiceCB=CLOSED;order:sharedDbCB=CLOSED;inventory:paymentServiceCB=CLOSED;inventory:sharedDbCB=CLOSED;payment:notificationServiceCB=CLOSED;payment:sharedDbCB=CLOSED;notification:sharedDbCB=CLOSED,gateway:orderServiceCB=0;gateway:inventoryServiceCB=0;gateway:paymentServiceCB=0;order:inventoryServiceCB=0;order:sharedDbCB=0;inventory:paymentServiceCB=0;inventory:sharedDbCB=0;payment:notificationServiceCB=0;payment:sharedDbCB=0;notification:sharedDbCB=0,200,20.034,20260811,261,90,20.0000,19.9094,0.0052,False,100.0000,codespace,
LIN-LAT-TIM-T50-W4-D15-M5-L5,LINEAR,LATENCY,TIME_BASED,50,4,15,5,LOCAL,canary_matrix,1,2026-09-05T18:29:44Z,0.2500,3.89,35.406,0.8276,0.9578,0.0000,order-service:0.4138;inventory-service:0.0000;payment-service:0.0000;notification-service:0.0000,True,,27.345,gateway:orderServiceCB=CLOSED;gateway:inventoryServiceCB=CLOSED;gateway:paymentServiceCB=CLOSED;order:inventoryServiceCB=CLOSED;order:sharedDbCB=CLOSED;inventory:paymentServiceCB=CLOSED;inventory:sharedDbCB=CLOSED;payment:notificationServiceCB=CLOSED;payment:sharedDbCB=CLOSED;notification:sharedDbCB=CLOSED,gateway:orderServiceCB=0;gateway:inventoryServiceCB=0;gateway:paymentServiceCB=0;order:inventoryServiceCB=0;order:sharedDbCB=0;inventory:paymentServiceCB=0;inventory:sharedDbCB=0;payment:notificationServiceCB=0;payment:sharedDbCB=0;notification:sharedDbCB=0,200,20.030,20260811,262,23,5.0000,4.9950,0.0008,False,19.9800,codespace,
LIN-NON-TIM-T50-W20-D15-M5-L20,LINEAR,NONE,TIME_BASED,50,20,15,5,LOCAL,canary_matrix,8,2026-09-05T18:31:56Z,0.0000,,,0.0000,0.0318,0.0000,order-service:0.0000;inventory-service:0.0000;payment-service:0.0000;notification-service:0.0000,True,,27.241,gateway:orderServiceCB=CLOSED;gateway:inventoryServiceCB=CLOSED;gateway:paymentServiceCB=CLOSED;order:inventoryServiceCB=CLOSED;order:sharedDbCB=CLOSED;inventory:paymentServiceCB=CLOSED;inventory:sharedDbCB=CLOSED;payment:notificationServiceCB=CLOSED;payment:sharedDbCB=CLOSED;notification:sharedDbCB=CLOSED,gateway:orderServiceCB=0;gateway:inventoryServiceCB=0;gateway:paymentServiceCB=0;order:inventoryServiceCB=0;order:sharedDbCB=0;inventory:paymentServiceCB=0;inventory:sharedDbCB=0;payment:notificationServiceCB=0;payment:sharedDbCB=0;notification:sharedDbCB=0,200,20.032,20260811,263,5,20.0000,19.9504,0.0033,False,399.0070,codespace,
LIN-NON-TIM-T50-W20-D15-M5-L20,LINEAR,NONE,TIME_BASED,50,20,15,5,LOCAL,canary_matrix,9,2026-09-05T18:34:08Z,0.0000,,,0.0000,0.0311,0.0000,order-service:0.0000;inventory-service:0.0000;payment-service:0.0000;notification-service:0.0000,True,,26.774,gateway:orderServiceCB=CLOSED;gateway:inventoryServiceCB=CLOSED;gateway:paymentServiceCB=CLOSED;order:inventoryServiceCB=CLOSED;order:sharedDbCB=CLOSED;inventory:paymentServiceCB=CLOSED;inventory:sharedDbCB=CLOSED;payment:notificationServiceCB=CLOSED;payment:sharedDbCB=CLOSED;notification:sharedDbCB=CLOSED,gateway:orderServiceCB=0;gateway:inventoryServiceCB=0;gateway:paymentServiceCB=0;order:inventoryServiceCB=0;order:sharedDbCB=0;inventory:paymentServiceCB=0;inventory:sharedDbCB=0;payment:notificationServiceCB=0;payment:sharedDbCB=0;notification:sharedDbCB=0,200,20.031,20260811,264,5,20.0000,19.9516,0.0032,False,399.0311,codespace,
LIN-LAT-CNT-T50-W10-D15-M5-L5,LINEAR,LATENCY,COUNT_BASED,50,10,15,5,LOCAL,canary_matrix,4,2026-09-05T18:35:49Z,0.2500,3.9,16.396,0.5000,0.8753,0.0000,order-service:0.2500;inventory-service:0.0000;payment-service:0.0000;notification-service:0.0000,True,,27.075,gateway:orderServiceCB=CLOSED;gateway:inventoryServiceCB=CLOSED;gateway:paymentServiceCB=CLOSED;order:inventoryServiceCB=CLOSED;order:sharedDbCB=CLOSED;inventory:paymentServiceCB=CLOSED;inventory:sharedDbCB=CLOSED;payment:notificationServiceCB=CLOSED;payment:sharedDbCB=CLOSED;notification:sharedDbCB=CLOSED,gateway:orderServiceCB=0;gateway:inventoryServiceCB=0;gateway:paymentServiceCB=0;order:inventoryServiceCB=0;order:sharedDbCB=0;inventory:paymentServiceCB=0;inventory:sharedDbCB=0;payment:notificationServiceCB=0;payment:sharedDbCB=0;notification:sharedDbCB=0,200,20.034,20260811,265,23,5.0000,4.9927,0.0009,False,10.0000,codespace,
LIN-NON-CNT-T50-W10-D15-M5-L80,LINEAR,NONE,COUNT_BASED,50,10,15,5,LOCAL,canary_matrix,4,2026-09-05T18:37:16Z,0.0000,,,0.0000,0.0000,0.0000,order-service:0.0000;inventory-service:0.0000;payment-service:0.0000;notification-service:0.0000,True,,26.960,gateway:orderServiceCB=CLOSED;gateway:inventoryServiceCB=CLOSED;gateway:paymentServiceCB=CLOSED;order:inventoryServiceCB=CLOSED;order:sharedDbCB=CLOSED;inventory:paymentServiceCB=CLOSED;inventory:sharedDbCB=CLOSED;payment:notificationServiceCB=CLOSED;payment:sharedDbCB=CLOSED;notification:sharedDbCB=CLOSED,gateway:orderServiceCB=0;gateway:inventoryServiceCB=0;gateway:paymentServiceCB=0;order:inventoryServiceCB=0;order:sharedDbCB=0;inventory:paymentServiceCB=0;inventory:sharedDbCB=0;payment:notificationServiceCB=0;payment:sharedDbCB=0;notification:sharedDbCB=0,200,20.032,20260811,266,5,80.0000,59.3623,0.7617,True,10.0000,codespace,
LIN-LAT-TIM-T50-W10-D15-M5-L80,LINEAR,LATENCY,TIME_BASED,50,10,15,5,LOCAL,canary_matrix,3,2026-09-05T18:39:17Z,0.2500,4.478,34.273,0.9057,0.6359,0.0000,order-service:0.4529;inventory-service:0.0000;payment-service:0.0000;notification-service:0.0000,True,,28.697,gateway:orderServiceCB=CLOSED;gateway:inventoryServiceCB=CLOSED;gateway:paymentServiceCB=CLOSED;order:inventoryServiceCB=CLOSED;order:sharedDbCB=CLOSED;inventory:paymentServiceCB=CLOSED;inventory:sharedDbCB=CLOSED;payment:notificationServiceCB=CLOSED;payment:sharedDbCB=CLOSED;notification:sharedDbCB=CLOSED,gateway:orderServiceCB=0;gateway:inventoryServiceCB=0;gateway:paymentServiceCB=0;order:inventoryServiceCB=0;order:sharedDbCB=0;inventory:paymentServiceCB=0;inventory:sharedDbCB=0;payment:notificationServiceCB=0;payment:sharedDbCB=0;notification:sharedDbCB=0,200,20.035,20260811,267,360,80.0000,78.6261,0.0354,False,786.2612,codespace,
LIN-NON-CNT-T50-W20-D15-M5-L20,LINEAR,NONE,COUNT_BASED,50,20,15,5,LOCAL,canary_matrix,5,2026-09-05T18:40:48Z,0.0000,,,0.0000,0.0225,0.0000,order-service:0.0000;inventory-service:0.0000;payment-service:0.0000;notification-service:0.0000,True,,27.142,gateway:orderServiceCB=CLOSED;gateway:inventoryServiceCB=CLOSED;gateway:paymentServiceCB=CLOSED;order:inventoryServiceCB=CLOSED;order:sharedDbCB=CLOSED;inventory:paymentServiceCB=CLOSED;inventory:sharedDbCB=CLOSED;payment:notificationServiceCB=CLOSED;payment:sharedDbCB=CLOSED;notification:sharedDbCB=CLOSED,gateway:orderServiceCB=0;gateway:inventoryServiceCB=0;gateway:paymentServiceCB=0;order:inventoryServiceCB=0;order:sharedDbCB=0;inventory:paymentServiceCB=0;inventory:sharedDbCB=0;payment:notificationServiceCB=0;payment:sharedDbCB=0;notification:sharedDbCB=0,200,20.041,20260811,268,5,20.0000,19.9180,0.0127,False,20.0000,codespace,
LIN-LAT-CNT-T50-W20-D15-M5-L20,LINEAR,LATENCY,COUNT_BASED,50,20,15,5,LOCAL,canary_matrix,4,2026-09-05T18:42:29Z,0.2500,3.557,16.797,0.0000,0.5066,0.0000,order-service:0.0000;inventory-service:0.0000;payment-service:0.0000;notification-service:0.0000,True,,27.017,gateway:orderServiceCB=CLOSED;gateway:inventoryServiceCB=CLOSED;gateway:paymentServiceCB=CLOSED;order:inventoryServiceCB=CLOSED;order:sharedDbCB=CLOSED;inventory:paymentServiceCB=CLOSED;inventory:sharedDbCB=CLOSED;payment:notificationServiceCB=CLOSED;payment:sharedDbCB=CLOSED;notification:sharedDbCB=CLOSED,gateway:orderServiceCB=0;gateway:inventoryServiceCB=0;gateway:paymentServiceCB=0;order:inventoryServiceCB=0;order:sharedDbCB=0;inventory:paymentServiceCB=0;inventory:sharedDbCB=0;payment:notificationServiceCB=0;payment:sharedDbCB=0;notification:sharedDbCB=0,200,20.033,20260811,269,90,20.0000,19.7730,0.0058,False,20.0000,codespace,
LIN-LAT-CNT-T50-W200-D15-M5-L20,LINEAR,LATENCY,COUNT_BASED,50,200,15,5,LOCAL,canary_matrix,5,2026-09-05T18:44:22Z,0.2500,8.229,23.946,0.7333,0.7400,0.0000,order-service:0.3095;inventory-service:0.0000;payment-service:0.0000;notification-service:0.0000,True,,26.858,gateway:orderServiceCB=CLOSED;gateway:inventoryServiceCB=CLOSED;gateway:paymentServiceCB=CLOSED;order:inventoryServiceCB=CLOSED;order:sharedDbCB=CLOSED;inventory:paymentServiceCB=CLOSED;inventory:sharedDbCB=CLOSED;payment:notificationServiceCB=CLOSED;payment:sharedDbCB=CLOSED;notification:sharedDbCB=CLOSED,gateway:orderServiceCB=0;gateway:inventoryServiceCB=0;gateway:paymentServiceCB=0;order:inventoryServiceCB=0;order:sharedDbCB=0;inventory:paymentServiceCB=0;inventory:sharedDbCB=0;payment:notificationServiceCB=0;payment:sharedDbCB=0;notification:sharedDbCB=0,200,20.036,20260811,270,90,20.0000,19.9279,0.0044,False,200.0000,codespace,
LIN-LAT-CNT-T50-W100-D15-M5-L5,LINEAR,LATENCY,COUNT_BASED,50,100,15,5,LOCAL,canary_matrix,1,2026-09-05T18:46:51Z,0.2500,12.868,54.366,0.7500,0.9391,0.0000,order-service:0.3750;inventory-service:0.0000;payment-service:0.0000;notification-service:0.0000,True,,28.476,gateway:orderServiceCB=CLOSED;gateway:inventoryServiceCB=CLOSED;gateway:paymentServiceCB=CLOSED;order:inventoryServiceCB=CLOSED;order:sharedDbCB=CLOSED;inventory:paymentServiceCB=CLOSED;inventory:sharedDbCB=CLOSED;payment:notificationServiceCB=CLOSED;payment:sharedDbCB=CLOSED;notification:sharedDbCB=CLOSED,gateway:orderServiceCB=0;gateway:inventoryServiceCB=0;gateway:paymentServiceCB=0;order:inventoryServiceCB=0;order:sharedDbCB=0;inventory:paymentServiceCB=0;inventory:sharedDbCB=0;payment:notificationServiceCB=0;payment:sharedDbCB=0;notification:sharedDbCB=0,200,20.033,20260811,271,23,5.0000,4.9958,0.0005,False,100.0000,codespace,
LIN-LAT-CNT-T50-W800-D15-M5-L80,LINEAR,LATENCY,COUNT_BASED,50,800,15,5,LOCAL,canary_matrix,2,2026-09-05T18:48:45Z,0.2500,6.746,25.981,0.8237,0.3302,0.0000,order-service:0.3617;inventory-service:0.0000;payment-service:0.0000;notification-service:0.0000,True,,26.904,gateway:orderServiceCB=CLOSED;gateway:inventoryServiceCB=CLOSED;gateway:paymentServiceCB=CLOSED;order:inventoryServiceCB=CLOSED;order:sharedDbCB=CLOSED;inventory:paymentServiceCB=CLOSED;inventory:sharedDbCB=CLOSED;payment:notificationServiceCB=CLOSED;payment:sharedDbCB=CLOSED;notification:sharedDbCB=CLOSED,gateway:orderServiceCB=0;gateway:inventoryServiceCB=0;gateway:paymentServiceCB=0;order:inventoryServiceCB=0;order:sharedDbCB=0;inventory:paymentServiceCB=0;inventory:sharedDbCB=0;payment:notificationServiceCB=0;payment:sharedDbCB=0;notification:sharedDbCB=0,200,20.032,20260811,272,360,80.0000,78.3688,0.0408,False,800.0000,codespace,
LIN-NON-TIM-T50-W10-D15-M5-L80,LINEAR,NONE,TIME_BASED,50,10,15,5,LOCAL,canary_matrix,5,2026-09-05T18:50:47Z,0.0000,,,0.0000,0.0000,0.0000,order-service:0.0000;inventory-service:0.0000;payment-service:0.0000;notification-service:0.0000,True,,27.146,gateway:orderServiceCB=CLOSED;gateway:inventoryServiceCB=CLOSED;gateway:paymentServiceCB=CLOSED;order:inventoryServiceCB=CLOSED;order:sharedDbCB=CLOSED;inventory:paymentServiceCB=CLOSED;inventory:sharedDbCB=CLOSED;payment:notificationServiceCB=CLOSED;payment:sharedDbCB=CLOSED;notification:sharedDbCB=CLOSED,gateway:orderServiceCB=0;gateway:inventoryServiceCB=0;gateway:paymentServiceCB=0;order:inventoryServiceCB=0;order:sharedDbCB=0;inventory:paymentServiceCB=0;inventory:sharedDbCB=0;payment:notificationServiceCB=0;payment:sharedDbCB=0;notification:sharedDbCB=0,200,20.033,20260811,273,5,80.0000,78.7960,0.6565,False,787.9598,codespace,
LIN-LAT-TIM-T50-W4-D15-M5-L5,LINEAR,LATENCY,TIME_BASED,50,4,15,5,LOCAL,canary_matrix,2,2026-09-05T18:52:49Z,0.2500,3.898,35.397,0.8276,0.9580,0.0000,order-service:0.4138;inventory-service:0.0000;payment-service:0.0000;notification-service:0.0000,True,,28.480,gateway:orderServiceCB=CLOSED;gateway:inventoryServiceCB=CLOSED;gateway:paymentServiceCB=CLOSED;order:inventoryServiceCB=CLOSED;order:sharedDbCB=CLOSED;inventory:paymentServiceCB=CLOSED;inventory:sharedDbCB=CLOSED;payment:notificationServiceCB=CLOSED;payment:sharedDbCB=CLOSED;notification:sharedDbCB=CLOSED,gateway:orderServiceCB=0;gateway:inventoryServiceCB=0;gateway:paymentServiceCB=0;order:inventoryServiceCB=0;order:sharedDbCB=0;inventory:paymentServiceCB=0;inventory:sharedDbCB=0;payment:notificationServiceCB=0;payment:sharedDbCB=0;notification:sharedDbCB=0,200,20.032,20260811,274,23,5.0000,4.9947,0.0014,False,19.9788,codespace,
LIN-LAT-TIM-T50-W10-D15-M5-L5,LINEAR,LATENCY,TIME_BASED,50,10,15,5,LOCAL,canary_matrix,3,2026-09-05T18:54:53Z,0.2500,7.719,35.536,0.7486,0.9382,0.0000,order-service:0.3743;inventory-service:0.0000;payment-service:0.0000;notification-service:0.0000,True,,26.637,gateway:orderServiceCB=CLOSED;gateway:inventoryServiceCB=CLOSED;gateway:paymentServiceCB=CLOSED;order:inventoryServiceCB=CLOSED;order:sharedDbCB=CLOSED;inventory:paymentServiceCB=CLOSED;inventory:sharedDbCB=CLOSED;payment:notificationServiceCB=CLOSED;payment:sharedDbCB=CLOSED;notification:sharedDbCB=CLOSED,gateway:orderServiceCB=0;gateway:inventoryServiceCB=0;gateway:paymentServiceCB=0;order:inventoryServiceCB=0;order:sharedDbCB=0;inventory:paymentServiceCB=0;inventory:sharedDbCB=0;payment:notificationServiceCB=0;payment:sharedDbCB=0;notification:sharedDbCB=0,200,20.034,20260811,275,23,5.0000,4.9952,0.0007,False,49.9518,codespace,
LIN-LAT-CNT-T50-W25-D15-M5-L5,LINEAR,LATENCY,COUNT_BASED,50,25,15,5,LOCAL,canary_matrix,5,2026-09-05T18:56:36Z,0.2500,5.575,16.605,0.6267,0.9084,0.0000,order-service:0.2941;inventory-service:0.0000;payment-service:0.0000;notification-service:0.0000,True,,27.665,gateway:orderServiceCB=CLOSED;gateway:inventoryServiceCB=CLOSED;gateway:paymentServiceCB=CLOSED;order:inventoryServiceCB=CLOSED;order:sharedDbCB=CLOSED;inventory:paymentServiceCB=CLOSED;inventory:sharedDbCB=CLOSED;payment:notificationServiceCB=CLOSED;payment:sharedDbCB=CLOSED;notification:sharedDbCB=CLOSED,gateway:orderServiceCB=0;gateway:inventoryServiceCB=0;gateway:paymentServiceCB=0;order:inventoryServiceCB=0;order:sharedDbCB=0;inventory:paymentServiceCB=0;inventory:sharedDbCB=0;payment:notificationServiceCB=0;payment:sharedDbCB=0;notification:sharedDbCB=0,200,20.034,20260811,276,23,5.0000,4.9942,0.0009,False,25.0000,codespace,
LIN-NON-TIM-T50-W5-D15-M5-L20,LINEAR,NONE,TIME_BASED,50,5,15,5,LOCAL,canary_matrix,2,2026-09-05T18:58:33Z,0.0000,,,0.0000,0.0318,0.0000,order-service:0.0000;inventory-service:0.0000;payment-service:0.0000;notification-service:0.0000,True,,26.930,gateway:orderServiceCB=CLOSED;gateway:inventoryServiceCB=CLOSED;gateway:paymentServiceCB=CLOSED;order:inventoryServiceCB=CLOSED;order:sharedDbCB=CLOSED;inventory:paymentServiceCB=CLOSED;inventory:sharedDbCB=CLOSED;payment:notificationServiceCB=CLOSED;payment:sharedDbCB=CLOSED;notification:sharedDbCB=CLOSED,gateway:orderServiceCB=0;gateway:inventoryServiceCB=0;gateway:paymentServiceCB=0;order:inventoryServiceCB=0;order:sharedDbCB=0;inventory:paymentServiceCB=0;inventory:sharedDbCB=0;payment:notificationServiceCB=0;payment:sharedDbCB=0;notification:sharedDbCB=0,200,20.030,20260811,277,5,20.0000,19.9492,0.0059,False,99.7459,codespace,
LIN-NON-TIM-T50-W20-D15-M5-L20,LINEAR,NONE,TIME_BASED,50,20,15,5,LOCAL,canary_matrix,2,2026-09-05T19:00:45Z,0.0000,,,0.0000,0.0319,0.0000,order-service:0.0000;inventory-service:0.0000;payment-service:0.0000;notification-service:0.0000,True,,26.925,gateway:orderServiceCB=CLOSED;gateway:inventoryServiceCB=CLOSED;gateway:paymentServiceCB=CLOSED;order:inventoryServiceCB=CLOSED;order:sharedDbCB=CLOSED;inventory:paymentServiceCB=CLOSED;inventory:sharedDbCB=CLOSED;payment:notificationServiceCB=CLOSED;payment:sharedDbCB=CLOSED;notification:sharedDbCB=CLOSED,gateway:orderServiceCB=0;gateway:inventoryServiceCB=0;gateway:paymentServiceCB=0;order:inventoryServiceCB=0;order:sharedDbCB=0;inventory:paymentServiceCB=0;inventory:sharedDbCB=0;payment:notificationServiceCB=0;payment:sharedDbCB=0;notification:sharedDbCB=0,200,20.034,20260811,278,5,20.0000,19.9465,0.0042,False,398.9307,codespace,
LIN-LAT-TIM-T50-W20-D15-M5-L5,LINEAR,LATENCY,TIME_BASED,50,20,15,5,LOCAL,canary_matrix,5,2026-09-05T19:02:58Z,0.2500,14.808,35.385,0.6489,0.9144,0.0000,order-service:0.3244;inventory-service:0.0000;payment-service:0.0000;notification-service:0.0000,True,,28.717,gateway:orderServiceCB=CLOSED;gateway:inventoryServiceCB=CLOSED;gateway:paymentServiceCB=CLOSED;order:inventoryServiceCB=CLOSED;order:sharedDbCB=CLOSED;inventory:paymentServiceCB=CLOSED;inventory:sharedDbCB=CLOSED;payment:notificationServiceCB=CLOSED;payment:sharedDbCB=CLOSED;notification:sharedDbCB=CLOSED,gateway:orderServiceCB=0;gateway:inventoryServiceCB=0;gateway:paymentServiceCB=0;order:inventoryServiceCB=0;order:sharedDbCB=0;inventory:paymentServiceCB=0;inventory:sharedDbCB=0;payment:notificationServiceCB=0;payment:sharedDbCB=0;notification:sharedDbCB=0,200,20.036,20260811,279,23,5.0000,4.9957,0.0005,False,99.9142,codespace,
LIN-LAT-CNT-T50-W20-D15-M5-L5,LINEAR,LATENCY,COUNT_BASED,50,20,15,5,LOCAL,canary_matrix,4,2026-09-05T19:04:41Z,0.2500,4.941,16.262,0.5833,0.8974,0.0000,order-service:0.2917;inventory-service:0.0000;payment-service:0.0000;notification-service:0.0000,True,,28.882,gateway:orderServiceCB=CLOSED;gateway:inventoryServiceCB=CLOSED;gateway:paymentServiceCB=CLOSED;order:inventoryServiceCB=CLOSED;order:sharedDbCB=CLOSED;inventory:paymentServiceCB=CLOSED;inventory:sharedDbCB=CLOSED;payment:notificationServiceCB=CLOSED;payment:sharedDbCB=CLOSED;notification:sharedDbCB=CLOSED,gateway:orderServiceCB=0;gateway:inventoryServiceCB=0;gateway:paymentServiceCB=0;order:inventoryServiceCB=0;order:sharedDbCB=0;inventory:paymentServiceCB=0;inventory:sharedDbCB=0;payment:notificationServiceCB=0;payment:sharedDbCB=0;notification:sharedDbCB=0,200,20.031,20260811,280,23,5.0000,4.9933,0.0011,False,20.0000,codespace,
LIN-LAT-CNT-T50-W25-D15-M5-L5,LINEAR,LATENCY,COUNT_BASED,50,25,15,5,LOCAL,canary_matrix,4,2026-09-05T19:06:25Z,0.2500,5.609,16.556,0.6267,0.9081,0.0000,order-service:0.2941;inventory-service:0.0000;payment-service:0.0000;notification-service:0.0000,True,,28.595,gateway:orderServiceCB=CLOSED;gateway:inventoryServiceCB=CLOSED;gateway:paymentServiceCB=CLOSED;order:inventoryServiceCB=CLOSED;order:sharedDbCB=CLOSED;inventory:paymentServiceCB=CLOSED;inventory:sharedDbCB=CLOSED;payment:notificationServiceCB=CLOSED;payment:sharedDbCB=CLOSED;notification:sharedDbCB=CLOSED,gateway:orderServiceCB=0;gateway:inventoryServiceCB=0;gateway:paymentServiceCB=0;order:inventoryServiceCB=0;order:sharedDbCB=0;inventory:paymentServiceCB=0;inventory:sharedDbCB=0;payment:notificationServiceCB=0;payment:sharedDbCB=0;notification:sharedDbCB=0,200,20.036,20260811,281,23,5.0000,4.9943,0.0008,False,25.0000,codespace,
LIN-NON-TIM-T50-W10-D15-M5-L20,LINEAR,NONE,TIME_BASED,50,10,15,5,LOCAL,canary_matrix,2,2026-09-05T19:08:27Z,0.0000,,,0.0000,0.0319,0.0000,order-service:0.0000;inventory-service:0.0000;payment-service:0.0000;notification-service:0.0000,True,,27.167,gateway:orderServiceCB=CLOSED;gateway:inventoryServiceCB=CLOSED;gateway:paymentServiceCB=CLOSED;order:inventoryServiceCB=CLOSED;order:sharedDbCB=CLOSED;inventory:paymentServiceCB=CLOSED;inventory:sharedDbCB=CLOSED;payment:notificationServiceCB=CLOSED;payment:sharedDbCB=CLOSED;notification:sharedDbCB=CLOSED,gateway:orderServiceCB=0;gateway:inventoryServiceCB=0;gateway:paymentServiceCB=0;order:inventoryServiceCB=0;order:sharedDbCB=0;inventory:paymentServiceCB=0;inventory:sharedDbCB=0;payment:notificationServiceCB=0;payment:sharedDbCB=0;notification:sharedDbCB=0,200,20.033,20260811,282,5,20.0000,19.9522,0.0038,False,199.5223,codespace,
LIN-LAT-TIM-T50-W20-D15-M5-L20,LINEAR,LATENCY,TIME_BASED,50,20,15,5,LOCAL,canary_matrix,5,2026-09-05T19:10:49Z,0.2500,8.942,52.662,0.7933,0.8009,0.0000,order-service:0.3967;inventory-service:0.0000;payment-service:0.0000;notification-service:0.0000,True,,27.010,gateway:orderServiceCB=CLOSED;gateway:inventoryServiceCB=CLOSED;gateway:paymentServiceCB=CLOSED;order:inventoryServiceCB=CLOSED;order:sharedDbCB=CLOSED;inventory:paymentServiceCB=CLOSED;inventory:sharedDbCB=CLOSED;payment:notificationServiceCB=CLOSED;payment:sharedDbCB=CLOSED;notification:sharedDbCB=CLOSED,gateway:orderServiceCB=0;gateway:inventoryServiceCB=0;gateway:paymentServiceCB=0;order:inventoryServiceCB=0;order:sharedDbCB=0;inventory:paymentServiceCB=0;inventory:sharedDbCB=0;payment:notificationServiceCB=0;payment:sharedDbCB=0;notification:sharedDbCB=0,200,20.039,20260811,283,90,20.0000,19.9404,0.0037,False,398.8072,codespace,
LIN-LAT-CNT-T50-W200-D15-M5-L20,LINEAR,LATENCY,COUNT_BASED,50,200,15,5,LOCAL,canary_matrix,4,2026-09-05T19:12:42Z,0.2500,8.238,23.951,0.7333,0.7416,0.0000,order-service:0.3095;inventory-service:0.0000;payment-service:0.0000;notification-service:0.0000,True,,26.926,gateway:orderServiceCB=CLOSED;gateway:inventoryServiceCB=CLOSED;gateway:paymentServiceCB=CLOSED;order:inventoryServiceCB=CLOSED;order:sharedDbCB=CLOSED;inventory:paymentServiceCB=CLOSED;inventory:sharedDbCB=CLOSED;payment:notificationServiceCB=CLOSED;payment:sharedDbCB=CLOSED;notification:sharedDbCB=CLOSED,gateway:orderServiceCB=0;gateway:inventoryServiceCB=0;gateway:paymentServiceCB=0;order:inventoryServiceCB=0;order:sharedDbCB=0;inventory:paymentServiceCB=0;inventory:sharedDbCB=0;payment:notificationServiceCB=0;payment:sharedDbCB=0;notification:sharedDbCB=0,200,20.033,20260811,284,90,20.0000,19.9312,0.0044,False,200.0000,codespace,
LIN-NON-TIM-T50-W10-D15-M5-L20,LINEAR,NONE,TIME_BASED,50,10,15,5,LOCAL,canary_matrix,4,2026-09-05T19:14:44Z,0.0000,,,0.0000,0.0323,0.0000,order-service:0.0000;inventory-service:0.0000;payment-service:0.0000;notification-service:0.0000,True,,27.637,gateway:orderServiceCB=CLOSED;gateway:inventoryServiceCB=CLOSED;gateway:paymentServiceCB=CLOSED;order:inventoryServiceCB=CLOSED;order:sharedDbCB=CLOSED;inventory:paymentServiceCB=CLOSED;inventory:sharedDbCB=CLOSED;payment:notificationServiceCB=CLOSED;payment:sharedDbCB=CLOSED;notification:sharedDbCB=CLOSED,gateway:orderServiceCB=0;gateway:inventoryServiceCB=0;gateway:paymentServiceCB=0;order:inventoryServiceCB=0;order:sharedDbCB=0;inventory:paymentServiceCB=0;inventory:sharedDbCB=0;payment:notificationServiceCB=0;payment:sharedDbCB=0;notification:sharedDbCB=0,200,20.035,20260811,285,5,20.0000,19.9483,0.0049,False,199.4834,codespace,
LIN-LAT-TIM-T50-W10-D15-M5-L20,LINEAR,LATENCY,TIME_BASED,50,10,15,5,LOCAL,canary_matrix,2,2026-09-05T19:16:45Z,0.2500,5.465,34.793,0.8414,0.8465,0.0000,order-service:0.4207;inventory-service:0.0000;payment-service:0.0000;notification-service:0.0000,True,,26.788,gateway:orderServiceCB=CLOSED;gateway:inventoryServiceCB=CLOSED;gateway:paymentServiceCB=CLOSED;order:inventoryServiceCB=CLOSED;order:sharedDbCB=CLOSED;inventory:paymentServiceCB=CLOSED;inventory:sharedDbCB=CLOSED;payment:notificationServiceCB=CLOSED;payment:sharedDbCB=CLOSED;notification:sharedDbCB=CLOSED,gateway:orderServiceCB=0;gateway:inventoryServiceCB=0;gateway:paymentServiceCB=0;order:inventoryServiceCB=0;order:sharedDbCB=0;inventory:paymentServiceCB=0;inventory:sharedDbCB=0;payment:notificationServiceCB=0;payment:sharedDbCB=0;notification:sharedDbCB=0,200,20.048,20260811,286,90,20.0000,19.9341,0.0039,False,199.3408,codespace,
LIN-LAT-TIM-T50-W10-D15-M5-L320,LINEAR,LATENCY,TIME_BASED,50,10,15,5,LOCAL,canary_matrix,1,2026-09-05T19:19:04Z,0.2500,8.464,47.863,0.9812,0.7435,0.0000,order-service:0.4879;inventory-service:0.0000;payment-service:0.0000;notification-service:0.0000,True,,28.971,gateway:orderServiceCB=CLOSED;gateway:inventoryServiceCB=CLOSED;gateway:paymentServiceCB=CLOSED;order:inventoryServiceCB=CLOSED;order:sharedDbCB=CLOSED;inventory:paymentServiceCB=CLOSED;inventory:sharedDbCB=CLOSED;payment:notificationServiceCB=CLOSED;payment:sharedDbCB=CLOSED;notification:sharedDbCB=CLOSED,gateway:orderServiceCB=0;gateway:inventoryServiceCB=0;gateway:paymentServiceCB=0;order:inventoryServiceCB=0;order:sharedDbCB=0;inventory:paymentServiceCB=0;inventory:sharedDbCB=0;payment:notificationServiceCB=0;payment:sharedDbCB=0;notification:sharedDbCB=0,200,20.037,20260811,287,1440,320.0000,296.2456,0.1916,False,2962.4561,codespace,
LIN-LAT-CNT-T50-W5-D15-M5-L20,LINEAR,LATENCY,COUNT_BASED,50,5,15,5,LOCAL,canary_matrix,1,2026-09-05T19:20:45Z,0.2500,3.249,16.037,0.0000,0.6092,0.0000,order-service:0.0000;inventory-service:0.0000;payment-service:0.0000;notification-service:0.0000,True,,27.203,gateway:orderServiceCB=CLOSED;gateway:inventoryServiceCB=CLOSED;gateway:paymentServiceCB=CLOSED;order:inventoryServiceCB=CLOSED;order:sharedDbCB=CLOSED;inventory:paymentServiceCB=CLOSED;inventory:sharedDbCB=CLOSED;payment:notificationServiceCB=CLOSED;payment:sharedDbCB=CLOSED;notification:sharedDbCB=CLOSED,gateway:orderServiceCB=0;gateway:inventoryServiceCB=0;gateway:paymentServiceCB=0;order:inventoryServiceCB=0;order:sharedDbCB=0;inventory:paymentServiceCB=0;inventory:sharedDbCB=0;payment:notificationServiceCB=0;payment:sharedDbCB=0;notification:sharedDbCB=0,200,20.030,20260811,288,90,20.0000,19.7870,0.0019,False,5.0000,codespace,
LIN-LAT-TIM-T50-W2-D15-M5-L5,LINEAR,LATENCY,TIME_BASED,50,2,15,5,LOCAL,canary_matrix,5,2026-09-05T19:22:46Z,0.2500,3.887,35.451,0.8148,0.9545,0.0000,order-service:0.4074;inventory-service:0.0000;payment-service:0.0000;notification-service:0.0000,True,,28.216,gateway:orderServiceCB=CLOSED;gateway:inventoryServiceCB=CLOSED;gateway:paymentServiceCB=CLOSED;order:inventoryServiceCB=CLOSED;order:sharedDbCB=CLOSED;inventory:paymentServiceCB=CLOSED;inventory:sharedDbCB=CLOSED;payment:notificationServiceCB=CLOSED;payment:sharedDbCB=CLOSED;notification:sharedDbCB=CLOSED,gateway:orderServiceCB=0;gateway:inventoryServiceCB=0;gateway:paymentServiceCB=0;order:inventoryServiceCB=0;order:sharedDbCB=0;inventory:paymentServiceCB=0;inventory:sharedDbCB=0;payment:notificationServiceCB=0;payment:sharedDbCB=0;notification:sharedDbCB=0,200,20.035,20260811,289,23,5.0000,4.9951,0.0007,False,9.9901,codespace,
LIN-LAT-CNT-T50-W200-D15-M5-L20,LINEAR,LATENCY,COUNT_BASED,50,200,15,5,LOCAL,canary_matrix,2,2026-09-05T19:24:41Z,0.2500,8.046,24.178,0.7333,0.7374,0.0000,order-service:0.3095;inventory-service:0.0000;payment-service:0.0000;notification-service:0.0000,True,,28.665,gateway:orderServiceCB=CLOSED;gateway:inventoryServiceCB=CLOSED;gateway:paymentServiceCB=CLOSED;order:inventoryServiceCB=CLOSED;order:sharedDbCB=CLOSED;inventory:paymentServiceCB=CLOSED;inventory:sharedDbCB=CLOSED;payment:notificationServiceCB=CLOSED;payment:sharedDbCB=CLOSED;notification:sharedDbCB=CLOSED,gateway:orderServiceCB=0;gateway:inventoryServiceCB=0;gateway:paymentServiceCB=0;order:inventoryServiceCB=0;order:sharedDbCB=0;inventory:paymentServiceCB=0;inventory:sharedDbCB=0;payment:notificationServiceCB=0;payment:sharedDbCB=0;notification:sharedDbCB=0,200,20.040,20260811,290,90,20.0000,19.9284,0.0059,False,200.0000,codespace,
LIN-NON-TIM-T50-W20-D15-M5-L80,LINEAR,NONE,TIME_BASED,50,20,15,5,LOCAL,canary_matrix,9,2026-09-05T19:26:53Z,0.0000,,,0.0000,0.0000,0.0000,order-service:0.0000;inventory-service:0.0000;payment-service:0.0000;notification-service:0.0000,True,,26.988,gateway:orderServiceCB=CLOSED;gateway:inventoryServiceCB=CLOSED;gateway:paymentServiceCB=CLOSED;order:inventoryServiceCB=CLOSED;order:sharedDbCB=CLOSED;inventory:paymentServiceCB=CLOSED;inventory:sharedDbCB=CLOSED;payment:notificationServiceCB=CLOSED;payment:sharedDbCB=CLOSED;notification:sharedDbCB=CLOSED,gateway:orderServiceCB=0;gateway:inventoryServiceCB=0;gateway:paymentServiceCB=0;order:inventoryServiceCB=0;order:sharedDbCB=0;inventory:paymentServiceCB=0;inventory:sharedDbCB=0;payment:notificationServiceCB=0;payment:sharedDbCB=0;notification:sharedDbCB=0,200,20.033,20260811,291,5,80.0000,78.8586,0.5512,False,1577.1719,codespace,
LIN-LAT-CNT-T50-W800-D15-M5-L80,LINEAR,LATENCY,COUNT_BASED,50,800,15,5,LOCAL,canary_matrix,3,2026-09-05T19:28:48Z,0.2500,6.528,26.172,0.8254,0.3347,0.0000,order-service:0.3623;inventory-service:0.0000;payment-service:0.0000;notification-service:0.0000,True,,27.558,gateway:orderServiceCB=CLOSED;gateway:inventoryServiceCB=CLOSED;gateway:paymentServiceCB=CLOSED;order:inventoryServiceCB=CLOSED;order:sharedDbCB=CLOSED;inventory:paymentServiceCB=CLOSED;inventory:sharedDbCB=CLOSED;payment:notificationServiceCB=CLOSED;payment:sharedDbCB=CLOSED;notification:sharedDbCB=CLOSED,gateway:orderServiceCB=0;gateway:inventoryServiceCB=0;gateway:paymentServiceCB=0;order:inventoryServiceCB=0;order:sharedDbCB=0;inventory:paymentServiceCB=0;inventory:sharedDbCB=0;payment:notificationServiceCB=0;payment:sharedDbCB=0;notification:sharedDbCB=0,200,20.029,20260811,292,360,80.0000,78.3931,0.0427,False,800.0000,codespace,
LIN-NON-TIM-T50-W10-D15-M5-L20,LINEAR,NONE,TIME_BASED,50,10,15,5,LOCAL,canary_matrix,6,2026-09-05T19:30:50Z,0.0000,,,0.0000,0.0321,0.0000,order-service:0.0000;inventory-service:0.0000;payment-service:0.0000;notification-service:0.0000,True,,26.924,gateway:orderServiceCB=CLOSED;gateway:inventoryServiceCB=CLOSED;gateway:paymentServiceCB=CLOSED;order:inventoryServiceCB=CLOSED;order:sharedDbCB=CLOSED;inventory:paymentServiceCB=CLOSED;inventory:sharedDbCB=CLOSED;payment:notificationServiceCB=CLOSED;payment:sharedDbCB=CLOSED;notification:sharedDbCB=CLOSED,gateway:orderServiceCB=0;gateway:inventoryServiceCB=0;gateway:paymentServiceCB=0;order:inventoryServiceCB=0;order:sharedDbCB=0;inventory:paymentServiceCB=0;inventory:sharedDbCB=0;payment:notificationServiceCB=0;payment:sharedDbCB=0;notification:sharedDbCB=0,200,20.034,20260811,293,5,20.0000,19.9472,0.0059,False,199.4720,codespace,
LIN-LAT-CNT-T50-W20-D15-M5-L20,LINEAR,LATENCY,COUNT_BASED,50,20,15,5,LOCAL,canary_matrix,3,2026-09-05T19:32:32Z,0.2500,3.695,16.696,0.0000,0.5158,0.0000,order-service:0.0000;inventory-service:0.0000;payment-service:0.0000;notification-service:0.0000,True,,27.071,gateway:orderServiceCB=CLOSED;gateway:inventoryServiceCB=CLOSED;gateway:paymentServiceCB=CLOSED;order:inventoryServiceCB=CLOSED;order:sharedDbCB=CLOSED;inventory:paymentServiceCB=CLOSED;inventory:sharedDbCB=CLOSED;payment:notificationServiceCB=CLOSED;payment:sharedDbCB=CLOSED;notification:sharedDbCB=CLOSED,gateway:orderServiceCB=0;gateway:inventoryServiceCB=0;gateway:paymentServiceCB=0;order:inventoryServiceCB=0;order:sharedDbCB=0;inventory:paymentServiceCB=0;inventory:sharedDbCB=0;payment:notificationServiceCB=0;payment:sharedDbCB=0;notification:sharedDbCB=0,200,20.034,20260811,294,90,20.0000,19.7891,0.0024,False,20.0000,codespace,
LIN-LAT-CNT-T50-W50-D15-M5-L5,LINEAR,LATENCY,COUNT_BASED,50,50,15,5,LOCAL,canary_matrix,2,2026-09-05T19:34:24Z,0.2500,7.954,24.148,0.7333,0.9349,0.0000,order-service:0.3095;inventory-service:0.0000;payment-service:0.0000;notification-service:0.0000,True,,26.907,gateway:orderServiceCB=CLOSED;gateway:inventoryServiceCB=CLOSED;gateway:paymentServiceCB=CLOSED;order:inventoryServiceCB=CLOSED;order:sharedDbCB=CLOSED;inventory:paymentServiceCB=CLOSED;inventory:sharedDbCB=CLOSED;payment:notificationServiceCB=CLOSED;payment:sharedDbCB=CLOSED;notification:sharedDbCB=CLOSED,gateway:orderServiceCB=0;gateway:inventoryServiceCB=0;gateway:paymentServiceCB=0;order:inventoryServiceCB=0;order:sharedDbCB=0;inventory:paymentServiceCB=0;inventory:sharedDbCB=0;payment:notificationServiceCB=0;payment:sharedDbCB=0;notification:sharedDbCB=0,200,20.043,20260811,295,23,5.0000,4.9950,0.0011,False,50.0000,codespace,
LIN-LAT-CNT-T50-W100-D15-M5-L20,LINEAR,LATENCY,COUNT_BASED,50,100,15,5,LOCAL,canary_matrix,3,2026-09-05T19:36:08Z,0.2500,5.626,16.573,0.6333,0.6418,0.0000,order-service:0.2963;inventory-service:0.0000;payment-service:0.0000;notification-service:0.0000,True,,27.597,gateway:orderServiceCB=CLOSED;gateway:inventoryServiceCB=CLOSED;gateway:paymentServiceCB=CLOSED;order:inventoryServiceCB=CLOSED;order:sharedDbCB=CLOSED;inventory:paymentServiceCB=CLOSED;inventory:sharedDbCB=CLOSED;payment:notificationServiceCB=CLOSED;payment:sharedDbCB=CLOSED;notification:sharedDbCB=CLOSED,gateway:orderServiceCB=0;gateway:inventoryServiceCB=0;gateway:paymentServiceCB=0;order:inventoryServiceCB=0;order:sharedDbCB=0;inventory:paymentServiceCB=0;inventory:sharedDbCB=0;payment:notificationServiceCB=0;payment:sharedDbCB=0;notification:sharedDbCB=0,200,20.032,20260811,296,90,20.0000,19.9135,0.0041,False,100.0000,codespace,
LIN-LAT-TIM-T50-W10-D15-M5-L80,LINEAR,LATENCY,TIME_BASED,50,10,15,5,LOCAL,canary_matrix,1,2026-09-05T19:38:07Z,0.2500,4.121,34.611,0.9057,0.6391,0.0000,order-service:0.4529;inventory-service:0.0000;payment-service:0.0000;notification-service:0.0000,True,,26.554,gateway:orderServiceCB=CLOSED;gateway:inventoryServiceCB=CLOSED;gateway:paymentServiceCB=CLOSED;order:inventoryServiceCB=CLOSED;order:sharedDbCB=CLOSED;inventory:paymentServiceCB=CLOSED;inventory:sharedDbCB=CLOSED;payment:notificationServiceCB=CLOSED;payment:sharedDbCB=CLOSED;notification:sharedDbCB=CLOSED,gateway:orderServiceCB=0;gateway:inventoryServiceCB=0;gateway:paymentServiceCB=0;order:inventoryServiceCB=0;order:sharedDbCB=0;inventory:paymentServiceCB=0;inventory:sharedDbCB=0;payment:notificationServiceCB=0;payment:sharedDbCB=0;notification:sharedDbCB=0,200,20.035,20260811,297,360,80.0000,78.6283,0.0356,False,786.2834,codespace,
LIN-LAT-CNT-T50-W400-D15-M5-L20,LINEAR,LATENCY,COUNT_BASED,50,400,15,5,LOCAL,canary_matrix,4,2026-09-05T19:40:35Z,0.2500,13.178,53.134,0.7750,0.7820,0.0000,order-service:0.3875;inventory-service:0.0000;payment-service:0.0000;notification-service:0.0000,True,,27.899,gateway:orderServiceCB=CLOSED;gateway:inventoryServiceCB=CLOSED;gateway:paymentServiceCB=CLOSED;order:inventoryServiceCB=CLOSED;order:sharedDbCB=CLOSED;inventory:paymentServiceCB=CLOSED;inventory:sharedDbCB=CLOSED;payment:notificationServiceCB=CLOSED;payment:sharedDbCB=CLOSED;notification:sharedDbCB=CLOSED,gateway:orderServiceCB=0;gateway:inventoryServiceCB=0;gateway:paymentServiceCB=0;order:inventoryServiceCB=0;order:sharedDbCB=0;inventory:paymentServiceCB=0;inventory:sharedDbCB=0;payment:notificationServiceCB=0;payment:sharedDbCB=0;notification:sharedDbCB=0,200,20.033,20260811,298,90,20.0000,19.9419,0.0035,False,400.0000,codespace,
LIN-LAT-TIM-T50-W20-D15-M5-L20,LINEAR,LATENCY,TIME_BASED,50,20,15,5,LOCAL,canary_matrix,3,2026-09-05T19:42:59Z,0.2500,8.868,52.578,0.7967,0.8035,0.0000,order-service:0.3983;inventory-service:0.0000;payment-service:0.0000;notification-service:0.0000,True,,28.080,gateway:orderServiceCB=CLOSED;gateway:inventoryServiceCB=CLOSED;gateway:paymentServiceCB=CLOSED;order:inventoryServiceCB=CLOSED;order:sharedDbCB=CLOSED;inventory:paymentServiceCB=CLOSED;inventory:sharedDbCB=CLOSED;payment:notificationServiceCB=CLOSED;payment:sharedDbCB=CLOSED;notification:sharedDbCB=CLOSED,gateway:orderServiceCB=0;gateway:inventoryServiceCB=0;gateway:paymentServiceCB=0;order:inventoryServiceCB=0;order:sharedDbCB=0;inventory:paymentServiceCB=0;inventory:sharedDbCB=0;payment:notificationServiceCB=0;payment:sharedDbCB=0;notification:sharedDbCB=0,200,20.031,20260811,299,90,20.0000,19.9407,0.0027,False,398.8133,codespace,
LIN-LAT-TIM-T50-W5-D15-M5-L5,LINEAR,LATENCY,TIME_BASED,50,5,15,5,LOCAL,canary_matrix,4,2026-09-05T19:44:59Z,0.2500,4.103,35.178,0.8267,0.9577,0.0000,order-service:0.4133;inventory-service:0.0000;payment-service:0.0000;notification-service:0.0000,True,,26.958,gateway:orderServiceCB=CLOSED;gateway:inventoryServiceCB=CLOSED;gateway:paymentServiceCB=CLOSED;order:inventoryServiceCB=CLOSED;order:sharedDbCB=CLOSED;inventory:paymentServiceCB=CLOSED;inventory:sharedDbCB=CLOSED;payment:notificationServiceCB=CLOSED;payment:sharedDbCB=CLOSED;notification:sharedDbCB=CLOSED,gateway:orderServiceCB=0;gateway:inventoryServiceCB=0;gateway:paymentServiceCB=0;order:inventoryServiceCB=0;order:sharedDbCB=0;inventory:paymentServiceCB=0;inventory:sharedDbCB=0;payment:notificationServiceCB=0;payment:sharedDbCB=0;notification:sharedDbCB=0,200,20.033,20260811,300,23,5.0000,4.9944,0.0022,False,24.9718,codespace,
