experiment_id,topology,fault_type,fault_target,window_type,threshold,window_size,wait_duration,minimum_number_of_calls,permitted_calls_half_open,replicate,mode,environment,run_timestamp,git_commit,duration_s,baseline_tps,baseline_error_rate,fault_tps,fault_error_rate,throughput_loss,blast_radius,real_blast_radius,leg_failure_rates,time_to_open,time_to_recover,cb_opened,cb_recovered,lambda_target,lambda_achieved,lambda_cv,lambda_deviation_flag,effective_horizon,occupancy_ratio,inert,injected_toxicity,precondition_ok,excluded_reason
FAN-LAT-CNT-T30-W5-D5,FAN_OUT,LATENCY,inventory-service-proxy,COUNT_BASED,30,5,5,5,5,1,full,SYNTHETIC_PREVIEW,1970-01-01T00:00:00Z,SYNTHETIC,65.0,19.69,0.0,5.65,0.7886,0.7132,0.75,0.5,"{""order-service"":0.4268,""inventory-service"":0.7023,""payment-service"":0.6003,""notification-service"":0.0795}",2.66,17.524,True,True,20.0,19.846,0.0345,False,5.0,1.0,False,1.0,True,
FAN-LAT-CNT-T30-W5-D5,FAN_OUT,LATENCY,inventory-service-proxy,COUNT_BASED,30,5,5,5,5,2,full,SYNTHETIC_PREVIEW,1970-01-01T00:00:00Z,SYNTHETIC,65.0,20.72,0.0,3.56,0.8706,0.8283,0.75,0.75,"{""order-service"":0.7066,""inventory-service"":0.6824,""payment-service"":0.7885,""notification-service"":0.0747}",2.743,17.363,True,True,20.0,20.106,0.0526,False,5.0,1.0,False,1.0,True,
FAN-LAT-CNT-T30-W5-D5,FAN_OUT,LATENCY,inventory-service-proxy,COUNT_BASED,30,5,5,5,5,3,full,SYNTHETIC_PREVIEW,1970-01-01T00:00:00Z,SYNTHETIC,65.0,19.73,0.0,3.87,0.8304,0.804,0.75,0.5,"{""order-service"":0.7815,""inventory-service"":0.6303,""payment-service"":0.4449,""notification-service"":0.1254}",2.693,18.868,True,True,20.0,19.722,0.0776,False,5.0,1.0,False,1.0,True,
FAN-LAT-CNT-T30-W5-D15,FAN_OUT,LATENCY,inventory-service-proxy,COUNT_BASED,30,5,15,5,5,1,full,SYNTHETIC_PREVIEW,1970-01-01T00:00:00Z,SYNTHETIC,75.0,20.95,0.0,6.5,0.7709,0.6895,0.75,0.75,"{""order-service"":0.5653,""inventory-service"":0.7403,""payment-service"":0.5802,""notification-service"":0.1102}",2.922,29.214,True,True,20.0,20.031,0.0833,False,5.0,1.0,False,1.0,True,
FAN-LAT-CNT-T30-W5-D15,FAN_OUT,LATENCY,inventory-service-proxy,COUNT_BASED,30,5,15,5,5,2,full,SYNTHETIC_PREVIEW,1970-01-01T00:00:00Z,SYNTHETIC,75.0,22.01,0.0,5.92,0.8026,0.7311,0.75,0.75,"{""order-service"":0.5717,""inventory-service"":0.7223,""payment-service"":0.556,""notification-service"":0.1135}",2.706,25.322,True,True,20.0,19.758,0.0522,False,5.0,1.0,False,1.0,True,
FAN-LAT-CNT-T30-W5-D15,FAN_OUT,LATENCY,inventory-service-proxy,COUNT_BASED,30,5,15,5,5,3,full,SYNTHETIC_PREVIEW,1970-01-01T00:00:00Z,SYNTHETIC,75.0,20.72,0.0,3.72,0.873,0.8204,0.75,0.5,"{""order-service"":0.4601,""inventory-service"":0.6886,""payment-service"":0.5647,""notification-service"":0.039}",2.821,28.402,True,True,20.0,19.645,0.0678,False,5.0,1.0,False,1.0,True,
FAN-LAT-CNT-T30-W5-D30,FAN_OUT,LATENCY,inventory-service-proxy,COUNT_BASED,30,5,30,5,5,1,full,SYNTHETIC_PREVIEW,1970-01-01T00:00:00Z,SYNTHETIC,90.0,20.87,0.0,4.18,0.8282,0.7997,0.75,0.5,"{""order-service"":0.4874,""inventory-service"":0.6884,""payment-service"":0.5591,""notification-service"":0.0893}",2.743,47.2,True,True,20.0,20.609,0.0219,False,5.0,1.0,False,1.0,True,
FAN-LAT-CNT-T30-W5-D30,FAN_OUT,LATENCY,inventory-service-proxy,COUNT_BASED,30,5,30,5,5,2,full,SYNTHETIC_PREVIEW,1970-01-01T00:00:00Z,SYNTHETIC,90.0,19.75,0.0,3.76,0.8744,0.8094,0.5,0.5,"{""order-service"":0.6088,""inventory-service"":0.7186,""payment-service"":0.2917,""notification-service"":0.1072}",2.757,48.49,True,True,20.0,19.91,0.031,False,5.0,1.0,False,1.0,True,
FAN-LAT-CNT-T30-W5-D30,FAN_OUT,LATENCY,inventory-service-proxy,COUNT_BASED,30,5,30,5,5,3,full,SYNTHETIC_PREVIEW,1970-01-01T00:00:00Z,SYNTHETIC,90.0,20.33,0.0,5.76,0.8371,0.7166,0.25,0.25,"{""order-service"":0.33,""inventory-service"":0.7265,""payment-service"":0.3053,""notification-service"":0.0}",2.737,44.979,True,True,20.0,20.096,0.0534,False,5.0,1.0,False,1.0,True,
FAN-LAT-CNT-T30-W10-D5,FAN_OUT,LATENCY,inventory-service-proxy,COUNT_BASED,30,10,5,5,5,1,full,SYNTHETIC_PREVIEW,1970-01-01T00:00:00Z,SYNTHETIC,65.0,20.53,0.0,4.03,0.8392,0.8038,0.75,0.75,"{""order-service"":0.5447,""inventory-service"":0.7135,""payment-service"":0.7443,""notification-service"":0.1393}",3.811,17.004,True,True,20.0,20.336,0.0652,False,10.0,2.0,False,1.0,True,
FAN-LAT-CNT-T30-W10-D5,FAN_OUT,LATENCY,inventory-service-proxy,COUNT_BASED,30,10,5,5,5,2,full,SYNTHETIC_PREVIEW,1970-01-01T00:00:00Z,SYNTHETIC,65.0,20.4,0.0,5.74,0.8076,0.7186,0.75,0.75,"{""order-service"":0.5054,""inventory-service"":0.6375,""payment-service"":0.5597,""notification-service"":0.0959}",3.77,14.242,True,True,20.0,20.032,0.0439,False,10.0,2.0,False,1.0,True,
FAN-LAT-CNT-T30-W10-D5,FAN_OUT,LATENCY,inventory-service-proxy,COUNT_BASED,30,10,5,5,5,3,full,SYNTHETIC_PREVIEW,1970-01-01T00:00:00Z,SYNTHETIC,65.0,19.72,0.0,4.54,0.818,0.7698,0.5,0.25,"{""order-service"":0.208,""inventory-service"":0.6713,""payment-service"":0.4831,""notification-service"":0.1272}",3.545,15.793,True,True,20.0,19.911,0.0861,False,10.0,2.0,False,1.0,True,
FAN-LAT-CNT-T30-W10-D15,FAN_OUT,LATENCY,inventory-service-proxy,COUNT_BASED,30,10,15,5,5,1,full,SYNTHETIC_PREVIEW,1970-01-01T00:00:00Z,SYNTHETIC,75.0,21.32,0.0,4.07,0.861,0.809,0.5,0.5,"{""order-service"":0.536,""inventory-service"":0.6692,""payment-service"":0.3672,""notification-service"":0.1151}",3.457,27.74,True,True,20.0,19.827,0.0551,False,10.0,2.0,False,1.0,True,
FAN-LAT-CNT-T30-W10-D15,FAN_OUT,LATENCY,inventory-service-proxy,COUNT_BASED,30,10,15,5,5,2,full,SYNTHETIC_PREVIEW,1970-01-01T00:00:00Z,SYNTHETIC,75.0,19.74,0.0,5.05,0.7975,0.744,0.75,0.75,"{""order-service"":0.598,""inventory-service"":0.6259,""payment-service"":0.6087,""notification-service"":0.0402}",3.581,26.057,True,True,20.0,19.933,0.0501,False,10.0,2.0,False,1.0,True,
FAN-LAT-CNT-T30-W10-D15,FAN_OUT,LATENCY,inventory-service-proxy,COUNT_BASED,30,10,15,5,5,3,full,SYNTHETIC_PREVIEW,1970-01-01T00:00:00Z,SYNTHETIC,75.0,19.96,0.0,4.91,0.8082,0.7539,0.5,0.5,"{""order-service"":0.3954,""inventory-service"":0.6496,""payment-service"":0.7515,""notification-service"":0.0635}",3.853,26.799,True,True,20.0,20.603,0.0769,False,10.0,2.0,False,1.0,True,
FAN-LAT-CNT-T30-W10-D30,FAN_OUT,LATENCY,inventory-service-proxy,COUNT_BASED,30,10,30,5,5,1,full,SYNTHETIC_PREVIEW,1970-01-01T00:00:00Z,SYNTHETIC,90.0,20.66,0.0,5.7,0.8095,0.7241,0.75,0.5,"{""order-service"":0.5234,""inventory-service"":0.6918,""payment-service"":0.4436,""notification-service"":0.0848}",3.981,43.125,True,True,20.0,20.318,0.0621,False,10.0,2.0,False,1.0,True,
FAN-LAT-CNT-T30-W10-D30,FAN_OUT,LATENCY,inventory-service-proxy,COUNT_BASED,30,10,30,5,5,2,full,SYNTHETIC_PREVIEW,1970-01-01T00:00:00Z,SYNTHETIC,90.0,19.84,0.0,4.65,0.8685,0.7656,0.5,0.5,"{""order-service"":0.4016,""inventory-service"":0.6637,""payment-service"":0.7384,""notification-service"":0.0823}",3.578,47.12,True,True,20.0,19.455,0.0352,False,10.0,2.0,False,1.0,True,
FAN-LAT-CNT-T30-W10-D30,FAN_OUT,LATENCY,inventory-service-proxy,COUNT_BASED,30,10,30,5,5,3,full,SYNTHETIC_PREVIEW,1970-01-01T00:00:00Z,SYNTHETIC,90.0,19.65,0.0,3.58,0.8488,0.818,0.25,0.25,"{""order-service"":0.4191,""inventory-service"":0.66,""payment-service"":0.3182,""notification-service"":0.1368}",3.704,49.143,True,True,20.0,20.427,0.0489,False,10.0,2.0,False,1.0,True,
FAN-LAT-CNT-T30-W20-D5,FAN_OUT,LATENCY,inventory-service-proxy,COUNT_BASED,30,20,5,5,5,1,full,SYNTHETIC_PREVIEW,1970-01-01T00:00:00Z,SYNTHETIC,65.0,19.43,0.0,4.09,0.8513,0.7894,0.75,0.25,"{""order-service"":0.4825,""inventory-service"":0.6748,""payment-service"":0.4463,""notification-service"":0.1172}",6.099,16.395,True,True,20.0,20.025,0.0835,False,20.0,4.0,False,1.0,True,
FAN-LAT-CNT-T30-W20-D5,FAN_OUT,LATENCY,inventory-service-proxy,COUNT_BASED,30,20,5,5,5,2,full,SYNTHETIC_PREVIEW,1970-01-01T00:00:00Z,SYNTHETIC,65.0,20.35,0.0,5.37,0.8155,0.7359,0.75,0.5,"{""order-service"":0.493,""inventory-service"":0.7151,""payment-service"":0.6776,""notification-service"":0.0874}",6.225,16.745,True,True,20.0,20.754,0.0575,False,20.0,4.0,False,1.0,True,
FAN-LAT-CNT-T30-W20-D5,FAN_OUT,LATENCY,inventory-service-proxy,COUNT_BASED,30,20,5,5,5,3,full,SYNTHETIC_PREVIEW,1970-01-01T00:00:00Z,SYNTHETIC,65.0,20.73,0.0,5.82,0.8338,0.7194,0.25,0.25,"{""order-service"":0.2665,""inventory-service"":0.6746,""payment-service"":0.3896,""notification-service"":0.0891}",6.954,16.667,True,True,20.0,20.191,0.0408,False,20.0,4.0,False,1.0,True,
FAN-LAT-CNT-T30-W20-D15,FAN_OUT,LATENCY,inventory-service-proxy,COUNT_BASED,30,20,15,5,5,1,full,SYNTHETIC_PREVIEW,1970-01-01T00:00:00Z,SYNTHETIC,75.0,19.79,0.0,6.42,0.7945,0.6755,0.75,0.75,"{""order-service"":0.5982,""inventory-service"":0.6777,""payment-service"":0.6096,""notification-service"":0.1181}",6.341,26.295,True,True,20.0,20.153,0.0738,False,20.0,4.0,False,1.0,True,
FAN-LAT-CNT-T30-W20-D15,FAN_OUT,LATENCY,inventory-service-proxy,COUNT_BASED,30,20,15,5,5,2,full,SYNTHETIC_PREVIEW,1970-01-01T00:00:00Z,SYNTHETIC,75.0,21.66,0.0,5.62,0.8274,0.7405,0.5,0.5,"{""order-service"":0.3904,""inventory-service"":0.6598,""payment-service"":0.5586,""notification-service"":0.1261}",6.833,31.606,True,True,20.0,19.997,0.0354,False,20.0,4.0,False,1.0,True,
FAN-LAT-CNT-T30-W20-D15,FAN_OUT,LATENCY,inventory-service-proxy,COUNT_BASED,30,20,15,5,5,3,full,SYNTHETIC_PREVIEW,1970-01-01T00:00:00Z,SYNTHETIC,75.0,20.62,0.0,7.07,0.7611,0.6574,0.5,0.25,"{""order-service"":0.3898,""inventory-service"":0.6912,""payment-service"":0.4305,""notification-service"":0.0608}",6.396,26.32,True,True,20.0,20.493,0.0272,False,20.0,4.0,False,1.0,True,
FAN-LAT-CNT-T30-W20-D30,FAN_OUT,LATENCY,inventory-service-proxy,COUNT_BASED,30,20,30,5,5,1,full,SYNTHETIC_PREVIEW,1970-01-01T00:00:00Z,SYNTHETIC,90.0,20.62,0.0,5.83,0.776,0.7173,0.75,0.75,"{""order-service"":0.5129,""inventory-service"":0.691,""payment-service"":0.566,""notification-service"":0.1115}",6.026,45.055,True,True,20.0,20.711,0.0681,False,20.0,4.0,False,1.0,True,
FAN-LAT-CNT-T30-W20-D30,FAN_OUT,LATENCY,inventory-service-proxy,COUNT_BASED,30,20,30,5,5,2,full,SYNTHETIC_PREVIEW,1970-01-01T00:00:00Z,SYNTHETIC,90.0,21.2,0.0,5.7,0.8296,0.731,0.5,0.25,"{""order-service"":0.4987,""inventory-service"":0.6472,""payment-service"":0.4023,""notification-service"":0.0975}",5.99,53.138,True,True,20.0,20.035,0.0555,False,20.0,4.0,False,1.0,True,
FAN-LAT-CNT-T30-W20-D30,FAN_OUT,LATENCY,inventory-service-proxy,COUNT_BASED,30,20,30,5,5,3,full,SYNTHETIC_PREVIEW,1970-01-01T00:00:00Z,SYNTHETIC,90.0,21.18,0.0,5.8,0.8346,0.7262,0.75,0.25,"{""order-service"":0.4308,""inventory-service"":0.658,""payment-service"":0.4898,""notification-service"":0.06}",6.316,46.056,True,True,20.0,20.217,0.069,False,20.0,4.0,False,1.0,True,
FAN-LAT-CNT-T50-W5-D5,FAN_OUT,LATENCY,inventory-service-proxy,COUNT_BASED,50,5,5,5,5,1,full,SYNTHETIC_PREVIEW,1970-01-01T00:00:00Z,SYNTHETIC,65.0,20.8,0.0,5.5,0.8259,0.7355,0.75,0.5,"{""order-service"":0.4706,""inventory-service"":0.6414,""payment-service"":0.6301,""notification-service"":0.1032}",3.427,16.132,True,True,20.0,20.314,0.0267,False,5.0,1.0,False,1.0,True,
FAN-LAT-CNT-T50-W5-D5,FAN_OUT,LATENCY,inventory-service-proxy,COUNT_BASED,50,5,5,5,5,2,full,SYNTHETIC_PREVIEW,1970-01-01T00:00:00Z,SYNTHETIC,65.0,20.71,0.0,6.53,0.7904,0.6846,0.25,0.25,"{""order-service"":0.3177,""inventory-service"":0.6985,""payment-service"":0.1958,""notification-service"":0.1029}",3.442,15.59,True,True,20.0,19.861,0.0411,False,5.0,1.0,False,1.0,True,
FAN-LAT-CNT-T50-W5-D5,FAN_OUT,LATENCY,inventory-service-proxy,COUNT_BASED,50,5,5,5,5,3,full,SYNTHETIC_PREVIEW,1970-01-01T00:00:00Z,SYNTHETIC,65.0,19.34,0.0,5.6,0.8179,0.7103,0.5,0.5,"{""order-service"":0.6133,""inventory-service"":0.7088,""payment-service"":0.2634,""notification-service"":0.1061}",3.59,15.431,True,True,20.0,20.26,0.0729,False,5.0,1.0,False,1.0,True,
FAN-LAT-CNT-T50-W5-D15,FAN_OUT,LATENCY,inventory-service-proxy,COUNT_BASED,50,5,15,5,5,1,full,SYNTHETIC_PREVIEW,1970-01-01T00:00:00Z,SYNTHETIC,75.0,19.42,0.0,5.06,0.8345,0.7396,0.75,0.25,"{""order-service"":0.4662,""inventory-service"":0.6457,""payment-service"":0.476,""notification-service"":0.0933}",3.425,26.724,True,True,20.0,19.33,0.0872,False,5.0,1.0,False,1.0,True,
FAN-LAT-CNT-T50-W5-D15,FAN_OUT,LATENCY,inventory-service-proxy,COUNT_BASED,50,5,15,5,5,2,full,SYNTHETIC_PREVIEW,1970-01-01T00:00:00Z,SYNTHETIC,75.0,21.38,0.0,5.43,0.8714,0.7461,0.75,0.75,"{""order-service"":0.7199,""inventory-service"":0.7179,""payment-service"":0.529,""notification-service"":0.0527}",3.517,27.431,True,True,20.0,19.857,0.0484,False,5.0,1.0,False,1.0,True,
FAN-LAT-CNT-T50-W5-D15,FAN_OUT,LATENCY,inventory-service-proxy,COUNT_BASED,50,5,15,5,5,3,full,SYNTHETIC_PREVIEW,1970-01-01T00:00:00Z,SYNTHETIC,75.0,21.12,0.0,5.5,0.8134,0.7394,0.75,0.75,"{""order-service"":0.525,""inventory-service"":0.6692,""payment-service"":0.5672,""notification-service"":0.1063}",3.526,30.815,True,True,20.0,20.137,0.0872,False,5.0,1.0,False,1.0,True,
FAN-LAT-CNT-T50-W5-D30,FAN_OUT,LATENCY,inventory-service-proxy,COUNT_BASED,50,5,30,5,5,1,full,SYNTHETIC_PREVIEW,1970-01-01T00:00:00Z,SYNTHETIC,90.0,19.08,0.0,5.63,0.8005,0.7047,0.75,0.5,"{""order-service"":0.4585,""inventory-service"":0.7236,""payment-service"":0.544,""notification-service"":0.0225}",3.685,46.986,True,True,20.0,19.669,0.0483,False,5.0,1.0,False,1.0,True,
FAN-LAT-CNT-T50-W5-D30,FAN_OUT,LATENCY,inventory-service-proxy,COUNT_BASED,50,5,30,5,5,2,full,SYNTHETIC_PREVIEW,1970-01-01T00:00:00Z,SYNTHETIC,90.0,19.86,0.0,3.93,0.8508,0.8019,0.5,0.5,"{""order-service"":0.3565,""inventory-service"":0.605,""payment-service"":0.6324,""notification-service"":0.071}",3.65,43.243,True,True,20.0,20.379,0.0393,False,5.0,1.0,False,1.0,True,
FAN-LAT-CNT-T50-W5-D30,FAN_OUT,LATENCY,inventory-service-proxy,COUNT_BASED,50,5,30,5,5,3,full,SYNTHETIC_PREVIEW,1970-01-01T00:00:00Z,SYNTHETIC,90.0,21.05,0.0,6.04,0.7678,0.7132,0.5,0.25,"{""order-service"":0.413,""inventory-service"":0.7012,""payment-service"":0.4387,""notification-service"":0.19}",3.742,46.63,True,True,20.0,20.861,0.0203,False,5.0,1.0,False,1.0,True,
FAN-LAT-CNT-T50-W10-D5,FAN_OUT,LATENCY,inventory-service-proxy,COUNT_BASED,50,10,5,5,5,1,full,SYNTHETIC_PREVIEW,1970-01-01T00:00:00Z,SYNTHETIC,65.0,21.19,0.0,5.45,0.8045,0.7428,0.5,0.25,"{""order-service"":0.416,""inventory-service"":0.6386,""payment-service"":0.4232,""notification-service"":0.1075}",4.376,14.823,True,True,20.0,19.53,0.0869,False,10.0,2.0,False,1.0,True,
FAN-LAT-CNT-T50-W10-D5,FAN_OUT,LATENCY,inventory-service-proxy,COUNT_BASED,50,10,5,5,5,2,full,SYNTHETIC_PREVIEW,1970-01-01T00:00:00Z,SYNTHETIC,65.0,20.25,0.0,4.5,0.8286,0.7775,0.25,0.25,"{""order-service"":0.3695,""inventory-service"":0.6508,""payment-service"":0.273,""notification-service"":0.0367}",4.46,18.023,True,True,20.0,19.404,0.0388,False,10.0,2.0,False,1.0,True,
FAN-LAT-CNT-T50-W10-D5,FAN_OUT,LATENCY,inventory-service-proxy,COUNT_BASED,50,10,5,5,5,3,full,SYNTHETIC_PREVIEW,1970-01-01T00:00:00Z,SYNTHETIC,65.0,20.3,0.0,6.28,0.7925,0.6907,0.75,0.25,"{""order-service"":0.4641,""inventory-service"":0.7378,""payment-service"":0.4772,""notification-service"":0.1223}",4.624,18.716,True,True,20.0,20.276,0.0592,False,10.0,2.0,False,1.0,True,
FAN-LAT-CNT-T50-W10-D15,FAN_OUT,LATENCY,inventory-service-proxy,COUNT_BASED,50,10,15,5,5,1,full,SYNTHETIC_PREVIEW,1970-01-01T00:00:00Z,SYNTHETIC,75.0,22.22,0.0,4.11,0.922,0.8151,0.75,0.5,"{""order-service"":0.4643,""inventory-service"":0.6422,""payment-service"":0.5516,""notification-service"":0.0348}",4.652,29.968,True,True,20.0,20.003,0.0206,False,10.0,2.0,False,1.0,True,
FAN-LAT-CNT-T50-W10-D15,FAN_OUT,LATENCY,inventory-service-proxy,COUNT_BASED,50,10,15,5,5,2,full,SYNTHETIC_PREVIEW,1970-01-01T00:00:00Z,SYNTHETIC,75.0,20.29,0.0,4.08,0.8641,0.7989,0.5,0.25,"{""order-service"":0.3668,""inventory-service"":0.7015,""payment-service"":0.4497,""notification-service"":0.0689}",4.694,28.988,True,True,20.0,19.873,0.0328,False,10.0,2.0,False,1.0,True,
FAN-LAT-CNT-T50-W10-D15,FAN_OUT,LATENCY,inventory-service-proxy,COUNT_BASED,50,10,15,5,5,3,full,SYNTHETIC_PREVIEW,1970-01-01T00:00:00Z,SYNTHETIC,75.0,21.87,0.0,4.96,0.8246,0.7733,0.5,0.5,"{""order-service"":0.5289,""inventory-service"":0.62,""payment-service"":0.2432,""notification-service"":0.1646}",4.513,31.402,True,True,20.0,20.406,0.0769,False,10.0,2.0,False,1.0,True,
FAN-LAT-CNT-T50-W10-D30,FAN_OUT,LATENCY,inventory-service-proxy,COUNT_BASED,50,10,30,5,5,1,full,SYNTHETIC_PREVIEW,1970-01-01T00:00:00Z,SYNTHETIC,90.0,21.01,0.0,4.84,0.8925,0.7694,0.75,0.5,"{""order-service"":0.6149,""inventory-service"":0.6406,""payment-service"":0.4313,""notification-service"":0.1321}",4.627,45.179,True,True,20.0,20.111,0.0434,False,10.0,2.0,False,1.0,True,
FAN-LAT-CNT-T50-W10-D30,FAN_OUT,LATENCY,inventory-service-proxy,COUNT_BASED,50,10,30,5,5,2,full,SYNTHETIC_PREVIEW,1970-01-01T00:00:00Z,SYNTHETIC,90.0,21.47,0.0,5.42,0.8349,0.7477,0.5,0.5,"{""order-service"":0.5197,""inventory-service"":0.6697,""payment-service"":0.311,""notification-service"":0.0936}",4.451,43.798,True,True,20.0,19.515,0.0587,False,10.0,2.0,False,1.0,True,
FAN-LAT-CNT-T50-W10-D30,FAN_OUT,LATENCY,inventory-service-proxy,COUNT_BASED,50,10,30,5,5,3,full,SYNTHETIC_PREVIEW,1970-01-01T00:00:00Z,SYNTHETIC,90.0,19.58,0.0,4.77,0.7963,0.7561,0.5,0.25,"{""order-service"":0.4564,""inventory-service"":0.6582,""payment-service"":0.381,""notification-service"":0.1181}",4.71,53.937,True,True,20.0,19.759,0.0891,False,10.0,2.0,False,1.0,True,
FAN-LAT-CNT-T50-W20-D5,FAN_OUT,LATENCY,inventory-service-proxy,COUNT_BASED,50,20,5,5,5,1,full,SYNTHETIC_PREVIEW,1970-01-01T00:00:00Z,SYNTHETIC,65.0,21.23,0.0,6.03,0.8005,0.7159,0.25,0.25,"{""order-service"":0.3317,""inventory-service"":0.7341,""payment-service"":0.3471,""notification-service"":0.1562}",7.859,18.163,True,True,20.0,19.135,0.0384,False,20.0,4.0,False,1.0,True,
FAN-LAT-CNT-T50-W20-D5,FAN_OUT,LATENCY,inventory-service-proxy,COUNT_BASED,50,20,5,5,5,2,full,SYNTHETIC_PREVIEW,1970-01-01T00:00:00Z,SYNTHETIC,65.0,21.05,0.0,5.23,0.8181,0.7516,0.5,0.5,"{""order-service"":0.254,""inventory-service"":0.6346,""payment-service"":0.5413,""notification-service"":0.1275}",7.929,19.249,True,True,20.0,19.746,0.0611,False,20.0,4.0,False,1.0,True,
FAN-LAT-CNT-T50-W20-D5,FAN_OUT,LATENCY,inventory-service-proxy,COUNT_BASED,50,20,5,5,5,3,full,SYNTHETIC_PREVIEW,1970-01-01T00:00:00Z,SYNTHETIC,65.0,19.58,0.0,4.56,0.8271,0.7672,0.5,0.5,"{""order-service"":0.5021,""inventory-service"":0.6955,""payment-service"":0.3288,""notification-service"":0.1319}",7.88,18.194,True,True,20.0,19.874,0.021,False,20.0,4.0,False,1.0,True,
FAN-LAT-CNT-T50-W20-D15,FAN_OUT,LATENCY,inventory-service-proxy,COUNT_BASED,50,20,15,5,5,1,full,SYNTHETIC_PREVIEW,1970-01-01T00:00:00Z,SYNTHETIC,75.0,20.58,0.0,3.77,0.8734,0.817,0.5,0.25,"{""order-service"":0.4357,""inventory-service"":0.6932,""payment-service"":0.1486,""notification-service"":0.1892}",7.923,29.061,True,True,20.0,20.489,0.0492,False,20.0,4.0,False,1.0,True,
FAN-LAT-CNT-T50-W20-D15,FAN_OUT,LATENCY,inventory-service-proxy,COUNT_BASED,50,20,15,5,5,2,full,SYNTHETIC_PREVIEW,1970-01-01T00:00:00Z,SYNTHETIC,75.0,19.9,0.0,3.62,0.8623,0.818,0.25,0.25,"{""order-service"":0.3449,""inventory-service"":0.7078,""payment-service"":0.3713,""notification-service"":0.0383}",7.759,23.299,True,True,20.0,19.664,0.0351,False,20.0,4.0,False,1.0,True,
FAN-LAT-CNT-T50-W20-D15,FAN_OUT,LATENCY,inventory-service-proxy,COUNT_BASED,50,20,15,5,5,3,full,SYNTHETIC_PREVIEW,1970-01-01T00:00:00Z,SYNTHETIC,75.0,21.92,0.0,5.97,0.8545,0.7274,0.25,0.25,"{""order-service"":0.2772,""inventory-service"":0.6677,""payment-service"":0.2193,""notification-service"":0.1302}",7.818,28.311,True,True,20.0,20.105,0.0802,False,20.0,4.0,False,1.0,True,
FAN-LAT-CNT-T50-W20-D30,FAN_OUT,LATENCY,inventory-service-proxy,COUNT_BASED,50,20,30,5,5,1,full,SYNTHETIC_PREVIEW,1970-01-01T00:00:00Z,SYNTHETIC,90.0,21.54,0.0,4.97,0.8238,0.7694,0.5,0.5,"{""order-service"":0.5892,""inventory-service"":0.6602,""payment-service"":0.3128,""notification-service"":0.1562}",7.963,49.633,True,True,20.0,19.61,0.0532,False,20.0,4.0,False,1.0,True,
FAN-LAT-CNT-T50-W20-D30,FAN_OUT,LATENCY,inventory-service-proxy,COUNT_BASED,50,20,30,5,5,2,full,SYNTHETIC_PREVIEW,1970-01-01T00:00:00Z,SYNTHETIC,90.0,20.18,0.0,5.26,0.8079,0.7394,0.5,0.25,"{""order-service"":0.4234,""inventory-service"":0.6719,""payment-service"":0.2232,""notification-service"":0.1257}",7.967,48.351,True,True,20.0,19.514,0.0333,False,20.0,4.0,False,1.0,True,
FAN-LAT-CNT-T50-W20-D30,FAN_OUT,LATENCY,inventory-service-proxy,COUNT_BASED,50,20,30,5,5,3,full,SYNTHETIC_PREVIEW,1970-01-01T00:00:00Z,SYNTHETIC,90.0,20.25,0.0,5.75,0.8297,0.7163,0.25,0.25,"{""order-service"":0.4127,""inventory-service"":0.6338,""payment-service"":0.3643,""notification-service"":0.1117}",8.175,47.756,True,True,20.0,20.108,0.064,False,20.0,4.0,False,1.0,True,
FAN-LAT-CNT-T70-W5-D5,FAN_OUT,LATENCY,inventory-service-proxy,COUNT_BASED,70,5,5,5,5,1,full,SYNTHETIC_PREVIEW,1970-01-01T00:00:00Z,SYNTHETIC,65.0,20.16,0.0,5.62,0.8136,0.7211,0.25,0.25,"{""order-service"":0.3991,""inventory-service"":0.6817,""payment-service"":0.4173,""notification-service"":0.1198}",4.404,17.727,True,True,20.0,20.333,0.0652,False,5.0,1.0,False,1.0,True,
FAN-LAT-CNT-T70-W5-D5,FAN_OUT,LATENCY,inventory-service-proxy,COUNT_BASED,70,5,5,5,5,2,full,SYNTHETIC_PREVIEW,1970-01-01T00:00:00Z,SYNTHETIC,65.0,20.74,0.0,6.82,0.789,0.6713,0.25,0.25,"{""order-service"":0.2989,""inventory-service"":0.7212,""payment-service"":0.3176,""notification-service"":0.0931}",4.411,16.661,True,True,20.0,19.995,0.0709,False,5.0,1.0,False,1.0,True,
FAN-LAT-CNT-T70-W5-D5,FAN_OUT,LATENCY,inventory-service-proxy,COUNT_BASED,70,5,5,5,5,3,full,SYNTHETIC_PREVIEW,1970-01-01T00:00:00Z,SYNTHETIC,65.0,21.49,0.0,4.84,0.862,0.7747,0.5,0.25,"{""order-service"":0.3588,""inventory-service"":0.7086,""payment-service"":0.4689,""notification-service"":0.0668}",4.323,16.529,True,True,20.0,19.553,0.0419,False,5.0,1.0,False,1.0,True,
FAN-LAT-CNT-T70-W5-D15,FAN_OUT,LATENCY,inventory-service-proxy,COUNT_BASED,70,5,15,5,5,1,full,SYNTHETIC_PREVIEW,1970-01-01T00:00:00Z,SYNTHETIC,75.0,21.67,0.0,5.71,0.8104,0.7366,0.5,0.25,"{""order-service"":0.4696,""inventory-service"":0.6633,""payment-service"":0.3778,""notification-service"":0.0912}",4.652,28.255,True,True,20.0,19.191,0.0891,False,5.0,1.0,False,1.0,True,
FAN-LAT-CNT-T70-W5-D15,FAN_OUT,LATENCY,inventory-service-proxy,COUNT_BASED,70,5,15,5,5,2,full,SYNTHETIC_PREVIEW,1970-01-01T00:00:00Z,SYNTHETIC,75.0,20.63,0.0,3.62,0.86,0.8246,0.5,0.25,"{""order-service"":0.2599,""inventory-service"":0.7134,""payment-service"":0.4374,""notification-service"":0.0268}",4.446,27.629,True,True,20.0,19.913,0.0697,False,5.0,1.0,False,1.0,True,
FAN-LAT-CNT-T70-W5-D15,FAN_OUT,LATENCY,inventory-service-proxy,COUNT_BASED,70,5,15,5,5,3,full,SYNTHETIC_PREVIEW,1970-01-01T00:00:00Z,SYNTHETIC,75.0,20.93,0.0,4.18,0.8261,0.8001,0.25,0.25,"{""order-service"":0.3168,""inventory-service"":0.6632,""payment-service"":0.2791,""notification-service"":0.086}",4.488,31.098,True,True,20.0,19.897,0.0636,False,5.0,1.0,False,1.0,True,
FAN-LAT-CNT-T70-W5-D30,FAN_OUT,LATENCY,inventory-service-proxy,COUNT_BASED,70,5,30,5,5,1,full,SYNTHETIC_PREVIEW,1970-01-01T00:00:00Z,SYNTHETIC,90.0,20.42,0.0,6.36,0.7714,0.6884,0.25,0.25,"{""order-service"":0.3683,""inventory-service"":0.5423,""payment-service"":0.3683,""notification-service"":0.103}",4.552,41.462,True,True,20.0,20.493,0.0495,False,5.0,1.0,False,1.0,True,
FAN-LAT-CNT-T70-W5-D30,FAN_OUT,LATENCY,inventory-service-proxy,COUNT_BASED,70,5,30,5,5,2,full,SYNTHETIC_PREVIEW,1970-01-01T00:00:00Z,SYNTHETIC,90.0,20.34,0.0,3.95,0.8482,0.8058,0.25,0.25,"{""order-service"":0.4061,""inventory-service"":0.6527,""payment-service"":0.2699,""notification-service"":0.1214}",4.315,57.035,True,True,20.0,19.625,0.0366,False,5.0,1.0,False,1.0,True,
FAN-LAT-CNT-T70-W5-D30,FAN_OUT,LATENCY,inventory-service-proxy,COUNT_BASED,70,5,30,5,5,3,full,SYNTHETIC_PREVIEW,1970-01-01T00:00:00Z,SYNTHETIC,90.0,20.45,0.0,5.57,0.8172,0.7277,0.5,0.25,"{""order-service"":0.1473,""inventory-service"":0.6391,""payment-service"":0.435,""notification-service"":0.0723}",4.38,51.512,True,True,20.0,19.73,0.0619,False,5.0,1.0,False,1.0,True,
FAN-LAT-CNT-T70-W10-D5,FAN_OUT,LATENCY,inventory-service-proxy,COUNT_BASED,70,10,5,5,5,1,full,SYNTHETIC_PREVIEW,1970-01-01T00:00:00Z,SYNTHETIC,65.0,20.49,0.0,4.59,0.8829,0.7759,0.25,0.25,"{""order-service"":0.3516,""inventory-service"":0.6912,""payment-service"":0.4016,""notification-service"":0.1314}",5.61,15.785,True,True,20.0,20.09,0.0404,False,10.0,2.0,False,1.0,True,
FAN-LAT-CNT-T70-W10-D5,FAN_OUT,LATENCY,inventory-service-proxy,COUNT_BASED,70,10,5,5,5,2,full,SYNTHETIC_PREVIEW,1970-01-01T00:00:00Z,SYNTHETIC,65.0,20.72,0.0,3.88,0.8714,0.8127,0.25,0.25,"{""order-service"":0.3739,""inventory-service"":0.7243,""payment-service"":0.4006,""notification-service"":0.0}",5.888,14.628,True,True,20.0,19.506,0.071,False,10.0,2.0,False,1.0,True,
FAN-LAT-CNT-T70-W10-D5,FAN_OUT,LATENCY,inventory-service-proxy,COUNT_BASED,70,10,5,5,5,3,full,SYNTHETIC_PREVIEW,1970-01-01T00:00:00Z,SYNTHETIC,65.0,21.54,0.0,5.66,0.8086,0.7372,0.25,0.25,"{""order-service"":0.2669,""inventory-service"":0.6074,""payment-service"":0.267,""notification-service"":0.1455}",5.683,15.671,True,True,20.0,21.007,0.0209,False,10.0,2.0,False,1.0,True,
FAN-LAT-CNT-T70-W10-D15,FAN_OUT,LATENCY,inventory-service-proxy,COUNT_BASED,70,10,15,5,5,1,full,SYNTHETIC_PREVIEW,1970-01-01T00:00:00Z,SYNTHETIC,75.0,19.72,0.0,4.26,0.8195,0.784,0.25,0.25,"{""order-service"":0.1932,""inventory-service"":0.6565,""payment-service"":0.2099,""notification-service"":0.1356}",5.838,27.134,True,True,20.0,20.248,0.0341,False,10.0,2.0,False,1.0,True,
FAN-LAT-CNT-T70-W10-D15,FAN_OUT,LATENCY,inventory-service-proxy,COUNT_BASED,70,10,15,5,5,2,full,SYNTHETIC_PREVIEW,1970-01-01T00:00:00Z,SYNTHETIC,75.0,20.48,0.0,3.81,0.8545,0.8142,0.25,0.25,"{""order-service"":0.3326,""inventory-service"":0.6491,""payment-service"":0.3014,""notification-service"":0.1717}",5.973,29.41,True,True,20.0,20.275,0.0313,False,10.0,2.0,False,1.0,True,
FAN-LAT-CNT-T70-W10-D15,FAN_OUT,LATENCY,inventory-service-proxy,COUNT_BASED,70,10,15,5,5,3,full,SYNTHETIC_PREVIEW,1970-01-01T00:00:00Z,SYNTHETIC,75.0,19.93,0.0,4.49,0.8073,0.7747,0.5,0.5,"{""order-service"":0.5051,""inventory-service"":0.6947,""payment-service"":0.3439,""notification-service"":0.1287}",5.826,26.767,True,True,20.0,20.265,0.0738,False,10.0,2.0,False,1.0,True,
FAN-LAT-CNT-T70-W10-D30,FAN_OUT,LATENCY,inventory-service-proxy,COUNT_BASED,70,10,30,5,5,1,full,SYNTHETIC_PREVIEW,1970-01-01T00:00:00Z,SYNTHETIC,90.0,20.89,0.0,5.35,0.8437,0.7437,0.5,0.25,"{""order-service"":0.4663,""inventory-service"":0.6968,""payment-service"":0.2042,""notification-service"":0.1011}",5.856,53.054,True,True,20.0,19.752,0.0553,False,10.0,2.0,False,1.0,True,
FAN-LAT-CNT-T70-W10-D30,FAN_OUT,LATENCY,inventory-service-proxy,COUNT_BASED,70,10,30,5,5,2,full,SYNTHETIC_PREVIEW,1970-01-01T00:00:00Z,SYNTHETIC,90.0,19.83,0.0,4.08,0.8561,0.7944,0.25,0.25,"{""order-service"":0.4129,""inventory-service"":0.6369,""payment-service"":0.2811,""notification-service"":0.1474}",5.549,48.788,True,True,20.0,20.021,0.0663,False,10.0,2.0,False,1.0,True,
FAN-LAT-CNT-T70-W10-D30,FAN_OUT,LATENCY,inventory-service-proxy,COUNT_BASED,70,10,30,5,5,3,full,SYNTHETIC_PREVIEW,1970-01-01T00:00:00Z,SYNTHETIC,90.0,19.42,0.0,5.93,0.8067,0.6945,0.25,0.25,"{""order-service"":0.3249,""inventory-service"":0.6581,""payment-service"":0.3993,""notification-service"":0.0985}",5.759,48.654,True,True,20.0,19.85,0.0529,False,10.0,2.0,False,1.0,True,
FAN-LAT-CNT-T70-W20-D5,FAN_OUT,LATENCY,inventory-service-proxy,COUNT_BASED,70,20,5,5,5,1,full,SYNTHETIC_PREVIEW,1970-01-01T00:00:00Z,SYNTHETIC,65.0,20.92,0.0,5.13,0.8287,0.755,0.25,0.25,"{""order-service"":0.2311,""inventory-service"":0.7042,""payment-service"":0.1635,""notification-service"":0.071}",9.395,17.738,True,True,20.0,19.728,0.0519,False,20.0,4.0,False,1.0,True,
FAN-LAT-CNT-T70-W20-D5,FAN_OUT,LATENCY,inventory-service-proxy,COUNT_BASED,70,20,5,5,5,2,full,SYNTHETIC_PREVIEW,1970-01-01T00:00:00Z,SYNTHETIC,65.0,20.5,0.0,4.9,0.8184,0.761,0.25,0.25,"{""order-service"":0.2865,""inventory-service"":0.7015,""payment-service"":0.1913,""notification-service"":0.0612}",9.89,18.972,True,True,20.0,19.432,0.0623,False,20.0,4.0,False,1.0,True,
FAN-LAT-CNT-T70-W20-D5,FAN_OUT,LATENCY,inventory-service-proxy,COUNT_BASED,70,20,5,5,5,3,full,SYNTHETIC_PREVIEW,1970-01-01T00:00:00Z,SYNTHETIC,65.0,20.57,0.0,5.08,0.8046,0.7529,0.25,0.25,"{""order-service"":0.246,""inventory-service"":0.6704,""payment-service"":0.334,""notification-service"":0.0499}",9.496,19.987,True,True,20.0,20.201,0.0217,False,20.0,4.0,False,1.0,True,
FAN-LAT-CNT-T70-W20-D15,FAN_OUT,LATENCY,inventory-service-proxy,COUNT_BASED,70,20,15,5,5,1,full,SYNTHETIC_PREVIEW,1970-01-01T00:00:00Z,SYNTHETIC,75.0,20.1,0.0,5.85,0.8158,0.7092,0.25,0.25,"{""order-service"":0.1967,""inventory-service"":0.6265,""payment-service"":0.1505,""notification-service"":0.143}",9.916,26.75,True,True,20.0,20.487,0.0436,False,20.0,4.0,False,1.0,True,
FAN-LAT-CNT-T70-W20-D15,FAN_OUT,LATENCY,inventory-service-proxy,COUNT_BASED,70,20,15,5,5,2,full,SYNTHETIC_PREVIEW,1970-01-01T00:00:00Z,SYNTHETIC,75.0,20.49,0.0,5.23,0.8163,0.7448,0.25,0.25,"{""order-service"":0.2402,""inventory-service"":0.6449,""payment-service"":0.2407,""notification-service"":0.0702}",9.785,25.912,True,True,20.0,20.357,0.0817,False,20.0,4.0,False,1.0,True,
FAN-LAT-CNT-T70-W20-D15,FAN_OUT,LATENCY,inventory-service-proxy,COUNT_BASED,70,20,15,5,5,3,full,SYNTHETIC_PREVIEW,1970-01-01T00:00:00Z,SYNTHETIC,75.0,20.85,0.0,3.86,0.875,0.8147,0.25,0.25,"{""order-service"":0.1954,""inventory-service"":0.7094,""payment-service"":0.3203,""notification-service"":0.0788}",9.482,27.486,True,True,20.0,19.712,0.0209,False,20.0,4.0,False,1.0,True,
FAN-LAT-CNT-T70-W20-D30,FAN_OUT,LATENCY,inventory-service-proxy,COUNT_BASED,70,20,30,5,5,1,full,SYNTHETIC_PREVIEW,1970-01-01T00:00:00Z,SYNTHETIC,90.0,20.27,0.0,5.3,0.8563,0.7386,0.25,0.25,"{""order-service"":0.199,""inventory-service"":0.6111,""payment-service"":0.2988,""notification-service"":0.0162}",10.08,49.338,True,True,20.0,19.967,0.0655,False,20.0,4.0,False,1.0,True,
FAN-LAT-CNT-T70-W20-D30,FAN_OUT,LATENCY,inventory-service-proxy,COUNT_BASED,70,20,30,5,5,2,full,SYNTHETIC_PREVIEW,1970-01-01T00:00:00Z,SYNTHETIC,90.0,20.36,0.0,4.03,0.8873,0.802,0.25,0.25,"{""order-service"":0.3001,""inventory-service"":0.6657,""payment-service"":0.245,""notification-service"":0.0304}",9.58,50.581,True,True,20.0,19.174,0.0748,False,20.0,4.0,False,1.0,True,
FAN-LAT-CNT-T70-W20-D30,FAN_OUT,LATENCY,inventory-service-proxy,COUNT_BASED,70,20,30,5,5,3,full,SYNTHETIC_PREVIEW,1970-01-01T00:00:00Z,SYNTHETIC,90.0,20.42,0.0,4.95,0.8476,0.7578,0.25,0.25,"{""order-service"":0.1375,""inventory-service"":0.6658,""payment-service"":0.3402,""notification-service"":0.1594}",10.195,51.025,True,True,20.0,20.241,0.0557,False,20.0,4.0,False,1.0,True,
FAN-LAT-TIM-T30-W5-D5,FAN_OUT,LATENCY,inventory-service-proxy,TIME_BASED,30,5,5,5,5,1,full,SYNTHETIC_PREVIEW,1970-01-01T00:00:00Z,SYNTHETIC,85.0,20.39,0.0,6.71,0.7857,0.6706,0.75,0.5,"{""order-service"":0.7026,""inventory-service"":0.7027,""payment-service"":0.4559,""notification-service"":0.0632}",3.631,24.07,True,True,20.0,20.575,0.0618,False,102.88,20.5753,False,1.0,True,
FAN-LAT-TIM-T30-W5-D5,FAN_OUT,LATENCY,inventory-service-proxy,TIME_BASED,30,5,5,5,5,2,full,SYNTHETIC_PREVIEW,1970-01-01T00:00:00Z,SYNTHETIC,85.0,19.92,0.0,4.92,0.8316,0.7532,0.75,0.75,"{""order-service"":0.5231,""inventory-service"":0.7124,""payment-service"":0.7981,""notification-service"":0.1653}",3.75,26.758,True,True,20.0,20.123,0.0368,False,100.62,20.1235,False,1.0,True,
FAN-LAT-TIM-T30-W5-D5,FAN_OUT,LATENCY,inventory-service-proxy,TIME_BASED,30,5,5,5,5,3,full,SYNTHETIC_PREVIEW,1970-01-01T00:00:00Z,SYNTHETIC,85.0,22.26,0.0,7.0,0.7998,0.6856,0.5,0.25,"{""order-service"":0.4023,""inventory-service"":0.6822,""payment-service"":0.4575,""notification-service"":0.1153}",3.787,28.669,True,True,20.0,19.523,0.0392,False,97.61,19.5227,False,1.0,True,
FAN-LAT-TIM-T30-W5-D15,FAN_OUT,LATENCY,inventory-service-proxy,TIME_BASED,30,5,15,5,5,1,full,SYNTHETIC_PREVIEW,1970-01-01T00:00:00Z,SYNTHETIC,95.0,20.97,0.0,5.15,0.8002,0.7543,0.75,0.5,"{""order-service"":0.4423,""inventory-service"":0.6542,""payment-service"":0.501,""notification-service"":0.0826}",3.694,34.926,True,True,20.0,20.233,0.0323,False,101.17,20.2333,False,1.0,True,
FAN-LAT-TIM-T30-W5-D15,FAN_OUT,LATENCY,inventory-service-proxy,TIME_BASED,30,5,15,5,5,2,full,SYNTHETIC_PREVIEW,1970-01-01T00:00:00Z,SYNTHETIC,95.0,19.03,0.0,5.1,0.8095,0.7319,0.75,0.75,"{""order-service"":0.6166,""inventory-service"":0.6537,""payment-service"":0.6537,""notification-service"":0.0974}",3.615,37.33,True,True,20.0,20.174,0.043,False,100.87,20.1738,False,1.0,True,
FAN-LAT-TIM-T30-W5-D15,FAN_OUT,LATENCY,inventory-service-proxy,TIME_BASED,30,5,15,5,5,3,full,SYNTHETIC_PREVIEW,1970-01-01T00:00:00Z,SYNTHETIC,95.0,21.31,0.0,7.13,0.7826,0.6654,0.75,0.5,"{""order-service"":0.471,""inventory-service"":0.6678,""payment-service"":0.7227,""notification-service"":0.0356}",3.939,36.682,True,True,20.0,20.103,0.049,False,100.51,20.1027,False,1.0,True,
FAN-LAT-TIM-T30-W5-D30,FAN_OUT,LATENCY,inventory-service-proxy,TIME_BASED,30,5,30,5,5,1,full,SYNTHETIC_PREVIEW,1970-01-01T00:00:00Z,SYNTHETIC,110.0,20.64,0.0,5.77,0.7527,0.7204,0.5,0.5,"{""order-service"":0.2533,""inventory-service"":0.6586,""payment-service"":0.7666,""notification-service"":0.0285}",4.075,65.219,True,True,20.0,20.143,0.0528,False,100.71,20.1429,False,1.0,True,
FAN-LAT-TIM-T30-W5-D30,FAN_OUT,LATENCY,inventory-service-proxy,TIME_BASED,30,5,30,5,5,2,full,SYNTHETIC_PREVIEW,1970-01-01T00:00:00Z,SYNTHETIC,110.0,20.23,0.0,4.48,0.8311,0.7787,0.75,0.75,"{""order-service"":0.8418,""inventory-service"":0.5987,""payment-service"":0.5619,""notification-service"":0.059}",3.865,68.009,True,True,20.0,19.856,0.0788,False,99.28,19.8555,False,1.0,True,
FAN-LAT-TIM-T30-W5-D30,FAN_OUT,LATENCY,inventory-service-proxy,TIME_BASED,30,5,30,5,5,3,full,SYNTHETIC_PREVIEW,1970-01-01T00:00:00Z,SYNTHETIC,110.0,21.68,0.0,5.08,0.8184,0.7655,0.5,0.5,"{""order-service"":0.4123,""inventory-service"":0.6964,""payment-service"":0.9087,""notification-service"":0.0173}",3.684,76.308,True,True,20.0,20.617,0.0845,False,103.08,20.617,False,1.0,True,
FAN-LAT-TIM-T30-W10-D5,FAN_OUT,LATENCY,inventory-service-proxy,TIME_BASED,30,10,5,5,5,1,full,SYNTHETIC_PREVIEW,1970-01-01T00:00:00Z,SYNTHETIC,135.0,20.17,0.0,5.06,0.799,0.749,0.5,0.25,"{""order-service"":0.362,""inventory-service"":0.6801,""payment-service"":0.4836,""notification-service"":0.0576}",6.514,21.079,True,True,20.0,20.006,0.0341,False,200.06,40.0129,False,1.0,True,
FAN-LAT-TIM-T30-W10-D5,FAN_OUT,LATENCY,inventory-service-proxy,TIME_BASED,30,10,5,5,5,2,full,SYNTHETIC_PREVIEW,1970-01-01T00:00:00Z,SYNTHETIC,135.0,20.99,0.0,5.85,0.8447,0.7213,0.5,0.5,"{""order-service"":0.3899,""inventory-service"":0.6273,""payment-service"":0.6042,""notification-service"":0.1141}",6.573,26.054,True,True,20.0,19.861,0.0498,False,198.61,39.7218,False,1.0,True,
FAN-LAT-TIM-T30-W10-D5,FAN_OUT,LATENCY,inventory-service-proxy,TIME_BASED,30,10,5,5,5,3,full,SYNTHETIC_PREVIEW,1970-01-01T00:00:00Z,SYNTHETIC,135.0,20.05,0.0,4.65,0.8722,0.7682,0.5,0.25,"{""order-service"":0.3746,""inventory-service"":0.681,""payment-service"":0.4244,""notification-service"":0.0813}",6.42,25.932,True,True,20.0,19.337,0.0509,False,193.37,38.6733,False,1.0,True,
FAN-LAT-TIM-T30-W10-D15,FAN_OUT,LATENCY,inventory-service-proxy,TIME_BASED,30,10,15,5,5,1,full,SYNTHETIC_PREVIEW,1970-01-01T00:00:00Z,SYNTHETIC,145.0,20.34,0.0,6.48,0.7632,0.6812,0.75,0.75,"{""order-service"":0.5996,""inventory-service"":0.6506,""payment-service"":0.6434,""notification-service"":0.1189}",6.683,39.795,True,True,20.0,19.683,0.0443,False,196.83,39.3654,False,1.0,True,
FAN-LAT-TIM-T30-W10-D15,FAN_OUT,LATENCY,inventory-service-proxy,TIME_BASED,30,10,15,5,5,2,full,SYNTHETIC_PREVIEW,1970-01-01T00:00:00Z,SYNTHETIC,145.0,21.55,0.0,6.55,0.8063,0.6962,0.25,0.25,"{""order-service"":0.2684,""inventory-service"":0.6931,""payment-service"":0.403,""notification-service"":0.0521}",6.725,43.635,True,True,20.0,20.16,0.0272,False,201.6,40.3196,False,1.0,True,
FAN-LAT-TIM-T30-W10-D15,FAN_OUT,LATENCY,inventory-service-proxy,TIME_BASED,30,10,15,5,5,3,full,SYNTHETIC_PREVIEW,1970-01-01T00:00:00Z,SYNTHETIC,145.0,19.49,0.0,4.1,0.8326,0.7896,0.25,0.25,"{""order-service"":0.1919,""inventory-service"":0.7004,""payment-service"":0.2587,""notification-service"":0.0801}",6.683,42.892,True,True,20.0,20.176,0.0375,False,201.76,40.3515,False,1.0,True,
FAN-LAT-TIM-T30-W10-D30,FAN_OUT,LATENCY,inventory-service-proxy,TIME_BASED,30,10,30,5,5,1,full,SYNTHETIC_PREVIEW,1970-01-01T00:00:00Z,SYNTHETIC,160.0,20.22,0.0,4.52,0.8261,0.7764,0.75,0.75,"{""order-service"":0.6271,""inventory-service"":0.6865,""payment-service"":0.5834,""notification-service"":0.0583}",6.258,58.108,True,True,20.0,19.75,0.0834,False,197.5,39.4998,False,1.0,True,
FAN-LAT-TIM-T30-W10-D30,FAN_OUT,LATENCY,inventory-service-proxy,TIME_BASED,30,10,30,5,5,2,full,SYNTHETIC_PREVIEW,1970-01-01T00:00:00Z,SYNTHETIC,160.0,21.78,0.0,5.45,0.7925,0.7497,0.5,0.5,"{""order-service"":0.6488,""inventory-service"":0.74,""payment-service"":0.2484,""notification-service"":0.0287}",6.673,74.15,True,True,20.0,20.584,0.0847,False,205.84,41.1674,False,1.0,True,
FAN-LAT-TIM-T30-W10-D30,FAN_OUT,LATENCY,inventory-service-proxy,TIME_BASED,30,10,30,5,5,3,full,SYNTHETIC_PREVIEW,1970-01-01T00:00:00Z,SYNTHETIC,160.0,19.67,0.0,4.46,0.8314,0.7732,0.75,0.75,"{""order-service"":0.6073,""inventory-service"":0.6496,""payment-service"":0.7906,""notification-service"":0.135}",6.86,66.486,True,True,20.0,19.553,0.0823,False,195.53,39.1065,False,1.0,True,
FAN-LAT-TIM-T30-W20-D5,FAN_OUT,LATENCY,inventory-service-proxy,TIME_BASED,30,20,5,5,5,1,full,SYNTHETIC_PREVIEW,1970-01-01T00:00:00Z,SYNTHETIC,235.0,20.69,0.0,5.03,0.8474,0.7568,0.5,0.5,"{""order-service"":0.5617,""inventory-service"":0.7064,""payment-service"":0.3983,""notification-service"":0.0505}",10.13,22.716,True,True,20.0,19.776,0.0469,False,395.51,79.1026,False,1.0,True,
FAN-LAT-TIM-T30-W20-D5,FAN_OUT,LATENCY,inventory-service-proxy,TIME_BASED,30,20,5,5,5,2,full,SYNTHETIC_PREVIEW,1970-01-01T00:00:00Z,SYNTHETIC,235.0,20.85,0.0,5.4,0.8207,0.7409,0.75,0.25,"{""order-service"":0.4771,""inventory-service"":0.6175,""payment-service"":0.4981,""notification-service"":0.139}",9.623,22.422,True,True,20.0,19.933,0.0516,False,398.66,79.7326,False,1.0,True,
FAN-LAT-TIM-T30-W20-D5,FAN_OUT,LATENCY,inventory-service-proxy,TIME_BASED,30,20,5,5,5,3,full,SYNTHETIC_PREVIEW,1970-01-01T00:00:00Z,SYNTHETIC,235.0,21.39,0.0,3.42,0.8934,0.8399,0.5,0.5,"{""order-service"":0.5553,""inventory-service"":0.735,""payment-service"":0.3751,""notification-service"":0.1498}",10.393,28.074,True,True,20.0,20.916,0.0359,False,418.33,83.665,False,1.0,True,
FAN-LAT-TIM-T30-W20-D15,FAN_OUT,LATENCY,inventory-service-proxy,TIME_BASED,30,20,15,5,5,1,full,SYNTHETIC_PREVIEW,1970-01-01T00:00:00Z,SYNTHETIC,245.0,21.06,0.0,5.74,0.7773,0.7274,0.25,0.25,"{""order-service"":0.3038,""inventory-service"":0.6491,""payment-service"":0.2786,""notification-service"":0.116}",9.704,38.878,True,True,20.0,19.884,0.0498,False,397.69,79.5372,False,1.0,True,
FAN-LAT-TIM-T30-W20-D15,FAN_OUT,LATENCY,inventory-service-proxy,TIME_BASED,30,20,15,5,5,2,full,SYNTHETIC_PREVIEW,1970-01-01T00:00:00Z,SYNTHETIC,245.0,20.06,0.0,5.05,0.8348,0.7483,0.5,0.5,"{""order-service"":0.3858,""inventory-service"":0.6572,""payment-service"":0.5778,""notification-service"":0.1835}",10.351,44.115,True,True,20.0,19.452,0.0705,False,389.03,77.8067,False,1.0,True,
FAN-LAT-TIM-T30-W20-D15,FAN_OUT,LATENCY,inventory-service-proxy,TIME_BASED,30,20,15,5,5,3,full,SYNTHETIC_PREVIEW,1970-01-01T00:00:00Z,SYNTHETIC,245.0,19.65,0.0,3.57,0.8463,0.8182,0.25,0.25,"{""order-service"":0.2685,""inventory-service"":0.6838,""payment-service"":0.3552,""notification-service"":0.1494}",10.35,32.345,True,True,20.0,20.515,0.0759,False,410.31,82.0611,False,1.0,True,
FAN-LAT-TIM-T30-W20-D30,FAN_OUT,LATENCY,inventory-service-proxy,TIME_BASED,30,20,30,5,5,1,full,SYNTHETIC_PREVIEW,1970-01-01T00:00:00Z,SYNTHETIC,260.0,18.6,0.0,4.74,0.8247,0.745,0.25,0.25,"{""order-service"":0.2756,""inventory-service"":0.6085,""payment-service"":0.164,""notification-service"":0.1238}",9.25,86.894,True,True,20.0,19.666,0.033,False,393.32,78.6635,False,1.0,True,
FAN-LAT-TIM-T30-W20-D30,FAN_OUT,LATENCY,inventory-service-proxy,TIME_BASED,30,20,30,5,5,2,full,SYNTHETIC_PREVIEW,1970-01-01T00:00:00Z,SYNTHETIC,260.0,21.25,0.0,4.67,0.836,0.78,0.5,0.5,"{""order-service"":0.5151,""inventory-service"":0.7569,""payment-service"":0.3731,""notification-service"":0.1013}",10.083,78.961,True,True,20.0,20.377,0.0609,False,407.54,81.5085,False,1.0,True,
FAN-LAT-TIM-T30-W20-D30,FAN_OUT,LATENCY,inventory-service-proxy,TIME_BASED,30,20,30,5,5,3,full,SYNTHETIC_PREVIEW,1970-01-01T00:00:00Z,SYNTHETIC,260.0,20.45,0.0,5.5,0.8099,0.731,0.5,0.25,"{""order-service"":0.4712,""inventory-service"":0.7267,""payment-service"":0.3712,""notification-service"":0.049}",9.784,77.679,True,True,20.0,20.123,0.0711,False,402.45,80.4906,False,1.0,True,
FAN-LAT-TIM-T50-W5-D5,FAN_OUT,LATENCY,inventory-service-proxy,TIME_BASED,50,5,5,5,5,1,full,SYNTHETIC_PREVIEW,1970-01-01T00:00:00Z,SYNTHETIC,85.0,21.9,0.0,7.13,0.7247,0.6744,0.5,0.25,"{""order-service"":0.4016,""inventory-service"":0.6735,""payment-service"":0.4205,""notification-service"":0.1349}",4.915,21.695,True,True,20.0,19.622,0.0242,False,98.11,19.6224,False,1.0,True,
FAN-LAT-TIM-T50-W5-D5,FAN_OUT,LATENCY,inventory-service-proxy,TIME_BASED,50,5,5,5,5,2,full,SYNTHETIC_PREVIEW,1970-01-01T00:00:00Z,SYNTHETIC,85.0,20.28,0.0,5.76,0.7462,0.7161,0.5,0.25,"{""order-service"":0.3051,""inventory-service"":0.6318,""payment-service"":0.433,""notification-service"":0.1928}",5.43,22.463,True,True,20.0,20.05,0.0408,False,100.25,20.0503,False,1.0,True,
FAN-LAT-TIM-T50-W5-D5,FAN_OUT,LATENCY,inventory-service-proxy,TIME_BASED,50,5,5,5,5,3,full,SYNTHETIC_PREVIEW,1970-01-01T00:00:00Z,SYNTHETIC,85.0,20.34,0.0,4.65,0.8222,0.7712,0.5,0.25,"{""order-service"":0.4552,""inventory-service"":0.7113,""payment-service"":0.4063,""notification-service"":0.0}",5.245,26.246,True,True,20.0,19.548,0.0265,False,97.74,19.5481,False,1.0,True,
FAN-LAT-TIM-T50-W5-D15,FAN_OUT,LATENCY,inventory-service-proxy,TIME_BASED,50,5,15,5,5,1,full,SYNTHETIC_PREVIEW,1970-01-01T00:00:00Z,SYNTHETIC,95.0,19.64,0.0,3.58,0.8894,0.8179,0.5,0.25,"{""order-service"":0.3868,""inventory-service"":0.6857,""payment-service"":0.4658,""notification-service"":0.0705}",5.404,41.631,True,True,20.0,18.738,0.0894,False,93.69,18.7385,False,1.0,True,
FAN-LAT-TIM-T50-W5-D15,FAN_OUT,LATENCY,inventory-service-proxy,TIME_BASED,50,5,15,5,5,2,full,SYNTHETIC_PREVIEW,1970-01-01T00:00:00Z,SYNTHETIC,95.0,21.05,0.0,5.64,0.8309,0.7322,0.75,0.25,"{""order-service"":0.4717,""inventory-service"":0.6405,""payment-service"":0.4706,""notification-service"":0.162}",5.407,43.078,True,True,20.0,19.676,0.0809,False,98.38,19.6758,False,1.0,True,
FAN-LAT-TIM-T50-W5-D15,FAN_OUT,LATENCY,inventory-service-proxy,TIME_BASED,50,5,15,5,5,3,full,SYNTHETIC_PREVIEW,1970-01-01T00:00:00Z,SYNTHETIC,95.0,19.5,0.0,4.76,0.8126,0.756,0.5,0.25,"{""order-service"":0.3203,""inventory-service"":0.687,""payment-service"":0.464,""notification-service"":0.0818}",5.495,33.89,True,True,20.0,20.106,0.0752,False,100.53,20.106,False,1.0,True,
FAN-LAT-TIM-T50-W5-D30,FAN_OUT,LATENCY,inventory-service-proxy,TIME_BASED,50,5,30,5,5,1,full,SYNTHETIC_PREVIEW,1970-01-01T00:00:00Z,SYNTHETIC,110.0,19.84,0.0,3.83,0.8615,0.807,0.75,0.5,"{""order-service"":0.5957,""inventory-service"":0.5985,""payment-service"":0.4825,""notification-service"":0.1362}",5.311,69.126,True,True,20.0,20.305,0.0779,False,101.52,20.3046,False,1.0,True,
FAN-LAT-TIM-T50-W5-D30,FAN_OUT,LATENCY,inventory-service-proxy,TIME_BASED,50,5,30,5,5,2,full,SYNTHETIC_PREVIEW,1970-01-01T00:00:00Z,SYNTHETIC,110.0,21.32,0.0,6.39,0.7978,0.7003,0.75,0.25,"{""order-service"":0.4986,""inventory-service"":0.7645,""payment-service"":0.4282,""notification-service"":0.1581}",5.277,65.908,True,True,20.0,20.237,0.0729,False,101.18,20.2369,False,1.0,True,
FAN-LAT-TIM-T50-W5-D30,FAN_OUT,LATENCY,inventory-service-proxy,TIME_BASED,50,5,30,5,5,3,full,SYNTHETIC_PREVIEW,1970-01-01T00:00:00Z,SYNTHETIC,110.0,20.46,0.0,5.66,0.8416,0.7234,0.5,0.5,"{""order-service"":0.4048,""inventory-service"":0.6798,""payment-service"":0.538,""notification-service"":0.0241}",5.543,61.768,True,True,20.0,19.605,0.0845,False,98.02,19.6049,False,1.0,True,
FAN-LAT-TIM-T50-W10-D5,FAN_OUT,LATENCY,inventory-service-proxy,TIME_BASED,50,10,5,5,5,1,full,SYNTHETIC_PREVIEW,1970-01-01T00:00:00Z,SYNTHETIC,135.0,21.86,0.0,6.04,0.8164,0.7237,0.5,0.5,"{""order-service"":0.5874,""inventory-service"":0.6841,""payment-service"":0.2051,""notification-service"":0.1171}",9.449,23.884,True,True,20.0,20.181,0.0359,False,201.81,40.3613,False,1.0,True,
FAN-LAT-TIM-T50-W10-D5,FAN_OUT,LATENCY,inventory-service-proxy,TIME_BASED,50,10,5,5,5,2,full,SYNTHETIC_PREVIEW,1970-01-01T00:00:00Z,SYNTHETIC,135.0,21.52,0.0,5.11,0.8288,0.7627,0.5,0.25,"{""order-service"":0.2958,""inventory-service"":0.7115,""payment-service"":0.4735,""notification-service"":0.0802}",9.361,20.77,True,True,20.0,19.676,0.035,False,196.76,39.3513,False,1.0,True,
FAN-LAT-TIM-T50-W10-D5,FAN_OUT,LATENCY,inventory-service-proxy,TIME_BASED,50,10,5,5,5,3,full,SYNTHETIC_PREVIEW,1970-01-01T00:00:00Z,SYNTHETIC,135.0,20.21,0.0,5.7,0.7848,0.7181,0.5,0.5,"{""order-service"":0.3872,""inventory-service"":0.6505,""payment-service"":0.5319,""notification-service"":0.0232}",9.356,28.346,True,True,20.0,20.861,0.0586,False,208.61,41.7213,False,1.0,True,
FAN-LAT-TIM-T50-W10-D15,FAN_OUT,LATENCY,inventory-service-proxy,TIME_BASED,50,10,15,5,5,1,full,SYNTHETIC_PREVIEW,1970-01-01T00:00:00Z,SYNTHETIC,145.0,21.26,0.0,5.8,0.7952,0.7273,0.25,0.25,"{""order-service"":0.0974,""inventory-service"":0.6616,""payment-service"":0.4092,""notification-service"":0.0785}",9.033,35.869,True,True,20.0,20.498,0.0354,False,204.98,40.9963,False,1.0,True,
FAN-LAT-TIM-T50-W10-D15,FAN_OUT,LATENCY,inventory-service-proxy,TIME_BASED,50,10,15,5,5,2,full,SYNTHETIC_PREVIEW,1970-01-01T00:00:00Z,SYNTHETIC,145.0,21.2,0.0,6.11,0.7724,0.7118,0.5,0.25,"{""order-service"":0.3583,""inventory-service"":0.6499,""payment-service"":0.4378,""notification-service"":0.1409}",9.166,38.886,True,True,20.0,20.356,0.0738,False,203.56,40.7113,False,1.0,True,
FAN-LAT-TIM-T50-W10-D15,FAN_OUT,LATENCY,inventory-service-proxy,TIME_BASED,50,10,15,5,5,3,full,SYNTHETIC_PREVIEW,1970-01-01T00:00:00Z,SYNTHETIC,145.0,20.59,0.0,4.62,0.8549,0.7757,0.75,0.5,"{""order-service"":0.4315,""inventory-service"":0.6246,""payment-service"":0.5487,""notification-service"":0.0016}",9.609,36.619,True,True,20.0,20.115,0.0834,False,201.15,40.2291,False,1.0,True,
FAN-LAT-TIM-T50-W10-D30,FAN_OUT,LATENCY,inventory-service-proxy,TIME_BASED,50,10,30,5,5,1,full,SYNTHETIC_PREVIEW,1970-01-01T00:00:00Z,SYNTHETIC,160.0,19.33,0.0,6.41,0.783,0.6684,0.25,0.25,"{""order-service"":0.3564,""inventory-service"":0.736,""payment-service"":0.3933,""notification-service"":0.1192}",9.259,78.705,True,True,20.0,20.641,0.0785,False,206.41,41.2825,False,1.0,True,
FAN-LAT-TIM-T50-W10-D30,FAN_OUT,LATENCY,inventory-service-proxy,TIME_BASED,50,10,30,5,5,2,full,SYNTHETIC_PREVIEW,1970-01-01T00:00:00Z,SYNTHETIC,160.0,19.71,0.0,5.51,0.8389,0.7203,0.5,0.25,"{""order-service"":0.4029,""inventory-service"":0.6653,""payment-service"":0.487,""notification-service"":0.1259}",8.659,73.746,True,True,20.0,20.078,0.0499,False,200.78,40.1562,False,1.0,True,
FAN-LAT-TIM-T50-W10-D30,FAN_OUT,LATENCY,inventory-service-proxy,TIME_BASED,50,10,30,5,5,3,full,SYNTHETIC_PREVIEW,1970-01-01T00:00:00Z,SYNTHETIC,160.0,21.08,0.0,5.21,0.812,0.7527,0.5,0.5,"{""order-service"":0.4109,""inventory-service"":0.6799,""payment-service"":0.6126,""notification-service"":0.0236}",8.695,67.272,True,True,20.0,20.204,0.0781,False,202.04,40.4079,False,1.0,True,
FAN-LAT-TIM-T50-W20-D5,FAN_OUT,LATENCY,inventory-service-proxy,TIME_BASED,50,20,5,5,5,1,full,SYNTHETIC_PREVIEW,1970-01-01T00:00:00Z,SYNTHETIC,235.0,20.43,0.0,5.52,0.8342,0.7297,0.5,0.5,"{""order-service"":0.187,""inventory-service"":0.6982,""payment-service"":0.5335,""notification-service"":0.0585}",14.802,21.833,True,True,20.0,19.875,0.0248,False,397.49,79.4988,False,1.0,True,
FAN-LAT-TIM-T50-W20-D5,FAN_OUT,LATENCY,inventory-service-proxy,TIME_BASED,50,20,5,5,5,2,full,SYNTHETIC_PREVIEW,1970-01-01T00:00:00Z,SYNTHETIC,235.0,20.37,0.0,4.62,0.8146,0.7735,0.25,0.25,"{""order-service"":0.3442,""inventory-service"":0.6849,""payment-service"":0.3092,""notification-service"":0.063}",13.632,24.032,True,True,20.0,20.087,0.0433,False,401.73,80.3466,False,1.0,True,
FAN-LAT-TIM-T50-W20-D5,FAN_OUT,LATENCY,inventory-service-proxy,TIME_BASED,50,20,5,5,5,3,full,SYNTHETIC_PREVIEW,1970-01-01T00:00:00Z,SYNTHETIC,235.0,21.51,0.0,6.75,0.7956,0.6864,0.25,0.25,"{""order-service"":0.3278,""inventory-service"":0.6955,""payment-service"":0.288,""notification-service"":0.1352}",13.181,24.489,True,True,20.0,20.526,0.0353,False,410.51,82.102,False,1.0,True,
FAN-LAT-TIM-T50-W20-D15,FAN_OUT,LATENCY,inventory-service-proxy,TIME_BASED,50,20,15,5,5,1,full,SYNTHETIC_PREVIEW,1970-01-01T00:00:00Z,SYNTHETIC,245.0,19.04,0.0,4.67,0.8705,0.7547,0.25,0.25,"{""order-service"":0.1734,""inventory-service"":0.7006,""payment-service"":0.2801,""notification-service"":0.0}",13.562,41.144,True,True,20.0,19.728,0.0705,False,394.57,78.9132,False,1.0,True,
FAN-LAT-TIM-T50-W20-D15,FAN_OUT,LATENCY,inventory-service-proxy,TIME_BASED,50,20,15,5,5,2,full,SYNTHETIC_PREVIEW,1970-01-01T00:00:00Z,SYNTHETIC,245.0,20.27,0.0,5.39,0.8156,0.734,0.25,0.25,"{""order-service"":0.3365,""inventory-service"":0.6596,""payment-service"":0.3659,""notification-service"":0.0989}",13.842,38.771,True,True,20.0,19.858,0.062,False,397.15,79.4309,False,1.0,True,
FAN-LAT-TIM-T50-W20-D15,FAN_OUT,LATENCY,inventory-service-proxy,TIME_BASED,50,20,15,5,5,3,full,SYNTHETIC_PREVIEW,1970-01-01T00:00:00Z,SYNTHETIC,245.0,20.55,0.0,5.25,0.8305,0.7443,0.25,0.25,"{""order-service"":0.3068,""inventory-service"":0.6924,""payment-service"":0.3751,""notification-service"":0.0951}",14.155,41.655,True,True,20.0,20.429,0.0599,False,408.58,81.7161,False,1.0,True,
FAN-LAT-TIM-T50-W20-D30,FAN_OUT,LATENCY,inventory-service-proxy,TIME_BASED,50,20,30,5,5,1,full,SYNTHETIC_PREVIEW,1970-01-01T00:00:00Z,SYNTHETIC,260.0,22.49,0.0,4.4,0.856,0.8042,0.25,0.25,"{""order-service"":0.3508,""inventory-service"":0.6682,""payment-service"":0.1758,""notification-service"":0.1082}",13.404,65.826,True,True,20.0,19.663,0.0546,False,393.25,78.6509,False,1.0,True,
FAN-LAT-TIM-T50-W20-D30,FAN_OUT,LATENCY,inventory-service-proxy,TIME_BASED,50,20,30,5,5,2,full,SYNTHETIC_PREVIEW,1970-01-01T00:00:00Z,SYNTHETIC,260.0,20.95,0.0,5.34,0.8153,0.7454,0.5,0.25,"{""order-service"":0.465,""inventory-service"":0.6752,""payment-service"":0.3253,""notification-service"":0.0607}",13.644,79.338,True,True,20.0,20.695,0.0432,False,413.89,82.7788,False,1.0,True,
FAN-LAT-TIM-T50-W20-D30,FAN_OUT,LATENCY,inventory-service-proxy,TIME_BASED,50,20,30,5,5,3,full,SYNTHETIC_PREVIEW,1970-01-01T00:00:00Z,SYNTHETIC,260.0,20.01,0.0,4.51,0.8268,0.7744,0.25,0.25,"{""order-service"":0.3152,""inventory-service"":0.689,""payment-service"":0.2834,""notification-service"":0.1783}",13.507,68.676,True,True,20.0,19.911,0.0879,False,398.23,79.6452,False,1.0,True,
FAN-LAT-TIM-T70-W5-D5,FAN_OUT,LATENCY,inventory-service-proxy,TIME_BASED,70,5,5,5,5,1,full,SYNTHETIC_PREVIEW,1970-01-01T00:00:00Z,SYNTHETIC,85.0,21.29,0.0,6.14,0.8318,0.7118,0.25,0.25,"{""order-service"":0.3913,""inventory-service"":0.6914,""payment-service"":0.3031,""notification-service"":0.1153}",7.597,23.895,True,True,20.0,19.434,0.0342,False,97.17,19.4335,False,1.0,True,
FAN-LAT-TIM-T70-W5-D5,FAN_OUT,LATENCY,inventory-service-proxy,TIME_BASED,70,5,5,5,5,2,full,SYNTHETIC_PREVIEW,1970-01-01T00:00:00Z,SYNTHETIC,85.0,20.74,0.0,5.61,0.7527,0.7298,0.25,0.25,"{""order-service"":0.2327,""inventory-service"":0.6571,""payment-service"":0.3284,""notification-service"":0.0162}",7.438,21.665,True,True,20.0,19.972,0.0713,False,99.86,19.9721,False,1.0,True,
FAN-LAT-TIM-T70-W5-D5,FAN_OUT,LATENCY,inventory-service-proxy,TIME_BASED,70,5,5,5,5,3,full,SYNTHETIC_PREVIEW,1970-01-01T00:00:00Z,SYNTHETIC,85.0,20.92,0.0,4.9,0.8316,0.7658,0.25,0.25,"{""order-service"":0.317,""inventory-service"":0.6923,""payment-service"":0.3261,""notification-service"":0.0218}",7.364,23.508,True,True,20.0,19.504,0.0669,False,97.52,19.5045,False,1.0,True,
FAN-LAT-TIM-T70-W5-D15,FAN_OUT,LATENCY,inventory-service-proxy,TIME_BASED,70,5,15,5,5,1,full,SYNTHETIC_PREVIEW,1970-01-01T00:00:00Z,SYNTHETIC,95.0,22.21,0.0,4.79,0.8183,0.7842,0.25,0.25,"{""order-service"":0.2885,""inventory-service"":0.6501,""payment-service"":0.3022,""notification-service"":0.1129}",7.683,35.925,True,True,20.0,19.659,0.0773,False,98.29,19.6586,False,1.0,True,
FAN-LAT-TIM-T70-W5-D15,FAN_OUT,LATENCY,inventory-service-proxy,TIME_BASED,70,5,15,5,5,2,full,SYNTHETIC_PREVIEW,1970-01-01T00:00:00Z,SYNTHETIC,95.0,19.14,0.0,3.9,0.8365,0.796,0.25,0.25,"{""order-service"":0.3164,""inventory-service"":0.6489,""payment-service"":0.2929,""notification-service"":0.1315}",7.755,37.892,True,True,20.0,20.098,0.0708,False,100.49,20.098,False,1.0,True,
FAN-LAT-TIM-T70-W5-D15,FAN_OUT,LATENCY,inventory-service-proxy,TIME_BASED,70,5,15,5,5,3,full,SYNTHETIC_PREVIEW,1970-01-01T00:00:00Z,SYNTHETIC,95.0,20.99,0.0,5.66,0.8452,0.7304,0.5,0.25,"{""order-service"":0.4793,""inventory-service"":0.7225,""payment-service"":0.3847,""notification-service"":0.1322}",7.36,37.742,True,True,20.0,20.206,0.024,False,101.03,20.2056,False,1.0,True,
FAN-LAT-TIM-T70-W5-D30,FAN_OUT,LATENCY,inventory-service-proxy,TIME_BASED,70,5,30,5,5,1,full,SYNTHETIC_PREVIEW,1970-01-01T00:00:00Z,SYNTHETIC,110.0,20.08,0.0,4.83,0.7982,0.7594,0.25,0.25,"{""order-service"":0.3111,""inventory-service"":0.6439,""payment-service"":0.2973,""notification-service"":0.1448}",7.619,70.684,True,True,20.0,19.967,0.0888,False,99.83,19.967,False,1.0,True,
FAN-LAT-TIM-T70-W5-D30,FAN_OUT,LATENCY,inventory-service-proxy,TIME_BASED,70,5,30,5,5,2,full,SYNTHETIC_PREVIEW,1970-01-01T00:00:00Z,SYNTHETIC,110.0,20.18,0.0,6.49,0.7832,0.6784,0.25,0.25,"{""order-service"":0.2406,""inventory-service"":0.6502,""payment-service"":0.1932,""notification-service"":0.0858}",7.768,62.579,True,True,20.0,19.682,0.0463,False,98.41,19.6825,False,1.0,True,
FAN-LAT-TIM-T70-W5-D30,FAN_OUT,LATENCY,inventory-service-proxy,TIME_BASED,70,5,30,5,5,3,full,SYNTHETIC_PREVIEW,1970-01-01T00:00:00Z,SYNTHETIC,110.0,21.14,0.0,5.65,0.8396,0.7328,0.25,0.25,"{""order-service"":0.3198,""inventory-service"":0.6717,""payment-service"":0.4138,""notification-service"":0.1425}",7.771,69.559,True,True,20.0,19.608,0.0342,False,98.04,19.6075,False,1.0,True,
FAN-LAT-TIM-T70-W10-D5,FAN_OUT,LATENCY,inventory-service-proxy,TIME_BASED,70,10,5,5,5,1,full,SYNTHETIC_PREVIEW,1970-01-01T00:00:00Z,SYNTHETIC,135.0,20.58,0.0,6.12,0.7711,0.7026,0.25,0.25,"{""order-service"":0.3237,""inventory-service"":0.6839,""payment-service"":0.2326,""notification-service"":0.0954}",12.873,24.237,True,True,20.0,20.891,0.036,False,208.91,41.782,False,1.0,True,
FAN-LAT-TIM-T70-W10-D5,FAN_OUT,LATENCY,inventory-service-proxy,TIME_BASED,70,10,5,5,5,2,full,SYNTHETIC_PREVIEW,1970-01-01T00:00:00Z,SYNTHETIC,135.0,20.12,0.0,5.35,0.801,0.7338,0.25,0.25,"{""order-service"":0.1158,""inventory-service"":0.6387,""payment-service"":0.2294,""notification-service"":0.1134}",12.724,26.01,True,True,20.0,19.815,0.0637,False,198.15,39.6291,False,1.0,True,
FAN-LAT-TIM-T70-W10-D5,FAN_OUT,LATENCY,inventory-service-proxy,TIME_BASED,70,10,5,5,5,3,full,SYNTHETIC_PREVIEW,1970-01-01T00:00:00Z,SYNTHETIC,135.0,19.93,0.0,5.9,0.7903,0.7041,0.25,0.25,"{""order-service"":0.2605,""inventory-service"":0.6361,""payment-service"":0.2312,""notification-service"":0.1271}",13.06,26.549,True,True,20.0,20.061,0.0516,False,200.61,40.1228,False,1.0,True,
FAN-LAT-TIM-T70-W10-D15,FAN_OUT,LATENCY,inventory-service-proxy,TIME_BASED,70,10,15,5,5,1,full,SYNTHETIC_PREVIEW,1970-01-01T00:00:00Z,SYNTHETIC,145.0,19.86,0.0,5.78,0.8181,0.7087,0.25,0.25,"{""order-service"":0.3882,""inventory-service"":0.615,""payment-service"":0.2556,""notification-service"":0.1268}",13.045,37.421,True,True,20.0,20.273,0.0588,False,202.73,40.5465,False,1.0,True,
FAN-LAT-TIM-T70-W10-D15,FAN_OUT,LATENCY,inventory-service-proxy,TIME_BASED,70,10,15,5,5,2,full,SYNTHETIC_PREVIEW,1970-01-01T00:00:00Z,SYNTHETIC,145.0,20.4,0.0,4.72,0.865,0.7688,0.25,0.25,"{""order-service"":0.1147,""inventory-service"":0.6245,""payment-service"":0.1004,""notification-service"":0.0698}",12.636,40.809,True,True,20.0,19.605,0.0711,False,196.05,39.2105,False,1.0,True,
FAN-LAT-TIM-T70-W10-D15,FAN_OUT,LATENCY,inventory-service-proxy,TIME_BASED,70,10,15,5,5,3,full,SYNTHETIC_PREVIEW,1970-01-01T00:00:00Z,SYNTHETIC,145.0,21.2,0.0,5.71,0.8522,0.7309,0.25,0.25,"{""order-service"":0.3684,""inventory-service"":0.6504,""payment-service"":0.2809,""notification-service"":0.1523}",13.527,44.103,True,True,20.0,20.42,0.0623,False,204.2,40.8393,False,1.0,True,
FAN-LAT-TIM-T70-W10-D30,FAN_OUT,LATENCY,inventory-service-proxy,TIME_BASED,70,10,30,5,5,1,full,SYNTHETIC_PREVIEW,1970-01-01T00:00:00Z,SYNTHETIC,160.0,21.59,0.0,6.86,0.7626,0.6825,0.25,0.25,"{""order-service"":0.4022,""inventory-service"":0.6851,""payment-service"":0.2055,""notification-service"":0.1524}",13.054,68.178,True,True,20.0,19.951,0.0875,False,199.51,39.9027,False,1.0,True,
FAN-LAT-TIM-T70-W10-D30,FAN_OUT,LATENCY,inventory-service-proxy,TIME_BASED,70,10,30,5,5,2,full,SYNTHETIC_PREVIEW,1970-01-01T00:00:00Z,SYNTHETIC,160.0,21.03,0.0,4.34,0.8477,0.7935,0.25,0.25,"{""order-service"":0.1524,""inventory-service"":0.7081,""payment-service"":0.3887,""notification-service"":0.1131}",13.282,79.172,True,True,20.0,20.392,0.088,False,203.92,40.7836,False,1.0,True,
FAN-LAT-TIM-T70-W10-D30,FAN_OUT,LATENCY,inventory-service-proxy,TIME_BASED,70,10,30,5,5,3,full,SYNTHETIC_PREVIEW,1970-01-01T00:00:00Z,SYNTHETIC,160.0,19.83,0.0,4.67,0.8429,0.7645,0.25,0.25,"{""order-service"":0.3147,""inventory-service"":0.6995,""payment-service"":0.2643,""notification-service"":0.1079}",14.056,73.235,True,True,20.0,21.037,0.0744,False,210.37,42.0746,False,1.0,True,
FAN-LAT-TIM-T70-W20-D5,FAN_OUT,LATENCY,inventory-service-proxy,TIME_BASED,70,20,5,5,5,1,full,SYNTHETIC_PREVIEW,1970-01-01T00:00:00Z,SYNTHETIC,235.0,20.99,0.0,4.93,0.8007,0.7651,0.25,0.25,"{""order-service"":0.167,""inventory-service"":0.6509,""payment-service"":0.2083,""notification-service"":0.0796}",19.801,24.61,True,True,20.0,20.12,0.0355,False,402.39,80.4786,False,1.0,True,
FAN-LAT-TIM-T70-W20-D5,FAN_OUT,LATENCY,inventory-service-proxy,TIME_BASED,70,20,5,5,5,2,full,SYNTHETIC_PREVIEW,1970-01-01T00:00:00Z,SYNTHETIC,235.0,20.46,0.0,4.65,0.8224,0.7727,0.25,0.25,"{""order-service"":0.2422,""inventory-service"":0.7198,""payment-service"":0.1594,""notification-service"":0.1682}",20.362,23.904,True,True,20.0,19.117,0.0223,False,382.33,76.4664,False,1.0,True,
FAN-LAT-TIM-T70-W20-D5,FAN_OUT,LATENCY,inventory-service-proxy,TIME_BASED,70,20,5,5,5,3,full,SYNTHETIC_PREVIEW,1970-01-01T00:00:00Z,SYNTHETIC,235.0,21.46,0.0,5.42,0.8561,0.7474,0.25,0.25,"{""order-service"":0.0953,""inventory-service"":0.662,""payment-service"":0.1982,""notification-service"":0.0417}",20.269,25.192,True,True,20.0,20.43,0.0837,False,408.59,81.7184,False,1.0,True,
FAN-LAT-TIM-T70-W20-D15,FAN_OUT,LATENCY,inventory-service-proxy,TIME_BASED,70,20,15,5,5,1,full,SYNTHETIC_PREVIEW,1970-01-01T00:00:00Z,SYNTHETIC,245.0,20.24,0.0,4.56,0.8451,0.7747,0.25,0.25,"{""order-service"":0.2374,""inventory-service"":0.6484,""payment-service"":0.1792,""notification-service"":0.0739}",18.192,42.735,True,True,20.0,19.593,0.0462,False,391.86,78.3714,False,1.0,True,
FAN-LAT-TIM-T70-W20-D15,FAN_OUT,LATENCY,inventory-service-proxy,TIME_BASED,70,20,15,5,5,2,full,SYNTHETIC_PREVIEW,1970-01-01T00:00:00Z,SYNTHETIC,245.0,19.99,0.0,5.46,0.8334,0.7271,0.25,0.25,"{""order-service"":0.0551,""inventory-service"":0.6462,""payment-service"":0.2193,""notification-service"":0.2232}",20.04,43.229,True,True,20.0,20.204,0.0727,False,404.08,80.816,False,1.0,True,
FAN-LAT-TIM-T70-W20-D15,FAN_OUT,LATENCY,inventory-service-proxy,TIME_BASED,70,20,15,5,5,3,full,SYNTHETIC_PREVIEW,1970-01-01T00:00:00Z,SYNTHETIC,245.0,20.47,0.0,7.01,0.7598,0.6574,0.25,0.25,"{""order-service"":0.2182,""inventory-service"":0.6442,""payment-service"":0.2581,""notification-service"":0.1541}",19.768,42.979,True,True,20.0,19.274,0.0519,False,385.48,77.0964,False,1.0,True,
FAN-LAT-TIM-T70-W20-D30,FAN_OUT,LATENCY,inventory-service-proxy,TIME_BASED,70,20,30,5,5,1,full,SYNTHETIC_PREVIEW,1970-01-01T00:00:00Z,SYNTHETIC,260.0,20.59,0.0,5.22,0.8009,0.7462,0.25,0.25,"{""order-service"":0.2516,""inventory-service"":0.6929,""payment-service"":0.1715,""notification-service"":0.1305}",20.069,64.111,True,True,20.0,19.802,0.064,False,396.05,79.2098,False,1.0,True,
FAN-LAT-TIM-T70-W20-D30,FAN_OUT,LATENCY,inventory-service-proxy,TIME_BASED,70,20,30,5,5,2,full,SYNTHETIC_PREVIEW,1970-01-01T00:00:00Z,SYNTHETIC,260.0,21.33,0.0,5.21,0.8042,0.7557,0.25,0.25,"{""order-service"":0.304,""inventory-service"":0.6272,""payment-service"":0.2526,""notification-service"":0.0165}",19.175,74.392,True,True,20.0,19.805,0.0226,False,396.11,79.2217,False,1.0,True,
FAN-LAT-TIM-T70-W20-D30,FAN_OUT,LATENCY,inventory-service-proxy,TIME_BASED,70,20,30,5,5,3,full,SYNTHETIC_PREVIEW,1970-01-01T00:00:00Z,SYNTHETIC,260.0,20.05,0.0,4.59,0.8163,0.7709,0.25,0.25,"{""order-service"":0.3302,""inventory-service"":0.6812,""payment-service"":0.1842,""notification-service"":0.145}",18.715,69.603,True,True,20.0,19.967,0.0443,False,399.35,79.8694,False,1.0,True,
FAN-CRA-CNT-T30-W5-D5,FAN_OUT,CRASH,payment-service-proxy,COUNT_BASED,30,5,5,5,5,1,full,SYNTHETIC_PREVIEW,1970-01-01T00:00:00Z,SYNTHETIC,65.0,20.55,0.0,3.01,0.9421,0.8534,0.75,0.75,"{""order-service"":0.867,""inventory-service"":0.7851,""payment-service"":0.9069,""notification-service"":0.0806}",1.947,16.512,True,True,20.0,20.061,0.0793,False,5.0,1.0,False,1.0,True,
FAN-CRA-CNT-T30-W5-D5,FAN_OUT,CRASH,payment-service-proxy,COUNT_BASED,30,5,5,5,5,2,full,SYNTHETIC_PREVIEW,1970-01-01T00:00:00Z,SYNTHETIC,65.0,19.16,0.0,2.16,0.9967,0.8872,0.75,0.75,"{""order-service"":0.8745,""inventory-service"":0.7098,""payment-service"":0.9396,""notification-service"":0.0184}",2.016,18.332,True,True,20.0,20.374,0.0593,False,5.0,1.0,False,1.0,True,
FAN-CRA-CNT-T30-W5-D5,FAN_OUT,CRASH,payment-service-proxy,COUNT_BASED,30,5,5,5,5,3,full,SYNTHETIC_PREVIEW,1970-01-01T00:00:00Z,SYNTHETIC,65.0,20.36,0.0,2.37,0.9661,0.8837,0.75,0.5,"{""order-service"":1.0,""inventory-service"":0.4635,""payment-service"":1.0,""notification-service"":0.2138}",2.24,15.638,True,True,20.0,20.37,0.0678,False,5.0,1.0,False,1.0,True,
FAN-CRA-CNT-T30-W5-D15,FAN_OUT,CRASH,payment-service-proxy,COUNT_BASED,30,5,15,5,5,1,full,SYNTHETIC_PREVIEW,1970-01-01T00:00:00Z,SYNTHETIC,75.0,21.36,0.0,3.11,1.0,0.8542,0.75,0.75,"{""order-service"":0.7101,""inventory-service"":0.8473,""payment-service"":0.9778,""notification-service"":0.0836}",2.231,25.148,True,True,20.0,19.952,0.0799,False,5.0,1.0,False,1.0,True,
FAN-CRA-CNT-T30-W5-D15,FAN_OUT,CRASH,payment-service-proxy,COUNT_BASED,30,5,15,5,5,2,full,SYNTHETIC_PREVIEW,1970-01-01T00:00:00Z,SYNTHETIC,75.0,19.94,0.0,2.71,0.957,0.8642,0.75,0.75,"{""order-service"":0.7242,""inventory-service"":0.5929,""payment-service"":0.8905,""notification-service"":0.102}",2.097,25.723,True,True,20.0,20.212,0.0547,False,5.0,1.0,False,1.0,True,
FAN-CRA-CNT-T30-W5-D15,FAN_OUT,CRASH,payment-service-proxy,COUNT_BASED,30,5,15,5,5,3,full,SYNTHETIC_PREVIEW,1970-01-01T00:00:00Z,SYNTHETIC,75.0,21.44,0.0,3.71,0.9676,0.8268,0.75,0.75,"{""order-service"":1.0,""inventory-service"":0.8285,""payment-service"":0.932,""notification-service"":0.0113}",2.084,26.124,True,True,20.0,20.571,0.0227,False,5.0,1.0,False,1.0,True,
FAN-CRA-CNT-T30-W5-D30,FAN_OUT,CRASH,payment-service-proxy,COUNT_BASED,30,5,30,5,5,1,full,SYNTHETIC_PREVIEW,1970-01-01T00:00:00Z,SYNTHETIC,90.0,20.66,0.0,1.2,0.9792,0.9421,0.75,0.75,"{""order-service"":0.6507,""inventory-service"":1.0,""payment-service"":0.9978,""notification-service"":0.0944}",2.034,48.775,True,True,20.0,19.032,0.0708,False,5.0,1.0,False,1.0,True,
FAN-CRA-CNT-T30-W5-D30,FAN_OUT,CRASH,payment-service-proxy,COUNT_BASED,30,5,30,5,5,2,full,SYNTHETIC_PREVIEW,1970-01-01T00:00:00Z,SYNTHETIC,90.0,20.78,0.0,2.88,1.0,0.8615,0.75,0.5,"{""order-service"":0.691,""inventory-service"":0.4855,""payment-service"":0.8824,""notification-service"":0.163}",2.085,54.788,True,True,20.0,20.275,0.0688,False,5.0,1.0,False,1.0,True,
FAN-CRA-CNT-T30-W5-D30,FAN_OUT,CRASH,payment-service-proxy,COUNT_BASED,30,5,30,5,5,3,full,SYNTHETIC_PREVIEW,1970-01-01T00:00:00Z,SYNTHETIC,90.0,21.01,0.0,2.72,1.0,0.8703,0.75,0.5,"{""order-service"":0.4787,""inventory-service"":0.8,""payment-service"":0.9367,""notification-service"":0.0811}",2.087,46.162,True,True,20.0,19.929,0.0784,False,5.0,1.0,False,1.0,True,
FAN-CRA-CNT-T30-W10-D5,FAN_OUT,CRASH,payment-service-proxy,COUNT_BASED,30,10,5,5,5,1,full,SYNTHETIC_PREVIEW,1970-01-01T00:00:00Z,SYNTHETIC,65.0,20.48,0.0,2.5,0.9633,0.8782,0.5,0.5,"{""order-service"":0.7008,""inventory-service"":0.3461,""payment-service"":0.9553,""notification-service"":0.1263}",2.691,16.413,True,True,20.0,20.003,0.0843,False,10.0,2.0,False,1.0,True,
FAN-CRA-CNT-T30-W10-D5,FAN_OUT,CRASH,payment-service-proxy,COUNT_BASED,30,10,5,5,5,2,full,SYNTHETIC_PREVIEW,1970-01-01T00:00:00Z,SYNTHETIC,65.0,19.47,0.0,2.04,0.996,0.8953,0.75,0.75,"{""order-service"":0.6249,""inventory-service"":0.7625,""payment-service"":0.9394,""notification-service"":0.0071}",2.513,17.947,True,True,20.0,19.984,0.0329,False,10.0,2.0,False,1.0,True,
FAN-CRA-CNT-T30-W10-D5,FAN_OUT,CRASH,payment-service-proxy,COUNT_BASED,30,10,5,5,5,3,full,SYNTHETIC_PREVIEW,1970-01-01T00:00:00Z,SYNTHETIC,65.0,21.46,0.0,3.59,0.913,0.8326,0.75,0.75,"{""order-service"":0.8826,""inventory-service"":0.8017,""payment-service"":0.9251,""notification-service"":0.0678}",2.766,17.575,True,True,20.0,20.527,0.0416,False,10.0,2.0,False,1.0,True,
FAN-CRA-CNT-T30-W10-D15,FAN_OUT,CRASH,payment-service-proxy,COUNT_BASED,30,10,15,5,5,1,full,SYNTHETIC_PREVIEW,1970-01-01T00:00:00Z,SYNTHETIC,75.0,20.85,0.0,2.51,0.9943,0.8798,0.75,0.75,"{""order-service"":0.55,""inventory-service"":0.9181,""payment-service"":0.9199,""notification-service"":0.0904}",2.595,26.628,True,True,20.0,19.568,0.0731,False,10.0,2.0,False,1.0,True,
FAN-CRA-CNT-T30-W10-D15,FAN_OUT,CRASH,payment-service-proxy,COUNT_BASED,30,10,15,5,5,2,full,SYNTHETIC_PREVIEW,1970-01-01T00:00:00Z,SYNTHETIC,75.0,19.25,0.0,2.88,1.0,0.8504,0.75,0.75,"{""order-service"":0.9528,""inventory-service"":0.649,""payment-service"":0.9236,""notification-service"":0.0}",2.674,24.199,True,True,20.0,20.486,0.036,False,10.0,2.0,False,1.0,True,
FAN-CRA-CNT-T30-W10-D15,FAN_OUT,CRASH,payment-service-proxy,COUNT_BASED,30,10,15,5,5,3,full,SYNTHETIC_PREVIEW,1970-01-01T00:00:00Z,SYNTHETIC,75.0,21.75,0.0,3.67,0.9531,0.8312,0.75,0.75,"{""order-service"":1.0,""inventory-service"":0.8494,""payment-service"":0.9188,""notification-service"":0.1294}",2.774,28.954,True,True,20.0,19.506,0.0352,False,10.0,2.0,False,1.0,True,
FAN-CRA-CNT-T30-W10-D30,FAN_OUT,CRASH,payment-service-proxy,COUNT_BASED,30,10,30,5,5,1,full,SYNTHETIC_PREVIEW,1970-01-01T00:00:00Z,SYNTHETIC,90.0,22.06,0.0,0.84,1.0,0.9617,0.75,0.75,"{""order-service"":0.727,""inventory-service"":0.6707,""payment-service"":0.8687,""notification-service"":0.1185}",2.583,43.642,True,True,20.0,20.325,0.0583,False,10.0,2.0,False,1.0,True,
FAN-CRA-CNT-T30-W10-D30,FAN_OUT,CRASH,payment-service-proxy,COUNT_BASED,30,10,30,5,5,2,full,SYNTHETIC_PREVIEW,1970-01-01T00:00:00Z,SYNTHETIC,90.0,21.56,0.0,2.89,1.0,0.866,0.75,0.75,"{""order-service"":0.6189,""inventory-service"":0.8093,""payment-service"":0.9125,""notification-service"":0.0834}",2.655,52.801,True,True,20.0,20.063,0.034,False,10.0,2.0,False,1.0,True,
FAN-CRA-CNT-T30-W10-D30,FAN_OUT,CRASH,payment-service-proxy,COUNT_BASED,30,10,30,5,5,3,full,SYNTHETIC_PREVIEW,1970-01-01T00:00:00Z,SYNTHETIC,90.0,21.16,0.0,1.54,1.0,0.9273,0.75,0.75,"{""order-service"":0.6204,""inventory-service"":0.9663,""payment-service"":0.9468,""notification-service"":0.0581}",2.744,47.38,True,True,20.0,19.213,0.0315,False,10.0,2.0,False,1.0,True,
FAN-CRA-CNT-T30-W20-D5,FAN_OUT,CRASH,payment-service-proxy,COUNT_BASED,30,20,5,5,5,1,full,SYNTHETIC_PREVIEW,1970-01-01T00:00:00Z,SYNTHETIC,65.0,20.41,0.0,2.65,1.0,0.87,0.75,0.75,"{""order-service"":0.6118,""inventory-service"":0.7811,""payment-service"":0.8886,""notification-service"":0.0861}",4.672,17.519,True,True,20.0,19.57,0.0451,False,20.0,4.0,False,1.0,True,
FAN-CRA-CNT-T30-W20-D5,FAN_OUT,CRASH,payment-service-proxy,COUNT_BASED,30,20,5,5,5,2,full,SYNTHETIC_PREVIEW,1970-01-01T00:00:00Z,SYNTHETIC,65.0,19.03,0.0,2.35,0.9143,0.8765,0.75,0.5,"{""order-service"":0.4755,""inventory-service"":0.6461,""payment-service"":1.0,""notification-service"":0.1372}",4.318,19.487,True,True,20.0,19.89,0.0623,False,20.0,4.0,False,1.0,True,
FAN-CRA-CNT-T30-W20-D5,FAN_OUT,CRASH,payment-service-proxy,COUNT_BASED,30,20,5,5,5,3,full,SYNTHETIC_PREVIEW,1970-01-01T00:00:00Z,SYNTHETIC,65.0,19.85,0.0,2.32,0.9328,0.8829,0.75,0.75,"{""order-service"":0.556,""inventory-service"":0.9201,""payment-service"":0.9737,""notification-service"":0.0887}",4.767,16.341,True,True,20.0,19.697,0.0787,False,20.0,4.0,False,1.0,True,
FAN-CRA-CNT-T30-W20-D15,FAN_OUT,CRASH,payment-service-proxy,COUNT_BASED,30,20,15,5,5,1,full,SYNTHETIC_PREVIEW,1970-01-01T00:00:00Z,SYNTHETIC,75.0,20.34,0.0,1.17,1.0,0.9424,0.5,0.5,"{""order-service"":0.3722,""inventory-service"":0.7254,""payment-service"":0.9471,""notification-service"":0.0815}",4.772,23.914,True,True,20.0,20.966,0.0752,False,20.0,4.0,False,1.0,True,
FAN-CRA-CNT-T30-W20-D15,FAN_OUT,CRASH,payment-service-proxy,COUNT_BASED,30,20,15,5,5,2,full,SYNTHETIC_PREVIEW,1970-01-01T00:00:00Z,SYNTHETIC,75.0,20.34,0.0,1.97,0.9907,0.9034,0.75,0.75,"{""order-service"":0.7357,""inventory-service"":0.7543,""payment-service"":0.9022,""notification-service"":0.0885}",4.755,26.148,True,True,20.0,19.141,0.034,False,20.0,4.0,False,1.0,True,
FAN-CRA-CNT-T30-W20-D15,FAN_OUT,CRASH,payment-service-proxy,COUNT_BASED,30,20,15,5,5,3,full,SYNTHETIC_PREVIEW,1970-01-01T00:00:00Z,SYNTHETIC,75.0,19.86,0.0,2.05,0.9739,0.8967,0.75,0.75,"{""order-service"":0.5535,""inventory-service"":0.7836,""payment-service"":0.9559,""notification-service"":0.0684}",4.87,23.139,True,True,20.0,19.972,0.082,False,20.0,4.0,False,1.0,True,
FAN-CRA-CNT-T30-W20-D30,FAN_OUT,CRASH,payment-service-proxy,COUNT_BASED,30,20,30,5,5,1,full,SYNTHETIC_PREVIEW,1970-01-01T00:00:00Z,SYNTHETIC,90.0,20.84,0.0,2.52,0.9801,0.8792,0.75,0.75,"{""order-service"":0.594,""inventory-service"":1.0,""payment-service"":0.9598,""notification-service"":0.0552}",4.257,42.188,True,True,20.0,19.897,0.0581,False,20.0,4.0,False,1.0,True,
FAN-CRA-CNT-T30-W20-D30,FAN_OUT,CRASH,payment-service-proxy,COUNT_BASED,30,20,30,5,5,2,full,SYNTHETIC_PREVIEW,1970-01-01T00:00:00Z,SYNTHETIC,90.0,20.66,0.0,2.18,0.9482,0.8944,0.75,0.75,"{""order-service"":0.8211,""inventory-service"":0.8155,""payment-service"":0.9119,""notification-service"":0.0}",4.82,51.519,True,True,20.0,20.046,0.0672,False,20.0,4.0,False,1.0,True,
FAN-CRA-CNT-T30-W20-D30,FAN_OUT,CRASH,payment-service-proxy,COUNT_BASED,30,20,30,5,5,3,full,SYNTHETIC_PREVIEW,1970-01-01T00:00:00Z,SYNTHETIC,90.0,21.2,0.0,2.99,0.9854,0.8587,0.75,0.75,"{""order-service"":0.8456,""inventory-service"":0.6125,""payment-service"":0.8087,""notification-service"":0.0886}",4.564,45.133,True,True,20.0,19.788,0.0731,False,20.0,4.0,False,1.0,True,
FAN-CRA-CNT-T50-W5-D5,FAN_OUT,CRASH,payment-service-proxy,COUNT_BASED,50,5,5,5,5,1,full,SYNTHETIC_PREVIEW,1970-01-01T00:00:00Z,SYNTHETIC,65.0,21.25,0.0,1.14,1.0,0.9465,0.75,0.5,"{""order-service"":0.7225,""inventory-service"":0.4391,""payment-service"":0.9339,""notification-service"":0.08}",2.747,18.516,True,True,20.0,20.429,0.0429,False,5.0,1.0,False,1.0,True,
FAN-CRA-CNT-T50-W5-D5,FAN_OUT,CRASH,payment-service-proxy,COUNT_BASED,50,5,5,5,5,2,full,SYNTHETIC_PREVIEW,1970-01-01T00:00:00Z,SYNTHETIC,65.0,20.03,0.0,0.93,1.0,0.9536,0.75,0.75,"{""order-service"":0.7241,""inventory-service"":0.9844,""payment-service"":0.9805,""notification-service"":0.1168}",2.531,15.639,True,True,20.0,19.311,0.0602,False,5.0,1.0,False,1.0,True,
FAN-CRA-CNT-T50-W5-D5,FAN_OUT,CRASH,payment-service-proxy,COUNT_BASED,50,5,5,5,5,3,full,SYNTHETIC_PREVIEW,1970-01-01T00:00:00Z,SYNTHETIC,65.0,18.87,0.0,2.2,1.0,0.8833,0.75,0.25,"{""order-service"":0.4495,""inventory-service"":0.4535,""payment-service"":0.8667,""notification-service"":0.1182}",2.598,15.727,True,True,20.0,19.719,0.032,False,5.0,1.0,False,1.0,True,
FAN-CRA-CNT-T50-W5-D15,FAN_OUT,CRASH,payment-service-proxy,COUNT_BASED,50,5,15,5,5,1,full,SYNTHETIC_PREVIEW,1970-01-01T00:00:00Z,SYNTHETIC,75.0,21.74,0.0,1.28,1.0,0.9412,0.75,0.75,"{""order-service"":0.5441,""inventory-service"":0.97,""payment-service"":0.9514,""notification-service"":0.1788}",2.457,25.397,True,True,20.0,19.538,0.0642,False,5.0,1.0,False,1.0,True,
FAN-CRA-CNT-T50-W5-D15,FAN_OUT,CRASH,payment-service-proxy,COUNT_BASED,50,5,15,5,5,2,full,SYNTHETIC_PREVIEW,1970-01-01T00:00:00Z,SYNTHETIC,75.0,21.02,0.0,2.41,1.0,0.8853,0.75,0.75,"{""order-service"":0.6489,""inventory-service"":0.6094,""payment-service"":0.9178,""notification-service"":0.2154}",2.637,25.01,True,True,20.0,19.716,0.055,False,5.0,1.0,False,1.0,True,
FAN-CRA-CNT-T50-W5-D15,FAN_OUT,CRASH,payment-service-proxy,COUNT_BASED,50,5,15,5,5,3,full,SYNTHETIC_PREVIEW,1970-01-01T00:00:00Z,SYNTHETIC,75.0,20.76,0.0,0.88,1.0,0.9575,0.75,0.75,"{""order-service"":0.7335,""inventory-service"":0.7735,""payment-service"":0.8934,""notification-service"":0.052}",2.579,27.109,True,True,20.0,19.557,0.0769,False,5.0,1.0,False,1.0,True,
FAN-CRA-CNT-T50-W5-D30,FAN_OUT,CRASH,payment-service-proxy,COUNT_BASED,50,5,30,5,5,1,full,SYNTHETIC_PREVIEW,1970-01-01T00:00:00Z,SYNTHETIC,90.0,21.67,0.0,2.35,0.9491,0.8915,0.75,0.75,"{""order-service"":0.8243,""inventory-service"":1.0,""payment-service"":1.0,""notification-service"":0.0634}",2.628,56.82,True,True,20.0,19.768,0.0464,False,5.0,1.0,False,1.0,True,
FAN-CRA-CNT-T50-W5-D30,FAN_OUT,CRASH,payment-service-proxy,COUNT_BASED,50,5,30,5,5,2,full,SYNTHETIC_PREVIEW,1970-01-01T00:00:00Z,SYNTHETIC,90.0,19.91,0.0,2.21,0.9471,0.8888,0.75,0.75,"{""order-service"":0.5217,""inventory-service"":0.5023,""payment-service"":0.9176,""notification-service"":0.1305}",2.41,45.245,True,True,20.0,20.283,0.0722,False,5.0,1.0,False,1.0,True,
FAN-CRA-CNT-T50-W5-D30,FAN_OUT,CRASH,payment-service-proxy,COUNT_BASED,50,5,30,5,5,3,full,SYNTHETIC_PREVIEW,1970-01-01T00:00:00Z,SYNTHETIC,90.0,20.27,0.0,1.5,0.9855,0.9262,0.75,0.75,"{""order-service"":0.7351,""inventory-service"":0.582,""payment-service"":0.9511,""notification-service"":0.0596}",2.518,49.643,True,True,20.0,19.946,0.0629,False,5.0,1.0,False,1.0,True,
FAN-CRA-CNT-T50-W10-D5,FAN_OUT,CRASH,payment-service-proxy,COUNT_BASED,50,10,5,5,5,1,full,SYNTHETIC_PREVIEW,1970-01-01T00:00:00Z,SYNTHETIC,65.0,20.38,0.0,1.27,1.0,0.9377,0.75,0.75,"{""order-service"":0.5309,""inventory-service"":0.7941,""payment-service"":0.9723,""notification-service"":0.0946}",3.275,18.154,True,True,20.0,19.91,0.0669,False,10.0,2.0,False,1.0,True,
FAN-CRA-CNT-T50-W10-D5,FAN_OUT,CRASH,payment-service-proxy,COUNT_BASED,50,10,5,5,5,2,full,SYNTHETIC_PREVIEW,1970-01-01T00:00:00Z,SYNTHETIC,65.0,19.46,0.0,1.38,0.9761,0.9292,0.75,0.75,"{""order-service"":0.5733,""inventory-service"":0.6931,""payment-service"":0.8639,""notification-service"":0.0797}",3.341,18.289,True,True,20.0,19.852,0.0577,False,10.0,2.0,False,1.0,True,
FAN-CRA-CNT-T50-W10-D5,FAN_OUT,CRASH,payment-service-proxy,COUNT_BASED,50,10,5,5,5,3,full,SYNTHETIC_PREVIEW,1970-01-01T00:00:00Z,SYNTHETIC,65.0,21.37,0.0,2.73,1.0,0.8723,0.75,0.75,"{""order-service"":0.6711,""inventory-service"":0.7889,""payment-service"":1.0,""notification-service"":0.0503}",3.273,16.668,True,True,20.0,19.919,0.0666,False,10.0,2.0,False,1.0,True,
FAN-CRA-CNT-T50-W10-D15,FAN_OUT,CRASH,payment-service-proxy,COUNT_BASED,50,10,15,5,5,1,full,SYNTHETIC_PREVIEW,1970-01-01T00:00:00Z,SYNTHETIC,75.0,21.47,0.0,2.18,1.0,0.8985,0.75,0.75,"{""order-service"":0.5039,""inventory-service"":0.5955,""payment-service"":0.8677,""notification-service"":0.0704}",3.524,31.19,True,True,20.0,20.272,0.0352,False,10.0,2.0,False,1.0,True,
FAN-CRA-CNT-T50-W10-D15,FAN_OUT,CRASH,payment-service-proxy,COUNT_BASED,50,10,15,5,5,2,full,SYNTHETIC_PREVIEW,1970-01-01T00:00:00Z,SYNTHETIC,75.0,20.98,0.0,1.83,0.9704,0.9128,0.75,0.75,"{""order-service"":0.8994,""inventory-service"":0.6443,""payment-service"":0.9499,""notification-service"":0.0688}",3.551,27.262,True,True,20.0,20.856,0.0776,False,10.0,2.0,False,1.0,True,
FAN-CRA-CNT-T50-W10-D15,FAN_OUT,CRASH,payment-service-proxy,COUNT_BASED,50,10,15,5,5,3,full,SYNTHETIC_PREVIEW,1970-01-01T00:00:00Z,SYNTHETIC,75.0,21.23,0.0,0.96,1.0,0.9547,0.75,0.5,"{""order-service"":0.5377,""inventory-service"":0.4786,""payment-service"":0.9362,""notification-service"":0.1635}",3.342,29.612,True,True,20.0,19.686,0.0271,False,10.0,2.0,False,1.0,True,
FAN-CRA-CNT-T50-W10-D30,FAN_OUT,CRASH,payment-service-proxy,COUNT_BASED,50,10,30,5,5,1,full,SYNTHETIC_PREVIEW,1970-01-01T00:00:00Z,SYNTHETIC,90.0,22.31,0.0,3.34,0.9281,0.8504,0.75,0.75,"{""order-service"":0.6778,""inventory-service"":0.5611,""payment-service"":0.9251,""notification-service"":0.0922}",3.448,47.28,True,True,20.0,19.773,0.0523,False,10.0,2.0,False,1.0,True,
FAN-CRA-CNT-T50-W10-D30,FAN_OUT,CRASH,payment-service-proxy,COUNT_BASED,50,10,30,5,5,2,full,SYNTHETIC_PREVIEW,1970-01-01T00:00:00Z,SYNTHETIC,90.0,20.54,0.0,2.43,0.9879,0.8819,0.5,0.5,"{""order-service"":0.5817,""inventory-service"":0.3442,""payment-service"":0.9248,""notification-service"":0.1364}",3.085,45.593,True,True,20.0,20.019,0.0628,False,10.0,2.0,False,1.0,True,
FAN-CRA-CNT-T50-W10-D30,FAN_OUT,CRASH,payment-service-proxy,COUNT_BASED,50,10,30,5,5,3,full,SYNTHETIC_PREVIEW,1970-01-01T00:00:00Z,SYNTHETIC,90.0,20.23,0.0,1.84,0.9851,0.9089,0.75,0.75,"{""order-service"":0.6506,""inventory-service"":0.6722,""payment-service"":0.9521,""notification-service"":0.1239}",3.403,55.006,True,True,20.0,19.522,0.0578,False,10.0,2.0,False,1.0,True,
FAN-CRA-CNT-T50-W20-D5,FAN_OUT,CRASH,payment-service-proxy,COUNT_BASED,50,20,5,5,5,1,full,SYNTHETIC_PREVIEW,1970-01-01T00:00:00Z,SYNTHETIC,65.0,19.08,0.0,2.87,0.8931,0.8496,0.5,0.5,"{""order-service"":0.5613,""inventory-service"":0.2564,""payment-service"":0.9736,""notification-service"":0.1185}",5.871,16.292,True,True,20.0,20.277,0.0569,False,20.0,4.0,False,1.0,True,
FAN-CRA-CNT-T50-W20-D5,FAN_OUT,CRASH,payment-service-proxy,COUNT_BASED,50,20,5,5,5,2,full,SYNTHETIC_PREVIEW,1970-01-01T00:00:00Z,SYNTHETIC,65.0,20.57,0.0,1.62,0.9971,0.9214,0.75,0.75,"{""order-service"":0.7996,""inventory-service"":0.5723,""payment-service"":0.8411,""notification-service"":0.0712}",5.835,15.16,True,True,20.0,20.47,0.0735,False,20.0,4.0,False,1.0,True,
FAN-CRA-CNT-T50-W20-D5,FAN_OUT,CRASH,payment-service-proxy,COUNT_BASED,50,20,5,5,5,3,full,SYNTHETIC_PREVIEW,1970-01-01T00:00:00Z,SYNTHETIC,65.0,22.14,0.0,3.14,1.0,0.858,0.75,0.75,"{""order-service"":0.7802,""inventory-service"":0.6477,""payment-service"":0.8978,""notification-service"":0.0609}",5.901,18.644,True,True,20.0,20.587,0.0374,False,20.0,4.0,False,1.0,True,
FAN-CRA-CNT-T50-W20-D15,FAN_OUT,CRASH,payment-service-proxy,COUNT_BASED,50,20,15,5,5,1,full,SYNTHETIC_PREVIEW,1970-01-01T00:00:00Z,SYNTHETIC,75.0,20.28,0.0,1.75,1.0,0.9138,0.75,0.75,"{""order-service"":0.6388,""inventory-service"":0.5227,""payment-service"":0.8971,""notification-service"":0.1002}",5.955,25.802,True,True,20.0,20.075,0.0717,False,20.0,4.0,False,1.0,True,
FAN-CRA-CNT-T50-W20-D15,FAN_OUT,CRASH,payment-service-proxy,COUNT_BASED,50,20,15,5,5,2,full,SYNTHETIC_PREVIEW,1970-01-01T00:00:00Z,SYNTHETIC,75.0,20.6,0.0,2.59,1.0,0.8742,0.25,0.25,"{""order-service"":0.4192,""inventory-service"":0.3896,""payment-service"":0.8813,""notification-service"":0.1166}",5.925,28.989,True,True,20.0,19.341,0.0513,False,20.0,4.0,False,1.0,True,
FAN-CRA-CNT-T50-W20-D15,FAN_OUT,CRASH,payment-service-proxy,COUNT_BASED,50,20,15,5,5,3,full,SYNTHETIC_PREVIEW,1970-01-01T00:00:00Z,SYNTHETIC,75.0,20.35,0.0,1.84,1.0,0.9098,0.5,0.5,"{""order-service"":0.3941,""inventory-service"":0.704,""payment-service"":0.9419,""notification-service"":0.061}",5.923,30.018,True,True,20.0,19.747,0.0559,False,20.0,4.0,False,1.0,True,
FAN-CRA-CNT-T50-W20-D30,FAN_OUT,CRASH,payment-service-proxy,COUNT_BASED,50,20,30,5,5,1,full,SYNTHETIC_PREVIEW,1970-01-01T00:00:00Z,SYNTHETIC,90.0,19.11,0.0,2.94,0.9684,0.8463,0.5,0.5,"{""order-service"":0.3292,""inventory-service"":0.5013,""payment-service"":0.9575,""notification-service"":0.1543}",5.762,51.392,True,True,20.0,20.446,0.0512,False,20.0,4.0,False,1.0,True,
FAN-CRA-CNT-T50-W20-D30,FAN_OUT,CRASH,payment-service-proxy,COUNT_BASED,50,20,30,5,5,2,full,SYNTHETIC_PREVIEW,1970-01-01T00:00:00Z,SYNTHETIC,90.0,21.57,0.0,2.4,1.0,0.8887,0.25,0.25,"{""order-service"":0.3806,""inventory-service"":0.3986,""payment-service"":0.9062,""notification-service"":0.1582}",5.654,43.378,True,True,20.0,19.812,0.0375,False,20.0,4.0,False,1.0,True,
FAN-CRA-CNT-T50-W20-D30,FAN_OUT,CRASH,payment-service-proxy,COUNT_BASED,50,20,30,5,5,3,full,SYNTHETIC_PREVIEW,1970-01-01T00:00:00Z,SYNTHETIC,90.0,21.42,0.0,0.76,1.0,0.9646,0.5,0.5,"{""order-service"":0.547,""inventory-service"":0.4115,""payment-service"":0.8566,""notification-service"":0.0211}",6.085,58.068,True,True,20.0,20.312,0.0861,False,20.0,4.0,False,1.0,True,
FAN-CRA-CNT-T70-W5-D5,FAN_OUT,CRASH,payment-service-proxy,COUNT_BASED,70,5,5,5,5,1,full,SYNTHETIC_PREVIEW,1970-01-01T00:00:00Z,SYNTHETIC,65.0,20.84,0.0,3.3,0.9582,0.8416,0.5,0.25,"{""order-service"":0.481,""inventory-service"":0.4037,""payment-service"":0.9135,""notification-service"":0.0842}",3.2,20.091,True,True,20.0,20.015,0.0227,False,5.0,1.0,False,1.0,True,
FAN-CRA-CNT-T70-W5-D5,FAN_OUT,CRASH,payment-service-proxy,COUNT_BASED,70,5,5,5,5,2,full,SYNTHETIC_PREVIEW,1970-01-01T00:00:00Z,SYNTHETIC,65.0,20.29,0.0,2.69,1.0,0.8674,0.75,0.75,"{""order-service"":0.5769,""inventory-service"":0.5792,""payment-service"":0.926,""notification-service"":0.0}",3.22,13.788,True,True,20.0,20.05,0.027,False,5.0,1.0,False,1.0,True,
FAN-CRA-CNT-T70-W5-D5,FAN_OUT,CRASH,payment-service-proxy,COUNT_BASED,70,5,5,5,5,3,full,SYNTHETIC_PREVIEW,1970-01-01T00:00:00Z,SYNTHETIC,65.0,21.42,0.0,2.76,1.0,0.8712,0.5,0.5,"{""order-service"":0.648,""inventory-service"":0.3595,""payment-service"":0.8568,""notification-service"":0.0986}",3.188,17.183,True,True,20.0,20.472,0.0794,False,5.0,1.0,False,1.0,True,
FAN-CRA-CNT-T70-W5-D15,FAN_OUT,CRASH,payment-service-proxy,COUNT_BASED,70,5,15,5,5,1,full,SYNTHETIC_PREVIEW,1970-01-01T00:00:00Z,SYNTHETIC,75.0,18.99,0.0,2.64,0.918,0.8609,0.75,0.75,"{""order-service"":0.8702,""inventory-service"":0.6038,""payment-service"":0.8749,""notification-service"":0.0618}",3.389,28.888,True,True,20.0,20.538,0.0214,False,5.0,1.0,False,1.0,True,
FAN-CRA-CNT-T70-W5-D15,FAN_OUT,CRASH,payment-service-proxy,COUNT_BASED,70,5,15,5,5,2,full,SYNTHETIC_PREVIEW,1970-01-01T00:00:00Z,SYNTHETIC,75.0,20.44,0.0,1.29,1.0,0.9371,0.75,0.75,"{""order-service"":0.8026,""inventory-service"":0.9165,""payment-service"":0.8661,""notification-service"":0.0804}",3.08,28.951,True,True,20.0,19.824,0.0568,False,5.0,1.0,False,1.0,True,
FAN-CRA-CNT-T70-W5-D15,FAN_OUT,CRASH,payment-service-proxy,COUNT_BASED,70,5,15,5,5,3,full,SYNTHETIC_PREVIEW,1970-01-01T00:00:00Z,SYNTHETIC,75.0,19.82,0.0,1.9,0.9702,0.9041,0.5,0.5,"{""order-service"":0.3677,""inventory-service"":0.5328,""payment-service"":1.0,""notification-service"":0.0919}",3.013,26.489,True,True,20.0,20.328,0.0743,False,5.0,1.0,False,1.0,True,
FAN-CRA-CNT-T70-W5-D30,FAN_OUT,CRASH,payment-service-proxy,COUNT_BASED,70,5,30,5,5,1,full,SYNTHETIC_PREVIEW,1970-01-01T00:00:00Z,SYNTHETIC,90.0,19.27,0.0,2.69,0.9753,0.8602,0.75,0.5,"{""order-service"":0.4625,""inventory-service"":0.7837,""payment-service"":0.9569,""notification-service"":0.0369}",3.25,42.008,True,True,20.0,20.191,0.0802,False,5.0,1.0,False,1.0,True,
FAN-CRA-CNT-T70-W5-D30,FAN_OUT,CRASH,payment-service-proxy,COUNT_BASED,70,5,30,5,5,2,full,SYNTHETIC_PREVIEW,1970-01-01T00:00:00Z,SYNTHETIC,90.0,21.29,0.0,1.85,0.9846,0.913,0.5,0.5,"{""order-service"":0.5755,""inventory-service"":0.3531,""payment-service"":0.8514,""notification-service"":0.0312}",3.028,47.238,True,True,20.0,19.42,0.0263,False,5.0,1.0,False,1.0,True,
FAN-CRA-CNT-T70-W5-D30,FAN_OUT,CRASH,payment-service-proxy,COUNT_BASED,70,5,30,5,5,3,full,SYNTHETIC_PREVIEW,1970-01-01T00:00:00Z,SYNTHETIC,90.0,20.52,0.0,1.13,1.0,0.9449,0.75,0.75,"{""order-service"":0.6216,""inventory-service"":0.9093,""payment-service"":0.9616,""notification-service"":0.0}",3.333,49.394,True,True,20.0,19.355,0.0257,False,5.0,1.0,False,1.0,True,
FAN-CRA-CNT-T70-W10-D5,FAN_OUT,CRASH,payment-service-proxy,COUNT_BASED,70,10,5,5,5,1,full,SYNTHETIC_PREVIEW,1970-01-01T00:00:00Z,SYNTHETIC,65.0,19.23,0.0,1.43,1.0,0.9258,0.5,0.5,"{""order-service"":0.3466,""inventory-service"":0.537,""payment-service"":0.9068,""notification-service"":0.0897}",4.391,16.52,True,True,20.0,20.141,0.0268,False,10.0,2.0,False,1.0,True,
FAN-CRA-CNT-T70-W10-D5,FAN_OUT,CRASH,payment-service-proxy,COUNT_BASED,70,10,5,5,5,2,full,SYNTHETIC_PREVIEW,1970-01-01T00:00:00Z,SYNTHETIC,65.0,20.68,0.0,2.01,0.9693,0.9026,0.75,0.5,"{""order-service"":0.5575,""inventory-service"":0.4966,""payment-service"":0.8811,""notification-service"":0.1253}",4.265,16.563,True,True,20.0,19.644,0.0856,False,10.0,2.0,False,1.0,True,
FAN-CRA-CNT-T70-W10-D5,FAN_OUT,CRASH,payment-service-proxy,COUNT_BASED,70,10,5,5,5,3,full,SYNTHETIC_PREVIEW,1970-01-01T00:00:00Z,SYNTHETIC,65.0,20.51,0.0,2.08,0.9652,0.8987,0.75,0.5,"{""order-service"":0.4382,""inventory-service"":0.6765,""payment-service"":0.8886,""notification-service"":0.1525}",4.178,14.145,True,True,20.0,19.887,0.0293,False,10.0,2.0,False,1.0,True,
FAN-CRA-CNT-T70-W10-D15,FAN_OUT,CRASH,payment-service-proxy,COUNT_BASED,70,10,15,5,5,1,full,SYNTHETIC_PREVIEW,1970-01-01T00:00:00Z,SYNTHETIC,75.0,20.32,0.0,2.19,0.9809,0.8925,0.75,0.75,"{""order-service"":0.5154,""inventory-service"":0.6317,""payment-service"":0.9574,""notification-service"":0.1649}",4.379,26.272,True,True,20.0,19.792,0.0592,False,10.0,2.0,False,1.0,True,
FAN-CRA-CNT-T70-W10-D15,FAN_OUT,CRASH,payment-service-proxy,COUNT_BASED,70,10,15,5,5,2,full,SYNTHETIC_PREVIEW,1970-01-01T00:00:00Z,SYNTHETIC,75.0,19.12,0.0,3.35,0.9354,0.8245,0.75,0.75,"{""order-service"":0.5207,""inventory-service"":0.7236,""payment-service"":0.8944,""notification-service"":0.1233}",4.528,27.958,True,True,20.0,20.628,0.0547,False,10.0,2.0,False,1.0,True,
FAN-CRA-CNT-T70-W10-D15,FAN_OUT,CRASH,payment-service-proxy,COUNT_BASED,70,10,15,5,5,3,full,SYNTHETIC_PREVIEW,1970-01-01T00:00:00Z,SYNTHETIC,75.0,20.43,0.0,1.37,0.9644,0.9328,0.5,0.25,"{""order-service"":0.4898,""inventory-service"":0.1624,""payment-service"":0.9388,""notification-service"":0.0359}",4.241,30.011,True,True,20.0,19.555,0.0526,False,10.0,2.0,False,1.0,True,
FAN-CRA-CNT-T70-W10-D30,FAN_OUT,CRASH,payment-service-proxy,COUNT_BASED,70,10,30,5,5,1,full,SYNTHETIC_PREVIEW,1970-01-01T00:00:00Z,SYNTHETIC,90.0,20.69,0.0,2.32,0.9904,0.8878,0.5,0.5,"{""order-service"":0.4149,""inventory-service"":0.5129,""payment-service"":0.9143,""notification-service"":0.0839}",4.354,50.677,True,True,20.0,20.038,0.0476,False,10.0,2.0,False,1.0,True,
FAN-CRA-CNT-T70-W10-D30,FAN_OUT,CRASH,payment-service-proxy,COUNT_BASED,70,10,30,5,5,2,full,SYNTHETIC_PREVIEW,1970-01-01T00:00:00Z,SYNTHETIC,90.0,21.41,0.0,3.21,1.0,0.8502,0.75,0.75,"{""order-service"":0.6858,""inventory-service"":0.9023,""payment-service"":0.935,""notification-service"":0.0532}",4.233,42.979,True,True,20.0,19.725,0.0659,False,10.0,2.0,False,1.0,True,
FAN-CRA-CNT-T70-W10-D30,FAN_OUT,CRASH,payment-service-proxy,COUNT_BASED,70,10,30,5,5,3,full,SYNTHETIC_PREVIEW,1970-01-01T00:00:00Z,SYNTHETIC,90.0,22.33,0.0,1.33,0.9865,0.9404,0.5,0.25,"{""order-service"":0.4648,""inventory-service"":0.2627,""payment-service"":1.0,""notification-service"":0.0}",4.512,43.305,True,True,20.0,19.892,0.0518,False,10.0,2.0,False,1.0,True,
FAN-CRA-CNT-T70-W20-D5,FAN_OUT,CRASH,payment-service-proxy,COUNT_BASED,70,20,5,5,5,1,full,SYNTHETIC_PREVIEW,1970-01-01T00:00:00Z,SYNTHETIC,65.0,19.84,0.0,3.09,0.9928,0.8441,0.5,0.25,"{""order-service"":0.3987,""inventory-service"":0.4757,""payment-service"":0.9322,""notification-service"":0.0725}",7.144,15.643,True,True,20.0,19.995,0.0562,False,20.0,4.0,False,1.0,True,
FAN-CRA-CNT-T70-W20-D5,FAN_OUT,CRASH,payment-service-proxy,COUNT_BASED,70,20,5,5,5,2,full,SYNTHETIC_PREVIEW,1970-01-01T00:00:00Z,SYNTHETIC,65.0,19.66,0.0,3.2,0.9699,0.8374,0.75,0.5,"{""order-service"":0.4278,""inventory-service"":0.5075,""payment-service"":0.9436,""notification-service"":0.0523}",7.256,17.157,True,True,20.0,20.381,0.0343,False,20.0,4.0,False,1.0,True,
FAN-CRA-CNT-T70-W20-D5,FAN_OUT,CRASH,payment-service-proxy,COUNT_BASED,70,20,5,5,5,3,full,SYNTHETIC_PREVIEW,1970-01-01T00:00:00Z,SYNTHETIC,65.0,21.61,0.0,2.35,1.0,0.8912,0.75,0.75,"{""order-service"":0.8585,""inventory-service"":0.6084,""payment-service"":0.8924,""notification-service"":0.1631}",7.205,14.014,True,True,20.0,20.241,0.0483,False,20.0,4.0,False,1.0,True,
FAN-CRA-CNT-T70-W20-D15,FAN_OUT,CRASH,payment-service-proxy,COUNT_BASED,70,20,15,5,5,1,full,SYNTHETIC_PREVIEW,1970-01-01T00:00:00Z,SYNTHETIC,75.0,18.64,0.0,3.23,0.9672,0.827,0.75,0.5,"{""order-service"":0.5564,""inventory-service"":0.4309,""payment-service"":0.8815,""notification-service"":0.0945}",7.279,29.778,True,True,20.0,20.852,0.022,False,20.0,4.0,False,1.0,True,
FAN-CRA-CNT-T70-W20-D15,FAN_OUT,CRASH,payment-service-proxy,COUNT_BASED,70,20,15,5,5,2,full,SYNTHETIC_PREVIEW,1970-01-01T00:00:00Z,SYNTHETIC,75.0,20.15,0.0,3.46,0.93,0.8284,0.75,0.5,"{""order-service"":0.5603,""inventory-service"":0.4746,""payment-service"":0.9751,""notification-service"":0.0959}",7.302,28.338,True,True,20.0,20.249,0.0769,False,20.0,4.0,False,1.0,True,
FAN-CRA-CNT-T70-W20-D15,FAN_OUT,CRASH,payment-service-proxy,COUNT_BASED,70,20,15,5,5,3,full,SYNTHETIC_PREVIEW,1970-01-01T00:00:00Z,SYNTHETIC,75.0,22.16,0.0,1.17,0.99,0.9472,0.75,0.75,"{""order-service"":0.5174,""inventory-service"":0.577,""payment-service"":0.9837,""notification-service"":0.0293}",7.492,29.724,True,True,20.0,19.968,0.0851,False,20.0,4.0,False,1.0,True,
FAN-CRA-CNT-T70-W20-D30,FAN_OUT,CRASH,payment-service-proxy,COUNT_BASED,70,20,30,5,5,1,full,SYNTHETIC_PREVIEW,1970-01-01T00:00:00Z,SYNTHETIC,90.0,19.71,0.0,1.82,0.9686,0.9078,0.75,0.5,"{""order-service"":0.7069,""inventory-service"":0.4886,""payment-service"":0.9618,""notification-service"":0.0061}",7.526,52.232,True,True,20.0,19.683,0.0774,False,20.0,4.0,False,1.0,True,
FAN-CRA-CNT-T70-W20-D30,FAN_OUT,CRASH,payment-service-proxy,COUNT_BASED,70,20,30,5,5,2,full,SYNTHETIC_PREVIEW,1970-01-01T00:00:00Z,SYNTHETIC,90.0,21.18,0.0,0.77,1.0,0.9638,0.75,0.5,"{""order-service"":0.5744,""inventory-service"":0.4647,""payment-service"":0.8464,""notification-service"":0.1006}",7.154,48.941,True,True,20.0,20.29,0.0292,False,20.0,4.0,False,1.0,True,
FAN-CRA-CNT-T70-W20-D30,FAN_OUT,CRASH,payment-service-proxy,COUNT_BASED,70,20,30,5,5,3,full,SYNTHETIC_PREVIEW,1970-01-01T00:00:00Z,SYNTHETIC,90.0,19.99,0.0,2.36,0.9777,0.8818,0.5,0.25,"{""order-service"":0.2709,""inventory-service"":0.4298,""payment-service"":0.901,""notification-service"":0.1671}",7.299,55.141,True,True,20.0,19.98,0.0294,False,20.0,4.0,False,1.0,True,
FAN-CRA-TIM-T30-W5-D5,FAN_OUT,CRASH,payment-service-proxy,TIME_BASED,30,5,5,5,5,1,full,SYNTHETIC_PREVIEW,1970-01-01T00:00:00Z,SYNTHETIC,85.0,20.7,0.0,3.31,0.9317,0.8401,0.75,0.75,"{""order-service"":0.8781,""inventory-service"":1.0,""payment-service"":0.9175,""notification-service"":0.0894}",2.913,18.557,True,True,20.0,20.25,0.061,False,101.25,20.2499,False,1.0,True,
FAN-CRA-TIM-T30-W5-D5,FAN_OUT,CRASH,payment-service-proxy,TIME_BASED,30,5,5,5,5,2,full,SYNTHETIC_PREVIEW,1970-01-01T00:00:00Z,SYNTHETIC,85.0,19.46,0.0,1.5,0.9917,0.9228,0.75,0.5,"{""order-service"":0.6607,""inventory-service"":0.461,""payment-service"":0.8687,""notification-service"":0.0426}",2.768,23.691,True,True,20.0,20.611,0.0746,False,103.06,20.6111,False,1.0,True,
FAN-CRA-TIM-T30-W5-D5,FAN_OUT,CRASH,payment-service-proxy,TIME_BASED,30,5,5,5,5,3,full,SYNTHETIC_PREVIEW,1970-01-01T00:00:00Z,SYNTHETIC,85.0,21.13,0.0,2.55,1.0,0.8795,0.75,0.75,"{""order-service"":0.692,""inventory-service"":0.6846,""payment-service"":0.9154,""notification-service"":0.0874}",2.805,22.084,True,True,20.0,20.264,0.0854,False,101.32,20.2639,False,1.0,True,
FAN-CRA-TIM-T30-W5-D15,FAN_OUT,CRASH,payment-service-proxy,TIME_BASED,30,5,15,5,5,1,full,SYNTHETIC_PREVIEW,1970-01-01T00:00:00Z,SYNTHETIC,95.0,19.82,0.0,4.3,0.8507,0.7833,0.5,0.5,"{""order-service"":0.7704,""inventory-service"":0.3892,""payment-service"":0.9546,""notification-service"":0.0637}",2.799,40.643,True,True,20.0,20.195,0.063,False,100.97,20.1945,False,1.0,True,
FAN-CRA-TIM-T30-W5-D15,FAN_OUT,CRASH,payment-service-proxy,TIME_BASED,30,5,15,5,5,2,full,SYNTHETIC_PREVIEW,1970-01-01T00:00:00Z,SYNTHETIC,95.0,20.35,0.0,2.55,0.9963,0.8747,0.75,0.5,"{""order-service"":0.4439,""inventory-service"":0.5792,""payment-service"":0.9946,""notification-service"":0.0326}",2.811,40.503,True,True,20.0,20.395,0.0291,False,101.97,20.3949,False,1.0,True,
FAN-CRA-TIM-T30-W5-D15,FAN_OUT,CRASH,payment-service-proxy,TIME_BASED,30,5,15,5,5,3,full,SYNTHETIC_PREVIEW,1970-01-01T00:00:00Z,SYNTHETIC,95.0,19.64,0.0,2.04,0.9958,0.8964,0.75,0.75,"{""order-service"":0.6365,""inventory-service"":0.9129,""payment-service"":0.9187,""notification-service"":0.0552}",2.962,38.036,True,True,20.0,19.923,0.0371,False,99.61,19.923,False,1.0,True,
FAN-CRA-TIM-T30-W5-D30,FAN_OUT,CRASH,payment-service-proxy,TIME_BASED,30,5,30,5,5,1,full,SYNTHETIC_PREVIEW,1970-01-01T00:00:00Z,SYNTHETIC,110.0,20.65,0.0,1.12,0.9986,0.9458,0.75,0.75,"{""order-service"":0.5223,""inventory-service"":0.8826,""payment-service"":0.9489,""notification-service"":0.1161}",2.972,62.062,True,True,20.0,19.352,0.0527,False,96.76,19.3518,False,1.0,True,
FAN-CRA-TIM-T30-W5-D30,FAN_OUT,CRASH,payment-service-proxy,TIME_BASED,30,5,30,5,5,2,full,SYNTHETIC_PREVIEW,1970-01-01T00:00:00Z,SYNTHETIC,110.0,19.84,0.0,2.22,1.0,0.8881,0.75,0.75,"{""order-service"":1.0,""inventory-service"":0.6338,""payment-service"":0.9732,""notification-service"":0.066}",2.841,76.622,True,True,20.0,20.487,0.0295,False,102.44,20.4873,False,1.0,True,
FAN-CRA-TIM-T30-W5-D30,FAN_OUT,CRASH,payment-service-proxy,TIME_BASED,30,5,30,5,5,3,full,SYNTHETIC_PREVIEW,1970-01-01T00:00:00Z,SYNTHETIC,110.0,20.73,0.0,1.83,0.9872,0.9118,0.75,0.75,"{""order-service"":0.6055,""inventory-service"":0.5708,""payment-service"":0.8404,""notification-service"":0.1519}",2.946,71.482,True,True,20.0,19.904,0.0567,False,99.52,19.9041,False,1.0,True,
FAN-CRA-TIM-T30-W10-D5,FAN_OUT,CRASH,payment-service-proxy,TIME_BASED,30,10,5,5,5,1,full,SYNTHETIC_PREVIEW,1970-01-01T00:00:00Z,SYNTHETIC,135.0,22.32,0.0,1.71,0.9723,0.9236,0.75,0.75,"{""order-service"":0.8006,""inventory-service"":0.6786,""payment-service"":0.8968,""notification-service"":0.1228}",4.993,26.485,True,True,20.0,19.783,0.0422,False,197.83,39.5659,False,1.0,True,
FAN-CRA-TIM-T30-W10-D5,FAN_OUT,CRASH,payment-service-proxy,TIME_BASED,30,10,5,5,5,2,full,SYNTHETIC_PREVIEW,1970-01-01T00:00:00Z,SYNTHETIC,135.0,20.33,0.0,2.85,0.9955,0.8598,0.75,0.75,"{""order-service"":0.6706,""inventory-service"":0.8037,""payment-service"":0.8809,""notification-service"":0.1397}",4.927,24.514,True,True,20.0,20.1,0.0502,False,201.0,40.1994,False,1.0,True,
FAN-CRA-TIM-T30-W10-D5,FAN_OUT,CRASH,payment-service-proxy,TIME_BASED,30,10,5,5,5,3,full,SYNTHETIC_PREVIEW,1970-01-01T00:00:00Z,SYNTHETIC,135.0,19.99,0.0,0.91,0.9994,0.9543,0.75,0.75,"{""order-service"":0.9267,""inventory-service"":0.9281,""payment-service"":0.8935,""notification-service"":0.0916}",5.127,25.448,True,True,20.0,20.188,0.0506,False,201.88,40.3758,False,1.0,True,
FAN-CRA-TIM-T30-W10-D15,FAN_OUT,CRASH,payment-service-proxy,TIME_BASED,30,10,15,5,5,1,full,SYNTHETIC_PREVIEW,1970-01-01T00:00:00Z,SYNTHETIC,145.0,21.11,0.0,3.1,0.996,0.853,0.5,0.5,"{""order-service"":0.7858,""inventory-service"":0.3616,""payment-service"":1.0,""notification-service"":0.1272}",4.827,38.286,True,True,20.0,19.429,0.0691,False,194.29,38.8578,False,1.0,True,
FAN-CRA-TIM-T30-W10-D15,FAN_OUT,CRASH,payment-service-proxy,TIME_BASED,30,10,15,5,5,2,full,SYNTHETIC_PREVIEW,1970-01-01T00:00:00Z,SYNTHETIC,145.0,21.56,0.0,2.48,0.9844,0.8852,0.75,0.75,"{""order-service"":0.6635,""inventory-service"":0.8759,""payment-service"":0.8716,""notification-service"":0.059}",4.909,38.814,True,True,20.0,20.499,0.034,False,204.99,40.9981,False,1.0,True,
FAN-CRA-TIM-T30-W10-D15,FAN_OUT,CRASH,payment-service-proxy,TIME_BASED,30,10,15,5,5,3,full,SYNTHETIC_PREVIEW,1970-01-01T00:00:00Z,SYNTHETIC,145.0,20.78,0.0,1.54,1.0,0.9257,0.75,0.75,"{""order-service"":0.9566,""inventory-service"":0.944,""payment-service"":0.9144,""notification-service"":0.1016}",4.999,44.098,True,True,20.0,19.344,0.0602,False,193.44,38.6877,False,1.0,True,
FAN-CRA-TIM-T30-W10-D30,FAN_OUT,CRASH,payment-service-proxy,TIME_BASED,30,10,30,5,5,1,full,SYNTHETIC_PREVIEW,1970-01-01T00:00:00Z,SYNTHETIC,160.0,20.67,0.0,2.24,0.9923,0.8916,0.75,0.75,"{""order-service"":0.8225,""inventory-service"":0.8312,""payment-service"":0.9722,""notification-service"":0.1251}",4.641,67.477,True,True,20.0,19.919,0.0669,False,199.19,39.8387,False,1.0,True,
FAN-CRA-TIM-T30-W10-D30,FAN_OUT,CRASH,payment-service-proxy,TIME_BASED,30,10,30,5,5,2,full,SYNTHETIC_PREVIEW,1970-01-01T00:00:00Z,SYNTHETIC,160.0,19.76,0.0,1.1,1.0,0.9445,0.75,0.75,"{""order-service"":0.7651,""inventory-service"":1.0,""payment-service"":1.0,""notification-service"":0.1069}",4.692,70.663,True,True,20.0,19.935,0.0508,False,199.35,39.87,False,1.0,True,
FAN-CRA-TIM-T30-W10-D30,FAN_OUT,CRASH,payment-service-proxy,TIME_BASED,30,10,30,5,5,3,full,SYNTHETIC_PREVIEW,1970-01-01T00:00:00Z,SYNTHETIC,160.0,20.38,0.0,2.87,0.9487,0.8591,0.75,0.75,"{""order-service"":0.6486,""inventory-service"":0.8765,""payment-service"":0.9579,""notification-service"":0.1131}",4.726,60.055,True,True,20.0,20.182,0.0343,False,201.82,40.3648,False,1.0,True,
FAN-CRA-TIM-T30-W20-D5,FAN_OUT,CRASH,payment-service-proxy,TIME_BASED,30,20,5,5,5,1,full,SYNTHETIC_PREVIEW,1970-01-01T00:00:00Z,SYNTHETIC,235.0,21.61,0.0,2.73,0.9855,0.8738,0.75,0.75,"{""order-service"":0.7312,""inventory-service"":0.6481,""payment-service"":0.9484,""notification-service"":0.0365}",6.8,23.66,True,True,20.0,20.23,0.0571,False,404.61,80.9215,False,1.0,True,
FAN-CRA-TIM-T30-W20-D5,FAN_OUT,CRASH,payment-service-proxy,TIME_BASED,30,20,5,5,5,2,full,SYNTHETIC_PREVIEW,1970-01-01T00:00:00Z,SYNTHETIC,235.0,19.65,0.0,2.66,0.9893,0.8645,0.75,0.5,"{""order-service"":0.4341,""inventory-service"":0.8948,""payment-service"":0.9307,""notification-service"":0.025}",7.141,23.695,True,True,20.0,20.117,0.0693,False,402.34,80.4682,False,1.0,True,
FAN-CRA-TIM-T30-W20-D5,FAN_OUT,CRASH,payment-service-proxy,TIME_BASED,30,20,5,5,5,3,full,SYNTHETIC_PREVIEW,1970-01-01T00:00:00Z,SYNTHETIC,235.0,20.18,0.0,2.68,0.9499,0.8673,0.5,0.5,"{""order-service"":0.4132,""inventory-service"":0.7501,""payment-service"":0.9937,""notification-service"":0.0}",7.259,24.061,True,True,20.0,19.81,0.0263,False,396.2,79.2394,False,1.0,True,
FAN-CRA-TIM-T30-W20-D15,FAN_OUT,CRASH,payment-service-proxy,TIME_BASED,30,20,15,5,5,1,full,SYNTHETIC_PREVIEW,1970-01-01T00:00:00Z,SYNTHETIC,245.0,19.79,0.0,2.14,1.0,0.8921,0.75,0.75,"{""order-service"":0.7608,""inventory-service"":0.8428,""payment-service"":0.9155,""notification-service"":0.1375}",6.984,42.084,True,True,20.0,19.305,0.0352,False,386.11,77.2214,False,1.0,True,
FAN-CRA-TIM-T30-W20-D15,FAN_OUT,CRASH,payment-service-proxy,TIME_BASED,30,20,15,5,5,2,full,SYNTHETIC_PREVIEW,1970-01-01T00:00:00Z,SYNTHETIC,245.0,21.68,0.0,2.42,1.0,0.8883,0.75,0.75,"{""order-service"":0.574,""inventory-service"":0.5751,""payment-service"":0.9521,""notification-service"":0.0976}",7.405,38.607,True,True,20.0,20.607,0.0309,False,412.14,82.4287,False,1.0,True,
FAN-CRA-TIM-T30-W20-D15,FAN_OUT,CRASH,payment-service-proxy,TIME_BASED,30,20,15,5,5,3,full,SYNTHETIC_PREVIEW,1970-01-01T00:00:00Z,SYNTHETIC,245.0,22.05,0.0,1.61,0.9583,0.927,0.75,0.75,"{""order-service"":0.7431,""inventory-service"":1.0,""payment-service"":0.9198,""notification-service"":0.1647}",6.966,44.343,True,True,20.0,20.147,0.0244,False,402.93,80.5866,False,1.0,True,
FAN-CRA-TIM-T30-W20-D30,FAN_OUT,CRASH,payment-service-proxy,TIME_BASED,30,20,30,5,5,1,full,SYNTHETIC_PREVIEW,1970-01-01T00:00:00Z,SYNTHETIC,260.0,19.8,0.0,1.86,0.9731,0.9059,0.5,0.5,"{""order-service"":0.3964,""inventory-service"":0.9968,""payment-service"":0.8677,""notification-service"":0.0}",6.777,79.927,True,True,20.0,20.687,0.0423,False,413.74,82.7473,False,1.0,True,
FAN-CRA-TIM-T30-W20-D30,FAN_OUT,CRASH,payment-service-proxy,TIME_BASED,30,20,30,5,5,2,full,SYNTHETIC_PREVIEW,1970-01-01T00:00:00Z,SYNTHETIC,260.0,21.06,0.0,2.6,1.0,0.8765,0.75,0.75,"{""order-service"":1.0,""inventory-service"":0.9084,""payment-service"":0.9651,""notification-service"":0.0266}",7.77,77.828,True,True,20.0,19.437,0.089,False,388.74,77.7471,False,1.0,True,
FAN-CRA-TIM-T30-W20-D30,FAN_OUT,CRASH,payment-service-proxy,TIME_BASED,30,20,30,5,5,3,full,SYNTHETIC_PREVIEW,1970-01-01T00:00:00Z,SYNTHETIC,260.0,20.75,0.0,1.88,0.9595,0.9096,0.75,0.75,"{""order-service"":0.6457,""inventory-service"":0.6195,""payment-service"":0.9577,""notification-service"":0.0697}",6.929,68.648,True,True,20.0,20.264,0.0451,False,405.28,81.0564,False,1.0,True,
FAN-CRA-TIM-T50-W5-D5,FAN_OUT,CRASH,payment-service-proxy,TIME_BASED,50,5,5,5,5,1,full,SYNTHETIC_PREVIEW,1970-01-01T00:00:00Z,SYNTHETIC,85.0,21.95,0.0,2.92,0.943,0.8671,0.5,0.5,"{""order-service"":0.7501,""inventory-service"":0.403,""payment-service"":0.8769,""notification-service"":0.0426}",3.883,21.219,True,True,20.0,19.747,0.0768,False,98.74,19.7472,False,1.0,True,
FAN-CRA-TIM-T50-W5-D5,FAN_OUT,CRASH,payment-service-proxy,TIME_BASED,50,5,5,5,5,2,full,SYNTHETIC_PREVIEW,1970-01-01T00:00:00Z,SYNTHETIC,85.0,19.96,0.0,3.24,0.9821,0.8378,0.5,0.5,"{""order-service"":0.7927,""inventory-service"":0.3564,""payment-service"":0.8382,""notification-service"":0.1139}",3.784,24.094,True,True,20.0,20.799,0.04,False,103.99,20.7986,False,1.0,True,
FAN-CRA-TIM-T50-W5-D5,FAN_OUT,CRASH,payment-service-proxy,TIME_BASED,50,5,5,5,5,3,full,SYNTHETIC_PREVIEW,1970-01-01T00:00:00Z,SYNTHETIC,85.0,19.32,0.0,1.65,0.9507,0.9148,0.75,0.75,"{""order-service"":0.7305,""inventory-service"":0.5464,""payment-service"":1.0,""notification-service"":0.0092}",3.895,22.88,True,True,20.0,20.524,0.0232,False,102.62,20.5238,False,1.0,True,
FAN-CRA-TIM-T50-W5-D15,FAN_OUT,CRASH,payment-service-proxy,TIME_BASED,50,5,15,5,5,1,full,SYNTHETIC_PREVIEW,1970-01-01T00:00:00Z,SYNTHETIC,95.0,21.05,0.0,1.45,1.0,0.9313,0.75,0.75,"{""order-service"":0.8589,""inventory-service"":0.8871,""payment-service"":0.8842,""notification-service"":0.0379}",3.911,40.466,True,True,20.0,20.379,0.0658,False,101.9,20.3794,False,1.0,True,
FAN-CRA-TIM-T50-W5-D15,FAN_OUT,CRASH,payment-service-proxy,TIME_BASED,50,5,15,5,5,2,full,SYNTHETIC_PREVIEW,1970-01-01T00:00:00Z,SYNTHETIC,95.0,21.32,0.0,1.48,1.0,0.9307,0.5,0.5,"{""order-service"":0.621,""inventory-service"":0.4111,""payment-service"":0.9042,""notification-service"":0.0303}",3.735,38.373,True,True,20.0,20.29,0.0601,False,101.45,20.2898,False,1.0,True,
FAN-CRA-TIM-T50-W5-D15,FAN_OUT,CRASH,payment-service-proxy,TIME_BASED,50,5,15,5,5,3,full,SYNTHETIC_PREVIEW,1970-01-01T00:00:00Z,SYNTHETIC,95.0,18.87,0.0,0.6,1.0,0.9683,0.5,0.5,"{""order-service"":0.8334,""inventory-service"":0.3697,""payment-service"":0.9191,""notification-service"":0.068}",4.101,46.334,True,True,20.0,20.572,0.0755,False,102.86,20.572,False,1.0,True,
FAN-CRA-TIM-T50-W5-D30,FAN_OUT,CRASH,payment-service-proxy,TIME_BASED,50,5,30,5,5,1,full,SYNTHETIC_PREVIEW,1970-01-01T00:00:00Z,SYNTHETIC,110.0,21.66,0.0,2.38,0.967,0.8901,0.75,0.5,"{""order-service"":0.7025,""inventory-service"":0.4707,""payment-service"":0.8683,""notification-service"":0.1481}",4.035,68.829,True,True,20.0,19.227,0.0637,False,96.13,19.227,False,1.0,True,
FAN-CRA-TIM-T50-W5-D30,FAN_OUT,CRASH,payment-service-proxy,TIME_BASED,50,5,30,5,5,2,full,SYNTHETIC_PREVIEW,1970-01-01T00:00:00Z,SYNTHETIC,110.0,20.57,0.0,2.75,1.0,0.8664,0.5,0.25,"{""order-service"":0.4298,""inventory-service"":0.4136,""payment-service"":0.9675,""notification-service"":0.1345}",3.937,75.903,True,True,20.0,20.255,0.0413,False,101.28,20.2552,False,1.0,True,
FAN-CRA-TIM-T50-W5-D30,FAN_OUT,CRASH,payment-service-proxy,TIME_BASED,50,5,30,5,5,3,full,SYNTHETIC_PREVIEW,1970-01-01T00:00:00Z,SYNTHETIC,110.0,21.17,0.0,2.35,1.0,0.8891,0.75,0.5,"{""order-service"":1.0,""inventory-service"":0.4631,""payment-service"":0.8886,""notification-service"":0.017}",3.804,56.391,True,True,20.0,19.627,0.066,False,98.14,19.6274,False,1.0,True,
FAN-CRA-TIM-T50-W10-D5,FAN_OUT,CRASH,payment-service-proxy,TIME_BASED,50,10,5,5,5,1,full,SYNTHETIC_PREVIEW,1970-01-01T00:00:00Z,SYNTHETIC,135.0,19.73,0.0,2.65,1.0,0.8658,0.75,0.75,"{""order-service"":0.7361,""inventory-service"":0.776,""payment-service"":0.932,""notification-service"":0.1084}",6.647,27.667,True,True,20.0,20.09,0.0801,False,200.9,40.1806,False,1.0,True,
FAN-CRA-TIM-T50-W10-D5,FAN_OUT,CRASH,payment-service-proxy,TIME_BASED,50,10,5,5,5,2,full,SYNTHETIC_PREVIEW,1970-01-01T00:00:00Z,SYNTHETIC,135.0,20.86,0.0,1.35,0.987,0.9354,0.75,0.75,"{""order-service"":0.5318,""inventory-service"":0.6271,""payment-service"":0.894,""notification-service"":0.0267}",6.875,24.002,True,True,20.0,19.299,0.0546,False,192.99,38.5983,False,1.0,True,
FAN-CRA-TIM-T50-W10-D5,FAN_OUT,CRASH,payment-service-proxy,TIME_BASED,50,10,5,5,5,3,full,SYNTHETIC_PREVIEW,1970-01-01T00:00:00Z,SYNTHETIC,135.0,20.32,0.0,3.84,0.9354,0.8111,0.75,0.75,"{""order-service"":0.6491,""inventory-service"":0.6158,""payment-service"":0.947,""notification-service"":0.1154}",6.855,22.286,True,True,20.0,20.35,0.0638,False,203.5,40.7009,False,1.0,True,
FAN-CRA-TIM-T50-W10-D15,FAN_OUT,CRASH,payment-service-proxy,TIME_BASED,50,10,15,5,5,1,full,SYNTHETIC_PREVIEW,1970-01-01T00:00:00Z,SYNTHETIC,145.0,20.06,0.0,1.88,1.0,0.9061,0.5,0.5,"{""order-service"":0.3948,""inventory-service"":0.7848,""payment-service"":0.9223,""notification-service"":0.1161}",6.895,41.707,True,True,20.0,20.272,0.0595,False,202.72,40.5445,False,1.0,True,
FAN-CRA-TIM-T50-W10-D15,FAN_OUT,CRASH,payment-service-proxy,TIME_BASED,50,10,15,5,5,2,full,SYNTHETIC_PREVIEW,1970-01-01T00:00:00Z,SYNTHETIC,145.0,19.71,0.0,2.67,0.99,0.8647,0.75,0.75,"{""order-service"":0.5518,""inventory-service"":0.7576,""payment-service"":0.9432,""notification-service"":0.0085}",6.57,38.813,True,True,20.0,20.038,0.0874,False,200.38,40.0752,False,1.0,True,
FAN-CRA-TIM-T50-W10-D15,FAN_OUT,CRASH,payment-service-proxy,TIME_BASED,50,10,15,5,5,3,full,SYNTHETIC_PREVIEW,1970-01-01T00:00:00Z,SYNTHETIC,145.0,21.06,0.0,2.13,1.0,0.8991,0.75,0.5,"{""order-service"":0.471,""inventory-service"":0.6031,""payment-service"":1.0,""notification-service"":0.1019}",6.948,41.767,True,True,20.0,18.646,0.0326,False,186.46,37.2924,False,1.0,True,
FAN-CRA-TIM-T50-W10-D30,FAN_OUT,CRASH,payment-service-proxy,TIME_BASED,50,10,30,5,5,1,full,SYNTHETIC_PREVIEW,1970-01-01T00:00:00Z,SYNTHETIC,160.0,21.55,0.0,2.92,0.9391,0.8646,0.75,0.75,"{""order-service"":0.6629,""inventory-service"":0.5295,""payment-service"":0.9436,""notification-service"":0.1617}",6.942,71.556,True,True,20.0,20.132,0.0457,False,201.32,40.2634,False,1.0,True,
FAN-CRA-TIM-T50-W10-D30,FAN_OUT,CRASH,payment-service-proxy,TIME_BASED,50,10,30,5,5,2,full,SYNTHETIC_PREVIEW,1970-01-01T00:00:00Z,SYNTHETIC,160.0,20.16,0.0,3.13,0.9199,0.8445,0.75,0.75,"{""order-service"":0.978,""inventory-service"":0.9082,""payment-service"":0.896,""notification-service"":0.0724}",6.661,70.747,True,True,20.0,20.271,0.0714,False,202.71,40.543,False,1.0,True,
FAN-CRA-TIM-T50-W10-D30,FAN_OUT,CRASH,payment-service-proxy,TIME_BASED,50,10,30,5,5,3,full,SYNTHETIC_PREVIEW,1970-01-01T00:00:00Z,SYNTHETIC,160.0,20.24,0.0,2.84,0.9413,0.8597,0.5,0.25,"{""order-service"":0.4683,""inventory-service"":0.3703,""payment-service"":0.9144,""notification-service"":0.0288}",6.861,69.81,True,True,20.0,20.229,0.0873,False,202.29,40.4583,False,1.0,True,
FAN-CRA-TIM-T50-W20-D5,FAN_OUT,CRASH,payment-service-proxy,TIME_BASED,50,20,5,5,5,1,full,SYNTHETIC_PREVIEW,1970-01-01T00:00:00Z,SYNTHETIC,235.0,19.81,0.0,0.78,0.9977,0.9608,0.5,0.5,"{""order-service"":0.3987,""inventory-service"":0.521,""payment-service"":0.8669,""notification-service"":0.0765}",10.454,27.593,True,True,20.0,19.849,0.0256,False,396.97,79.3941,False,1.0,True,
FAN-CRA-TIM-T50-W20-D5,FAN_OUT,CRASH,payment-service-proxy,TIME_BASED,50,20,5,5,5,2,full,SYNTHETIC_PREVIEW,1970-01-01T00:00:00Z,SYNTHETIC,235.0,20.35,0.0,3.86,0.9421,0.8102,0.25,0.25,"{""order-service"":0.373,""inventory-service"":0.4066,""payment-service"":0.868,""notification-service"":0.121}",10.401,23.07,True,True,20.0,20.696,0.073,False,413.92,82.7845,False,1.0,True,
FAN-CRA-TIM-T50-W20-D5,FAN_OUT,CRASH,payment-service-proxy,TIME_BASED,50,20,5,5,5,3,full,SYNTHETIC_PREVIEW,1970-01-01T00:00:00Z,SYNTHETIC,235.0,20.07,0.0,1.33,1.0,0.9339,0.75,0.5,"{""order-service"":0.4706,""inventory-service"":0.5413,""payment-service"":0.8732,""notification-service"":0.1077}",10.333,22.791,True,True,20.0,19.919,0.03,False,398.39,79.6777,False,1.0,True,
FAN-CRA-TIM-T50-W20-D15,FAN_OUT,CRASH,payment-service-proxy,TIME_BASED,50,20,15,5,5,1,full,SYNTHETIC_PREVIEW,1970-01-01T00:00:00Z,SYNTHETIC,245.0,22.55,0.0,1.42,0.9823,0.937,0.75,0.75,"{""order-service"":0.6251,""inventory-service"":0.5973,""payment-service"":0.9185,""notification-service"":0.1914}",10.307,43.746,True,True,20.0,19.852,0.0705,False,397.04,79.4072,False,1.0,True,
FAN-CRA-TIM-T50-W20-D15,FAN_OUT,CRASH,payment-service-proxy,TIME_BASED,50,20,15,5,5,2,full,SYNTHETIC_PREVIEW,1970-01-01T00:00:00Z,SYNTHETIC,245.0,20.07,0.0,2.55,1.0,0.8731,0.5,0.25,"{""order-service"":0.4971,""inventory-service"":0.3719,""payment-service"":0.8794,""notification-service"":0.0979}",10.237,36.891,True,True,20.0,19.664,0.0571,False,393.29,78.6575,False,1.0,True,
FAN-CRA-TIM-T50-W20-D15,FAN_OUT,CRASH,payment-service-proxy,TIME_BASED,50,20,15,5,5,3,full,SYNTHETIC_PREVIEW,1970-01-01T00:00:00Z,SYNTHETIC,245.0,21.73,0.0,2.56,0.9907,0.8822,0.75,0.5,"{""order-service"":0.4646,""inventory-service"":0.5552,""payment-service"":0.9127,""notification-service"":0.1051}",10.669,42.191,True,True,20.0,20.04,0.0689,False,400.8,80.1607,False,1.0,True,
FAN-CRA-TIM-T50-W20-D30,FAN_OUT,CRASH,payment-service-proxy,TIME_BASED,50,20,30,5,5,1,full,SYNTHETIC_PREVIEW,1970-01-01T00:00:00Z,SYNTHETIC,260.0,21.61,0.0,1.17,1.0,0.946,0.5,0.5,"{""order-service"":0.5464,""inventory-service"":0.311,""payment-service"":0.9294,""notification-service"":0.0}",10.156,81.861,True,True,20.0,20.947,0.0308,False,418.95,83.789,False,1.0,True,
FAN-CRA-TIM-T50-W20-D30,FAN_OUT,CRASH,payment-service-proxy,TIME_BASED,50,20,30,5,5,2,full,SYNTHETIC_PREVIEW,1970-01-01T00:00:00Z,SYNTHETIC,260.0,20.33,0.0,2.79,0.9301,0.863,0.25,0.25,"{""order-service"":0.2087,""inventory-service"":0.4058,""payment-service"":0.9192,""notification-service"":0.1059}",10.207,86.03,True,True,20.0,20.096,0.0235,False,401.93,80.3859,False,1.0,True,
FAN-CRA-TIM-T50-W20-D30,FAN_OUT,CRASH,payment-service-proxy,TIME_BASED,50,20,30,5,5,3,full,SYNTHETIC_PREVIEW,1970-01-01T00:00:00Z,SYNTHETIC,260.0,20.85,0.0,2.3,0.9514,0.8896,0.75,0.25,"{""order-service"":0.4831,""inventory-service"":0.4284,""payment-service"":0.9207,""notification-service"":0.0952}",9.624,79.273,True,True,20.0,20.818,0.0224,False,416.36,83.2727,False,1.0,True,
FAN-CRA-TIM-T70-W5-D5,FAN_OUT,CRASH,payment-service-proxy,TIME_BASED,70,5,5,5,5,1,full,SYNTHETIC_PREVIEW,1970-01-01T00:00:00Z,SYNTHETIC,85.0,22.0,0.0,2.96,1.0,0.8656,0.5,0.25,"{""order-service"":0.3248,""inventory-service"":0.4291,""payment-service"":0.9465,""notification-service"":0.0}",5.606,25.685,True,True,20.0,20.366,0.0481,False,101.83,20.3659,False,1.0,True,
FAN-CRA-TIM-T70-W5-D5,FAN_OUT,CRASH,payment-service-proxy,TIME_BASED,70,5,5,5,5,2,full,SYNTHETIC_PREVIEW,1970-01-01T00:00:00Z,SYNTHETIC,85.0,19.5,0.0,2.88,0.9583,0.852,0.75,0.5,"{""order-service"":0.46,""inventory-service"":0.7918,""payment-service"":0.9219,""notification-service"":0.1021}",5.529,24.764,True,True,20.0,19.348,0.0517,False,96.74,19.3479,False,1.0,True,
FAN-CRA-TIM-T70-W5-D5,FAN_OUT,CRASH,payment-service-proxy,TIME_BASED,70,5,5,5,5,3,full,SYNTHETIC_PREVIEW,1970-01-01T00:00:00Z,SYNTHETIC,85.0,21.87,0.0,0.89,1.0,0.9593,0.5,0.5,"{""order-service"":0.2448,""inventory-service"":0.8544,""payment-service"":0.8483,""notification-service"":0.062}",5.75,26.299,True,True,20.0,19.651,0.0201,False,98.25,19.6506,False,1.0,True,
FAN-CRA-TIM-T70-W5-D15,FAN_OUT,CRASH,payment-service-proxy,TIME_BASED,70,5,15,5,5,1,full,SYNTHETIC_PREVIEW,1970-01-01T00:00:00Z,SYNTHETIC,95.0,20.46,0.0,2.09,0.9902,0.8977,0.75,0.75,"{""order-service"":0.6594,""inventory-service"":0.5177,""payment-service"":0.832,""notification-service"":0.1021}",5.386,34.502,True,True,20.0,19.981,0.069,False,99.9,19.9809,False,1.0,True,
FAN-CRA-TIM-T70-W5-D15,FAN_OUT,CRASH,payment-service-proxy,TIME_BASED,70,5,15,5,5,2,full,SYNTHETIC_PREVIEW,1970-01-01T00:00:00Z,SYNTHETIC,95.0,20.23,0.0,1.25,0.9692,0.9383,0.75,0.5,"{""order-service"":0.4725,""inventory-service"":0.6927,""payment-service"":0.8902,""notification-service"":0.0972}",5.603,35.612,True,True,20.0,19.564,0.0887,False,97.82,19.5639,False,1.0,True,
FAN-CRA-TIM-T70-W5-D15,FAN_OUT,CRASH,payment-service-proxy,TIME_BASED,70,5,15,5,5,3,full,SYNTHETIC_PREVIEW,1970-01-01T00:00:00Z,SYNTHETIC,95.0,21.33,0.0,0.75,1.0,0.9647,0.75,0.5,"{""order-service"":0.8026,""inventory-service"":0.4332,""payment-service"":0.8844,""notification-service"":0.1376}",5.521,34.462,True,True,20.0,20.075,0.0273,False,100.37,20.0747,False,1.0,True,
FAN-CRA-TIM-T70-W5-D30,FAN_OUT,CRASH,payment-service-proxy,TIME_BASED,70,5,30,5,5,1,full,SYNTHETIC_PREVIEW,1970-01-01T00:00:00Z,SYNTHETIC,110.0,20.73,0.0,2.11,0.9562,0.8982,0.25,0.25,"{""order-service"":0.3823,""inventory-service"":0.3088,""payment-service"":0.9115,""notification-service"":0.0977}",5.611,74.213,True,True,20.0,20.302,0.081,False,101.51,20.3021,False,1.0,True,
FAN-CRA-TIM-T70-W5-D30,FAN_OUT,CRASH,payment-service-proxy,TIME_BASED,70,5,30,5,5,2,full,SYNTHETIC_PREVIEW,1970-01-01T00:00:00Z,SYNTHETIC,110.0,20.01,0.0,2.56,1.0,0.872,0.75,0.5,"{""order-service"":0.7267,""inventory-service"":0.4754,""payment-service"":0.9439,""notification-service"":0.1396}",5.46,75.733,True,True,20.0,19.865,0.0889,False,99.33,19.8653,False,1.0,True,
FAN-CRA-TIM-T70-W5-D30,FAN_OUT,CRASH,payment-service-proxy,TIME_BASED,70,5,30,5,5,3,full,SYNTHETIC_PREVIEW,1970-01-01T00:00:00Z,SYNTHETIC,110.0,19.97,0.0,2.26,0.9785,0.887,0.25,0.25,"{""order-service"":0.3973,""inventory-service"":0.3603,""payment-service"":0.9411,""notification-service"":0.1457}",5.669,81.397,True,True,20.0,19.959,0.0466,False,99.8,19.9592,False,1.0,True,
FAN-CRA-TIM-T70-W10-D5,FAN_OUT,CRASH,payment-service-proxy,TIME_BASED,70,10,5,5,5,1,full,SYNTHETIC_PREVIEW,1970-01-01T00:00:00Z,SYNTHETIC,135.0,21.01,0.0,3.31,0.9893,0.8425,0.75,0.5,"{""order-service"":0.523,""inventory-service"":0.4723,""payment-service"":0.8928,""notification-service"":0.0364}",9.637,25.032,True,True,20.0,20.992,0.0314,False,209.92,41.9836,False,1.0,True,
FAN-CRA-TIM-T70-W10-D5,FAN_OUT,CRASH,payment-service-proxy,TIME_BASED,70,10,5,5,5,2,full,SYNTHETIC_PREVIEW,1970-01-01T00:00:00Z,SYNTHETIC,135.0,19.78,0.0,1.03,0.9811,0.948,0.75,0.5,"{""order-service"":1.0,""inventory-service"":0.4567,""payment-service"":0.9876,""notification-service"":0.0673}",9.476,25.562,True,True,20.0,20.469,0.0586,False,204.69,40.9376,False,1.0,True,
FAN-CRA-TIM-T70-W10-D5,FAN_OUT,CRASH,payment-service-proxy,TIME_BASED,70,10,5,5,5,3,full,SYNTHETIC_PREVIEW,1970-01-01T00:00:00Z,SYNTHETIC,135.0,21.58,0.0,2.62,1.0,0.8788,0.75,0.5,"{""order-service"":0.5129,""inventory-service"":0.4347,""payment-service"":0.9148,""notification-service"":0.0744}",9.815,22.595,True,True,20.0,19.923,0.0496,False,199.23,39.8463,False,1.0,True,
FAN-CRA-TIM-T70-W10-D15,FAN_OUT,CRASH,payment-service-proxy,TIME_BASED,70,10,15,5,5,1,full,SYNTHETIC_PREVIEW,1970-01-01T00:00:00Z,SYNTHETIC,145.0,20.68,0.0,2.5,1.0,0.8791,0.5,0.5,"{""order-service"":0.4036,""inventory-service"":0.5732,""payment-service"":0.8737,""notification-service"":0.029}",9.764,38.318,True,True,20.0,20.156,0.0235,False,201.56,40.3126,False,1.0,True,
FAN-CRA-TIM-T70-W10-D15,FAN_OUT,CRASH,payment-service-proxy,TIME_BASED,70,10,15,5,5,2,full,SYNTHETIC_PREVIEW,1970-01-01T00:00:00Z,SYNTHETIC,145.0,21.76,0.0,2.25,0.9376,0.8965,0.75,0.75,"{""order-service"":0.6356,""inventory-service"":0.5424,""payment-service"":0.9332,""notification-service"":0.0733}",9.667,40.697,True,True,20.0,20.036,0.0394,False,200.36,40.0723,False,1.0,True,
FAN-CRA-TIM-T70-W10-D15,FAN_OUT,CRASH,payment-service-proxy,TIME_BASED,70,10,15,5,5,3,full,SYNTHETIC_PREVIEW,1970-01-01T00:00:00Z,SYNTHETIC,145.0,20.91,0.0,3.42,0.9804,0.8363,0.75,0.75,"{""order-service"":0.6803,""inventory-service"":0.6456,""payment-service"":0.9728,""notification-service"":0.1279}",9.553,40.987,True,True,20.0,19.637,0.0339,False,196.37,39.2731,False,1.0,True,
FAN-CRA-TIM-T70-W10-D30,FAN_OUT,CRASH,payment-service-proxy,TIME_BASED,70,10,30,5,5,1,full,SYNTHETIC_PREVIEW,1970-01-01T00:00:00Z,SYNTHETIC,160.0,21.89,0.0,2.23,1.0,0.8983,0.5,0.25,"{""order-service"":0.4989,""inventory-service"":0.4115,""payment-service"":0.8949,""notification-service"":0.0828}",9.638,77.952,True,True,20.0,19.796,0.0791,False,197.96,39.5912,False,1.0,True,
FAN-CRA-TIM-T70-W10-D30,FAN_OUT,CRASH,payment-service-proxy,TIME_BASED,70,10,30,5,5,2,full,SYNTHETIC_PREVIEW,1970-01-01T00:00:00Z,SYNTHETIC,160.0,19.76,0.0,2.25,0.9959,0.886,0.5,0.5,"{""order-service"":0.7373,""inventory-service"":0.3173,""payment-service"":0.8465,""notification-service"":0.1622}",9.609,74.724,True,True,20.0,20.889,0.0564,False,208.89,41.7776,False,1.0,True,
FAN-CRA-TIM-T70-W10-D30,FAN_OUT,CRASH,payment-service-proxy,TIME_BASED,70,10,30,5,5,3,full,SYNTHETIC_PREVIEW,1970-01-01T00:00:00Z,SYNTHETIC,160.0,20.09,0.0,2.55,0.9887,0.8731,0.75,0.75,"{""order-service"":0.5813,""inventory-service"":0.674,""payment-service"":0.9424,""notification-service"":0.0081}",9.96,67.189,True,True,20.0,19.816,0.0598,False,198.16,39.6323,False,1.0,True,
FAN-CRA-TIM-T70-W20-D5,FAN_OUT,CRASH,payment-service-proxy,TIME_BASED,70,20,5,5,5,1,full,SYNTHETIC_PREVIEW,1970-01-01T00:00:00Z,SYNTHETIC,235.0,19.91,0.0,1.92,0.9964,0.9037,0.75,0.75,"{""order-service"":0.5066,""inventory-service"":0.5804,""payment-service"":0.9743,""notification-service"":0.0349}",14.578,23.127,True,True,20.0,19.688,0.0277,False,393.76,78.7522,False,1.0,True,
FAN-CRA-TIM-T70-W20-D5,FAN_OUT,CRASH,payment-service-proxy,TIME_BASED,70,20,5,5,5,2,full,SYNTHETIC_PREVIEW,1970-01-01T00:00:00Z,SYNTHETIC,235.0,20.42,0.0,3.38,0.9691,0.8342,0.5,0.5,"{""order-service"":0.2143,""inventory-service"":0.5392,""payment-service"":0.9434,""notification-service"":0.0}",14.469,26.147,True,True,20.0,19.831,0.0732,False,396.62,79.3235,False,1.0,True,
FAN-CRA-TIM-T70-W20-D5,FAN_OUT,CRASH,payment-service-proxy,TIME_BASED,70,20,5,5,5,3,full,SYNTHETIC_PREVIEW,1970-01-01T00:00:00Z,SYNTHETIC,235.0,20.32,0.0,1.44,1.0,0.9291,0.5,0.5,"{""order-service"":0.5784,""inventory-service"":0.3499,""payment-service"":0.8919,""notification-service"":0.1144}",14.155,22.83,True,True,20.0,19.741,0.0459,False,394.83,78.9653,False,1.0,True,
FAN-CRA-TIM-T70-W20-D15,FAN_OUT,CRASH,payment-service-proxy,TIME_BASED,70,20,15,5,5,1,full,SYNTHETIC_PREVIEW,1970-01-01T00:00:00Z,SYNTHETIC,245.0,20.64,0.0,2.21,1.0,0.893,0.5,0.25,"{""order-service"":0.353,""inventory-service"":0.4448,""payment-service"":0.9578,""notification-service"":0.0971}",14.762,47.668,True,True,20.0,20.003,0.0426,False,400.06,80.0128,False,1.0,True,
FAN-CRA-TIM-T70-W20-D15,FAN_OUT,CRASH,payment-service-proxy,TIME_BASED,70,20,15,5,5,2,full,SYNTHETIC_PREVIEW,1970-01-01T00:00:00Z,SYNTHETIC,245.0,20.47,0.0,2.94,0.9904,0.8562,0.5,0.5,"{""order-service"":0.275,""inventory-service"":0.5839,""payment-service"":0.9807,""notification-service"":0.1159}",14.89,40.05,True,True,20.0,19.713,0.0561,False,394.27,78.8532,False,1.0,True,
FAN-CRA-TIM-T70-W20-D15,FAN_OUT,CRASH,payment-service-proxy,TIME_BASED,70,20,15,5,5,3,full,SYNTHETIC_PREVIEW,1970-01-01T00:00:00Z,SYNTHETIC,245.0,19.91,0.0,2.49,0.9777,0.8752,0.5,0.25,"{""order-service"":0.4666,""inventory-service"":0.1442,""payment-service"":0.9595,""notification-service"":0.0456}",15.51,40.26,True,True,20.0,20.104,0.0371,False,402.07,80.4147,False,1.0,True,
FAN-CRA-TIM-T70-W20-D30,FAN_OUT,CRASH,payment-service-proxy,TIME_BASED,70,20,30,5,5,1,full,SYNTHETIC_PREVIEW,1970-01-01T00:00:00Z,SYNTHETIC,260.0,21.19,0.0,1.82,1.0,0.9142,0.25,0.25,"{""order-service"":0.4039,""inventory-service"":0.3302,""payment-service"":0.9176,""notification-service"":0.0}",15.12,76.997,True,True,20.0,20.169,0.0278,False,403.38,80.6753,False,1.0,True,
FAN-CRA-TIM-T70-W20-D30,FAN_OUT,CRASH,payment-service-proxy,TIME_BASED,70,20,30,5,5,2,full,SYNTHETIC_PREVIEW,1970-01-01T00:00:00Z,SYNTHETIC,260.0,19.77,0.0,2.56,0.9767,0.8706,0.5,0.5,"{""order-service"":0.5704,""inventory-service"":0.3669,""payment-service"":0.9622,""notification-service"":0.1169}",14.615,68.558,True,True,20.0,19.836,0.078,False,396.73,79.3454,False,1.0,True,
FAN-CRA-TIM-T70-W20-D30,FAN_OUT,CRASH,payment-service-proxy,TIME_BASED,70,20,30,5,5,3,full,SYNTHETIC_PREVIEW,1970-01-01T00:00:00Z,SYNTHETIC,260.0,20.44,0.0,2.07,1.0,0.8986,0.25,0.25,"{""order-service"":0.4159,""inventory-service"":0.2633,""payment-service"":0.9765,""notification-service"":0.1345}",14.214,71.232,True,True,20.0,20.187,0.0392,False,403.74,80.7472,False,1.0,True,
