experiment_id,topology,fault_type,fault_target,window_type,threshold,window_size,wait_duration,minimum_number_of_calls,permitted_calls_half_open,replicate,mode,environment,run_timestamp,git_commit,duration_s,baseline_tps,baseline_error_rate,fault_tps,fault_error_rate,throughput_loss,blast_radius,real_blast_radius,leg_failure_rates,time_to_open,time_to_recover,cb_opened,cb_recovered,lambda_target,lambda_achieved,lambda_cv,lambda_deviation_flag,effective_horizon,occupancy_ratio,inert,injected_toxicity,precondition_ok,excluded_reason
LIN-LAT-CNT-T30-W5-D5,LINEAR,LATENCY,inventory-service-proxy,COUNT_BASED,30,5,5,5,5,1,full,SYNTHETIC_PREVIEW,1970-01-01T00:00:00Z,SYNTHETIC,65.0,21.74,0.0,5.48,0.8291,0.7477,0.25,0.0,"{""order-service"":0.2564,""inventory-service"":0.0,""payment-service"":0.0,""notification-service"":0.0}",2.66,17.524,True,True,20.0,20.262,0.0781,False,5.0,1.0,False,1.0,True,
LIN-LAT-CNT-T30-W5-D5,LINEAR,LATENCY,inventory-service-proxy,COUNT_BASED,30,5,5,5,5,2,full,SYNTHETIC_PREVIEW,1970-01-01T00:00:00Z,SYNTHETIC,65.0,20.43,0.0,4.71,0.8442,0.7696,0.25,0.0,"{""order-service"":0.2533,""inventory-service"":0.0,""payment-service"":0.0,""notification-service"":0.0}",2.835,18.849,True,True,20.0,20.094,0.0331,False,5.0,1.0,False,1.0,True,
LIN-LAT-CNT-T30-W5-D5,LINEAR,LATENCY,inventory-service-proxy,COUNT_BASED,30,5,5,5,5,3,full,SYNTHETIC_PREVIEW,1970-01-01T00:00:00Z,SYNTHETIC,65.0,20.94,0.0,5.28,0.7943,0.7477,0.25,0.0,"{""order-service"":0.2595,""inventory-service"":0.0,""payment-service"":0.0,""notification-service"":0.0}",2.77,17.302,True,True,20.0,20.06,0.0695,False,5.0,1.0,False,1.0,True,
LIN-LAT-CNT-T30-W5-D15,LINEAR,LATENCY,inventory-service-proxy,COUNT_BASED,30,5,15,5,5,1,full,SYNTHETIC_PREVIEW,1970-01-01T00:00:00Z,SYNTHETIC,75.0,18.97,0.0,5.32,0.8222,0.7196,0.25,0.0,"{""order-service"":0.2581,""inventory-service"":0.0,""payment-service"":0.0,""notification-service"":0.0}",2.913,24.227,True,True,20.0,20.286,0.0654,False,5.0,1.0,False,1.0,True,
LIN-LAT-CNT-T30-W5-D15,LINEAR,LATENCY,inventory-service-proxy,COUNT_BASED,30,5,15,5,5,2,full,SYNTHETIC_PREVIEW,1970-01-01T00:00:00Z,SYNTHETIC,75.0,20.55,0.0,6.2,0.8122,0.6984,0.25,0.0,"{""order-service"":0.2792,""inventory-service"":0.0,""payment-service"":0.0,""notification-service"":0.0}",2.539,25.139,True,True,20.0,19.966,0.02,False,5.0,1.0,False,1.0,True,
LIN-LAT-CNT-T30-W5-D15,LINEAR,LATENCY,inventory-service-proxy,COUNT_BASED,30,5,15,5,5,3,full,SYNTHETIC_PREVIEW,1970-01-01T00:00:00Z,SYNTHETIC,75.0,20.06,0.0,5.35,0.8018,0.7335,0.25,0.0,"{""order-service"":0.2677,""inventory-service"":0.0,""payment-service"":0.0,""notification-service"":0.0}",2.946,25.314,True,True,20.0,19.623,0.0641,False,5.0,1.0,False,1.0,True,
LIN-LAT-CNT-T30-W5-D30,LINEAR,LATENCY,inventory-service-proxy,COUNT_BASED,30,5,30,5,5,1,full,SYNTHETIC_PREVIEW,1970-01-01T00:00:00Z,SYNTHETIC,90.0,20.07,0.0,4.95,0.8272,0.7535,0.25,0.0,"{""order-service"":0.2609,""inventory-service"":0.0,""payment-service"":0.0,""notification-service"":0.0}",2.786,51.408,True,True,20.0,20.736,0.0522,False,5.0,1.0,False,1.0,True,
LIN-LAT-CNT-T30-W5-D30,LINEAR,LATENCY,inventory-service-proxy,COUNT_BASED,30,5,30,5,5,2,full,SYNTHETIC_PREVIEW,1970-01-01T00:00:00Z,SYNTHETIC,90.0,19.51,0.0,6.0,0.7899,0.6926,0.25,0.0,"{""order-service"":0.2748,""inventory-service"":0.0,""payment-service"":0.0,""notification-service"":0.0}",2.82,46.243,True,True,20.0,19.965,0.0629,False,5.0,1.0,False,1.0,True,
LIN-LAT-CNT-T30-W5-D30,LINEAR,LATENCY,inventory-service-proxy,COUNT_BASED,30,5,30,5,5,3,full,SYNTHETIC_PREVIEW,1970-01-01T00:00:00Z,SYNTHETIC,90.0,21.04,0.0,5.77,0.8532,0.726,0.25,0.0,"{""order-service"":0.2613,""inventory-service"":0.0,""payment-service"":0.0,""notification-service"":0.0}",2.789,41.956,True,True,20.0,19.811,0.0501,False,5.0,1.0,False,1.0,True,
LIN-LAT-CNT-T30-W10-D5,LINEAR,LATENCY,inventory-service-proxy,COUNT_BASED,30,10,5,5,5,1,full,SYNTHETIC_PREVIEW,1970-01-01T00:00:00Z,SYNTHETIC,65.0,21.28,0.0,6.52,0.8125,0.6936,0.25,0.0,"{""order-service"":0.3863,""inventory-service"":0.0,""payment-service"":0.0,""notification-service"":0.0}",3.876,17.589,True,True,20.0,20.131,0.0284,False,10.0,2.0,False,1.0,True,
LIN-LAT-CNT-T30-W10-D5,LINEAR,LATENCY,inventory-service-proxy,COUNT_BASED,30,10,5,5,5,2,full,SYNTHETIC_PREVIEW,1970-01-01T00:00:00Z,SYNTHETIC,65.0,19.75,0.0,3.76,0.8744,0.8094,0.25,0.0,"{""order-service"":0.3547,""inventory-service"":0.0,""payment-service"":0.0,""notification-service"":0.0}",3.826,14.38,True,True,20.0,19.91,0.031,False,10.0,2.0,False,1.0,True,
LIN-LAT-CNT-T30-W10-D5,LINEAR,LATENCY,inventory-service-proxy,COUNT_BASED,30,10,5,5,5,3,full,SYNTHETIC_PREVIEW,1970-01-01T00:00:00Z,SYNTHETIC,65.0,22.2,0.0,6.76,0.8128,0.6956,0.25,0.0,"{""order-service"":0.3175,""inventory-service"":0.0,""payment-service"":0.0,""notification-service"":0.0}",3.597,15.419,True,True,20.0,20.547,0.066,False,10.0,2.0,False,1.0,True,
LIN-LAT-CNT-T30-W10-D15,LINEAR,LATENCY,inventory-service-proxy,COUNT_BASED,30,10,15,5,5,1,full,SYNTHETIC_PREVIEW,1970-01-01T00:00:00Z,SYNTHETIC,75.0,20.96,0.0,4.85,0.8203,0.7684,0.25,0.0,"{""order-service"":0.3408,""inventory-service"":0.0,""payment-service"":0.0,""notification-service"":0.0}",3.601,28.125,True,True,20.0,20.018,0.0245,False,10.0,2.0,False,1.0,True,
LIN-LAT-CNT-T30-W10-D15,LINEAR,LATENCY,inventory-service-proxy,COUNT_BASED,30,10,15,5,5,2,full,SYNTHETIC_PREVIEW,1970-01-01T00:00:00Z,SYNTHETIC,75.0,21.7,0.0,5.54,0.7844,0.7449,0.25,0.0,"{""order-service"":0.3381,""inventory-service"":0.0,""payment-service"":0.0,""notification-service"":0.0}",3.808,30.007,True,True,20.0,19.765,0.0311,False,10.0,2.0,False,1.0,True,
LIN-LAT-CNT-T30-W10-D15,LINEAR,LATENCY,inventory-service-proxy,COUNT_BASED,30,10,15,5,5,3,full,SYNTHETIC_PREVIEW,1970-01-01T00:00:00Z,SYNTHETIC,75.0,21.25,0.0,4.95,0.822,0.7672,0.25,0.0,"{""order-service"":0.35,""inventory-service"":0.0,""payment-service"":0.0,""notification-service"":0.0}",3.653,24.762,True,True,20.0,20.048,0.079,False,10.0,2.0,False,1.0,True,
LIN-LAT-CNT-T30-W10-D30,LINEAR,LATENCY,inventory-service-proxy,COUNT_BASED,30,10,30,5,5,1,full,SYNTHETIC_PREVIEW,1970-01-01T00:00:00Z,SYNTHETIC,90.0,22.22,0.0,5.3,0.8636,0.7615,0.25,0.0,"{""order-service"":0.3323,""inventory-service"":0.0,""payment-service"":0.0,""notification-service"":0.0}",3.568,50.235,True,True,20.0,19.18,0.0655,False,10.0,2.0,False,1.0,True,
LIN-LAT-CNT-T30-W10-D30,LINEAR,LATENCY,inventory-service-proxy,COUNT_BASED,30,10,30,5,5,2,full,SYNTHETIC_PREVIEW,1970-01-01T00:00:00Z,SYNTHETIC,90.0,20.73,0.0,7.12,0.7672,0.6566,0.25,0.0,"{""order-service"":0.3237,""inventory-service"":0.0,""payment-service"":0.0,""notification-service"":0.0}",3.824,47.468,True,True,20.0,20.498,0.0554,False,10.0,2.0,False,1.0,True,
LIN-LAT-CNT-T30-W10-D30,LINEAR,LATENCY,inventory-service-proxy,COUNT_BASED,30,10,30,5,5,3,full,SYNTHETIC_PREVIEW,1970-01-01T00:00:00Z,SYNTHETIC,90.0,21.53,0.0,5.45,0.7949,0.7469,0.25,0.0,"{""order-service"":0.3385,""inventory-service"":0.0,""payment-service"":0.0,""notification-service"":0.0}",3.543,51.552,True,True,20.0,20.401,0.0551,False,10.0,2.0,False,1.0,True,
LIN-LAT-CNT-T30-W20-D5,LINEAR,LATENCY,inventory-service-proxy,COUNT_BASED,30,20,5,5,5,1,full,SYNTHETIC_PREVIEW,1970-01-01T00:00:00Z,SYNTHETIC,65.0,19.78,0.0,4.47,0.8395,0.7741,0.25,0.0,"{""order-service"":0.3633,""inventory-service"":0.0,""payment-service"":0.0,""notification-service"":0.0}",6.158,17.444,True,True,20.0,20.17,0.0569,False,20.0,4.0,False,1.0,True,
LIN-LAT-CNT-T30-W20-D5,LINEAR,LATENCY,inventory-service-proxy,COUNT_BASED,30,20,5,5,5,2,full,SYNTHETIC_PREVIEW,1970-01-01T00:00:00Z,SYNTHETIC,65.0,18.66,0.0,4.91,0.7962,0.737,0.25,0.0,"{""order-service"":0.434,""inventory-service"":0.0,""payment-service"":0.0,""notification-service"":0.0}",5.982,17.08,True,True,20.0,19.825,0.0638,False,20.0,4.0,False,1.0,True,
LIN-LAT-CNT-T30-W20-D5,LINEAR,LATENCY,inventory-service-proxy,COUNT_BASED,30,20,5,5,5,3,full,SYNTHETIC_PREVIEW,1970-01-01T00:00:00Z,SYNTHETIC,65.0,20.14,0.0,5.55,0.7834,0.7244,0.25,0.0,"{""order-service"":0.409,""inventory-service"":0.0,""payment-service"":0.0,""notification-service"":0.0}",6.653,15.903,True,True,20.0,19.704,0.0858,False,20.0,4.0,False,1.0,True,
LIN-LAT-CNT-T30-W20-D15,LINEAR,LATENCY,inventory-service-proxy,COUNT_BASED,30,20,15,5,5,1,full,SYNTHETIC_PREVIEW,1970-01-01T00:00:00Z,SYNTHETIC,75.0,20.66,0.0,5.7,0.8095,0.7241,0.25,0.0,"{""order-service"":0.3991,""inventory-service"":0.0,""payment-service"":0.0,""notification-service"":0.0}",6.397,26.405,True,True,20.0,20.318,0.0621,False,20.0,4.0,False,1.0,True,
LIN-LAT-CNT-T30-W20-D15,LINEAR,LATENCY,inventory-service-proxy,COUNT_BASED,30,20,15,5,5,2,full,SYNTHETIC_PREVIEW,1970-01-01T00:00:00Z,SYNTHETIC,75.0,19.44,0.0,4.69,0.811,0.7587,0.25,0.0,"{""order-service"":0.381,""inventory-service"":0.0,""payment-service"":0.0,""notification-service"":0.0}",6.145,26.666,True,True,20.0,19.808,0.0886,False,20.0,4.0,False,1.0,True,
LIN-LAT-CNT-T30-W20-D15,LINEAR,LATENCY,inventory-service-proxy,COUNT_BASED,30,20,15,5,5,3,full,SYNTHETIC_PREVIEW,1970-01-01T00:00:00Z,SYNTHETIC,75.0,20.55,0.0,3.92,0.8698,0.8094,0.25,0.0,"{""order-service"":0.3927,""inventory-service"":0.0,""payment-service"":0.0,""notification-service"":0.0}",6.329,28.395,True,True,20.0,19.725,0.072,False,20.0,4.0,False,1.0,True,
LIN-LAT-CNT-T30-W20-D30,LINEAR,LATENCY,inventory-service-proxy,COUNT_BASED,30,20,30,5,5,1,full,SYNTHETIC_PREVIEW,1970-01-01T00:00:00Z,SYNTHETIC,90.0,21.48,0.0,5.87,0.8067,0.7269,0.25,0.0,"{""order-service"":0.3813,""inventory-service"":0.0,""payment-service"":0.0,""notification-service"":0.0}",6.529,54.039,True,True,20.0,20.208,0.0621,False,20.0,4.0,False,1.0,True,
LIN-LAT-CNT-T30-W20-D30,LINEAR,LATENCY,inventory-service-proxy,COUNT_BASED,30,20,30,5,5,2,full,SYNTHETIC_PREVIEW,1970-01-01T00:00:00Z,SYNTHETIC,90.0,18.9,0.0,4.57,0.788,0.758,0.25,0.0,"{""order-service"":0.3992,""inventory-service"":0.0,""payment-service"":0.0,""notification-service"":0.0}",6.356,48.62,True,True,20.0,20.22,0.073,False,20.0,4.0,False,1.0,True,
LIN-LAT-CNT-T30-W20-D30,LINEAR,LATENCY,inventory-service-proxy,COUNT_BASED,30,20,30,5,5,3,full,SYNTHETIC_PREVIEW,1970-01-01T00:00:00Z,SYNTHETIC,90.0,20.8,0.0,5.04,0.798,0.7579,0.25,0.0,"{""order-service"":0.3992,""inventory-service"":0.0,""payment-service"":0.0,""notification-service"":0.0}",6.039,52.306,True,True,20.0,20.096,0.031,False,20.0,4.0,False,1.0,True,
LIN-LAT-CNT-T50-W5-D5,LINEAR,LATENCY,inventory-service-proxy,COUNT_BASED,50,5,5,5,5,1,full,SYNTHETIC_PREVIEW,1970-01-01T00:00:00Z,SYNTHETIC,65.0,21.49,0.0,5.26,0.8159,0.7553,0.25,0.0,"{""order-service"":0.3031,""inventory-service"":0.0,""payment-service"":0.0,""notification-service"":0.0}",3.338,16.436,True,True,20.0,20.069,0.0894,False,5.0,1.0,False,1.0,True,
LIN-LAT-CNT-T50-W5-D5,LINEAR,LATENCY,inventory-service-proxy,COUNT_BASED,50,5,5,5,5,2,full,SYNTHETIC_PREVIEW,1970-01-01T00:00:00Z,SYNTHETIC,65.0,20.84,0.0,6.04,0.8231,0.7102,0.25,0.0,"{""order-service"":0.2932,""inventory-service"":0.0,""payment-service"":0.0,""notification-service"":0.0}",3.438,16.873,True,True,20.0,20.112,0.0408,False,5.0,1.0,False,1.0,True,
LIN-LAT-CNT-T50-W5-D5,LINEAR,LATENCY,inventory-service-proxy,COUNT_BASED,50,5,5,5,5,3,full,SYNTHETIC_PREVIEW,1970-01-01T00:00:00Z,SYNTHETIC,65.0,20.85,0.0,4.01,0.8743,0.8079,0.25,0.0,"{""order-service"":0.2838,""inventory-service"":0.0,""payment-service"":0.0,""notification-service"":0.0}",3.422,18.424,True,True,20.0,20.434,0.0266,False,5.0,1.0,False,1.0,True,
LIN-LAT-CNT-T50-W5-D15,LINEAR,LATENCY,inventory-service-proxy,COUNT_BASED,50,5,15,5,5,1,full,SYNTHETIC_PREVIEW,1970-01-01T00:00:00Z,SYNTHETIC,75.0,20.47,0.0,5.07,0.837,0.7522,0.25,0.0,"{""order-service"":0.3247,""inventory-service"":0.0,""payment-service"":0.0,""notification-service"":0.0}",3.493,27.907,True,True,20.0,20.59,0.0647,False,5.0,1.0,False,1.0,True,
LIN-LAT-CNT-T50-W5-D15,LINEAR,LATENCY,inventory-service-proxy,COUNT_BASED,50,5,15,5,5,2,full,SYNTHETIC_PREVIEW,1970-01-01T00:00:00Z,SYNTHETIC,75.0,19.71,0.0,4.88,0.8518,0.7526,0.25,0.0,"{""order-service"":0.2869,""inventory-service"":0.0,""payment-service"":0.0,""notification-service"":0.0}",3.499,31.465,True,True,20.0,20.23,0.0257,False,5.0,1.0,False,1.0,True,
LIN-LAT-CNT-T50-W5-D15,LINEAR,LATENCY,inventory-service-proxy,COUNT_BASED,50,5,15,5,5,3,full,SYNTHETIC_PREVIEW,1970-01-01T00:00:00Z,SYNTHETIC,75.0,20.62,0.0,7.07,0.7611,0.6574,0.25,0.0,"{""order-service"":0.2749,""inventory-service"":0.0,""payment-service"":0.0,""notification-service"":0.0}",3.54,27.363,True,True,20.0,20.493,0.0272,False,5.0,1.0,False,1.0,True,
LIN-LAT-CNT-T50-W5-D30,LINEAR,LATENCY,inventory-service-proxy,COUNT_BASED,50,5,30,5,5,1,full,SYNTHETIC_PREVIEW,1970-01-01T00:00:00Z,SYNTHETIC,90.0,20.44,0.0,4.5,0.8248,0.7799,0.25,0.0,"{""order-service"":0.2916,""inventory-service"":0.0,""payment-service"":0.0,""notification-service"":0.0}",3.337,45.055,True,True,20.0,20.13,0.0257,False,5.0,1.0,False,1.0,True,
LIN-LAT-CNT-T50-W5-D30,LINEAR,LATENCY,inventory-service-proxy,COUNT_BASED,50,5,30,5,5,2,full,SYNTHETIC_PREVIEW,1970-01-01T00:00:00Z,SYNTHETIC,90.0,19.94,0.0,4.56,0.8559,0.7712,0.25,0.0,"{""order-service"":0.3009,""inventory-service"":0.0,""payment-service"":0.0,""notification-service"":0.0}",3.433,43.505,True,True,20.0,19.587,0.0235,False,5.0,1.0,False,1.0,True,
LIN-LAT-CNT-T50-W5-D30,LINEAR,LATENCY,inventory-service-proxy,COUNT_BASED,50,5,30,5,5,3,full,SYNTHETIC_PREVIEW,1970-01-01T00:00:00Z,SYNTHETIC,90.0,20.42,0.0,4.74,0.8742,0.7677,0.25,0.0,"{""order-service"":0.2794,""inventory-service"":0.0,""payment-service"":0.0,""notification-service"":0.0}",3.519,49.691,True,True,20.0,19.994,0.0432,False,5.0,1.0,False,1.0,True,
LIN-LAT-CNT-T50-W10-D5,LINEAR,LATENCY,inventory-service-proxy,COUNT_BASED,50,10,5,5,5,1,full,SYNTHETIC_PREVIEW,1970-01-01T00:00:00Z,SYNTHETIC,65.0,19.55,0.0,3.66,0.8537,0.813,0.25,0.0,"{""order-service"":0.3705,""inventory-service"":0.0,""payment-service"":0.0,""notification-service"":0.0}",4.566,15.914,True,True,20.0,19.758,0.031,False,10.0,2.0,False,1.0,True,
LIN-LAT-CNT-T50-W10-D5,LINEAR,LATENCY,inventory-service-proxy,COUNT_BASED,50,10,5,5,5,2,full,SYNTHETIC_PREVIEW,1970-01-01T00:00:00Z,SYNTHETIC,65.0,20.32,0.0,5.94,0.7995,0.7074,0.25,0.0,"{""order-service"":0.3547,""inventory-service"":0.0,""payment-service"":0.0,""notification-service"":0.0}",4.606,17.82,True,True,20.0,19.974,0.0467,False,10.0,2.0,False,1.0,True,
LIN-LAT-CNT-T50-W10-D5,LINEAR,LATENCY,inventory-service-proxy,COUNT_BASED,50,10,5,5,5,3,full,SYNTHETIC_PREVIEW,1970-01-01T00:00:00Z,SYNTHETIC,65.0,19.86,0.0,4.53,0.8432,0.7717,0.25,0.0,"{""order-service"":0.3832,""inventory-service"":0.0,""payment-service"":0.0,""notification-service"":0.0}",4.651,17.23,True,True,20.0,20.177,0.0669,False,10.0,2.0,False,1.0,True,
LIN-LAT-CNT-T50-W10-D15,LINEAR,LATENCY,inventory-service-proxy,COUNT_BASED,50,10,15,5,5,1,full,SYNTHETIC_PREVIEW,1970-01-01T00:00:00Z,SYNTHETIC,75.0,19.76,0.0,5.31,0.844,0.7311,0.25,0.0,"{""order-service"":0.3581,""inventory-service"":0.0,""payment-service"":0.0,""notification-service"":0.0}",4.282,28.554,True,True,20.0,20.101,0.0411,False,10.0,2.0,False,1.0,True,
LIN-LAT-CNT-T50-W10-D15,LINEAR,LATENCY,inventory-service-proxy,COUNT_BASED,50,10,15,5,5,2,full,SYNTHETIC_PREVIEW,1970-01-01T00:00:00Z,SYNTHETIC,75.0,20.65,0.0,4.2,0.8747,0.7967,0.25,0.0,"{""order-service"":0.3844,""inventory-service"":0.0,""payment-service"":0.0,""notification-service"":0.0}",4.444,30.224,True,True,20.0,19.398,0.0323,False,10.0,2.0,False,1.0,True,
LIN-LAT-CNT-T50-W10-D15,LINEAR,LATENCY,inventory-service-proxy,COUNT_BASED,50,10,15,5,5,3,full,SYNTHETIC_PREVIEW,1970-01-01T00:00:00Z,SYNTHETIC,75.0,19.92,0.0,5.75,0.8365,0.7113,0.25,0.0,"{""order-service"":0.3523,""inventory-service"":0.0,""payment-service"":0.0,""notification-service"":0.0}",4.537,26.828,True,True,20.0,19.813,0.0714,False,10.0,2.0,False,1.0,True,
LIN-LAT-CNT-T50-W10-D30,LINEAR,LATENCY,inventory-service-proxy,COUNT_BASED,50,10,30,5,5,1,full,SYNTHETIC_PREVIEW,1970-01-01T00:00:00Z,SYNTHETIC,90.0,20.29,0.0,4.17,0.8445,0.7943,0.25,0.0,"{""order-service"":0.3724,""inventory-service"":0.0,""payment-service"":0.0,""notification-service"":0.0}",4.33,43.437,True,True,20.0,19.968,0.0271,False,10.0,2.0,False,1.0,True,
LIN-LAT-CNT-T50-W10-D30,LINEAR,LATENCY,inventory-service-proxy,COUNT_BASED,50,10,30,5,5,2,full,SYNTHETIC_PREVIEW,1970-01-01T00:00:00Z,SYNTHETIC,90.0,21.38,0.0,5.43,0.8714,0.7461,0.25,0.0,"{""order-service"":0.3492,""inventory-service"":0.0,""payment-service"":0.0,""notification-service"":0.0}",4.779,50.808,True,True,20.0,19.857,0.0484,False,10.0,2.0,False,1.0,True,
LIN-LAT-CNT-T50-W10-D30,LINEAR,LATENCY,inventory-service-proxy,COUNT_BASED,50,10,30,5,5,3,full,SYNTHETIC_PREVIEW,1970-01-01T00:00:00Z,SYNTHETIC,90.0,20.62,0.0,5.29,0.8402,0.7434,0.25,0.0,"{""order-service"":0.3726,""inventory-service"":0.0,""payment-service"":0.0,""notification-service"":0.0}",4.634,54.452,True,True,20.0,19.873,0.0255,False,10.0,2.0,False,1.0,True,
LIN-LAT-CNT-T50-W20-D5,LINEAR,LATENCY,inventory-service-proxy,COUNT_BASED,50,20,5,5,5,1,full,SYNTHETIC_PREVIEW,1970-01-01T00:00:00Z,SYNTHETIC,65.0,20.68,0.0,4.88,0.8282,0.7638,0.25,0.0,"{""order-service"":0.4114,""inventory-service"":0.0,""payment-service"":0.0,""notification-service"":0.0}",8.113,16.603,True,True,20.0,19.57,0.0581,False,20.0,4.0,False,1.0,True,
LIN-LAT-CNT-T50-W20-D5,LINEAR,LATENCY,inventory-service-proxy,COUNT_BASED,50,20,5,5,5,2,full,SYNTHETIC_PREVIEW,1970-01-01T00:00:00Z,SYNTHETIC,65.0,20.47,0.0,3.29,0.8858,0.8395,0.25,0.0,"{""order-service"":0.3962,""inventory-service"":0.0,""payment-service"":0.0,""notification-service"":0.0}",7.523,15.64,True,True,20.0,20.287,0.077,False,20.0,4.0,False,1.0,True,
LIN-LAT-CNT-T50-W20-D5,LINEAR,LATENCY,inventory-service-proxy,COUNT_BASED,50,20,5,5,5,3,full,SYNTHETIC_PREVIEW,1970-01-01T00:00:00Z,SYNTHETIC,65.0,19.85,0.0,5.75,0.815,0.7103,0.25,0.0,"{""order-service"":0.4496,""inventory-service"":0.0,""payment-service"":0.0,""notification-service"":0.0}",7.663,13.543,True,True,20.0,19.847,0.0823,False,20.0,4.0,False,1.0,True,
LIN-LAT-CNT-T50-W20-D15,LINEAR,LATENCY,inventory-service-proxy,COUNT_BASED,50,20,15,5,5,1,full,SYNTHETIC_PREVIEW,1970-01-01T00:00:00Z,SYNTHETIC,75.0,20.61,0.0,3.91,0.8368,0.8104,0.25,0.0,"{""order-service"":0.4075,""inventory-service"":0.0,""payment-service"":0.0,""notification-service"":0.0}",8.3,25.578,True,True,20.0,19.814,0.0852,False,20.0,4.0,False,1.0,True,
LIN-LAT-CNT-T50-W20-D15,LINEAR,LATENCY,inventory-service-proxy,COUNT_BASED,50,20,15,5,5,2,full,SYNTHETIC_PREVIEW,1970-01-01T00:00:00Z,SYNTHETIC,75.0,21.28,0.0,6.17,0.7773,0.7102,0.25,0.0,"{""order-service"":0.4286,""inventory-service"":0.0,""payment-service"":0.0,""notification-service"":0.0}",8.407,28.007,True,True,20.0,19.422,0.0637,False,20.0,4.0,False,1.0,True,
LIN-LAT-CNT-T50-W20-D15,LINEAR,LATENCY,inventory-service-proxy,COUNT_BASED,50,20,15,5,5,3,full,SYNTHETIC_PREVIEW,1970-01-01T00:00:00Z,SYNTHETIC,75.0,20.11,0.0,5.42,0.7914,0.7307,0.25,0.0,"{""order-service"":0.3929,""inventory-service"":0.0,""payment-service"":0.0,""notification-service"":0.0}",7.865,28.786,True,True,20.0,20.334,0.0869,False,20.0,4.0,False,1.0,True,
LIN-LAT-CNT-T50-W20-D30,LINEAR,LATENCY,inventory-service-proxy,COUNT_BASED,50,20,30,5,5,1,full,SYNTHETIC_PREVIEW,1970-01-01T00:00:00Z,SYNTHETIC,90.0,20.76,0.0,5.94,0.7962,0.7138,0.25,0.0,"{""order-service"":0.401,""inventory-service"":0.0,""payment-service"":0.0,""notification-service"":0.0}",8.104,46.929,True,True,20.0,19.494,0.0655,False,20.0,4.0,False,1.0,True,
LIN-LAT-CNT-T50-W20-D30,LINEAR,LATENCY,inventory-service-proxy,COUNT_BASED,50,20,30,5,5,2,full,SYNTHETIC_PREVIEW,1970-01-01T00:00:00Z,SYNTHETIC,90.0,20.56,0.0,6.15,0.7991,0.7007,0.25,0.0,"{""order-service"":0.4266,""inventory-service"":0.0,""payment-service"":0.0,""notification-service"":0.0}",8.299,52.707,True,True,20.0,20.478,0.0363,False,20.0,4.0,False,1.0,True,
LIN-LAT-CNT-T50-W20-D30,LINEAR,LATENCY,inventory-service-proxy,COUNT_BASED,50,20,30,5,5,3,full,SYNTHETIC_PREVIEW,1970-01-01T00:00:00Z,SYNTHETIC,90.0,20.59,0.0,5.49,0.8279,0.7335,0.25,0.0,"{""order-service"":0.3972,""inventory-service"":0.0,""payment-service"":0.0,""notification-service"":0.0}",8.091,48.225,True,True,20.0,19.843,0.0433,False,20.0,4.0,False,1.0,True,
LIN-LAT-CNT-T70-W5-D5,LINEAR,LATENCY,inventory-service-proxy,COUNT_BASED,70,5,5,5,5,1,full,SYNTHETIC_PREVIEW,1970-01-01T00:00:00Z,SYNTHETIC,65.0,22.22,0.0,4.11,0.922,0.8151,0.25,0.0,"{""order-service"":0.2792,""inventory-service"":0.0,""payment-service"":0.0,""notification-service"":0.0}",4.238,18.186,True,True,20.0,20.003,0.0206,False,5.0,1.0,False,1.0,True,
LIN-LAT-CNT-T70-W5-D5,LINEAR,LATENCY,inventory-service-proxy,COUNT_BASED,70,5,5,5,5,2,full,SYNTHETIC_PREVIEW,1970-01-01T00:00:00Z,SYNTHETIC,65.0,21.45,0.0,5.89,0.8439,0.7254,0.25,0.0,"{""order-service"":0.2893,""inventory-service"":0.0,""payment-service"":0.0,""notification-service"":0.0}",4.5,17.559,True,True,20.0,20.253,0.0744,False,5.0,1.0,False,1.0,True,
LIN-LAT-CNT-T70-W5-D5,LINEAR,LATENCY,inventory-service-proxy,COUNT_BASED,70,5,5,5,5,3,full,SYNTHETIC_PREVIEW,1970-01-01T00:00:00Z,SYNTHETIC,65.0,20.14,0.0,5.09,0.7772,0.7474,0.25,0.0,"{""order-service"":0.2846,""inventory-service"":0.0,""payment-service"":0.0,""notification-service"":0.0}",4.558,20.192,True,True,20.0,19.549,0.025,False,5.0,1.0,False,1.0,True,
LIN-LAT-CNT-T70-W5-D15,LINEAR,LATENCY,inventory-service-proxy,COUNT_BASED,70,5,15,5,5,1,full,SYNTHETIC_PREVIEW,1970-01-01T00:00:00Z,SYNTHETIC,75.0,20.34,0.0,6.47,0.7634,0.6818,0.25,0.0,"{""order-service"":0.3004,""inventory-service"":0.0,""payment-service"":0.0,""notification-service"":0.0}",4.643,30.451,True,True,20.0,19.939,0.0727,False,5.0,1.0,False,1.0,True,
LIN-LAT-CNT-T70-W5-D15,LINEAR,LATENCY,inventory-service-proxy,COUNT_BASED,70,5,15,5,5,2,full,SYNTHETIC_PREVIEW,1970-01-01T00:00:00Z,SYNTHETIC,75.0,20.71,0.0,3.8,0.8484,0.8165,0.25,0.0,"{""order-service"":0.2981,""inventory-service"":0.0,""payment-service"":0.0,""notification-service"":0.0}",4.615,24.993,True,True,20.0,20.34,0.0328,False,5.0,1.0,False,1.0,True,
LIN-LAT-CNT-T70-W5-D15,LINEAR,LATENCY,inventory-service-proxy,COUNT_BASED,70,5,15,5,5,3,full,SYNTHETIC_PREVIEW,1970-01-01T00:00:00Z,SYNTHETIC,75.0,19.34,0.0,4.33,0.8504,0.7761,0.25,0.0,"{""order-service"":0.277,""inventory-service"":0.0,""payment-service"":0.0,""notification-service"":0.0}",4.477,27.497,True,True,20.0,20.242,0.0692,False,5.0,1.0,False,1.0,True,
LIN-LAT-CNT-T70-W5-D30,LINEAR,LATENCY,inventory-service-proxy,COUNT_BASED,70,5,30,5,5,1,full,SYNTHETIC_PREVIEW,1970-01-01T00:00:00Z,SYNTHETIC,90.0,19.12,0.0,5.68,0.8051,0.7029,0.25,0.0,"{""order-service"":0.2826,""inventory-service"":0.0,""payment-service"":0.0,""notification-service"":0.0}",4.359,48.796,True,True,20.0,19.878,0.031,False,5.0,1.0,False,1.0,True,
LIN-LAT-CNT-T70-W5-D30,LINEAR,LATENCY,inventory-service-proxy,COUNT_BASED,70,5,30,5,5,2,full,SYNTHETIC_PREVIEW,1970-01-01T00:00:00Z,SYNTHETIC,90.0,19.91,0.0,4.5,0.8151,0.774,0.25,0.0,"{""order-service"":0.2884,""inventory-service"":0.0,""payment-service"":0.0,""notification-service"":0.0}",4.341,51.816,True,True,20.0,19.549,0.0891,False,5.0,1.0,False,1.0,True,
LIN-LAT-CNT-T70-W5-D30,LINEAR,LATENCY,inventory-service-proxy,COUNT_BASED,70,5,30,5,5,3,full,SYNTHETIC_PREVIEW,1970-01-01T00:00:00Z,SYNTHETIC,90.0,21.12,0.0,4.64,0.8137,0.7802,0.25,0.0,"{""order-service"":0.3278,""inventory-service"":0.0,""payment-service"":0.0,""notification-service"":0.0}",4.538,48.138,True,True,20.0,19.952,0.0787,False,5.0,1.0,False,1.0,True,
LIN-LAT-CNT-T70-W10-D5,LINEAR,LATENCY,inventory-service-proxy,COUNT_BASED,70,10,5,5,5,1,full,SYNTHETIC_PREVIEW,1970-01-01T00:00:00Z,SYNTHETIC,65.0,20.49,0.0,4.8,0.8077,0.7657,0.25,0.0,"{""order-service"":0.3865,""inventory-service"":0.0,""payment-service"":0.0,""notification-service"":0.0}",5.616,17.453,True,True,20.0,20.618,0.0654,False,10.0,2.0,False,1.0,True,
LIN-LAT-CNT-T70-W10-D5,LINEAR,LATENCY,inventory-service-proxy,COUNT_BASED,70,10,5,5,5,2,full,SYNTHETIC_PREVIEW,1970-01-01T00:00:00Z,SYNTHETIC,65.0,20.07,0.0,4.84,0.8115,0.7586,0.25,0.0,"{""order-service"":0.3558,""inventory-service"":0.0,""payment-service"":0.0,""notification-service"":0.0}",5.667,17.92,True,True,20.0,19.702,0.0203,False,10.0,2.0,False,1.0,True,
LIN-LAT-CNT-T70-W10-D5,LINEAR,LATENCY,inventory-service-proxy,COUNT_BASED,70,10,5,5,5,3,full,SYNTHETIC_PREVIEW,1970-01-01T00:00:00Z,SYNTHETIC,65.0,19.58,0.0,4.56,0.8271,0.7672,0.25,0.0,"{""order-service"":0.4035,""inventory-service"":0.0,""payment-service"":0.0,""notification-service"":0.0}",5.888,16.461,True,True,20.0,19.874,0.021,False,10.0,2.0,False,1.0,True,
LIN-LAT-CNT-T70-W10-D15,LINEAR,LATENCY,inventory-service-proxy,COUNT_BASED,70,10,15,5,5,1,full,SYNTHETIC_PREVIEW,1970-01-01T00:00:00Z,SYNTHETIC,75.0,20.63,0.0,5.19,0.8193,0.7484,0.25,0.0,"{""order-service"":0.4002,""inventory-service"":0.0,""payment-service"":0.0,""notification-service"":0.0}",5.813,29.061,True,True,20.0,20.155,0.0461,False,10.0,2.0,False,1.0,True,
LIN-LAT-CNT-T70-W10-D15,LINEAR,LATENCY,inventory-service-proxy,COUNT_BASED,70,10,15,5,5,2,full,SYNTHETIC_PREVIEW,1970-01-01T00:00:00Z,SYNTHETIC,75.0,20.57,0.0,5.76,0.8139,0.72,0.25,0.0,"{""order-service"":0.3879,""inventory-service"":0.0,""payment-service"":0.0,""notification-service"":0.0}",5.363,30.991,True,True,20.0,19.373,0.0559,False,10.0,2.0,False,1.0,True,
LIN-LAT-CNT-T70-W10-D15,LINEAR,LATENCY,inventory-service-proxy,COUNT_BASED,70,10,15,5,5,3,full,SYNTHETIC_PREVIEW,1970-01-01T00:00:00Z,SYNTHETIC,75.0,20.87,0.0,6.76,0.7892,0.6761,0.25,0.0,"{""order-service"":0.3885,""inventory-service"":0.0,""payment-service"":0.0,""notification-service"":0.0}",5.584,25.788,True,True,20.0,20.351,0.0667,False,10.0,2.0,False,1.0,True,
LIN-LAT-CNT-T70-W10-D30,LINEAR,LATENCY,inventory-service-proxy,COUNT_BASED,70,10,30,5,5,1,full,SYNTHETIC_PREVIEW,1970-01-01T00:00:00Z,SYNTHETIC,90.0,20.83,0.0,7.37,0.7563,0.6459,0.25,0.0,"{""order-service"":0.354,""inventory-service"":0.0,""payment-service"":0.0,""notification-service"":0.0}",5.641,47.693,True,True,20.0,20.325,0.0358,False,10.0,2.0,False,1.0,True,
LIN-LAT-CNT-T70-W10-D30,LINEAR,LATENCY,inventory-service-proxy,COUNT_BASED,70,10,30,5,5,2,full,SYNTHETIC_PREVIEW,1970-01-01T00:00:00Z,SYNTHETIC,90.0,20.69,0.0,3.39,0.8899,0.8361,0.25,0.0,"{""order-service"":0.3858,""inventory-service"":0.0,""payment-service"":0.0,""notification-service"":0.0}",5.769,49.533,True,True,20.0,20.849,0.0622,False,10.0,2.0,False,1.0,True,
LIN-LAT-CNT-T70-W10-D30,LINEAR,LATENCY,inventory-service-proxy,COUNT_BASED,70,10,30,5,5,3,full,SYNTHETIC_PREVIEW,1970-01-01T00:00:00Z,SYNTHETIC,90.0,22.34,0.0,5.89,0.8444,0.7362,0.25,0.0,"{""order-service"":0.3506,""inventory-service"":0.0,""payment-service"":0.0,""notification-service"":0.0}",5.762,49.421,True,True,20.0,19.781,0.0819,False,10.0,2.0,False,1.0,True,
LIN-LAT-CNT-T70-W20-D5,LINEAR,LATENCY,inventory-service-proxy,COUNT_BASED,70,20,5,5,5,1,full,SYNTHETIC_PREVIEW,1970-01-01T00:00:00Z,SYNTHETIC,65.0,20.2,0.0,4.44,0.8526,0.7803,0.25,0.0,"{""order-service"":0.4115,""inventory-service"":0.0,""payment-service"":0.0,""notification-service"":0.0}",9.513,17.997,True,True,20.0,19.844,0.0333,False,20.0,4.0,False,1.0,True,
LIN-LAT-CNT-T70-W20-D5,LINEAR,LATENCY,inventory-service-proxy,COUNT_BASED,70,20,5,5,5,2,full,SYNTHETIC_PREVIEW,1970-01-01T00:00:00Z,SYNTHETIC,65.0,21.32,0.0,5.05,0.8525,0.7631,0.25,0.0,"{""order-service"":0.4077,""inventory-service"":0.0,""payment-service"":0.0,""notification-service"":0.0}",9.833,17.642,True,True,20.0,20.016,0.0262,False,20.0,4.0,False,1.0,True,
LIN-LAT-CNT-T70-W20-D5,LINEAR,LATENCY,inventory-service-proxy,COUNT_BASED,70,20,5,5,5,3,full,SYNTHETIC_PREVIEW,1970-01-01T00:00:00Z,SYNTHETIC,65.0,21.0,0.0,5.9,0.8219,0.7193,0.25,0.0,"{""order-service"":0.4429,""inventory-service"":0.0,""payment-service"":0.0,""notification-service"":0.0}",10.099,17.278,True,True,20.0,20.217,0.0231,False,20.0,4.0,False,1.0,True,
LIN-LAT-CNT-T70-W20-D15,LINEAR,LATENCY,inventory-service-proxy,COUNT_BASED,70,20,15,5,5,1,full,SYNTHETIC_PREVIEW,1970-01-01T00:00:00Z,SYNTHETIC,75.0,20.08,0.0,4.76,0.8692,0.7631,0.25,0.0,"{""order-service"":0.4249,""inventory-service"":0.0,""payment-service"":0.0,""notification-service"":0.0}",10.244,26.868,True,True,20.0,19.629,0.0213,False,20.0,4.0,False,1.0,True,
LIN-LAT-CNT-T70-W20-D15,LINEAR,LATENCY,inventory-service-proxy,COUNT_BASED,70,20,15,5,5,2,full,SYNTHETIC_PREVIEW,1970-01-01T00:00:00Z,SYNTHETIC,75.0,20.74,0.0,6.82,0.789,0.6713,0.25,0.0,"{""order-service"":0.4456,""inventory-service"":0.0,""payment-service"":0.0,""notification-service"":0.0}",10.376,26.526,True,True,20.0,19.995,0.0709,False,20.0,4.0,False,1.0,True,
LIN-LAT-CNT-T70-W20-D15,LINEAR,LATENCY,inventory-service-proxy,COUNT_BASED,70,20,15,5,5,3,full,SYNTHETIC_PREVIEW,1970-01-01T00:00:00Z,SYNTHETIC,75.0,20.08,0.0,4.11,0.8467,0.7952,0.25,0.0,"{""order-service"":0.4389,""inventory-service"":0.0,""payment-service"":0.0,""notification-service"":0.0}",9.758,27.287,True,True,20.0,20.336,0.084,False,20.0,4.0,False,1.0,True,
LIN-LAT-CNT-T70-W20-D30,LINEAR,LATENCY,inventory-service-proxy,COUNT_BASED,70,20,30,5,5,1,full,SYNTHETIC_PREVIEW,1970-01-01T00:00:00Z,SYNTHETIC,90.0,20.36,0.0,5.26,0.8586,0.7415,0.25,0.0,"{""order-service"":0.4626,""inventory-service"":0.0,""payment-service"":0.0,""notification-service"":0.0}",9.88,51.556,True,True,20.0,19.703,0.0355,False,20.0,4.0,False,1.0,True,
LIN-LAT-CNT-T70-W20-D30,LINEAR,LATENCY,inventory-service-proxy,COUNT_BASED,70,20,30,5,5,2,full,SYNTHETIC_PREVIEW,1970-01-01T00:00:00Z,SYNTHETIC,90.0,18.6,0.0,5.51,0.8243,0.7039,0.25,0.0,"{""order-service"":0.4867,""inventory-service"":0.0,""payment-service"":0.0,""notification-service"":0.0}",9.962,40.321,True,True,20.0,19.918,0.0656,False,20.0,4.0,False,1.0,True,
LIN-LAT-CNT-T70-W20-D30,LINEAR,LATENCY,inventory-service-proxy,COUNT_BASED,70,20,30,5,5,3,full,SYNTHETIC_PREVIEW,1970-01-01T00:00:00Z,SYNTHETIC,90.0,21.76,0.0,6.25,0.8314,0.7129,0.25,0.0,"{""order-service"":0.4573,""inventory-service"":0.0,""payment-service"":0.0,""notification-service"":0.0}",9.587,53.658,True,True,20.0,19.49,0.048,False,20.0,4.0,False,1.0,True,
LIN-LAT-TIM-T30-W5-D5,LINEAR,LATENCY,inventory-service-proxy,TIME_BASED,30,5,5,5,5,1,full,SYNTHETIC_PREVIEW,1970-01-01T00:00:00Z,SYNTHETIC,85.0,19.46,0.0,5.34,0.8495,0.7257,0.25,0.0,"{""order-service"":0.3313,""inventory-service"":0.0,""payment-service"":0.0,""notification-service"":0.0}",3.561,22.17,True,True,20.0,19.778,0.0668,False,98.89,19.7781,False,1.0,True,
LIN-LAT-TIM-T30-W5-D5,LINEAR,LATENCY,inventory-service-proxy,TIME_BASED,30,5,5,5,5,2,full,SYNTHETIC_PREVIEW,1970-01-01T00:00:00Z,SYNTHETIC,85.0,21.38,0.0,5.23,0.7787,0.7553,0.25,0.0,"{""order-service"":0.3421,""inventory-service"":0.0,""payment-service"":0.0,""notification-service"":0.0}",3.784,23.989,True,True,20.0,20.932,0.0779,False,104.66,20.9317,False,1.0,True,
LIN-LAT-TIM-T30-W5-D5,LINEAR,LATENCY,inventory-service-proxy,TIME_BASED,30,5,5,5,5,3,full,SYNTHETIC_PREVIEW,1970-01-01T00:00:00Z,SYNTHETIC,85.0,19.28,0.0,5.52,0.7999,0.7139,0.25,0.0,"{""order-service"":0.3306,""inventory-service"":0.0,""payment-service"":0.0,""notification-service"":0.0}",3.802,25.084,True,True,20.0,19.961,0.0495,False,99.8,19.961,False,1.0,True,
LIN-LAT-TIM-T30-W5-D15,LINEAR,LATENCY,inventory-service-proxy,TIME_BASED,30,5,15,5,5,1,full,SYNTHETIC_PREVIEW,1970-01-01T00:00:00Z,SYNTHETIC,95.0,19.91,0.0,5.4,0.824,0.7287,0.25,0.0,"{""order-service"":0.293,""inventory-service"":0.0,""payment-service"":0.0,""notification-service"":0.0}",4.049,41.288,True,True,20.0,19.614,0.0791,False,98.07,19.6136,False,1.0,True,
LIN-LAT-TIM-T30-W5-D15,LINEAR,LATENCY,inventory-service-proxy,TIME_BASED,30,5,15,5,5,2,full,SYNTHETIC_PREVIEW,1970-01-01T00:00:00Z,SYNTHETIC,95.0,22.13,0.0,6.85,0.794,0.6906,0.25,0.0,"{""order-service"":0.3042,""inventory-service"":0.0,""payment-service"":0.0,""notification-service"":0.0}",3.704,46.632,True,True,20.0,20.199,0.0609,False,101.0,20.1994,False,1.0,True,
LIN-LAT-TIM-T30-W5-D15,LINEAR,LATENCY,inventory-service-proxy,TIME_BASED,30,5,15,5,5,3,full,SYNTHETIC_PREVIEW,1970-01-01T00:00:00Z,SYNTHETIC,95.0,20.02,0.0,5.03,0.8518,0.7486,0.25,0.0,"{""order-service"":0.2832,""inventory-service"":0.0,""payment-service"":0.0,""notification-service"":0.0}",3.726,40.216,True,True,20.0,19.623,0.0441,False,98.12,19.6231,False,1.0,True,
LIN-LAT-TIM-T30-W5-D30,LINEAR,LATENCY,inventory-service-proxy,TIME_BASED,30,5,30,5,5,1,full,SYNTHETIC_PREVIEW,1970-01-01T00:00:00Z,SYNTHETIC,110.0,20.49,0.0,4.59,0.8829,0.7759,0.25,0.0,"{""order-service"":0.3233,""inventory-service"":0.0,""payment-service"":0.0,""notification-service"":0.0}",3.86,75.371,True,True,20.0,20.09,0.0404,False,100.45,20.0896,False,1.0,True,
LIN-LAT-TIM-T30-W5-D30,LINEAR,LATENCY,inventory-service-proxy,TIME_BASED,30,5,30,5,5,2,full,SYNTHETIC_PREVIEW,1970-01-01T00:00:00Z,SYNTHETIC,110.0,21.17,0.0,5.76,0.7948,0.728,0.25,0.0,"{""order-service"":0.3139,""inventory-service"":0.0,""payment-service"":0.0,""notification-service"":0.0}",3.876,61.876,True,True,20.0,20.522,0.0758,False,102.61,20.5217,False,1.0,True,
LIN-LAT-TIM-T30-W5-D30,LINEAR,LATENCY,inventory-service-proxy,TIME_BASED,30,5,30,5,5,3,full,SYNTHETIC_PREVIEW,1970-01-01T00:00:00Z,SYNTHETIC,110.0,19.53,0.0,3.87,0.8348,0.8019,0.25,0.0,"{""order-service"":0.3077,""inventory-service"":0.0,""payment-service"":0.0,""notification-service"":0.0}",3.773,56.094,True,True,20.0,19.389,0.0631,False,96.94,19.3888,False,1.0,True,
LIN-LAT-TIM-T30-W10-D5,LINEAR,LATENCY,inventory-service-proxy,TIME_BASED,30,10,5,5,5,1,full,SYNTHETIC_PREVIEW,1970-01-01T00:00:00Z,SYNTHETIC,135.0,18.92,0.0,5.7,0.8144,0.6986,0.25,0.0,"{""order-service"":0.4544,""inventory-service"":0.0,""payment-service"":0.0,""notification-service"":0.0}",6.884,30.057,True,True,20.0,20.084,0.0606,False,200.84,40.1687,False,1.0,True,
LIN-LAT-TIM-T30-W10-D5,LINEAR,LATENCY,inventory-service-proxy,TIME_BASED,30,10,5,5,5,2,full,SYNTHETIC_PREVIEW,1970-01-01T00:00:00Z,SYNTHETIC,135.0,19.95,0.0,5.5,0.823,0.7245,0.25,0.0,"{""order-service"":0.3648,""inventory-service"":0.0,""payment-service"":0.0,""notification-service"":0.0}",6.29,22.979,True,True,20.0,20.368,0.0789,False,203.68,40.7363,False,1.0,True,
LIN-LAT-TIM-T30-W10-D5,LINEAR,LATENCY,inventory-service-proxy,TIME_BASED,30,10,5,5,5,3,full,SYNTHETIC_PREVIEW,1970-01-01T00:00:00Z,SYNTHETIC,135.0,20.28,0.0,4.4,0.8278,0.7829,0.25,0.0,"{""order-service"":0.4093,""inventory-service"":0.0,""payment-service"":0.0,""notification-service"":0.0}",6.427,28.736,True,True,20.0,19.971,0.0594,False,199.71,39.9419,False,1.0,True,
LIN-LAT-TIM-T30-W10-D15,LINEAR,LATENCY,inventory-service-proxy,TIME_BASED,30,10,15,5,5,1,full,SYNTHETIC_PREVIEW,1970-01-01T00:00:00Z,SYNTHETIC,145.0,20.69,0.0,4.62,0.8259,0.7768,0.25,0.0,"{""order-service"":0.3535,""inventory-service"":0.0,""payment-service"":0.0,""notification-service"":0.0}",6.717,42.817,True,True,20.0,20.362,0.076,False,203.62,40.7241,False,1.0,True,
LIN-LAT-TIM-T30-W10-D15,LINEAR,LATENCY,inventory-service-proxy,TIME_BASED,30,10,15,5,5,2,full,SYNTHETIC_PREVIEW,1970-01-01T00:00:00Z,SYNTHETIC,145.0,20.18,0.0,4.11,0.8297,0.7962,0.25,0.0,"{""order-service"":0.4107,""inventory-service"":0.0,""payment-service"":0.0,""notification-service"":0.0}",6.633,43.303,True,True,20.0,19.724,0.0738,False,197.24,39.4473,False,1.0,True,
LIN-LAT-TIM-T30-W10-D15,LINEAR,LATENCY,inventory-service-proxy,TIME_BASED,30,10,15,5,5,3,full,SYNTHETIC_PREVIEW,1970-01-01T00:00:00Z,SYNTHETIC,145.0,20.83,0.0,5.33,0.8566,0.7443,0.25,0.0,"{""order-service"":0.4067,""inventory-service"":0.0,""payment-service"":0.0,""notification-service"":0.0}",6.82,44.963,True,True,20.0,19.468,0.0764,False,194.68,38.935,False,1.0,True,
LIN-LAT-TIM-T30-W10-D30,LINEAR,LATENCY,inventory-service-proxy,TIME_BASED,30,10,30,5,5,1,full,SYNTHETIC_PREVIEW,1970-01-01T00:00:00Z,SYNTHETIC,160.0,20.08,0.0,5.4,0.7963,0.731,0.25,0.0,"{""order-service"":0.3661,""inventory-service"":0.0,""payment-service"":0.0,""notification-service"":0.0}",6.557,76.139,True,True,20.0,19.954,0.0782,False,199.54,39.9076,False,1.0,True,
LIN-LAT-TIM-T30-W10-D30,LINEAR,LATENCY,inventory-service-proxy,TIME_BASED,30,10,30,5,5,2,full,SYNTHETIC_PREVIEW,1970-01-01T00:00:00Z,SYNTHETIC,160.0,19.82,0.0,6.59,0.783,0.6675,0.25,0.0,"{""order-service"":0.3612,""inventory-service"":0.0,""payment-service"":0.0,""notification-service"":0.0}",6.636,66.225,True,True,20.0,19.083,0.0525,False,190.83,38.1653,False,1.0,True,
LIN-LAT-TIM-T30-W10-D30,LINEAR,LATENCY,inventory-service-proxy,TIME_BASED,30,10,30,5,5,3,full,SYNTHETIC_PREVIEW,1970-01-01T00:00:00Z,SYNTHETIC,160.0,19.42,0.0,5.93,0.8067,0.6945,0.25,0.0,"{""order-service"":0.3991,""inventory-service"":0.0,""payment-service"":0.0,""notification-service"":0.0}",6.475,75.222,True,True,20.0,19.85,0.0529,False,198.5,39.7003,False,1.0,True,
LIN-LAT-TIM-T30-W20-D5,LINEAR,LATENCY,inventory-service-proxy,TIME_BASED,30,20,5,5,5,1,full,SYNTHETIC_PREVIEW,1970-01-01T00:00:00Z,SYNTHETIC,235.0,19.75,0.0,5.63,0.8064,0.7149,0.25,0.0,"{""order-service"":0.4464,""inventory-service"":0.0,""payment-service"":0.0,""notification-service"":0.0}",9.378,25.72,True,True,20.0,20.285,0.0584,False,405.7,81.1409,False,1.0,True,
LIN-LAT-TIM-T30-W20-D5,LINEAR,LATENCY,inventory-service-proxy,TIME_BASED,30,20,5,5,5,2,full,SYNTHETIC_PREVIEW,1970-01-01T00:00:00Z,SYNTHETIC,235.0,19.39,0.0,5.83,0.7744,0.6995,0.25,0.0,"{""order-service"":0.4867,""inventory-service"":0.0,""payment-service"":0.0,""notification-service"":0.0}",9.215,25.824,True,True,20.0,20.149,0.0227,False,402.98,80.5966,False,1.0,True,
LIN-LAT-TIM-T30-W20-D5,LINEAR,LATENCY,inventory-service-proxy,TIME_BASED,30,20,5,5,5,3,full,SYNTHETIC_PREVIEW,1970-01-01T00:00:00Z,SYNTHETIC,235.0,20.12,0.0,4.72,0.7942,0.7652,0.25,0.0,"{""order-service"":0.421,""inventory-service"":0.0,""payment-service"":0.0,""notification-service"":0.0}",9.734,21.374,True,True,20.0,19.603,0.0201,False,392.07,78.4139,False,1.0,True,
LIN-LAT-TIM-T30-W20-D15,LINEAR,LATENCY,inventory-service-proxy,TIME_BASED,30,20,15,5,5,1,full,SYNTHETIC_PREVIEW,1970-01-01T00:00:00Z,SYNTHETIC,245.0,20.63,0.0,5.07,0.825,0.7544,0.25,0.0,"{""order-service"":0.4826,""inventory-service"":0.0,""payment-service"":0.0,""notification-service"":0.0}",9.874,39.426,True,True,20.0,19.676,0.0218,False,393.52,78.7049,False,1.0,True,
LIN-LAT-TIM-T30-W20-D15,LINEAR,LATENCY,inventory-service-proxy,TIME_BASED,30,20,15,5,5,2,full,SYNTHETIC_PREVIEW,1970-01-01T00:00:00Z,SYNTHETIC,245.0,20.84,0.0,5.03,0.8089,0.7585,0.25,0.0,"{""order-service"":0.444,""inventory-service"":0.0,""payment-service"":0.0,""notification-service"":0.0}",10.361,44.111,True,True,20.0,19.675,0.0631,False,393.51,78.7016,False,1.0,True,
LIN-LAT-TIM-T30-W20-D15,LINEAR,LATENCY,inventory-service-proxy,TIME_BASED,30,20,15,5,5,3,full,SYNTHETIC_PREVIEW,1970-01-01T00:00:00Z,SYNTHETIC,245.0,19.74,0.0,4.4,0.8618,0.7773,0.25,0.0,"{""order-service"":0.4685,""inventory-service"":0.0,""payment-service"":0.0,""notification-service"":0.0}",9.711,44.344,True,True,20.0,20.161,0.0664,False,403.21,80.6422,False,1.0,True,
LIN-LAT-TIM-T30-W20-D30,LINEAR,LATENCY,inventory-service-proxy,TIME_BASED,30,20,30,5,5,1,full,SYNTHETIC_PREVIEW,1970-01-01T00:00:00Z,SYNTHETIC,260.0,20.41,0.0,5.97,0.7755,0.7077,0.25,0.0,"{""order-service"":0.481,""inventory-service"":0.0,""payment-service"":0.0,""notification-service"":0.0}",9.85,68.916,True,True,20.0,19.998,0.0817,False,399.95,79.99,False,1.0,True,
LIN-LAT-TIM-T30-W20-D30,LINEAR,LATENCY,inventory-service-proxy,TIME_BASED,30,20,30,5,5,2,full,SYNTHETIC_PREVIEW,1970-01-01T00:00:00Z,SYNTHETIC,260.0,20.5,0.0,5.69,0.8253,0.7224,0.25,0.0,"{""order-service"":0.4802,""inventory-service"":0.0,""payment-service"":0.0,""notification-service"":0.0}",9.879,66.158,True,True,20.0,20.309,0.0691,False,406.19,81.2371,False,1.0,True,
LIN-LAT-TIM-T30-W20-D30,LINEAR,LATENCY,inventory-service-proxy,TIME_BASED,30,20,30,5,5,3,full,SYNTHETIC_PREVIEW,1970-01-01T00:00:00Z,SYNTHETIC,260.0,21.72,0.0,5.74,0.7869,0.7359,0.25,0.0,"{""order-service"":0.4665,""inventory-service"":0.0,""payment-service"":0.0,""notification-service"":0.0}",10.023,61.974,True,True,20.0,20.003,0.0684,False,400.07,80.0137,False,1.0,True,
LIN-LAT-TIM-T50-W5-D5,LINEAR,LATENCY,inventory-service-proxy,TIME_BASED,50,5,5,5,5,1,full,SYNTHETIC_PREVIEW,1970-01-01T00:00:00Z,SYNTHETIC,85.0,20.89,0.0,5.78,0.8322,0.7233,0.25,0.0,"{""order-service"":0.3006,""inventory-service"":0.0,""payment-service"":0.0,""notification-service"":0.0}",5.285,23.881,True,True,20.0,19.336,0.0687,False,96.68,19.3364,False,1.0,True,
LIN-LAT-TIM-T50-W5-D5,LINEAR,LATENCY,inventory-service-proxy,TIME_BASED,50,5,5,5,5,2,full,SYNTHETIC_PREVIEW,1970-01-01T00:00:00Z,SYNTHETIC,85.0,20.36,0.0,4.03,0.8873,0.802,0.25,0.0,"{""order-service"":0.3006,""inventory-service"":0.0,""payment-service"":0.0,""notification-service"":0.0}",5.222,24.082,True,True,20.0,19.174,0.0748,False,95.87,19.1739,False,1.0,True,
LIN-LAT-TIM-T50-W5-D5,LINEAR,LATENCY,inventory-service-proxy,TIME_BASED,50,5,5,5,5,3,full,SYNTHETIC_PREVIEW,1970-01-01T00:00:00Z,SYNTHETIC,85.0,20.91,0.0,7.58,0.7322,0.6373,0.25,0.0,"{""order-service"":0.2935,""inventory-service"":0.0,""payment-service"":0.0,""notification-service"":0.0}",5.428,25.362,True,True,20.0,19.833,0.0304,False,99.17,19.833,False,1.0,True,
LIN-LAT-TIM-T50-W5-D15,LINEAR,LATENCY,inventory-service-proxy,TIME_BASED,50,5,15,5,5,1,full,SYNTHETIC_PREVIEW,1970-01-01T00:00:00Z,SYNTHETIC,95.0,18.69,0.0,5.22,0.8174,0.7207,0.25,0.0,"{""order-service"":0.3218,""inventory-service"":0.0,""payment-service"":0.0,""notification-service"":0.0}",4.947,40.045,True,True,20.0,19.62,0.0394,False,98.1,19.6197,False,1.0,True,
LIN-LAT-TIM-T50-W5-D15,LINEAR,LATENCY,inventory-service-proxy,TIME_BASED,50,5,15,5,5,2,full,SYNTHETIC_PREVIEW,1970-01-01T00:00:00Z,SYNTHETIC,95.0,21.21,0.0,5.33,0.8254,0.7486,0.25,0.0,"{""order-service"":0.2983,""inventory-service"":0.0,""payment-service"":0.0,""notification-service"":0.0}",5.2,45.692,True,True,20.0,19.628,0.0499,False,98.14,19.6282,False,1.0,True,
LIN-LAT-TIM-T50-W5-D15,LINEAR,LATENCY,inventory-service-proxy,TIME_BASED,50,5,15,5,5,3,full,SYNTHETIC_PREVIEW,1970-01-01T00:00:00Z,SYNTHETIC,95.0,20.47,0.0,3.89,0.8442,0.81,0.25,0.0,"{""order-service"":0.3587,""inventory-service"":0.0,""payment-service"":0.0,""notification-service"":0.0}",5.304,43.927,True,True,20.0,20.609,0.0771,False,103.04,20.6087,False,1.0,True,
LIN-LAT-TIM-T50-W5-D30,LINEAR,LATENCY,inventory-service-proxy,TIME_BASED,50,5,30,5,5,1,full,SYNTHETIC_PREVIEW,1970-01-01T00:00:00Z,SYNTHETIC,110.0,21.82,0.0,4.82,0.8486,0.7793,0.25,0.0,"{""order-service"":0.3607,""inventory-service"":0.0,""payment-service"":0.0,""notification-service"":0.0}",5.48,75.046,True,True,20.0,19.698,0.0742,False,98.49,19.6983,False,1.0,True,
LIN-LAT-TIM-T50-W5-D30,LINEAR,LATENCY,inventory-service-proxy,TIME_BASED,50,5,30,5,5,2,full,SYNTHETIC_PREVIEW,1970-01-01T00:00:00Z,SYNTHETIC,110.0,20.82,0.0,6.47,0.7737,0.689,0.25,0.0,"{""order-service"":0.3299,""inventory-service"":0.0,""payment-service"":0.0,""notification-service"":0.0}",5.231,87.364,True,True,20.0,19.931,0.0665,False,99.65,19.9308,False,1.0,True,
LIN-LAT-TIM-T50-W5-D30,LINEAR,LATENCY,inventory-service-proxy,TIME_BASED,50,5,30,5,5,3,full,SYNTHETIC_PREVIEW,1970-01-01T00:00:00Z,SYNTHETIC,110.0,20.0,0.0,5.47,0.7706,0.7264,0.25,0.0,"{""order-service"":0.3353,""inventory-service"":0.0,""payment-service"":0.0,""notification-service"":0.0}",5.277,70.528,True,True,20.0,20.227,0.0323,False,101.14,20.2271,False,1.0,True,
LIN-LAT-TIM-T50-W10-D5,LINEAR,LATENCY,inventory-service-proxy,TIME_BASED,50,10,5,5,5,1,full,SYNTHETIC_PREVIEW,1970-01-01T00:00:00Z,SYNTHETIC,135.0,21.09,0.0,4.96,0.8373,0.7647,0.25,0.0,"{""order-service"":0.3965,""inventory-service"":0.0,""payment-service"":0.0,""notification-service"":0.0}",8.924,25.87,True,True,20.0,20.343,0.0338,False,203.43,40.6857,False,1.0,True,
LIN-LAT-TIM-T50-W10-D5,LINEAR,LATENCY,inventory-service-proxy,TIME_BASED,50,10,5,5,5,2,full,SYNTHETIC_PREVIEW,1970-01-01T00:00:00Z,SYNTHETIC,135.0,21.84,0.0,4.09,0.8628,0.8126,0.25,0.0,"{""order-service"":0.4387,""inventory-service"":0.0,""payment-service"":0.0,""notification-service"":0.0}",9.332,22.264,True,True,20.0,19.586,0.0645,False,195.86,39.1711,False,1.0,True,
LIN-LAT-TIM-T50-W10-D5,LINEAR,LATENCY,inventory-service-proxy,TIME_BASED,50,10,5,5,5,3,full,SYNTHETIC_PREVIEW,1970-01-01T00:00:00Z,SYNTHETIC,135.0,21.72,0.0,4.74,0.8203,0.7815,0.25,0.0,"{""order-service"":0.3965,""inventory-service"":0.0,""payment-service"":0.0,""notification-service"":0.0}",9.283,26.683,True,True,20.0,20.186,0.0844,False,201.86,40.3727,False,1.0,True,
LIN-LAT-TIM-T50-W10-D15,LINEAR,LATENCY,inventory-service-proxy,TIME_BASED,50,10,15,5,5,1,full,SYNTHETIC_PREVIEW,1970-01-01T00:00:00Z,SYNTHETIC,145.0,20.64,0.0,5.77,0.7527,0.7204,0.25,0.0,"{""order-service"":0.3848,""inventory-service"":0.0,""payment-service"":0.0,""notification-service"":0.0}",8.997,46.211,True,True,20.0,20.143,0.0528,False,201.43,40.2858,False,1.0,True,
LIN-LAT-TIM-T50-W10-D15,LINEAR,LATENCY,inventory-service-proxy,TIME_BASED,50,10,15,5,5,2,full,SYNTHETIC_PREVIEW,1970-01-01T00:00:00Z,SYNTHETIC,145.0,20.8,0.0,5.29,0.8638,0.7457,0.25,0.0,"{""order-service"":0.4673,""inventory-service"":0.0,""payment-service"":0.0,""notification-service"":0.0}",9.319,38.488,True,True,20.0,19.043,0.077,False,190.43,38.0863,False,1.0,True,
LIN-LAT-TIM-T50-W10-D15,LINEAR,LATENCY,inventory-service-proxy,TIME_BASED,50,10,15,5,5,3,full,SYNTHETIC_PREVIEW,1970-01-01T00:00:00Z,SYNTHETIC,145.0,20.02,0.0,3.92,0.833,0.804,0.25,0.0,"{""order-service"":0.3808,""inventory-service"":0.0,""payment-service"":0.0,""notification-service"":0.0}",9.512,34.925,True,True,20.0,20.313,0.0817,False,203.13,40.6254,False,1.0,True,
LIN-LAT-TIM-T50-W10-D30,LINEAR,LATENCY,inventory-service-proxy,TIME_BASED,50,10,30,5,5,1,full,SYNTHETIC_PREVIEW,1970-01-01T00:00:00Z,SYNTHETIC,160.0,20.19,0.0,5.6,0.7704,0.7226,0.25,0.0,"{""order-service"":0.4867,""inventory-service"":0.0,""payment-service"":0.0,""notification-service"":0.0}",8.727,81.408,True,True,20.0,19.387,0.0651,False,193.87,38.7746,False,1.0,True,
LIN-LAT-TIM-T50-W10-D30,LINEAR,LATENCY,inventory-service-proxy,TIME_BASED,50,10,30,5,5,2,full,SYNTHETIC_PREVIEW,1970-01-01T00:00:00Z,SYNTHETIC,160.0,20.98,0.0,5.01,0.8306,0.7611,0.25,0.0,"{""order-service"":0.4164,""inventory-service"":0.0,""payment-service"":0.0,""notification-service"":0.0}",8.936,71.51,True,True,20.0,19.738,0.0729,False,197.38,39.4758,False,1.0,True,
LIN-LAT-TIM-T50-W10-D30,LINEAR,LATENCY,inventory-service-proxy,TIME_BASED,50,10,30,5,5,3,full,SYNTHETIC_PREVIEW,1970-01-01T00:00:00Z,SYNTHETIC,160.0,20.97,0.0,7.26,0.7519,0.6539,0.25,0.0,"{""order-service"":0.4333,""inventory-service"":0.0,""payment-service"":0.0,""notification-service"":0.0}",9.346,81.459,True,True,20.0,19.75,0.0493,False,197.5,39.4993,False,1.0,True,
LIN-LAT-TIM-T50-W20-D5,LINEAR,LATENCY,inventory-service-proxy,TIME_BASED,50,20,5,5,5,1,full,SYNTHETIC_PREVIEW,1970-01-01T00:00:00Z,SYNTHETIC,235.0,19.59,0.0,5.27,0.8321,0.7308,0.25,0.0,"{""order-service"":0.4756,""inventory-service"":0.0,""payment-service"":0.0,""notification-service"":0.0}",13.559,25.054,True,True,20.0,20.074,0.0479,False,401.49,80.2976,False,1.0,True,
LIN-LAT-TIM-T50-W20-D5,LINEAR,LATENCY,inventory-service-proxy,TIME_BASED,50,20,5,5,5,2,full,SYNTHETIC_PREVIEW,1970-01-01T00:00:00Z,SYNTHETIC,235.0,21.8,0.0,5.9,0.8283,0.7296,0.25,0.0,"{""order-service"":0.4328,""inventory-service"":0.0,""payment-service"":0.0,""notification-service"":0.0}",13.613,24.115,True,True,20.0,19.78,0.0509,False,395.6,79.1198,False,1.0,True,
LIN-LAT-TIM-T50-W20-D5,LINEAR,LATENCY,inventory-service-proxy,TIME_BASED,50,20,5,5,5,3,full,SYNTHETIC_PREVIEW,1970-01-01T00:00:00Z,SYNTHETIC,235.0,19.93,0.0,4.23,0.8401,0.7879,0.25,0.0,"{""order-service"":0.4557,""inventory-service"":0.0,""payment-service"":0.0,""notification-service"":0.0}",13.712,26.336,True,True,20.0,20.454,0.0796,False,409.08,81.8151,False,1.0,True,
LIN-LAT-TIM-T50-W20-D15,LINEAR,LATENCY,inventory-service-proxy,TIME_BASED,50,20,15,5,5,1,full,SYNTHETIC_PREVIEW,1970-01-01T00:00:00Z,SYNTHETIC,245.0,20.02,0.0,6.15,0.7763,0.6928,0.25,0.0,"{""order-service"":0.4867,""inventory-service"":0.0,""payment-service"":0.0,""notification-service"":0.0}",13.888,37.113,True,True,20.0,20.349,0.0522,False,406.99,81.3975,False,1.0,True,
LIN-LAT-TIM-T50-W20-D15,LINEAR,LATENCY,inventory-service-proxy,TIME_BASED,50,20,15,5,5,2,full,SYNTHETIC_PREVIEW,1970-01-01T00:00:00Z,SYNTHETIC,245.0,21.62,0.0,3.86,0.8583,0.8215,0.25,0.0,"{""order-service"":0.4867,""inventory-service"":0.0,""payment-service"":0.0,""notification-service"":0.0}",13.993,45.128,True,True,20.0,20.248,0.0279,False,404.95,80.9909,False,1.0,True,
LIN-LAT-TIM-T50-W20-D15,LINEAR,LATENCY,inventory-service-proxy,TIME_BASED,50,20,15,5,5,3,full,SYNTHETIC_PREVIEW,1970-01-01T00:00:00Z,SYNTHETIC,245.0,19.49,0.0,4.1,0.8326,0.7896,0.25,0.0,"{""order-service"":0.4748,""inventory-service"":0.0,""payment-service"":0.0,""notification-service"":0.0}",14.089,34.859,True,True,20.0,20.176,0.0375,False,403.52,80.703,False,1.0,True,
LIN-LAT-TIM-T50-W20-D30,LINEAR,LATENCY,inventory-service-proxy,TIME_BASED,50,20,30,5,5,1,full,SYNTHETIC_PREVIEW,1970-01-01T00:00:00Z,SYNTHETIC,260.0,19.76,0.0,5.0,0.8515,0.7467,0.25,0.0,"{""order-service"":0.4867,""inventory-service"":0.0,""payment-service"":0.0,""notification-service"":0.0}",13.038,58.108,True,True,20.0,20.077,0.0819,False,401.54,80.3079,False,1.0,True,
LIN-LAT-TIM-T50-W20-D30,LINEAR,LATENCY,inventory-service-proxy,TIME_BASED,50,20,30,5,5,2,full,SYNTHETIC_PREVIEW,1970-01-01T00:00:00Z,SYNTHETIC,260.0,18.85,0.0,4.26,0.8038,0.7741,0.25,0.0,"{""order-service"":0.4867,""inventory-service"":0.0,""payment-service"":0.0,""notification-service"":0.0}",14.016,69.547,True,True,20.0,20.161,0.0337,False,403.21,80.6425,False,1.0,True,
LIN-LAT-TIM-T50-W20-D30,LINEAR,LATENCY,inventory-service-proxy,TIME_BASED,50,20,30,5,5,3,full,SYNTHETIC_PREVIEW,1970-01-01T00:00:00Z,SYNTHETIC,260.0,21.04,0.0,6.5,0.7536,0.6912,0.25,0.0,"{""order-service"":0.4867,""inventory-service"":0.0,""payment-service"":0.0,""notification-service"":0.0}",13.202,80.873,True,True,20.0,19.589,0.0753,False,391.79,78.3573,False,1.0,True,
LIN-LAT-TIM-T70-W5-D5,LINEAR,LATENCY,inventory-service-proxy,TIME_BASED,70,5,5,5,5,1,full,SYNTHETIC_PREVIEW,1970-01-01T00:00:00Z,SYNTHETIC,85.0,19.77,0.0,6.75,0.7576,0.6587,0.25,0.0,"{""order-service"":0.3842,""inventory-service"":0.0,""payment-service"":0.0,""notification-service"":0.0}",7.759,22.536,True,True,20.0,20.364,0.0632,False,101.82,20.3639,False,1.0,True,
LIN-LAT-TIM-T70-W5-D5,LINEAR,LATENCY,inventory-service-proxy,TIME_BASED,70,5,5,5,5,2,full,SYNTHETIC_PREVIEW,1970-01-01T00:00:00Z,SYNTHETIC,85.0,20.42,0.0,4.62,0.8641,0.7738,0.25,0.0,"{""order-service"":0.3236,""inventory-service"":0.0,""payment-service"":0.0,""notification-service"":0.0}",7.659,27.58,True,True,20.0,20.539,0.0898,False,102.7,20.5392,False,1.0,True,
LIN-LAT-TIM-T70-W5-D5,LINEAR,LATENCY,inventory-service-proxy,TIME_BASED,70,5,5,5,5,3,full,SYNTHETIC_PREVIEW,1970-01-01T00:00:00Z,SYNTHETIC,85.0,19.17,0.0,4.68,0.7938,0.7557,0.25,0.0,"{""order-service"":0.3328,""inventory-service"":0.0,""payment-service"":0.0,""notification-service"":0.0}",7.392,25.498,True,True,20.0,20.348,0.064,False,101.74,20.348,False,1.0,True,
LIN-LAT-TIM-T70-W5-D15,LINEAR,LATENCY,inventory-service-proxy,TIME_BASED,70,5,15,5,5,1,full,SYNTHETIC_PREVIEW,1970-01-01T00:00:00Z,SYNTHETIC,95.0,20.52,0.0,4.53,0.8631,0.7792,0.25,0.0,"{""order-service"":0.3368,""inventory-service"":0.0,""payment-service"":0.0,""notification-service"":0.0}",7.741,44.059,True,True,20.0,20.172,0.0516,False,100.86,20.1721,False,1.0,True,
LIN-LAT-TIM-T70-W5-D15,LINEAR,LATENCY,inventory-service-proxy,TIME_BASED,70,5,15,5,5,2,full,SYNTHETIC_PREVIEW,1970-01-01T00:00:00Z,SYNTHETIC,95.0,21.07,0.0,6.11,0.8149,0.7101,0.25,0.0,"{""order-service"":0.3732,""inventory-service"":0.0,""payment-service"":0.0,""notification-service"":0.0}",7.952,45.166,True,True,20.0,19.917,0.0321,False,99.59,19.9171,False,1.0,True,
LIN-LAT-TIM-T70-W5-D15,LINEAR,LATENCY,inventory-service-proxy,TIME_BASED,70,5,15,5,5,3,full,SYNTHETIC_PREVIEW,1970-01-01T00:00:00Z,SYNTHETIC,95.0,19.65,0.0,5.11,0.8156,0.74,0.25,0.0,"{""order-service"":0.3266,""inventory-service"":0.0,""payment-service"":0.0,""notification-service"":0.0}",7.947,38.746,True,True,20.0,19.827,0.0645,False,99.13,19.8267,False,1.0,True,
LIN-LAT-TIM-T70-W5-D30,LINEAR,LATENCY,inventory-service-proxy,TIME_BASED,70,5,30,5,5,1,full,SYNTHETIC_PREVIEW,1970-01-01T00:00:00Z,SYNTHETIC,110.0,20.0,0.0,6.89,0.7297,0.6553,0.25,0.0,"{""order-service"":0.3223,""inventory-service"":0.0,""payment-service"":0.0,""notification-service"":0.0}",7.45,75.865,True,True,20.0,20.176,0.0753,False,100.88,20.1763,False,1.0,True,
LIN-LAT-TIM-T70-W5-D30,LINEAR,LATENCY,inventory-service-proxy,TIME_BASED,70,5,30,5,5,2,full,SYNTHETIC_PREVIEW,1970-01-01T00:00:00Z,SYNTHETIC,110.0,20.06,0.0,5.05,0.8348,0.7483,0.25,0.0,"{""order-service"":0.3787,""inventory-service"":0.0,""payment-service"":0.0,""notification-service"":0.0}",7.349,81.019,True,True,20.0,19.452,0.0705,False,97.26,19.4517,False,1.0,True,
LIN-LAT-TIM-T70-W5-D30,LINEAR,LATENCY,inventory-service-proxy,TIME_BASED,70,5,30,5,5,3,full,SYNTHETIC_PREVIEW,1970-01-01T00:00:00Z,SYNTHETIC,110.0,18.84,0.0,4.68,0.8001,0.7518,0.25,0.0,"{""order-service"":0.3178,""inventory-service"":0.0,""payment-service"":0.0,""notification-service"":0.0}",7.84,57.155,True,True,20.0,20.045,0.0409,False,100.22,20.0448,False,1.0,True,
LIN-LAT-TIM-T70-W10-D5,LINEAR,LATENCY,inventory-service-proxy,TIME_BASED,70,10,5,5,5,1,full,SYNTHETIC_PREVIEW,1970-01-01T00:00:00Z,SYNTHETIC,135.0,21.62,0.0,4.65,0.8106,0.7847,0.25,0.0,"{""order-service"":0.4867,""inventory-service"":0.0,""payment-service"":0.0,""notification-service"":0.0}",13.313,20.66,True,True,20.0,19.346,0.0854,False,193.46,38.6913,False,1.0,True,
LIN-LAT-TIM-T70-W10-D5,LINEAR,LATENCY,inventory-service-proxy,TIME_BASED,70,10,5,5,5,2,full,SYNTHETIC_PREVIEW,1970-01-01T00:00:00Z,SYNTHETIC,135.0,19.99,0.0,4.87,0.8273,0.7563,0.25,0.0,"{""order-service"":0.4486,""inventory-service"":0.0,""payment-service"":0.0,""notification-service"":0.0}",13.376,22.663,True,True,20.0,20.426,0.0852,False,204.26,40.8528,False,1.0,True,
LIN-LAT-TIM-T70-W10-D5,LINEAR,LATENCY,inventory-service-proxy,TIME_BASED,70,10,5,5,5,3,full,SYNTHETIC_PREVIEW,1970-01-01T00:00:00Z,SYNTHETIC,135.0,19.54,0.0,4.59,0.7999,0.7648,0.25,0.0,"{""order-service"":0.4307,""inventory-service"":0.0,""payment-service"":0.0,""notification-service"":0.0}",13.503,29.494,True,True,20.0,20.091,0.0286,False,200.91,40.182,False,1.0,True,
LIN-LAT-TIM-T70-W10-D15,LINEAR,LATENCY,inventory-service-proxy,TIME_BASED,70,10,15,5,5,1,full,SYNTHETIC_PREVIEW,1970-01-01T00:00:00Z,SYNTHETIC,145.0,19.86,0.0,5.82,0.7953,0.7069,0.25,0.0,"{""order-service"":0.4618,""inventory-service"":0.0,""payment-service"":0.0,""notification-service"":0.0}",13.31,45.688,True,True,20.0,20.237,0.0881,False,202.37,40.4746,False,1.0,True,
LIN-LAT-TIM-T70-W10-D15,LINEAR,LATENCY,inventory-service-proxy,TIME_BASED,70,10,15,5,5,2,full,SYNTHETIC_PREVIEW,1970-01-01T00:00:00Z,SYNTHETIC,145.0,21.62,0.0,6.77,0.8049,0.6869,0.25,0.0,"{""order-service"":0.4634,""inventory-service"":0.0,""payment-service"":0.0,""notification-service"":0.0}",12.974,34.685,True,True,20.0,20.127,0.0611,False,201.27,40.254,False,1.0,True,
LIN-LAT-TIM-T70-W10-D15,LINEAR,LATENCY,inventory-service-proxy,TIME_BASED,70,10,15,5,5,3,full,SYNTHETIC_PREVIEW,1970-01-01T00:00:00Z,SYNTHETIC,145.0,18.12,0.0,3.9,0.8431,0.7846,0.25,0.0,"{""order-service"":0.4119,""inventory-service"":0.0,""payment-service"":0.0,""notification-service"":0.0}",13.066,43.758,True,True,20.0,20.681,0.0242,False,206.81,41.3613,False,1.0,True,
LIN-LAT-TIM-T70-W10-D30,LINEAR,LATENCY,inventory-service-proxy,TIME_BASED,70,10,30,5,5,1,full,SYNTHETIC_PREVIEW,1970-01-01T00:00:00Z,SYNTHETIC,160.0,21.02,0.0,5.21,0.8018,0.7519,0.25,0.0,"{""order-service"":0.3995,""inventory-service"":0.0,""payment-service"":0.0,""notification-service"":0.0}",12.641,65.619,True,True,20.0,20.041,0.0207,False,200.41,40.0824,False,1.0,True,
LIN-LAT-TIM-T70-W10-D30,LINEAR,LATENCY,inventory-service-proxy,TIME_BASED,70,10,30,5,5,2,full,SYNTHETIC_PREVIEW,1970-01-01T00:00:00Z,SYNTHETIC,160.0,19.58,0.0,3.56,0.8593,0.8182,0.25,0.0,"{""order-service"":0.4289,""inventory-service"":0.0,""payment-service"":0.0,""notification-service"":0.0}",13.961,64.859,True,True,20.0,20.316,0.0342,False,203.16,40.6314,False,1.0,True,
LIN-LAT-TIM-T70-W10-D30,LINEAR,LATENCY,inventory-service-proxy,TIME_BASED,70,10,30,5,5,3,full,SYNTHETIC_PREVIEW,1970-01-01T00:00:00Z,SYNTHETIC,160.0,20.32,0.0,7.19,0.7513,0.6461,0.25,0.0,"{""order-service"":0.4525,""inventory-service"":0.0,""payment-service"":0.0,""notification-service"":0.0}",12.547,70.239,True,True,20.0,20.159,0.0304,False,201.59,40.3182,False,1.0,True,
LIN-LAT-TIM-T70-W20-D5,LINEAR,LATENCY,inventory-service-proxy,TIME_BASED,70,20,5,5,5,1,full,SYNTHETIC_PREVIEW,1970-01-01T00:00:00Z,SYNTHETIC,235.0,19.64,0.0,3.58,0.8894,0.8179,0.25,0.0,"{""order-service"":0.4867,""inventory-service"":0.0,""payment-service"":0.0,""notification-service"":0.0}",19.712,25.306,True,True,20.0,18.738,0.0894,False,374.77,74.9539,False,1.0,True,
LIN-LAT-TIM-T70-W20-D5,LINEAR,LATENCY,inventory-service-proxy,TIME_BASED,70,20,5,5,5,2,full,SYNTHETIC_PREVIEW,1970-01-01T00:00:00Z,SYNTHETIC,235.0,20.15,0.0,5.79,0.7906,0.7124,0.25,0.0,"{""order-service"":0.4867,""inventory-service"":0.0,""payment-service"":0.0,""notification-service"":0.0}",19.99,26.094,True,True,20.0,19.535,0.0345,False,390.7,78.1398,False,1.0,True,
LIN-LAT-TIM-T70-W20-D5,LINEAR,LATENCY,inventory-service-proxy,TIME_BASED,70,20,5,5,5,3,full,SYNTHETIC_PREVIEW,1970-01-01T00:00:00Z,SYNTHETIC,235.0,20.8,0.0,6.42,0.8045,0.6915,0.25,0.0,"{""order-service"":0.4821,""inventory-service"":0.0,""payment-service"":0.0,""notification-service"":0.0}",19.909,23.424,True,True,20.0,20.087,0.0596,False,401.74,80.3479,False,1.0,True,
LIN-LAT-TIM-T70-W20-D15,LINEAR,LATENCY,inventory-service-proxy,TIME_BASED,70,20,15,5,5,1,full,SYNTHETIC_PREVIEW,1970-01-01T00:00:00Z,SYNTHETIC,245.0,19.81,0.0,6.71,0.7706,0.6611,0.25,0.0,"{""order-service"":0.4867,""inventory-service"":0.0,""payment-service"":0.0,""notification-service"":0.0}",19.482,41.42,True,True,20.0,19.523,0.0575,False,390.46,78.0922,False,1.0,True,
LIN-LAT-TIM-T70-W20-D15,LINEAR,LATENCY,inventory-service-proxy,TIME_BASED,70,20,15,5,5,2,full,SYNTHETIC_PREVIEW,1970-01-01T00:00:00Z,SYNTHETIC,245.0,19.01,0.0,3.64,0.8354,0.8088,0.25,0.0,"{""order-service"":0.4867,""inventory-service"":0.0,""payment-service"":0.0,""notification-service"":0.0}",20.553,31.725,True,True,20.0,20.373,0.0809,False,407.46,81.4921,False,1.0,True,
LIN-LAT-TIM-T70-W20-D15,LINEAR,LATENCY,inventory-service-proxy,TIME_BASED,70,20,15,5,5,3,full,SYNTHETIC_PREVIEW,1970-01-01T00:00:00Z,SYNTHETIC,245.0,20.79,0.0,4.99,0.8166,0.7602,0.25,0.0,"{""order-service"":0.4784,""inventory-service"":0.0,""payment-service"":0.0,""notification-service"":0.0}",18.561,38.501,True,True,20.0,20.249,0.0203,False,404.99,80.9977,False,1.0,True,
LIN-LAT-TIM-T70-W20-D30,LINEAR,LATENCY,inventory-service-proxy,TIME_BASED,70,20,30,5,5,1,full,SYNTHETIC_PREVIEW,1970-01-01T00:00:00Z,SYNTHETIC,260.0,21.14,0.0,6.92,0.7906,0.6727,0.25,0.0,"{""order-service"":0.4828,""inventory-service"":0.0,""payment-service"":0.0,""notification-service"":0.0}",19.65,57.534,True,True,20.0,19.973,0.0805,False,399.45,79.8902,False,1.0,True,
LIN-LAT-TIM-T70-W20-D30,LINEAR,LATENCY,inventory-service-proxy,TIME_BASED,70,20,30,5,5,2,full,SYNTHETIC_PREVIEW,1970-01-01T00:00:00Z,SYNTHETIC,260.0,21.04,0.0,5.75,0.8454,0.7267,0.25,0.0,"{""order-service"":0.4747,""inventory-service"":0.0,""payment-service"":0.0,""notification-service"":0.0}",20.238,62.92,True,True,20.0,19.979,0.0845,False,399.57,79.9143,False,1.0,True,
LIN-LAT-TIM-T70-W20-D30,LINEAR,LATENCY,inventory-service-proxy,TIME_BASED,70,20,30,5,5,3,full,SYNTHETIC_PREVIEW,1970-01-01T00:00:00Z,SYNTHETIC,260.0,20.6,0.0,3.77,0.8432,0.8169,0.25,0.0,"{""order-service"":0.4867,""inventory-service"":0.0,""payment-service"":0.0,""notification-service"":0.0}",19.403,83.192,True,True,20.0,19.386,0.0277,False,387.73,77.5453,False,1.0,True,
LIN-CRA-CNT-T30-W5-D5,LINEAR,CRASH,payment-service-proxy,COUNT_BASED,30,5,5,5,5,1,full,SYNTHETIC_PREVIEW,1970-01-01T00:00:00Z,SYNTHETIC,65.0,18.4,0.0,2.3,0.9875,0.8749,0.25,0.25,"{""order-service"":0.0,""inventory-service"":0.0,""payment-service"":0.9588,""notification-service"":0.0}",2.071,15.605,True,True,20.0,19.323,0.045,False,5.0,1.0,False,1.0,True,
LIN-CRA-CNT-T30-W5-D5,LINEAR,CRASH,payment-service-proxy,COUNT_BASED,30,5,5,5,5,2,full,SYNTHETIC_PREVIEW,1970-01-01T00:00:00Z,SYNTHETIC,65.0,20.42,0.0,1.38,0.9878,0.9322,0.25,0.25,"{""order-service"":0.0,""inventory-service"":0.0,""payment-service"":0.9452,""notification-service"":0.0}",2.013,18.796,True,True,20.0,20.238,0.03,False,5.0,1.0,False,1.0,True,
LIN-CRA-CNT-T30-W5-D5,LINEAR,CRASH,payment-service-proxy,COUNT_BASED,30,5,5,5,5,3,full,SYNTHETIC_PREVIEW,1970-01-01T00:00:00Z,SYNTHETIC,65.0,20.21,0.0,2.69,0.9475,0.867,0.25,0.25,"{""order-service"":0.0,""inventory-service"":0.0,""payment-service"":0.8892,""notification-service"":0.0}",2.009,18.927,True,True,20.0,20.861,0.0586,False,5.0,1.0,False,1.0,True,
LIN-CRA-CNT-T30-W5-D15,LINEAR,CRASH,payment-service-proxy,COUNT_BASED,30,5,15,5,5,1,full,SYNTHETIC_PREVIEW,1970-01-01T00:00:00Z,SYNTHETIC,75.0,20.86,0.0,1.44,0.9966,0.9309,0.25,0.25,"{""order-service"":0.0,""inventory-service"":0.0,""payment-service"":0.8468,""notification-service"":0.0}",2.034,24.737,True,True,20.0,19.784,0.0818,False,5.0,1.0,False,1.0,True,
LIN-CRA-CNT-T30-W5-D15,LINEAR,CRASH,payment-service-proxy,COUNT_BASED,30,5,15,5,5,2,full,SYNTHETIC_PREVIEW,1970-01-01T00:00:00Z,SYNTHETIC,75.0,21.17,0.0,2.15,1.0,0.8987,0.25,0.25,"{""order-service"":0.0,""inventory-service"":0.0,""payment-service"":0.9391,""notification-service"":0.0}",2.088,30.898,True,True,20.0,20.497,0.0596,False,5.0,1.0,False,1.0,True,
LIN-CRA-CNT-T30-W5-D15,LINEAR,CRASH,payment-service-proxy,COUNT_BASED,30,5,15,5,5,3,full,SYNTHETIC_PREVIEW,1970-01-01T00:00:00Z,SYNTHETIC,75.0,19.08,0.0,2.18,0.9429,0.8855,0.25,0.25,"{""order-service"":0.0,""inventory-service"":0.0,""payment-service"":0.9482,""notification-service"":0.0}",2.147,30.133,True,True,20.0,19.245,0.0731,False,5.0,1.0,False,1.0,True,
LIN-CRA-CNT-T30-W5-D30,LINEAR,CRASH,payment-service-proxy,COUNT_BASED,30,5,30,5,5,1,full,SYNTHETIC_PREVIEW,1970-01-01T00:00:00Z,SYNTHETIC,90.0,22.21,0.0,3.26,1.0,0.8533,0.25,0.25,"{""order-service"":0.0,""inventory-service"":0.0,""payment-service"":0.9956,""notification-service"":0.0}",2.105,42.068,True,True,20.0,19.286,0.0241,False,5.0,1.0,False,1.0,True,
LIN-CRA-CNT-T30-W5-D30,LINEAR,CRASH,payment-service-proxy,COUNT_BASED,30,5,30,5,5,2,full,SYNTHETIC_PREVIEW,1970-01-01T00:00:00Z,SYNTHETIC,90.0,20.48,0.0,1.88,0.964,0.9082,0.25,0.25,"{""order-service"":0.0,""inventory-service"":0.0,""payment-service"":0.9822,""notification-service"":0.0}",1.995,51.083,True,True,20.0,19.917,0.0208,False,5.0,1.0,False,1.0,True,
LIN-CRA-CNT-T30-W5-D30,LINEAR,CRASH,payment-service-proxy,COUNT_BASED,30,5,30,5,5,3,full,SYNTHETIC_PREVIEW,1970-01-01T00:00:00Z,SYNTHETIC,90.0,20.7,0.0,4.32,0.9174,0.7915,0.25,0.25,"{""order-service"":0.0,""inventory-service"":0.0,""payment-service"":0.9434,""notification-service"":0.0}",2.123,44.107,True,True,20.0,19.907,0.0527,False,5.0,1.0,False,1.0,True,
LIN-CRA-CNT-T30-W10-D5,LINEAR,CRASH,payment-service-proxy,COUNT_BASED,30,10,5,5,5,1,full,SYNTHETIC_PREVIEW,1970-01-01T00:00:00Z,SYNTHETIC,65.0,20.97,0.0,4.27,0.9279,0.7966,0.25,0.25,"{""order-service"":0.0,""inventory-service"":0.0,""payment-service"":0.9473,""notification-service"":0.0}",2.813,18.004,True,True,20.0,19.615,0.0499,False,10.0,2.0,False,1.0,True,
LIN-CRA-CNT-T30-W10-D5,LINEAR,CRASH,payment-service-proxy,COUNT_BASED,30,10,5,5,5,2,full,SYNTHETIC_PREVIEW,1970-01-01T00:00:00Z,SYNTHETIC,65.0,19.54,0.0,1.99,0.9318,0.8979,0.25,0.25,"{""order-service"":0.0,""inventory-service"":0.0,""payment-service"":0.9399,""notification-service"":0.0}",2.661,17.312,True,True,20.0,20.816,0.051,False,10.0,2.0,False,1.0,True,
LIN-CRA-CNT-T30-W10-D5,LINEAR,CRASH,payment-service-proxy,COUNT_BASED,30,10,5,5,5,3,full,SYNTHETIC_PREVIEW,1970-01-01T00:00:00Z,SYNTHETIC,65.0,18.85,0.0,1.95,0.9275,0.8965,0.25,0.25,"{""order-service"":0.0,""inventory-service"":0.0,""payment-service"":1.0,""notification-service"":0.0}",2.727,19.077,True,True,20.0,19.515,0.0505,False,10.0,2.0,False,1.0,True,
LIN-CRA-CNT-T30-W10-D15,LINEAR,CRASH,payment-service-proxy,COUNT_BASED,30,10,15,5,5,1,full,SYNTHETIC_PREVIEW,1970-01-01T00:00:00Z,SYNTHETIC,75.0,20.69,0.0,2.77,1.0,0.866,0.25,0.25,"{""order-service"":0.0,""inventory-service"":0.0,""payment-service"":1.0,""notification-service"":0.0}",2.693,27.69,True,True,20.0,20.354,0.03,False,10.0,2.0,False,1.0,True,
LIN-CRA-CNT-T30-W10-D15,LINEAR,CRASH,payment-service-proxy,COUNT_BASED,30,10,15,5,5,2,full,SYNTHETIC_PREVIEW,1970-01-01T00:00:00Z,SYNTHETIC,75.0,20.37,0.0,1.35,0.9835,0.9338,0.25,0.25,"{""order-service"":0.0,""inventory-service"":0.0,""payment-service"":0.9195,""notification-service"":0.0}",2.737,28.157,True,True,20.0,20.087,0.0433,False,10.0,2.0,False,1.0,True,
LIN-CRA-CNT-T30-W10-D15,LINEAR,CRASH,payment-service-proxy,COUNT_BASED,30,10,15,5,5,3,full,SYNTHETIC_PREVIEW,1970-01-01T00:00:00Z,SYNTHETIC,75.0,20.26,0.0,1.09,1.0,0.9464,0.25,0.25,"{""order-service"":0.0,""inventory-service"":0.0,""payment-service"":0.9516,""notification-service"":0.0}",2.601,27.881,True,True,20.0,20.183,0.0391,False,10.0,2.0,False,1.0,True,
LIN-CRA-CNT-T30-W10-D30,LINEAR,CRASH,payment-service-proxy,COUNT_BASED,30,10,30,5,5,1,full,SYNTHETIC_PREVIEW,1970-01-01T00:00:00Z,SYNTHETIC,90.0,19.2,0.0,3.81,0.9186,0.8015,0.25,0.25,"{""order-service"":0.0,""inventory-service"":0.0,""payment-service"":0.9315,""notification-service"":0.0}",2.749,55.129,True,True,20.0,20.167,0.074,False,10.0,2.0,False,1.0,True,
LIN-CRA-CNT-T30-W10-D30,LINEAR,CRASH,payment-service-proxy,COUNT_BASED,30,10,30,5,5,2,full,SYNTHETIC_PREVIEW,1970-01-01T00:00:00Z,SYNTHETIC,90.0,21.4,0.0,2.94,1.0,0.8626,0.25,0.25,"{""order-service"":0.0,""inventory-service"":0.0,""payment-service"":0.9333,""notification-service"":0.0}",2.518,46.286,True,True,20.0,19.611,0.0856,False,10.0,2.0,False,1.0,True,
LIN-CRA-CNT-T30-W10-D30,LINEAR,CRASH,payment-service-proxy,COUNT_BASED,30,10,30,5,5,3,full,SYNTHETIC_PREVIEW,1970-01-01T00:00:00Z,SYNTHETIC,90.0,21.4,0.0,2.49,1.0,0.8835,0.25,0.25,"{""order-service"":0.0,""inventory-service"":0.0,""payment-service"":0.9675,""notification-service"":0.0}",2.762,46.633,True,True,20.0,20.072,0.0625,False,10.0,2.0,False,1.0,True,
LIN-CRA-CNT-T30-W20-D5,LINEAR,CRASH,payment-service-proxy,COUNT_BASED,30,20,5,5,5,1,full,SYNTHETIC_PREVIEW,1970-01-01T00:00:00Z,SYNTHETIC,65.0,20.18,0.0,1.96,1.0,0.9029,0.25,0.25,"{""order-service"":0.0,""inventory-service"":0.0,""payment-service"":0.9524,""notification-service"":0.0}",4.683,18.479,True,True,20.0,20.03,0.0329,False,20.0,4.0,False,1.0,True,
LIN-CRA-CNT-T30-W20-D5,LINEAR,CRASH,payment-service-proxy,COUNT_BASED,30,20,5,5,5,2,full,SYNTHETIC_PREVIEW,1970-01-01T00:00:00Z,SYNTHETIC,65.0,18.7,0.0,2.66,0.9819,0.8578,0.25,0.25,"{""order-service"":0.0,""inventory-service"":0.0,""payment-service"":0.9752,""notification-service"":0.0}",4.572,16.445,True,True,20.0,20.126,0.0641,False,20.0,4.0,False,1.0,True,
LIN-CRA-CNT-T30-W20-D5,LINEAR,CRASH,payment-service-proxy,COUNT_BASED,30,20,5,5,5,3,full,SYNTHETIC_PREVIEW,1970-01-01T00:00:00Z,SYNTHETIC,65.0,21.4,0.0,1.75,0.9772,0.9181,0.25,0.25,"{""order-service"":0.0,""inventory-service"":0.0,""payment-service"":0.9083,""notification-service"":0.0}",4.451,17.459,True,True,20.0,20.971,0.0546,False,20.0,4.0,False,1.0,True,
LIN-CRA-CNT-T30-W20-D15,LINEAR,CRASH,payment-service-proxy,COUNT_BASED,30,20,15,5,5,1,full,SYNTHETIC_PREVIEW,1970-01-01T00:00:00Z,SYNTHETIC,75.0,20.79,0.0,1.58,0.9573,0.924,0.25,0.25,"{""order-service"":0.0,""inventory-service"":0.0,""payment-service"":0.9347,""notification-service"":0.0}",4.877,32.502,True,True,20.0,20.113,0.0412,False,20.0,4.0,False,1.0,True,
LIN-CRA-CNT-T30-W20-D15,LINEAR,CRASH,payment-service-proxy,COUNT_BASED,30,20,15,5,5,2,full,SYNTHETIC_PREVIEW,1970-01-01T00:00:00Z,SYNTHETIC,75.0,21.12,0.0,1.16,0.9992,0.9452,0.25,0.25,"{""order-service"":0.0,""inventory-service"":0.0,""payment-service"":0.9172,""notification-service"":0.0}",4.796,30.412,True,True,20.0,19.825,0.0312,False,20.0,4.0,False,1.0,True,
LIN-CRA-CNT-T30-W20-D15,LINEAR,CRASH,payment-service-proxy,COUNT_BASED,30,20,15,5,5,3,full,SYNTHETIC_PREVIEW,1970-01-01T00:00:00Z,SYNTHETIC,75.0,20.38,0.0,3.18,0.9566,0.8441,0.25,0.25,"{""order-service"":0.0,""inventory-service"":0.0,""payment-service"":0.9607,""notification-service"":0.0}",4.641,26.398,True,True,20.0,19.959,0.0239,False,20.0,4.0,False,1.0,True,
LIN-CRA-CNT-T30-W20-D30,LINEAR,CRASH,payment-service-proxy,COUNT_BASED,30,20,30,5,5,1,full,SYNTHETIC_PREVIEW,1970-01-01T00:00:00Z,SYNTHETIC,90.0,21.29,0.0,3.07,1.0,0.8558,0.25,0.25,"{""order-service"":0.0,""inventory-service"":0.0,""payment-service"":0.9593,""notification-service"":0.0}",4.731,48.518,True,True,20.0,19.434,0.0342,False,20.0,4.0,False,1.0,True,
LIN-CRA-CNT-T30-W20-D30,LINEAR,CRASH,payment-service-proxy,COUNT_BASED,30,20,30,5,5,2,full,SYNTHETIC_PREVIEW,1970-01-01T00:00:00Z,SYNTHETIC,90.0,20.18,0.0,3.59,0.9613,0.8223,0.25,0.25,"{""order-service"":0.0,""inventory-service"":0.0,""payment-service"":0.9058,""notification-service"":0.0}",4.622,43.585,True,True,20.0,19.731,0.0732,False,20.0,4.0,False,1.0,True,
LIN-CRA-CNT-T30-W20-D30,LINEAR,CRASH,payment-service-proxy,COUNT_BASED,30,20,30,5,5,3,full,SYNTHETIC_PREVIEW,1970-01-01T00:00:00Z,SYNTHETIC,90.0,20.66,0.0,3.02,0.9954,0.8538,0.25,0.25,"{""order-service"":0.0,""inventory-service"":0.0,""payment-service"":1.0,""notification-service"":0.0}",4.654,43.754,True,True,20.0,19.2,0.0558,False,20.0,4.0,False,1.0,True,
LIN-CRA-CNT-T50-W5-D5,LINEAR,CRASH,payment-service-proxy,COUNT_BASED,50,5,5,5,5,1,full,SYNTHETIC_PREVIEW,1970-01-01T00:00:00Z,SYNTHETIC,65.0,19.22,0.0,2.35,0.9505,0.8779,0.25,0.25,"{""order-service"":0.0,""inventory-service"":0.0,""payment-service"":0.9318,""notification-service"":0.0}",2.465,15.016,True,True,20.0,19.842,0.0323,False,5.0,1.0,False,1.0,True,
LIN-CRA-CNT-T50-W5-D5,LINEAR,CRASH,payment-service-proxy,COUNT_BASED,50,5,5,5,5,2,full,SYNTHETIC_PREVIEW,1970-01-01T00:00:00Z,SYNTHETIC,65.0,21.83,0.0,3.46,0.9553,0.8417,0.25,0.25,"{""order-service"":0.0,""inventory-service"":0.0,""payment-service"":0.933,""notification-service"":0.0}",2.56,15.563,True,True,20.0,20.185,0.0418,False,5.0,1.0,False,1.0,True,
LIN-CRA-CNT-T50-W5-D5,LINEAR,CRASH,payment-service-proxy,COUNT_BASED,50,5,5,5,5,3,full,SYNTHETIC_PREVIEW,1970-01-01T00:00:00Z,SYNTHETIC,65.0,20.33,0.0,2.3,0.9989,0.887,0.25,0.25,"{""order-service"":0.0,""inventory-service"":0.0,""payment-service"":0.9135,""notification-service"":0.0}",2.513,19.912,True,True,20.0,19.985,0.0583,False,5.0,1.0,False,1.0,True,
LIN-CRA-CNT-T50-W5-D15,LINEAR,CRASH,payment-service-proxy,COUNT_BASED,50,5,15,5,5,1,full,SYNTHETIC_PREVIEW,1970-01-01T00:00:00Z,SYNTHETIC,75.0,20.22,0.0,0.89,1.0,0.9561,0.25,0.25,"{""order-service"":0.0,""inventory-service"":0.0,""payment-service"":0.9528,""notification-service"":0.0}",2.575,25.172,True,True,20.0,19.238,0.0647,False,5.0,1.0,False,1.0,True,
LIN-CRA-CNT-T50-W5-D15,LINEAR,CRASH,payment-service-proxy,COUNT_BASED,50,5,15,5,5,2,full,SYNTHETIC_PREVIEW,1970-01-01T00:00:00Z,SYNTHETIC,75.0,21.13,0.0,2.87,1.0,0.8642,0.25,0.25,"{""order-service"":0.0,""inventory-service"":0.0,""payment-service"":0.9593,""notification-service"":0.0}",2.651,30.04,True,True,20.0,20.238,0.024,False,5.0,1.0,False,1.0,True,
LIN-CRA-CNT-T50-W5-D15,LINEAR,CRASH,payment-service-proxy,COUNT_BASED,50,5,15,5,5,3,full,SYNTHETIC_PREVIEW,1970-01-01T00:00:00Z,SYNTHETIC,75.0,18.24,0.0,1.32,1.0,0.9275,0.25,0.25,"{""order-service"":0.0,""inventory-service"":0.0,""payment-service"":0.9,""notification-service"":0.0}",2.579,27.668,True,True,20.0,19.905,0.0892,False,5.0,1.0,False,1.0,True,
LIN-CRA-CNT-T50-W5-D30,LINEAR,CRASH,payment-service-proxy,COUNT_BASED,50,5,30,5,5,1,full,SYNTHETIC_PREVIEW,1970-01-01T00:00:00Z,SYNTHETIC,90.0,19.52,0.0,1.82,0.9854,0.9065,0.25,0.25,"{""order-service"":0.0,""inventory-service"":0.0,""payment-service"":0.9746,""notification-service"":0.0}",2.539,57.492,True,True,20.0,19.446,0.0641,False,5.0,1.0,False,1.0,True,
LIN-CRA-CNT-T50-W5-D30,LINEAR,CRASH,payment-service-proxy,COUNT_BASED,50,5,30,5,5,2,full,SYNTHETIC_PREVIEW,1970-01-01T00:00:00Z,SYNTHETIC,90.0,21.14,0.0,3.06,1.0,0.8553,0.25,0.25,"{""order-service"":0.0,""inventory-service"":0.0,""payment-service"":0.9134,""notification-service"":0.0}",2.518,47.567,True,True,20.0,20.279,0.0658,False,5.0,1.0,False,1.0,True,
LIN-CRA-CNT-T50-W5-D30,LINEAR,CRASH,payment-service-proxy,COUNT_BASED,50,5,30,5,5,3,full,SYNTHETIC_PREVIEW,1970-01-01T00:00:00Z,SYNTHETIC,90.0,21.14,0.0,2.69,1.0,0.8728,0.25,0.25,"{""order-service"":0.0,""inventory-service"":0.0,""payment-service"":0.9798,""notification-service"":0.0}",2.568,53.634,True,True,20.0,19.608,0.0342,False,5.0,1.0,False,1.0,True,
LIN-CRA-CNT-T50-W10-D5,LINEAR,CRASH,payment-service-proxy,COUNT_BASED,50,10,5,5,5,1,full,SYNTHETIC_PREVIEW,1970-01-01T00:00:00Z,SYNTHETIC,65.0,20.56,0.0,0.94,0.9938,0.9541,0.25,0.25,"{""order-service"":0.0,""inventory-service"":0.0,""payment-service"":0.9596,""notification-service"":0.0}",3.354,16.715,True,True,20.0,20.046,0.0529,False,10.0,2.0,False,1.0,True,
LIN-CRA-CNT-T50-W10-D5,LINEAR,CRASH,payment-service-proxy,COUNT_BASED,50,10,5,5,5,2,full,SYNTHETIC_PREVIEW,1970-01-01T00:00:00Z,SYNTHETIC,65.0,21.29,0.0,2.54,0.9553,0.8809,0.25,0.25,"{""order-service"":0.0,""inventory-service"":0.0,""payment-service"":0.9401,""notification-service"":0.0}",3.424,18.869,True,True,20.0,19.522,0.0762,False,10.0,2.0,False,1.0,True,
LIN-CRA-CNT-T50-W10-D5,LINEAR,CRASH,payment-service-proxy,COUNT_BASED,50,10,5,5,5,3,full,SYNTHETIC_PREVIEW,1970-01-01T00:00:00Z,SYNTHETIC,65.0,19.91,0.0,2.5,0.9805,0.8745,0.25,0.25,"{""order-service"":0.0,""inventory-service"":0.0,""payment-service"":0.9016,""notification-service"":0.0}",3.46,16.195,True,True,20.0,19.598,0.0369,False,10.0,2.0,False,1.0,True,
LIN-CRA-CNT-T50-W10-D15,LINEAR,CRASH,payment-service-proxy,COUNT_BASED,50,10,15,5,5,1,full,SYNTHETIC_PREVIEW,1970-01-01T00:00:00Z,SYNTHETIC,75.0,20.64,0.0,1.84,1.0,0.9109,0.25,0.25,"{""order-service"":0.0,""inventory-service"":0.0,""payment-service"":0.9182,""notification-service"":0.0}",3.376,24.659,True,True,20.0,20.3,0.0749,False,10.0,2.0,False,1.0,True,
LIN-CRA-CNT-T50-W10-D15,LINEAR,CRASH,payment-service-proxy,COUNT_BASED,50,10,15,5,5,2,full,SYNTHETIC_PREVIEW,1970-01-01T00:00:00Z,SYNTHETIC,75.0,20.73,0.0,2.61,0.9736,0.8742,0.25,0.25,"{""order-service"":0.0,""inventory-service"":0.0,""payment-service"":0.9087,""notification-service"":0.0}",3.347,29.855,True,True,20.0,20.515,0.0567,False,10.0,2.0,False,1.0,True,
LIN-CRA-CNT-T50-W10-D15,LINEAR,CRASH,payment-service-proxy,COUNT_BASED,50,10,15,5,5,3,full,SYNTHETIC_PREVIEW,1970-01-01T00:00:00Z,SYNTHETIC,75.0,19.8,0.0,0.68,1.0,0.9654,0.25,0.25,"{""order-service"":0.0,""inventory-service"":0.0,""payment-service"":0.938,""notification-service"":0.0}",3.269,26.903,True,True,20.0,20.215,0.0538,False,10.0,2.0,False,1.0,True,
LIN-CRA-CNT-T50-W10-D30,LINEAR,CRASH,payment-service-proxy,COUNT_BASED,50,10,30,5,5,1,full,SYNTHETIC_PREVIEW,1970-01-01T00:00:00Z,SYNTHETIC,90.0,21.62,0.0,2.4,1.0,0.8888,0.25,0.25,"{""order-service"":0.0,""inventory-service"":0.0,""payment-service"":0.9029,""notification-service"":0.0}",3.149,47.487,True,True,20.0,19.953,0.0711,False,10.0,2.0,False,1.0,True,
LIN-CRA-CNT-T50-W10-D30,LINEAR,CRASH,payment-service-proxy,COUNT_BASED,50,10,30,5,5,2,full,SYNTHETIC_PREVIEW,1970-01-01T00:00:00Z,SYNTHETIC,90.0,20.42,0.0,3.86,0.9362,0.811,0.25,0.25,"{""order-service"":0.0,""inventory-service"":0.0,""payment-service"":0.9073,""notification-service"":0.0}",3.523,53.971,True,True,20.0,20.004,0.0277,False,10.0,2.0,False,1.0,True,
LIN-CRA-CNT-T50-W10-D30,LINEAR,CRASH,payment-service-proxy,COUNT_BASED,50,10,30,5,5,3,full,SYNTHETIC_PREVIEW,1970-01-01T00:00:00Z,SYNTHETIC,90.0,20.08,0.0,2.1,0.9595,0.8957,0.25,0.25,"{""order-service"":0.0,""inventory-service"":0.0,""payment-service"":0.9391,""notification-service"":0.0}",3.365,48.583,True,True,20.0,19.794,0.0212,False,10.0,2.0,False,1.0,True,
LIN-CRA-CNT-T50-W20-D5,LINEAR,CRASH,payment-service-proxy,COUNT_BASED,50,20,5,5,5,1,full,SYNTHETIC_PREVIEW,1970-01-01T00:00:00Z,SYNTHETIC,65.0,19.36,0.0,0.94,1.0,0.9514,0.25,0.25,"{""order-service"":0.0,""inventory-service"":0.0,""payment-service"":0.9805,""notification-service"":0.0}",5.821,18.926,True,True,20.0,19.901,0.0765,False,20.0,4.0,False,1.0,True,
LIN-CRA-CNT-T50-W20-D5,LINEAR,CRASH,payment-service-proxy,COUNT_BASED,50,20,5,5,5,2,full,SYNTHETIC_PREVIEW,1970-01-01T00:00:00Z,SYNTHETIC,65.0,21.03,0.0,1.35,1.0,0.936,0.25,0.25,"{""order-service"":0.0,""inventory-service"":0.0,""payment-service"":0.9575,""notification-service"":0.0}",6.015,18.868,True,True,20.0,20.392,0.088,False,20.0,4.0,False,1.0,True,
LIN-CRA-CNT-T50-W20-D5,LINEAR,CRASH,payment-service-proxy,COUNT_BASED,50,20,5,5,5,3,full,SYNTHETIC_PREVIEW,1970-01-01T00:00:00Z,SYNTHETIC,65.0,22.27,0.0,0.73,1.0,0.967,0.25,0.25,"{""order-service"":0.0,""inventory-service"":0.0,""payment-service"":0.9555,""notification-service"":0.0}",6.29,17.314,True,True,20.0,20.229,0.0428,False,20.0,4.0,False,1.0,True,
LIN-CRA-CNT-T50-W20-D15,LINEAR,CRASH,payment-service-proxy,COUNT_BASED,50,20,15,5,5,1,full,SYNTHETIC_PREVIEW,1970-01-01T00:00:00Z,SYNTHETIC,75.0,21.09,0.0,2.37,1.0,0.8876,0.25,0.25,"{""order-service"":0.0,""inventory-service"":0.0,""payment-service"":0.9398,""notification-service"":0.0}",5.859,26.998,True,True,20.0,20.454,0.0735,False,20.0,4.0,False,1.0,True,
LIN-CRA-CNT-T50-W20-D15,LINEAR,CRASH,payment-service-proxy,COUNT_BASED,50,20,15,5,5,2,full,SYNTHETIC_PREVIEW,1970-01-01T00:00:00Z,SYNTHETIC,75.0,22.03,0.0,3.61,0.9206,0.8359,0.25,0.25,"{""order-service"":0.0,""inventory-service"":0.0,""payment-service"":0.9539,""notification-service"":0.0}",5.803,28.651,True,True,20.0,20.804,0.0408,False,20.0,4.0,False,1.0,True,
LIN-CRA-CNT-T50-W20-D15,LINEAR,CRASH,payment-service-proxy,COUNT_BASED,50,20,15,5,5,3,full,SYNTHETIC_PREVIEW,1970-01-01T00:00:00Z,SYNTHETIC,75.0,20.68,0.0,2.79,0.9846,0.8651,0.25,0.25,"{""order-service"":0.0,""inventory-service"":0.0,""payment-service"":0.9146,""notification-service"":0.0}",5.99,30.838,True,True,20.0,20.632,0.0552,False,20.0,4.0,False,1.0,True,
LIN-CRA-CNT-T50-W20-D30,LINEAR,CRASH,payment-service-proxy,COUNT_BASED,50,20,30,5,5,1,full,SYNTHETIC_PREVIEW,1970-01-01T00:00:00Z,SYNTHETIC,90.0,21.03,0.0,1.51,1.0,0.9281,0.25,0.25,"{""order-service"":0.0,""inventory-service"":0.0,""payment-service"":0.9517,""notification-service"":0.0}",5.594,54.209,True,True,20.0,19.302,0.0556,False,20.0,4.0,False,1.0,True,
LIN-CRA-CNT-T50-W20-D30,LINEAR,CRASH,payment-service-proxy,COUNT_BASED,50,20,30,5,5,2,full,SYNTHETIC_PREVIEW,1970-01-01T00:00:00Z,SYNTHETIC,90.0,21.77,0.0,3.14,0.9447,0.8558,0.25,0.25,"{""order-service"":0.0,""inventory-service"":0.0,""payment-service"":0.9359,""notification-service"":0.0}",5.933,48.094,True,True,20.0,19.742,0.0517,False,20.0,4.0,False,1.0,True,
LIN-CRA-CNT-T50-W20-D30,LINEAR,CRASH,payment-service-proxy,COUNT_BASED,50,20,30,5,5,3,full,SYNTHETIC_PREVIEW,1970-01-01T00:00:00Z,SYNTHETIC,90.0,21.13,0.0,1.76,1.0,0.9167,0.25,0.25,"{""order-service"":0.0,""inventory-service"":0.0,""payment-service"":0.9017,""notification-service"":0.0}",5.775,47.856,True,True,20.0,19.872,0.0462,False,20.0,4.0,False,1.0,True,
LIN-CRA-CNT-T70-W5-D5,LINEAR,CRASH,payment-service-proxy,COUNT_BASED,70,5,5,5,5,1,full,SYNTHETIC_PREVIEW,1970-01-01T00:00:00Z,SYNTHETIC,65.0,21.86,0.0,2.6,0.9802,0.8811,0.25,0.25,"{""order-service"":0.0,""inventory-service"":0.0,""payment-service"":0.9026,""notification-service"":0.0}",3.35,13.228,True,True,20.0,20.128,0.0221,False,5.0,1.0,False,1.0,True,
LIN-CRA-CNT-T70-W5-D5,LINEAR,CRASH,payment-service-proxy,COUNT_BASED,70,5,5,5,5,2,full,SYNTHETIC_PREVIEW,1970-01-01T00:00:00Z,SYNTHETIC,65.0,20.06,0.0,1.31,0.9968,0.9345,0.25,0.25,"{""order-service"":0.0,""inventory-service"":0.0,""payment-service"":0.9494,""notification-service"":0.0}",3.268,17.878,True,True,20.0,20.277,0.0756,False,5.0,1.0,False,1.0,True,
LIN-CRA-CNT-T70-W5-D5,LINEAR,CRASH,payment-service-proxy,COUNT_BASED,70,5,5,5,5,3,full,SYNTHETIC_PREVIEW,1970-01-01T00:00:00Z,SYNTHETIC,65.0,21.08,0.0,1.54,1.0,0.927,0.25,0.25,"{""order-service"":0.0,""inventory-service"":0.0,""payment-service"":0.9009,""notification-service"":0.0}",3.056,16.837,True,True,20.0,20.118,0.0798,False,5.0,1.0,False,1.0,True,
LIN-CRA-CNT-T70-W5-D15,LINEAR,CRASH,payment-service-proxy,COUNT_BASED,70,5,15,5,5,1,full,SYNTHETIC_PREVIEW,1970-01-01T00:00:00Z,SYNTHETIC,75.0,20.59,0.0,2.04,0.967,0.9009,0.25,0.25,"{""order-service"":0.0,""inventory-service"":0.0,""payment-service"":0.9707,""notification-service"":0.0}",3.307,26.708,True,True,20.0,19.802,0.064,False,5.0,1.0,False,1.0,True,
LIN-CRA-CNT-T70-W5-D15,LINEAR,CRASH,payment-service-proxy,COUNT_BASED,70,5,15,5,5,2,full,SYNTHETIC_PREVIEW,1970-01-01T00:00:00Z,SYNTHETIC,75.0,20.61,0.0,2.77,0.9555,0.8655,0.25,0.25,"{""order-service"":0.0,""inventory-service"":0.0,""payment-service"":1.0,""notification-service"":0.0}",3.193,29.035,True,True,20.0,19.379,0.0784,False,5.0,1.0,False,1.0,True,
LIN-CRA-CNT-T70-W5-D15,LINEAR,CRASH,payment-service-proxy,COUNT_BASED,70,5,15,5,5,3,full,SYNTHETIC_PREVIEW,1970-01-01T00:00:00Z,SYNTHETIC,75.0,21.69,0.0,4.03,0.9532,0.8142,0.25,0.25,"{""order-service"":0.0,""inventory-service"":0.0,""payment-service"":0.8919,""notification-service"":0.0}",3.434,28.778,True,True,20.0,19.579,0.039,False,5.0,1.0,False,1.0,True,
LIN-CRA-CNT-T70-W5-D30,LINEAR,CRASH,payment-service-proxy,COUNT_BASED,70,5,30,5,5,1,full,SYNTHETIC_PREVIEW,1970-01-01T00:00:00Z,SYNTHETIC,90.0,20.73,0.0,2.28,0.943,0.8899,0.25,0.25,"{""order-service"":0.0,""inventory-service"":0.0,""payment-service"":0.9133,""notification-service"":0.0}",3.39,48.938,True,True,20.0,20.403,0.0302,False,5.0,1.0,False,1.0,True,
LIN-CRA-CNT-T70-W5-D30,LINEAR,CRASH,payment-service-proxy,COUNT_BASED,70,5,30,5,5,2,full,SYNTHETIC_PREVIEW,1970-01-01T00:00:00Z,SYNTHETIC,90.0,22.09,0.0,1.82,0.9963,0.9174,0.25,0.25,"{""order-service"":0.0,""inventory-service"":0.0,""payment-service"":0.9213,""notification-service"":0.0}",3.295,49.024,True,True,20.0,19.924,0.0239,False,5.0,1.0,False,1.0,True,
LIN-CRA-CNT-T70-W5-D30,LINEAR,CRASH,payment-service-proxy,COUNT_BASED,70,5,30,5,5,3,full,SYNTHETIC_PREVIEW,1970-01-01T00:00:00Z,SYNTHETIC,90.0,21.22,0.0,1.21,1.0,0.9427,0.25,0.25,"{""order-service"":0.0,""inventory-service"":0.0,""payment-service"":0.9754,""notification-service"":0.0}",3.183,45.428,True,True,20.0,20.124,0.0494,False,5.0,1.0,False,1.0,True,
LIN-CRA-CNT-T70-W10-D5,LINEAR,CRASH,payment-service-proxy,COUNT_BASED,70,10,5,5,5,1,full,SYNTHETIC_PREVIEW,1970-01-01T00:00:00Z,SYNTHETIC,65.0,22.09,0.0,1.76,0.9661,0.9205,0.25,0.25,"{""order-service"":0.0,""inventory-service"":0.0,""payment-service"":0.9375,""notification-service"":0.0}",4.129,16.237,True,True,20.0,19.64,0.0862,False,10.0,2.0,False,1.0,True,
LIN-CRA-CNT-T70-W10-D5,LINEAR,CRASH,payment-service-proxy,COUNT_BASED,70,10,5,5,5,2,full,SYNTHETIC_PREVIEW,1970-01-01T00:00:00Z,SYNTHETIC,65.0,20.0,0.0,1.71,1.0,0.9147,0.25,0.25,"{""order-service"":0.0,""inventory-service"":0.0,""payment-service"":0.9748,""notification-service"":0.0}",4.599,20.704,True,True,20.0,19.93,0.0678,False,10.0,2.0,False,1.0,True,
LIN-CRA-CNT-T70-W10-D5,LINEAR,CRASH,payment-service-proxy,COUNT_BASED,70,10,5,5,5,3,full,SYNTHETIC_PREVIEW,1970-01-01T00:00:00Z,SYNTHETIC,65.0,22.11,0.0,2.98,0.9975,0.8653,0.25,0.25,"{""order-service"":0.0,""inventory-service"":0.0,""payment-service"":0.9474,""notification-service"":0.0}",4.125,16.33,True,True,20.0,20.411,0.0633,False,10.0,2.0,False,1.0,True,
LIN-CRA-CNT-T70-W10-D15,LINEAR,CRASH,payment-service-proxy,COUNT_BASED,70,10,15,5,5,1,full,SYNTHETIC_PREVIEW,1970-01-01T00:00:00Z,SYNTHETIC,75.0,19.99,0.0,2.22,1.0,0.8889,0.25,0.25,"{""order-service"":0.0,""inventory-service"":0.0,""payment-service"":0.953,""notification-service"":0.0}",4.294,27.237,True,True,20.0,19.653,0.0686,False,10.0,2.0,False,1.0,True,
LIN-CRA-CNT-T70-W10-D15,LINEAR,CRASH,payment-service-proxy,COUNT_BASED,70,10,15,5,5,2,full,SYNTHETIC_PREVIEW,1970-01-01T00:00:00Z,SYNTHETIC,75.0,19.79,0.0,1.69,1.0,0.9144,0.25,0.25,"{""order-service"":0.0,""inventory-service"":0.0,""payment-service"":0.8977,""notification-service"":0.0}",4.369,26.181,True,True,20.0,20.014,0.0412,False,10.0,2.0,False,1.0,True,
LIN-CRA-CNT-T70-W10-D15,LINEAR,CRASH,payment-service-proxy,COUNT_BASED,70,10,15,5,5,3,full,SYNTHETIC_PREVIEW,1970-01-01T00:00:00Z,SYNTHETIC,75.0,21.44,0.0,3.71,0.9676,0.8268,0.25,0.25,"{""order-service"":0.0,""inventory-service"":0.0,""payment-service"":0.8802,""notification-service"":0.0}",4.307,28.007,True,True,20.0,20.571,0.0227,False,10.0,2.0,False,1.0,True,
LIN-CRA-CNT-T70-W10-D30,LINEAR,CRASH,payment-service-proxy,COUNT_BASED,70,10,30,5,5,1,full,SYNTHETIC_PREVIEW,1970-01-01T00:00:00Z,SYNTHETIC,90.0,19.97,0.0,1.65,0.952,0.9174,0.25,0.25,"{""order-service"":0.0,""inventory-service"":0.0,""payment-service"":0.9166,""notification-service"":0.0}",4.211,48.775,True,True,20.0,20.754,0.0207,False,10.0,2.0,False,1.0,True,
LIN-CRA-CNT-T70-W10-D30,LINEAR,CRASH,payment-service-proxy,COUNT_BASED,70,10,30,5,5,2,full,SYNTHETIC_PREVIEW,1970-01-01T00:00:00Z,SYNTHETIC,90.0,19.52,0.0,1.84,0.9639,0.906,0.25,0.25,"{""order-service"":0.0,""inventory-service"":0.0,""payment-service"":1.0,""notification-service"":0.0}",4.266,44.828,True,True,20.0,20.302,0.0861,False,10.0,2.0,False,1.0,True,
LIN-CRA-CNT-T70-W10-D30,LINEAR,CRASH,payment-service-proxy,COUNT_BASED,70,10,30,5,5,3,full,SYNTHETIC_PREVIEW,1970-01-01T00:00:00Z,SYNTHETIC,90.0,21.7,0.0,2.64,1.0,0.8784,0.25,0.25,"{""order-service"":0.0,""inventory-service"":0.0,""payment-service"":0.9315,""notification-service"":0.0}",4.51,52.347,True,True,20.0,19.734,0.0733,False,10.0,2.0,False,1.0,True,
LIN-CRA-CNT-T70-W20-D5,LINEAR,CRASH,payment-service-proxy,COUNT_BASED,70,20,5,5,5,1,full,SYNTHETIC_PREVIEW,1970-01-01T00:00:00Z,SYNTHETIC,65.0,21.09,0.0,0.9,1.0,0.9571,0.25,0.25,"{""order-service"":0.0,""inventory-service"":0.0,""payment-service"":0.9454,""notification-service"":0.0}",7.021,16.9,True,True,20.0,19.928,0.0406,False,20.0,4.0,False,1.0,True,
LIN-CRA-CNT-T70-W20-D5,LINEAR,CRASH,payment-service-proxy,COUNT_BASED,70,20,5,5,5,2,full,SYNTHETIC_PREVIEW,1970-01-01T00:00:00Z,SYNTHETIC,65.0,20.52,0.0,2.71,0.9882,0.8679,0.25,0.25,"{""order-service"":0.0,""inventory-service"":0.0,""payment-service"":0.928,""notification-service"":0.0}",7.467,17.609,True,True,20.0,19.896,0.0518,False,20.0,4.0,False,1.0,True,
LIN-CRA-CNT-T70-W20-D5,LINEAR,CRASH,payment-service-proxy,COUNT_BASED,70,20,5,5,5,3,full,SYNTHETIC_PREVIEW,1970-01-01T00:00:00Z,SYNTHETIC,65.0,21.37,0.0,3.34,0.9703,0.8435,0.25,0.25,"{""order-service"":0.0,""inventory-service"":0.0,""payment-service"":0.9531,""notification-service"":0.0}",7.738,15.679,True,True,20.0,20.46,0.0516,False,20.0,4.0,False,1.0,True,
LIN-CRA-CNT-T70-W20-D15,LINEAR,CRASH,payment-service-proxy,COUNT_BASED,70,20,15,5,5,1,full,SYNTHETIC_PREVIEW,1970-01-01T00:00:00Z,SYNTHETIC,75.0,20.63,0.0,2.09,1.0,0.8988,0.25,0.25,"{""order-service"":0.0,""inventory-service"":0.0,""payment-service"":0.9385,""notification-service"":0.0}",7.418,23.693,True,True,20.0,19.497,0.0329,False,20.0,4.0,False,1.0,True,
LIN-CRA-CNT-T70-W20-D15,LINEAR,CRASH,payment-service-proxy,COUNT_BASED,70,20,15,5,5,2,full,SYNTHETIC_PREVIEW,1970-01-01T00:00:00Z,SYNTHETIC,75.0,19.99,0.0,1.63,0.9666,0.9187,0.25,0.25,"{""order-service"":0.0,""inventory-service"":0.0,""payment-service"":0.9469,""notification-service"":0.0}",7.48,29.25,True,True,20.0,19.958,0.0412,False,20.0,4.0,False,1.0,True,
LIN-CRA-CNT-T70-W20-D15,LINEAR,CRASH,payment-service-proxy,COUNT_BASED,70,20,15,5,5,3,full,SYNTHETIC_PREVIEW,1970-01-01T00:00:00Z,SYNTHETIC,75.0,19.55,0.0,2.97,0.9942,0.8478,0.25,0.25,"{""order-service"":0.0,""inventory-service"":0.0,""payment-service"":0.8896,""notification-service"":0.0}",7.642,26.512,True,True,20.0,19.797,0.0478,False,20.0,4.0,False,1.0,True,
LIN-CRA-CNT-T70-W20-D30,LINEAR,CRASH,payment-service-proxy,COUNT_BASED,70,20,30,5,5,1,full,SYNTHETIC_PREVIEW,1970-01-01T00:00:00Z,SYNTHETIC,90.0,20.29,0.0,1.18,1.0,0.9417,0.25,0.25,"{""order-service"":0.0,""inventory-service"":0.0,""payment-service"":0.9437,""notification-service"":0.0}",7.088,51.199,True,True,20.0,19.302,0.0292,False,20.0,4.0,False,1.0,True,
LIN-CRA-CNT-T70-W20-D30,LINEAR,CRASH,payment-service-proxy,COUNT_BASED,70,20,30,5,5,2,full,SYNTHETIC_PREVIEW,1970-01-01T00:00:00Z,SYNTHETIC,90.0,19.25,0.0,2.88,1.0,0.8504,0.25,0.25,"{""order-service"":0.0,""inventory-service"":0.0,""payment-service"":0.868,""notification-service"":0.0}",7.24,48.689,True,True,20.0,20.486,0.036,False,20.0,4.0,False,1.0,True,
LIN-CRA-CNT-T70-W20-D30,LINEAR,CRASH,payment-service-proxy,COUNT_BASED,70,20,30,5,5,3,full,SYNTHETIC_PREVIEW,1970-01-01T00:00:00Z,SYNTHETIC,90.0,20.3,0.0,0.97,1.0,0.9524,0.25,0.25,"{""order-service"":0.0,""inventory-service"":0.0,""payment-service"":1.0,""notification-service"":0.0}",7.503,51.162,True,True,20.0,20.157,0.0408,False,20.0,4.0,False,1.0,True,
LIN-CRA-TIM-T30-W5-D5,LINEAR,CRASH,payment-service-proxy,TIME_BASED,30,5,5,5,5,1,full,SYNTHETIC_PREVIEW,1970-01-01T00:00:00Z,SYNTHETIC,85.0,19.31,0.0,2.07,0.9669,0.8928,0.25,0.25,"{""order-service"":0.0,""inventory-service"":0.0,""payment-service"":0.9447,""notification-service"":0.0}",2.853,27.679,True,True,20.0,19.75,0.0563,False,98.75,19.7499,False,1.0,True,
LIN-CRA-TIM-T30-W5-D5,LINEAR,CRASH,payment-service-proxy,TIME_BASED,30,5,5,5,5,2,full,SYNTHETIC_PREVIEW,1970-01-01T00:00:00Z,SYNTHETIC,85.0,21.21,0.0,2.58,0.974,0.8785,0.25,0.25,"{""order-service"":0.0,""inventory-service"":0.0,""payment-service"":0.9255,""notification-service"":0.0}",2.881,26.296,True,True,20.0,19.952,0.0831,False,99.76,19.9525,False,1.0,True,
LIN-CRA-TIM-T30-W5-D5,LINEAR,CRASH,payment-service-proxy,TIME_BASED,30,5,5,5,5,3,full,SYNTHETIC_PREVIEW,1970-01-01T00:00:00Z,SYNTHETIC,85.0,20.0,0.0,3.28,0.9787,0.836,0.25,0.25,"{""order-service"":0.0,""inventory-service"":0.0,""payment-service"":0.9259,""notification-service"":0.0}",2.763,24.982,True,True,20.0,19.946,0.0362,False,99.73,19.9463,False,1.0,True,
LIN-CRA-TIM-T30-W5-D15,LINEAR,CRASH,payment-service-proxy,TIME_BASED,30,5,15,5,5,1,full,SYNTHETIC_PREVIEW,1970-01-01T00:00:00Z,SYNTHETIC,95.0,19.59,0.0,0.86,1.0,0.956,0.25,0.25,"{""order-service"":0.0,""inventory-service"":0.0,""payment-service"":0.9237,""notification-service"":0.0}",2.779,41.503,True,True,20.0,19.755,0.0242,False,98.78,19.7551,False,1.0,True,
LIN-CRA-TIM-T30-W5-D15,LINEAR,CRASH,payment-service-proxy,TIME_BASED,30,5,15,5,5,2,full,SYNTHETIC_PREVIEW,1970-01-01T00:00:00Z,SYNTHETIC,95.0,21.16,0.0,2.76,1.0,0.8696,0.25,0.25,"{""order-service"":0.0,""inventory-service"":0.0,""payment-service"":0.8924,""notification-service"":0.0}",2.848,41.973,True,True,20.0,20.272,0.0383,False,101.36,20.2725,False,1.0,True,
LIN-CRA-TIM-T30-W5-D15,LINEAR,CRASH,payment-service-proxy,TIME_BASED,30,5,15,5,5,3,full,SYNTHETIC_PREVIEW,1970-01-01T00:00:00Z,SYNTHETIC,95.0,22.06,0.0,4.73,0.9031,0.7857,0.25,0.25,"{""order-service"":0.0,""inventory-service"":0.0,""payment-service"":0.8996,""notification-service"":0.0}",2.736,40.17,True,True,20.0,19.954,0.0451,False,99.77,19.9543,False,1.0,True,
LIN-CRA-TIM-T30-W5-D30,LINEAR,CRASH,payment-service-proxy,TIME_BASED,30,5,30,5,5,1,full,SYNTHETIC_PREVIEW,1970-01-01T00:00:00Z,SYNTHETIC,110.0,19.65,0.0,1.46,1.0,0.9256,0.25,0.25,"{""order-service"":0.0,""inventory-service"":0.0,""payment-service"":0.9337,""notification-service"":0.0}",2.992,65.036,True,True,20.0,20.675,0.0869,False,103.38,20.6751,False,1.0,True,
LIN-CRA-TIM-T30-W5-D30,LINEAR,CRASH,payment-service-proxy,TIME_BASED,30,5,30,5,5,2,full,SYNTHETIC_PREVIEW,1970-01-01T00:00:00Z,SYNTHETIC,110.0,18.17,0.0,3.18,0.9242,0.8252,0.25,0.25,"{""order-service"":0.0,""inventory-service"":0.0,""payment-service"":0.9607,""notification-service"":0.0}",3.034,68.666,True,True,20.0,19.853,0.0428,False,99.26,19.8529,False,1.0,True,
LIN-CRA-TIM-T30-W5-D30,LINEAR,CRASH,payment-service-proxy,TIME_BASED,30,5,30,5,5,3,full,SYNTHETIC_PREVIEW,1970-01-01T00:00:00Z,SYNTHETIC,110.0,20.88,0.0,2.1,0.9379,0.8996,0.25,0.25,"{""order-service"":0.0,""inventory-service"":0.0,""payment-service"":0.9613,""notification-service"":0.0}",2.749,66.367,True,True,20.0,19.634,0.0691,False,98.17,19.6342,False,1.0,True,
LIN-CRA-TIM-T30-W10-D5,LINEAR,CRASH,payment-service-proxy,TIME_BASED,30,10,5,5,5,1,full,SYNTHETIC_PREVIEW,1970-01-01T00:00:00Z,SYNTHETIC,135.0,20.34,0.0,1.17,1.0,0.9424,0.25,0.25,"{""order-service"":0.0,""inventory-service"":0.0,""payment-service"":0.9336,""notification-service"":0.0}",4.94,25.314,True,True,20.0,20.966,0.0752,False,209.66,41.9329,False,1.0,True,
LIN-CRA-TIM-T30-W10-D5,LINEAR,CRASH,payment-service-proxy,TIME_BASED,30,10,5,5,5,2,full,SYNTHETIC_PREVIEW,1970-01-01T00:00:00Z,SYNTHETIC,135.0,21.01,0.0,0.88,1.0,0.9582,0.25,0.25,"{""order-service"":0.0,""inventory-service"":0.0,""payment-service"":0.9503,""notification-service"":0.0}",4.983,22.966,True,True,20.0,20.146,0.0556,False,201.46,40.2912,False,1.0,True,
LIN-CRA-TIM-T30-W10-D5,LINEAR,CRASH,payment-service-proxy,TIME_BASED,30,10,5,5,5,3,full,SYNTHETIC_PREVIEW,1970-01-01T00:00:00Z,SYNTHETIC,135.0,20.79,0.0,2.98,0.974,0.8569,0.25,0.25,"{""order-service"":0.0,""inventory-service"":0.0,""payment-service"":0.8947,""notification-service"":0.0}",4.942,26.085,True,True,20.0,19.994,0.0585,False,199.94,39.9883,False,1.0,True,
LIN-CRA-TIM-T30-W10-D15,LINEAR,CRASH,payment-service-proxy,TIME_BASED,30,10,15,5,5,1,full,SYNTHETIC_PREVIEW,1970-01-01T00:00:00Z,SYNTHETIC,145.0,19.57,0.0,1.33,0.9619,0.9318,0.25,0.25,"{""order-service"":0.0,""inventory-service"":0.0,""payment-service"":0.9771,""notification-service"":0.0}",4.827,40.198,True,True,20.0,19.654,0.0424,False,196.54,39.3088,False,1.0,True,
LIN-CRA-TIM-T30-W10-D15,LINEAR,CRASH,payment-service-proxy,TIME_BASED,30,10,15,5,5,2,full,SYNTHETIC_PREVIEW,1970-01-01T00:00:00Z,SYNTHETIC,145.0,21.29,0.0,2.44,1.0,0.8853,0.25,0.25,"{""order-service"":0.0,""inventory-service"":0.0,""payment-service"":0.9641,""notification-service"":0.0}",4.829,46.737,True,True,20.0,19.718,0.0437,False,197.18,39.4368,False,1.0,True,
LIN-CRA-TIM-T30-W10-D15,LINEAR,CRASH,payment-service-proxy,TIME_BASED,30,10,15,5,5,3,full,SYNTHETIC_PREVIEW,1970-01-01T00:00:00Z,SYNTHETIC,145.0,20.46,0.0,0.83,1.0,0.9593,0.25,0.25,"{""order-service"":0.0,""inventory-service"":0.0,""payment-service"":0.9588,""notification-service"":0.0}",4.811,43.54,True,True,20.0,20.277,0.0841,False,202.77,40.5535,False,1.0,True,
LIN-CRA-TIM-T30-W10-D30,LINEAR,CRASH,payment-service-proxy,TIME_BASED,30,10,30,5,5,1,full,SYNTHETIC_PREVIEW,1970-01-01T00:00:00Z,SYNTHETIC,160.0,18.57,0.0,2.17,0.9939,0.8828,0.25,0.25,"{""order-service"":0.0,""inventory-service"":0.0,""payment-service"":0.8798,""notification-service"":0.0}",4.766,61.534,True,True,20.0,20.265,0.0654,False,202.65,40.5306,False,1.0,True,
LIN-CRA-TIM-T30-W10-D30,LINEAR,CRASH,payment-service-proxy,TIME_BASED,30,10,30,5,5,2,full,SYNTHETIC_PREVIEW,1970-01-01T00:00:00Z,SYNTHETIC,160.0,20.4,0.0,2.62,1.0,0.8714,0.25,0.25,"{""order-service"":0.0,""inventory-service"":0.0,""payment-service"":0.9201,""notification-service"":0.0}",4.454,71.307,True,True,20.0,20.341,0.0731,False,203.41,40.6815,False,1.0,True,
LIN-CRA-TIM-T30-W10-D30,LINEAR,CRASH,payment-service-proxy,TIME_BASED,30,10,30,5,5,3,full,SYNTHETIC_PREVIEW,1970-01-01T00:00:00Z,SYNTHETIC,160.0,19.81,0.0,2.71,1.0,0.8634,0.25,0.25,"{""order-service"":0.0,""inventory-service"":0.0,""payment-service"":0.8933,""notification-service"":0.0}",5.084,72.173,True,True,20.0,20.033,0.0396,False,200.33,40.0666,False,1.0,True,
LIN-CRA-TIM-T30-W20-D5,LINEAR,CRASH,payment-service-proxy,TIME_BASED,30,20,5,5,5,1,full,SYNTHETIC_PREVIEW,1970-01-01T00:00:00Z,SYNTHETIC,235.0,20.24,0.0,2.13,0.9807,0.8949,0.25,0.25,"{""order-service"":0.0,""inventory-service"":0.0,""payment-service"":0.9157,""notification-service"":0.0}",6.89,24.151,True,True,20.0,19.668,0.0366,False,393.37,78.6739,False,1.0,True,
LIN-CRA-TIM-T30-W20-D5,LINEAR,CRASH,payment-service-proxy,TIME_BASED,30,20,5,5,5,2,full,SYNTHETIC_PREVIEW,1970-01-01T00:00:00Z,SYNTHETIC,235.0,21.29,0.0,2.63,0.946,0.8763,0.25,0.25,"{""order-service"":0.0,""inventory-service"":0.0,""payment-service"":0.9356,""notification-service"":0.0}",6.909,23.235,True,True,20.0,19.976,0.0713,False,399.53,79.9056,False,1.0,True,
LIN-CRA-TIM-T30-W20-D5,LINEAR,CRASH,payment-service-proxy,TIME_BASED,30,20,5,5,5,3,full,SYNTHETIC_PREVIEW,1970-01-01T00:00:00Z,SYNTHETIC,235.0,18.87,0.0,2.2,1.0,0.8833,0.25,0.25,"{""order-service"":0.0,""inventory-service"":0.0,""payment-service"":0.9615,""notification-service"":0.0}",7.051,21.504,True,True,20.0,19.719,0.032,False,394.39,78.8775,False,1.0,True,
LIN-CRA-TIM-T30-W20-D15,LINEAR,CRASH,payment-service-proxy,TIME_BASED,30,20,15,5,5,1,full,SYNTHETIC_PREVIEW,1970-01-01T00:00:00Z,SYNTHETIC,245.0,20.83,0.0,1.89,0.9565,0.9091,0.25,0.25,"{""order-service"":0.0,""inventory-service"":0.0,""payment-service"":0.9121,""notification-service"":0.0}",6.974,36.825,True,True,20.0,20.514,0.0347,False,410.28,82.0568,False,1.0,True,
LIN-CRA-TIM-T30-W20-D15,LINEAR,CRASH,payment-service-proxy,TIME_BASED,30,20,15,5,5,2,full,SYNTHETIC_PREVIEW,1970-01-01T00:00:00Z,SYNTHETIC,245.0,19.41,0.0,2.8,0.9902,0.8559,0.25,0.25,"{""order-service"":0.0,""inventory-service"":0.0,""payment-service"":0.8772,""notification-service"":0.0}",7.283,39.389,True,True,20.0,20.106,0.0573,False,402.12,80.424,False,1.0,True,
LIN-CRA-TIM-T30-W20-D15,LINEAR,CRASH,payment-service-proxy,TIME_BASED,30,20,15,5,5,3,full,SYNTHETIC_PREVIEW,1970-01-01T00:00:00Z,SYNTHETIC,245.0,20.15,0.0,2.89,1.0,0.8566,0.25,0.25,"{""order-service"":0.0,""inventory-service"":0.0,""payment-service"":0.9161,""notification-service"":0.0}",8.005,37.874,True,True,20.0,19.999,0.0697,False,399.98,79.9957,False,1.0,True,
LIN-CRA-TIM-T30-W20-D30,LINEAR,CRASH,payment-service-proxy,TIME_BASED,30,20,30,5,5,1,full,SYNTHETIC_PREVIEW,1970-01-01T00:00:00Z,SYNTHETIC,260.0,19.01,0.0,2.82,0.9967,0.8517,0.25,0.25,"{""order-service"":0.0,""inventory-service"":0.0,""payment-service"":0.9104,""notification-service"":0.0}",7.394,73.738,True,True,20.0,19.693,0.0519,False,393.85,78.7702,False,1.0,True,
LIN-CRA-TIM-T30-W20-D30,LINEAR,CRASH,payment-service-proxy,TIME_BASED,30,20,30,5,5,2,full,SYNTHETIC_PREVIEW,1970-01-01T00:00:00Z,SYNTHETIC,260.0,21.63,0.0,2.96,0.9781,0.8629,0.25,0.25,"{""order-service"":0.0,""inventory-service"":0.0,""payment-service"":1.0,""notification-service"":0.0}",7.504,58.329,True,True,20.0,20.237,0.0281,False,404.73,80.9469,False,1.0,True,
LIN-CRA-TIM-T30-W20-D30,LINEAR,CRASH,payment-service-proxy,TIME_BASED,30,20,30,5,5,3,full,SYNTHETIC_PREVIEW,1970-01-01T00:00:00Z,SYNTHETIC,260.0,21.48,0.0,2.59,0.9595,0.8792,0.25,0.25,"{""order-service"":0.0,""inventory-service"":0.0,""payment-service"":0.9551,""notification-service"":0.0}",6.957,81.139,True,True,20.0,19.359,0.0598,False,387.18,77.4353,False,1.0,True,
LIN-CRA-TIM-T50-W5-D5,LINEAR,CRASH,payment-service-proxy,TIME_BASED,50,5,5,5,5,1,full,SYNTHETIC_PREVIEW,1970-01-01T00:00:00Z,SYNTHETIC,85.0,19.61,0.0,1.97,0.9585,0.8994,0.25,0.25,"{""order-service"":0.0,""inventory-service"":0.0,""payment-service"":0.9666,""notification-service"":0.0}",3.885,26.31,True,True,20.0,19.712,0.0722,False,98.56,19.7123,False,1.0,True,
LIN-CRA-TIM-T50-W5-D5,LINEAR,CRASH,payment-service-proxy,TIME_BASED,50,5,5,5,5,2,full,SYNTHETIC_PREVIEW,1970-01-01T00:00:00Z,SYNTHETIC,85.0,20.99,0.0,1.74,1.0,0.9172,0.25,0.25,"{""order-service"":0.0,""inventory-service"":0.0,""payment-service"":0.9189,""notification-service"":0.0}",3.933,24.874,True,True,20.0,20.181,0.0574,False,100.91,20.1814,False,1.0,True,
LIN-CRA-TIM-T50-W5-D5,LINEAR,CRASH,payment-service-proxy,TIME_BASED,50,5,5,5,5,3,full,SYNTHETIC_PREVIEW,1970-01-01T00:00:00Z,SYNTHETIC,85.0,20.41,0.0,2.3,0.9956,0.8871,0.25,0.25,"{""order-service"":0.0,""inventory-service"":0.0,""payment-service"":0.8992,""notification-service"":0.0}",4.141,25.55,True,True,20.0,20.33,0.046,False,101.65,20.3299,False,1.0,True,
LIN-CRA-TIM-T50-W5-D15,LINEAR,CRASH,payment-service-proxy,TIME_BASED,50,5,15,5,5,1,full,SYNTHETIC_PREVIEW,1970-01-01T00:00:00Z,SYNTHETIC,95.0,20.27,0.0,3.89,0.8996,0.808,0.25,0.25,"{""order-service"":0.0,""inventory-service"":0.0,""payment-service"":0.9035,""notification-service"":0.0}",3.891,39.913,True,True,20.0,19.29,0.0363,False,96.45,19.2898,False,1.0,True,
LIN-CRA-TIM-T50-W5-D15,LINEAR,CRASH,payment-service-proxy,TIME_BASED,50,5,15,5,5,2,full,SYNTHETIC_PREVIEW,1970-01-01T00:00:00Z,SYNTHETIC,95.0,19.46,0.0,1.38,0.9761,0.9292,0.25,0.25,"{""order-service"":0.0,""inventory-service"":0.0,""payment-service"":0.9321,""notification-service"":0.0}",3.945,35.28,True,True,20.0,19.852,0.0577,False,99.26,19.8519,False,1.0,True,
LIN-CRA-TIM-T50-W5-D15,LINEAR,CRASH,payment-service-proxy,TIME_BASED,50,5,15,5,5,3,full,SYNTHETIC_PREVIEW,1970-01-01T00:00:00Z,SYNTHETIC,95.0,21.05,0.0,2.56,0.972,0.8782,0.25,0.25,"{""order-service"":0.0,""inventory-service"":0.0,""payment-service"":0.9421,""notification-service"":0.0}",3.771,39.9,True,True,20.0,20.26,0.0858,False,101.3,20.2603,False,1.0,True,
LIN-CRA-TIM-T50-W5-D30,LINEAR,CRASH,payment-service-proxy,TIME_BASED,50,5,30,5,5,1,full,SYNTHETIC_PREVIEW,1970-01-01T00:00:00Z,SYNTHETIC,110.0,20.02,0.0,2.79,0.932,0.8608,0.25,0.25,"{""order-service"":0.0,""inventory-service"":0.0,""payment-service"":0.9191,""notification-service"":0.0}",3.884,68.455,True,True,20.0,19.872,0.084,False,99.36,19.8724,False,1.0,True,
LIN-CRA-TIM-T50-W5-D30,LINEAR,CRASH,payment-service-proxy,TIME_BASED,50,5,30,5,5,2,full,SYNTHETIC_PREVIEW,1970-01-01T00:00:00Z,SYNTHETIC,110.0,18.73,0.0,1.58,1.0,0.9158,0.25,0.25,"{""order-service"":0.0,""inventory-service"":0.0,""payment-service"":0.9434,""notification-service"":0.0}",3.868,75.856,True,True,20.0,20.173,0.0644,False,100.87,20.1732,False,1.0,True,
LIN-CRA-TIM-T50-W5-D30,LINEAR,CRASH,payment-service-proxy,TIME_BASED,50,5,30,5,5,3,full,SYNTHETIC_PREVIEW,1970-01-01T00:00:00Z,SYNTHETIC,110.0,21.81,0.0,2.59,0.9524,0.8814,0.25,0.25,"{""order-service"":0.0,""inventory-service"":0.0,""payment-service"":0.9561,""notification-service"":0.0}",4.088,70.975,True,True,20.0,19.828,0.023,False,99.14,19.8284,False,1.0,True,
LIN-CRA-TIM-T50-W10-D5,LINEAR,CRASH,payment-service-proxy,TIME_BASED,50,10,5,5,5,1,full,SYNTHETIC_PREVIEW,1970-01-01T00:00:00Z,SYNTHETIC,135.0,19.42,0.0,1.15,1.0,0.9407,0.25,0.25,"{""order-service"":0.0,""inventory-service"":0.0,""payment-service"":0.9656,""notification-service"":0.0}",6.86,28.179,True,True,20.0,19.753,0.0534,False,197.53,39.5058,False,1.0,True,
LIN-CRA-TIM-T50-W10-D5,LINEAR,CRASH,payment-service-proxy,TIME_BASED,50,10,5,5,5,2,full,SYNTHETIC_PREVIEW,1970-01-01T00:00:00Z,SYNTHETIC,135.0,21.28,0.0,2.88,1.0,0.8645,0.25,0.25,"{""order-service"":0.0,""inventory-service"":0.0,""payment-service"":0.9705,""notification-service"":0.0}",6.924,25.309,True,True,20.0,19.256,0.0801,False,192.56,38.5123,False,1.0,True,
LIN-CRA-TIM-T50-W10-D5,LINEAR,CRASH,payment-service-proxy,TIME_BASED,50,10,5,5,5,3,full,SYNTHETIC_PREVIEW,1970-01-01T00:00:00Z,SYNTHETIC,135.0,19.22,0.0,3.65,0.884,0.8101,0.25,0.25,"{""order-service"":0.0,""inventory-service"":0.0,""payment-service"":0.9186,""notification-service"":0.0}",6.783,24.605,True,True,20.0,20.881,0.0523,False,208.81,41.762,False,1.0,True,
LIN-CRA-TIM-T50-W10-D15,LINEAR,CRASH,payment-service-proxy,TIME_BASED,50,10,15,5,5,1,full,SYNTHETIC_PREVIEW,1970-01-01T00:00:00Z,SYNTHETIC,145.0,19.8,0.0,0.92,1.0,0.9536,0.25,0.25,"{""order-service"":0.0,""inventory-service"":0.0,""payment-service"":0.88,""notification-service"":0.0}",6.609,39.015,True,True,20.0,19.955,0.0206,False,199.55,39.9104,False,1.0,True,
LIN-CRA-TIM-T50-W10-D15,LINEAR,CRASH,payment-service-proxy,TIME_BASED,50,10,15,5,5,2,full,SYNTHETIC_PREVIEW,1970-01-01T00:00:00Z,SYNTHETIC,145.0,20.97,0.0,2.58,0.9904,0.8768,0.25,0.25,"{""order-service"":0.0,""inventory-service"":0.0,""payment-service"":0.9396,""notification-service"":0.0}",7.032,40.51,True,True,20.0,20.514,0.0448,False,205.14,41.0288,False,1.0,True,
LIN-CRA-TIM-T50-W10-D15,LINEAR,CRASH,payment-service-proxy,TIME_BASED,50,10,15,5,5,3,full,SYNTHETIC_PREVIEW,1970-01-01T00:00:00Z,SYNTHETIC,145.0,19.69,0.0,3.44,0.9596,0.8251,0.25,0.25,"{""order-service"":0.0,""inventory-service"":0.0,""payment-service"":0.9047,""notification-service"":0.0}",6.523,39.242,True,True,20.0,19.903,0.0211,False,199.03,39.8051,False,1.0,True,
LIN-CRA-TIM-T50-W10-D30,LINEAR,CRASH,payment-service-proxy,TIME_BASED,50,10,30,5,5,1,full,SYNTHETIC_PREVIEW,1970-01-01T00:00:00Z,SYNTHETIC,160.0,19.08,0.0,2.87,0.8931,0.8496,0.25,0.25,"{""order-service"":0.0,""inventory-service"":0.0,""payment-service"":0.9617,""notification-service"":0.0}",6.365,77.516,True,True,20.0,20.277,0.0569,False,202.77,40.5548,False,1.0,True,
LIN-CRA-TIM-T50-W10-D30,LINEAR,CRASH,payment-service-proxy,TIME_BASED,50,10,30,5,5,2,full,SYNTHETIC_PREVIEW,1970-01-01T00:00:00Z,SYNTHETIC,160.0,20.58,0.0,2.13,0.985,0.8963,0.25,0.25,"{""order-service"":0.0,""inventory-service"":0.0,""payment-service"":0.9874,""notification-service"":0.0}",6.795,64.125,True,True,20.0,19.982,0.0572,False,199.82,39.9645,False,1.0,True,
LIN-CRA-TIM-T50-W10-D30,LINEAR,CRASH,payment-service-proxy,TIME_BASED,50,10,30,5,5,3,full,SYNTHETIC_PREVIEW,1970-01-01T00:00:00Z,SYNTHETIC,160.0,20.33,0.0,3.9,0.9157,0.8081,0.25,0.25,"{""order-service"":0.0,""inventory-service"":0.0,""payment-service"":0.9895,""notification-service"":0.0}",6.82,67.744,True,True,20.0,20.174,0.0288,False,201.74,40.3489,False,1.0,True,
LIN-CRA-TIM-T50-W20-D5,LINEAR,CRASH,payment-service-proxy,TIME_BASED,50,20,5,5,5,1,full,SYNTHETIC_PREVIEW,1970-01-01T00:00:00Z,SYNTHETIC,235.0,21.93,0.0,2.27,1.0,0.8965,0.25,0.25,"{""order-service"":0.0,""inventory-service"":0.0,""payment-service"":0.9401,""notification-service"":0.0}",10.002,27.739,True,True,20.0,20.131,0.0825,False,402.62,80.5247,False,1.0,True,
LIN-CRA-TIM-T50-W20-D5,LINEAR,CRASH,payment-service-proxy,TIME_BASED,50,20,5,5,5,2,full,SYNTHETIC_PREVIEW,1970-01-01T00:00:00Z,SYNTHETIC,235.0,21.77,0.0,3.1,1.0,0.8577,0.25,0.25,"{""order-service"":0.0,""inventory-service"":0.0,""payment-service"":0.9134,""notification-service"":0.0}",10.333,23.779,True,True,20.0,20.083,0.0794,False,401.66,80.3312,False,1.0,True,
LIN-CRA-TIM-T50-W20-D5,LINEAR,CRASH,payment-service-proxy,TIME_BASED,50,20,5,5,5,3,full,SYNTHETIC_PREVIEW,1970-01-01T00:00:00Z,SYNTHETIC,235.0,19.89,0.0,2.53,0.9253,0.8728,0.25,0.25,"{""order-service"":0.0,""inventory-service"":0.0,""payment-service"":0.9563,""notification-service"":0.0}",9.883,26.31,True,True,20.0,19.63,0.0635,False,392.61,78.5217,False,1.0,True,
LIN-CRA-TIM-T50-W20-D15,LINEAR,CRASH,payment-service-proxy,TIME_BASED,50,20,15,5,5,1,full,SYNTHETIC_PREVIEW,1970-01-01T00:00:00Z,SYNTHETIC,245.0,20.02,0.0,1.65,1.0,0.9174,0.25,0.25,"{""order-service"":0.0,""inventory-service"":0.0,""payment-service"":0.9199,""notification-service"":0.0}",9.965,41.329,True,True,20.0,19.838,0.0328,False,396.75,79.3507,False,1.0,True,
LIN-CRA-TIM-T50-W20-D15,LINEAR,CRASH,payment-service-proxy,TIME_BASED,50,20,15,5,5,2,full,SYNTHETIC_PREVIEW,1970-01-01T00:00:00Z,SYNTHETIC,245.0,20.92,0.0,2.39,0.9737,0.8859,0.25,0.25,"{""order-service"":0.0,""inventory-service"":0.0,""payment-service"":0.9162,""notification-service"":0.0}",10.303,38.321,True,True,20.0,19.925,0.0559,False,398.5,79.7009,False,1.0,True,
LIN-CRA-TIM-T50-W20-D15,LINEAR,CRASH,payment-service-proxy,TIME_BASED,50,20,15,5,5,3,full,SYNTHETIC_PREVIEW,1970-01-01T00:00:00Z,SYNTHETIC,245.0,20.61,0.0,2.73,0.9473,0.8677,0.25,0.25,"{""order-service"":0.0,""inventory-service"":0.0,""payment-service"":0.923,""notification-service"":0.0}",10.381,35.206,True,True,20.0,20.236,0.0279,False,404.73,80.9455,False,1.0,True,
LIN-CRA-TIM-T50-W20-D30,LINEAR,CRASH,payment-service-proxy,TIME_BASED,50,20,30,5,5,1,full,SYNTHETIC_PREVIEW,1970-01-01T00:00:00Z,SYNTHETIC,260.0,20.28,0.0,2.23,0.9579,0.89,0.25,0.25,"{""order-service"":0.0,""inventory-service"":0.0,""payment-service"":0.9048,""notification-service"":0.0}",10.276,67.352,True,True,20.0,19.466,0.0632,False,389.32,77.8644,False,1.0,True,
LIN-CRA-TIM-T50-W20-D30,LINEAR,CRASH,payment-service-proxy,TIME_BASED,50,20,30,5,5,2,full,SYNTHETIC_PREVIEW,1970-01-01T00:00:00Z,SYNTHETIC,260.0,19.45,0.0,0.91,1.0,0.9533,0.25,0.25,"{""order-service"":0.0,""inventory-service"":0.0,""payment-service"":0.9401,""notification-service"":0.0}",10.044,79.914,True,True,20.0,20.246,0.0607,False,404.93,80.9853,False,1.0,True,
LIN-CRA-TIM-T50-W20-D30,LINEAR,CRASH,payment-service-proxy,TIME_BASED,50,20,30,5,5,3,full,SYNTHETIC_PREVIEW,1970-01-01T00:00:00Z,SYNTHETIC,260.0,21.42,0.0,0.76,1.0,0.9646,0.25,0.25,"{""order-service"":0.0,""inventory-service"":0.0,""payment-service"":0.8877,""notification-service"":0.0}",9.866,61.324,True,True,20.0,20.312,0.0861,False,406.24,81.2486,False,1.0,True,
LIN-CRA-TIM-T70-W5-D5,LINEAR,CRASH,payment-service-proxy,TIME_BASED,70,5,5,5,5,1,full,SYNTHETIC_PREVIEW,1970-01-01T00:00:00Z,SYNTHETIC,85.0,21.05,0.0,2.95,1.0,0.8599,0.25,0.25,"{""order-service"":0.0,""inventory-service"":0.0,""payment-service"":0.9151,""notification-service"":0.0}",5.461,29.133,True,True,20.0,19.564,0.0586,False,97.82,19.5638,False,1.0,True,
LIN-CRA-TIM-T70-W5-D5,LINEAR,CRASH,payment-service-proxy,TIME_BASED,70,5,5,5,5,2,full,SYNTHETIC_PREVIEW,1970-01-01T00:00:00Z,SYNTHETIC,85.0,21.3,0.0,4.03,0.9527,0.8109,0.25,0.25,"{""order-service"":0.0,""inventory-service"":0.0,""payment-service"":0.9273,""notification-service"":0.0}",5.815,25.19,True,True,20.0,20.26,0.0557,False,101.3,20.2605,False,1.0,True,
LIN-CRA-TIM-T70-W5-D5,LINEAR,CRASH,payment-service-proxy,TIME_BASED,70,5,5,5,5,3,full,SYNTHETIC_PREVIEW,1970-01-01T00:00:00Z,SYNTHETIC,85.0,21.05,0.0,2.63,1.0,0.8752,0.25,0.25,"{""order-service"":0.0,""inventory-service"":0.0,""payment-service"":0.9641,""notification-service"":0.0}",5.149,24.781,True,True,20.0,20.185,0.085,False,100.92,20.1849,False,1.0,True,
LIN-CRA-TIM-T70-W5-D15,LINEAR,CRASH,payment-service-proxy,TIME_BASED,70,5,15,5,5,1,full,SYNTHETIC_PREVIEW,1970-01-01T00:00:00Z,SYNTHETIC,95.0,20.34,0.0,4.17,0.9135,0.7949,0.25,0.25,"{""order-service"":0.0,""inventory-service"":0.0,""payment-service"":0.8808,""notification-service"":0.0}",5.621,35.59,True,True,20.0,20.069,0.0285,False,100.35,20.0692,False,1.0,True,
LIN-CRA-TIM-T70-W5-D15,LINEAR,CRASH,payment-service-proxy,TIME_BASED,70,5,15,5,5,2,full,SYNTHETIC_PREVIEW,1970-01-01T00:00:00Z,SYNTHETIC,95.0,19.79,0.0,1.61,0.9891,0.9186,0.25,0.25,"{""order-service"":0.0,""inventory-service"":0.0,""payment-service"":0.9548,""notification-service"":0.0}",5.454,39.732,True,True,20.0,20.6,0.0727,False,103.0,20.6005,False,1.0,True,
LIN-CRA-TIM-T70-W5-D15,LINEAR,CRASH,payment-service-proxy,TIME_BASED,70,5,15,5,5,3,full,SYNTHETIC_PREVIEW,1970-01-01T00:00:00Z,SYNTHETIC,95.0,20.49,0.0,1.55,0.9667,0.9245,0.25,0.25,"{""order-service"":0.0,""inventory-service"":0.0,""payment-service"":0.9995,""notification-service"":0.0}",5.84,41.102,True,True,20.0,19.859,0.0522,False,99.3,19.8591,False,1.0,True,
LIN-CRA-TIM-T70-W5-D30,LINEAR,CRASH,payment-service-proxy,TIME_BASED,70,5,30,5,5,1,full,SYNTHETIC_PREVIEW,1970-01-01T00:00:00Z,SYNTHETIC,110.0,20.96,0.0,3.22,0.903,0.8462,0.25,0.25,"{""order-service"":0.0,""inventory-service"":0.0,""payment-service"":0.9234,""notification-service"":0.0}",5.302,70.243,True,True,20.0,19.969,0.0568,False,99.84,19.9686,False,1.0,True,
LIN-CRA-TIM-T70-W5-D30,LINEAR,CRASH,payment-service-proxy,TIME_BASED,70,5,30,5,5,2,full,SYNTHETIC_PREVIEW,1970-01-01T00:00:00Z,SYNTHETIC,110.0,20.19,0.0,1.61,1.0,0.9203,0.25,0.25,"{""order-service"":0.0,""inventory-service"":0.0,""payment-service"":0.926,""notification-service"":0.0}",5.46,63.182,True,True,20.0,20.697,0.037,False,103.49,20.6971,False,1.0,True,
LIN-CRA-TIM-T70-W5-D30,LINEAR,CRASH,payment-service-proxy,TIME_BASED,70,5,30,5,5,3,full,SYNTHETIC_PREVIEW,1970-01-01T00:00:00Z,SYNTHETIC,110.0,19.06,0.0,2.28,0.9642,0.8803,0.25,0.25,"{""order-service"":0.0,""inventory-service"":0.0,""payment-service"":0.9355,""notification-service"":0.0}",5.357,78.272,True,True,20.0,19.343,0.0447,False,96.71,19.3426,False,1.0,True,
LIN-CRA-TIM-T70-W10-D5,LINEAR,CRASH,payment-service-proxy,TIME_BASED,70,10,5,5,5,1,full,SYNTHETIC_PREVIEW,1970-01-01T00:00:00Z,SYNTHETIC,135.0,20.39,0.0,2.79,1.0,0.8633,0.25,0.25,"{""order-service"":0.0,""inventory-service"":0.0,""payment-service"":0.9783,""notification-service"":0.0}",9.829,21.202,True,True,20.0,19.507,0.0822,False,195.07,39.0135,False,1.0,True,
LIN-CRA-TIM-T70-W10-D5,LINEAR,CRASH,payment-service-proxy,TIME_BASED,70,10,5,5,5,2,full,SYNTHETIC_PREVIEW,1970-01-01T00:00:00Z,SYNTHETIC,135.0,21.29,0.0,1.85,0.9846,0.913,0.25,0.25,"{""order-service"":0.0,""inventory-service"":0.0,""payment-service"":0.8953,""notification-service"":0.0}",9.203,20.777,True,True,20.0,19.42,0.0263,False,194.2,38.8408,False,1.0,True,
LIN-CRA-TIM-T70-W10-D5,LINEAR,CRASH,payment-service-proxy,TIME_BASED,70,10,5,5,5,3,full,SYNTHETIC_PREVIEW,1970-01-01T00:00:00Z,SYNTHETIC,135.0,21.31,0.0,2.04,0.9645,0.9041,0.25,0.25,"{""order-service"":0.0,""inventory-service"":0.0,""payment-service"":0.9445,""notification-service"":0.0}",9.874,24.552,True,True,20.0,20.687,0.076,False,206.87,41.3745,False,1.0,True,
LIN-CRA-TIM-T70-W10-D15,LINEAR,CRASH,payment-service-proxy,TIME_BASED,70,10,15,5,5,1,full,SYNTHETIC_PREVIEW,1970-01-01T00:00:00Z,SYNTHETIC,145.0,19.33,0.0,3.2,0.9645,0.8343,0.25,0.25,"{""order-service"":0.0,""inventory-service"":0.0,""payment-service"":0.9109,""notification-service"":0.0}",9.829,41.438,True,True,20.0,20.636,0.0703,False,206.36,41.2721,False,1.0,True,
LIN-CRA-TIM-T70-W10-D15,LINEAR,CRASH,payment-service-proxy,TIME_BASED,70,10,15,5,5,2,full,SYNTHETIC_PREVIEW,1970-01-01T00:00:00Z,SYNTHETIC,145.0,19.7,0.0,3.75,0.9477,0.8097,0.25,0.25,"{""order-service"":0.0,""inventory-service"":0.0,""payment-service"":0.9727,""notification-service"":0.0}",9.666,41.743,True,True,20.0,20.244,0.0739,False,202.44,40.4871,False,1.0,True,
LIN-CRA-TIM-T70-W10-D15,LINEAR,CRASH,payment-service-proxy,TIME_BASED,70,10,15,5,5,3,full,SYNTHETIC_PREVIEW,1970-01-01T00:00:00Z,SYNTHETIC,145.0,19.44,0.0,1.4,1.0,0.9283,0.25,0.25,"{""order-service"":0.0,""inventory-service"":0.0,""payment-service"":0.9004,""notification-service"":0.0}",9.662,39.08,True,True,20.0,20.285,0.0523,False,202.85,40.5701,False,1.0,True,
LIN-CRA-TIM-T70-W10-D30,LINEAR,CRASH,payment-service-proxy,TIME_BASED,70,10,30,5,5,1,full,SYNTHETIC_PREVIEW,1970-01-01T00:00:00Z,SYNTHETIC,160.0,18.41,0.0,1.51,1.0,0.9181,0.25,0.25,"{""order-service"":0.0,""inventory-service"":0.0,""payment-service"":0.8719,""notification-service"":0.0}",9.403,79.745,True,True,20.0,19.71,0.0799,False,197.1,39.4202,False,1.0,True,
LIN-CRA-TIM-T70-W10-D30,LINEAR,CRASH,payment-service-proxy,TIME_BASED,70,10,30,5,5,2,full,SYNTHETIC_PREVIEW,1970-01-01T00:00:00Z,SYNTHETIC,160.0,20.17,0.0,2.74,1.0,0.8642,0.25,0.25,"{""order-service"":0.0,""inventory-service"":0.0,""payment-service"":0.9645,""notification-service"":0.0}",10.048,79.468,True,True,20.0,20.541,0.0808,False,205.41,41.0829,False,1.0,True,
LIN-CRA-TIM-T70-W10-D30,LINEAR,CRASH,payment-service-proxy,TIME_BASED,70,10,30,5,5,3,full,SYNTHETIC_PREVIEW,1970-01-01T00:00:00Z,SYNTHETIC,160.0,20.31,0.0,1.83,1.0,0.9098,0.25,0.25,"{""order-service"":0.0,""inventory-service"":0.0,""payment-service"":0.9204,""notification-service"":0.0}",9.867,81.225,True,True,20.0,19.914,0.0592,False,199.14,39.8277,False,1.0,True,
LIN-CRA-TIM-T70-W20-D5,LINEAR,CRASH,payment-service-proxy,TIME_BASED,70,20,5,5,5,1,full,SYNTHETIC_PREVIEW,1970-01-01T00:00:00Z,SYNTHETIC,235.0,20.61,0.0,2.65,0.9439,0.8713,0.25,0.25,"{""order-service"":0.0,""inventory-service"":0.0,""payment-service"":0.9766,""notification-service"":0.0}",14.513,23.989,True,True,20.0,19.694,0.033,False,393.88,78.7765,False,1.0,True,
LIN-CRA-TIM-T70-W20-D5,LINEAR,CRASH,payment-service-proxy,TIME_BASED,70,20,5,5,5,2,full,SYNTHETIC_PREVIEW,1970-01-01T00:00:00Z,SYNTHETIC,235.0,21.84,0.0,2.73,0.9665,0.8748,0.25,0.25,"{""order-service"":0.0,""inventory-service"":0.0,""payment-service"":0.9279,""notification-service"":0.0}",14.831,23.552,True,True,20.0,20.336,0.0706,False,406.73,81.345,False,1.0,True,
LIN-CRA-TIM-T70-W20-D5,LINEAR,CRASH,payment-service-proxy,TIME_BASED,70,20,5,5,5,3,full,SYNTHETIC_PREVIEW,1970-01-01T00:00:00Z,SYNTHETIC,235.0,21.97,0.0,2.78,0.98,0.8734,0.25,0.25,"{""order-service"":0.0,""inventory-service"":0.0,""payment-service"":0.9025,""notification-service"":0.0}",13.936,24.315,True,True,20.0,20.087,0.0383,False,401.74,80.3477,False,1.0,True,
LIN-CRA-TIM-T70-W20-D15,LINEAR,CRASH,payment-service-proxy,TIME_BASED,70,20,15,5,5,1,full,SYNTHETIC_PREVIEW,1970-01-01T00:00:00Z,SYNTHETIC,245.0,20.69,0.0,2.32,0.9904,0.8878,0.25,0.25,"{""order-service"":0.0,""inventory-service"":0.0,""payment-service"":0.9354,""notification-service"":0.0}",14.359,39.226,True,True,20.0,20.038,0.0476,False,400.77,80.1532,False,1.0,True,
LIN-CRA-TIM-T70-W20-D15,LINEAR,CRASH,payment-service-proxy,TIME_BASED,70,20,15,5,5,2,full,SYNTHETIC_PREVIEW,1970-01-01T00:00:00Z,SYNTHETIC,245.0,20.52,0.0,1.66,1.0,0.9192,0.25,0.25,"{""order-service"":0.0,""inventory-service"":0.0,""payment-service"":0.9682,""notification-service"":0.0}",14.31,35.268,True,True,20.0,20.815,0.0741,False,416.3,83.2603,False,1.0,True,
LIN-CRA-TIM-T70-W20-D15,LINEAR,CRASH,payment-service-proxy,TIME_BASED,70,20,15,5,5,3,full,SYNTHETIC_PREVIEW,1970-01-01T00:00:00Z,SYNTHETIC,245.0,20.07,0.0,1.49,0.9582,0.9255,0.25,0.25,"{""order-service"":0.0,""inventory-service"":0.0,""payment-service"":0.9394,""notification-service"":0.0}",14.312,38.427,True,True,20.0,19.98,0.0594,False,399.6,79.9193,False,1.0,True,
LIN-CRA-TIM-T70-W20-D30,LINEAR,CRASH,payment-service-proxy,TIME_BASED,70,20,30,5,5,1,full,SYNTHETIC_PREVIEW,1970-01-01T00:00:00Z,SYNTHETIC,260.0,21.23,0.0,2.9,0.9477,0.8635,0.25,0.25,"{""order-service"":0.0,""inventory-service"":0.0,""payment-service"":0.8252,""notification-service"":0.0}",13.469,69.743,True,True,20.0,20.359,0.0843,False,407.19,81.4379,False,1.0,True,
LIN-CRA-TIM-T70-W20-D30,LINEAR,CRASH,payment-service-proxy,TIME_BASED,70,20,30,5,5,2,full,SYNTHETIC_PREVIEW,1970-01-01T00:00:00Z,SYNTHETIC,260.0,20.33,0.0,1.16,1.0,0.9431,0.25,0.25,"{""order-service"":0.0,""inventory-service"":0.0,""payment-service"":0.9418,""notification-service"":0.0}",14.215,71.295,True,True,20.0,19.858,0.0723,False,397.17,79.4335,False,1.0,True,
LIN-CRA-TIM-T70-W20-D30,LINEAR,CRASH,payment-service-proxy,TIME_BASED,70,20,30,5,5,3,full,SYNTHETIC_PREVIEW,1970-01-01T00:00:00Z,SYNTHETIC,260.0,21.22,0.0,1.85,1.0,0.9129,0.25,0.25,"{""order-service"":0.0,""inventory-service"":0.0,""payment-service"":0.9464,""notification-service"":0.0}",14.529,71.705,True,True,20.0,19.855,0.031,False,397.1,79.4205,False,1.0,True,
