experiment_id,topology,fault_type,window_type,threshold,window_size,wait_duration,permitted_calls_half_open,environment,mode,replicate,run_timestamp,blast_radius,time_to_open,time_to_recover,error_rate,throughput_loss,real_blast_radius,leg_failure_rates,precondition_ok,precondition_fail_reason,readiness_wait_s,cb_state_pre,buffered_calls_pre,warmup_requests,warmup_duration_s,run_order_seed,run_index,load_concurrency,lambda_target,lambda_achieved,lambda_cv,lambda_deviation_flag,effective_horizon,machine_id,excluded_reason
LIN-CRS-CNT-T70-W20-D15,LINEAR,CRASH,COUNT_BASED,70,20,15,5,LOCAL,full,3,2026-09-05T22:11:33Z,0.5000,1.365,16.984,1.0000,1.0000,1.0000,order-service:1.0000;inventory-service:1.0000,True,,29.246,gateway:orderServiceCB=CLOSED;gateway:inventoryServiceCB=CLOSED;gateway:paymentServiceCB=CLOSED;order:inventoryServiceCB=CLOSED;order:sharedDbCB=CLOSED;inventory:paymentServiceCB=CLOSED;inventory:sharedDbCB=CLOSED;payment:notificationServiceCB=CLOSED;payment:sharedDbCB=CLOSED;notification:sharedDbCB=CLOSED,gateway:orderServiceCB=0;gateway:inventoryServiceCB=0;gateway:paymentServiceCB=0;order:inventoryServiceCB=0;order:sharedDbCB=0;inventory:paymentServiceCB=0;inventory:sharedDbCB=0;payment:notificationServiceCB=0;payment:sharedDbCB=0;notification:sharedDbCB=0,200,20.036,2018364128,1,5,10.0000,9.9823,0.0017,False,20.0000,codespace,
LIN-CRS-TIM-T70-W10-D15,LINEAR,CRASH,TIME_BASED,70,10,15,5,LOCAL,full,2,2026-09-05T22:13:36Z,0.5000,7.352,31.864,1.0000,1.0000,1.0000,order-service:1.0000;inventory-service:1.0000,True,,29.837,gateway:orderServiceCB=CLOSED;gateway:inventoryServiceCB=CLOSED;gateway:paymentServiceCB=CLOSED;order:inventoryServiceCB=CLOSED;order:sharedDbCB=CLOSED;inventory:paymentServiceCB=CLOSED;inventory:sharedDbCB=CLOSED;payment:notificationServiceCB=CLOSED;payment:sharedDbCB=CLOSED;notification:sharedDbCB=CLOSED,gateway:orderServiceCB=0;gateway:inventoryServiceCB=0;gateway:paymentServiceCB=0;order:inventoryServiceCB=0;order:sharedDbCB=0;inventory:paymentServiceCB=0;inventory:sharedDbCB=0;payment:notificationServiceCB=0;payment:sharedDbCB=0;notification:sharedDbCB=0,200,20.036,2018364128,2,5,10.0000,9.9857,0.0003,False,99.8572,codespace,
LIN-CRS-CNT-T30-W5-D15,LINEAR,CRASH,COUNT_BASED,30,5,15,5,LOCAL,full,2,2026-09-05T22:15:14Z,0.5000,0.233,16.073,1.0000,1.0000,1.0000,order-service:1.0000;inventory-service:1.0000,True,,27.244,gateway:orderServiceCB=CLOSED;gateway:inventoryServiceCB=CLOSED;gateway:paymentServiceCB=CLOSED;order:inventoryServiceCB=CLOSED;order:sharedDbCB=CLOSED;inventory:paymentServiceCB=CLOSED;inventory:sharedDbCB=CLOSED;payment:notificationServiceCB=CLOSED;payment:sharedDbCB=CLOSED;notification:sharedDbCB=CLOSED,gateway:orderServiceCB=0;gateway:inventoryServiceCB=0;gateway:paymentServiceCB=0;order:inventoryServiceCB=0;order:sharedDbCB=0;inventory:paymentServiceCB=0;inventory:sharedDbCB=0;payment:notificationServiceCB=0;payment:sharedDbCB=0;notification:sharedDbCB=0,200,20.034,2018364128,3,5,10.0000,9.9853,0.0003,False,5.0000,codespace,
LIN-CRS-TIM-T30-W5-D15,LINEAR,CRASH,TIME_BASED,30,5,15,5,LOCAL,full,3,2026-09-05T22:17:08Z,0.2500,1.547,31.648,1.0000,1.0000,1.0000,order-service:1.0000;inventory-service:1.0000,True,,27.148,gateway:orderServiceCB=CLOSED;gateway:inventoryServiceCB=CLOSED;gateway:paymentServiceCB=CLOSED;order:inventoryServiceCB=CLOSED;order:sharedDbCB=CLOSED;inventory:paymentServiceCB=CLOSED;inventory:sharedDbCB=CLOSED;payment:notificationServiceCB=CLOSED;payment:sharedDbCB=CLOSED;notification:sharedDbCB=CLOSED,gateway:orderServiceCB=0;gateway:inventoryServiceCB=0;gateway:paymentServiceCB=0;order:inventoryServiceCB=0;order:sharedDbCB=0;inventory:paymentServiceCB=0;inventory:sharedDbCB=0;payment:notificationServiceCB=0;payment:sharedDbCB=0;notification:sharedDbCB=0,200,20.033,2018364128,4,5,10.0000,9.9852,0.0014,False,49.9259,codespace,
LIN-CRS-TIM-T30-W10-D5,LINEAR,CRASH,TIME_BASED,30,10,5,5,LOCAL,full,3,2026-09-05T22:19:01Z,0.5000,3.042,28.217,1.0000,1.0000,1.0000,order-service:1.0000;inventory-service:1.0000,True,,26.923,gateway:orderServiceCB=CLOSED;gateway:inventoryServiceCB=CLOSED;gateway:paymentServiceCB=CLOSED;order:inventoryServiceCB=CLOSED;order:sharedDbCB=CLOSED;inventory:paymentServiceCB=CLOSED;inventory:sharedDbCB=CLOSED;payment:notificationServiceCB=CLOSED;payment:sharedDbCB=CLOSED;notification:sharedDbCB=CLOSED,gateway:orderServiceCB=0;gateway:inventoryServiceCB=0;gateway:paymentServiceCB=0;order:inventoryServiceCB=0;order:sharedDbCB=0;inventory:paymentServiceCB=0;inventory:sharedDbCB=0;payment:notificationServiceCB=0;payment:sharedDbCB=0;notification:sharedDbCB=0,200,20.035,2018364128,5,5,10.0000,9.9857,0.0010,False,99.8569,codespace,
LIN-CRS-TIM-T70-W20-D15,LINEAR,CRASH,TIME_BASED,70,20,15,5,LOCAL,full,3,2026-09-05T22:21:23Z,0.5000,14.183,47.251,1.0000,1.0000,1.0000,order-service:1.0000;inventory-service:1.0000,True,,27.161,gateway:orderServiceCB=CLOSED;gateway:inventoryServiceCB=CLOSED;gateway:paymentServiceCB=CLOSED;order:inventoryServiceCB=CLOSED;order:sharedDbCB=CLOSED;inventory:paymentServiceCB=CLOSED;inventory:sharedDbCB=CLOSED;payment:notificationServiceCB=CLOSED;payment:sharedDbCB=CLOSED;notification:sharedDbCB=CLOSED,gateway:orderServiceCB=0;gateway:inventoryServiceCB=0;gateway:paymentServiceCB=0;order:inventoryServiceCB=0;order:sharedDbCB=0;inventory:paymentServiceCB=0;inventory:sharedDbCB=0;payment:notificationServiceCB=0;payment:sharedDbCB=0;notification:sharedDbCB=0,200,20.031,2018364128,6,5,10.0000,9.9859,0.0015,False,199.7185,codespace,
LIN-CRS-CNT-T30-W20-D15,LINEAR,CRASH,COUNT_BASED,30,20,15,5,LOCAL,full,1,2026-09-05T22:23:02Z,0.5000,0.681,16.619,1.0000,1.0000,1.0000,order-service:1.0000;inventory-service:1.0000,True,,27.205,gateway:orderServiceCB=CLOSED;gateway:inventoryServiceCB=CLOSED;gateway:paymentServiceCB=CLOSED;order:inventoryServiceCB=CLOSED;order:sharedDbCB=CLOSED;inventory:paymentServiceCB=CLOSED;inventory:sharedDbCB=CLOSED;payment:notificationServiceCB=CLOSED;payment:sharedDbCB=CLOSED;notification:sharedDbCB=CLOSED,gateway:orderServiceCB=0;gateway:inventoryServiceCB=0;gateway:paymentServiceCB=0;order:inventoryServiceCB=0;order:sharedDbCB=0;inventory:paymentServiceCB=0;inventory:sharedDbCB=0;payment:notificationServiceCB=0;payment:sharedDbCB=0;notification:sharedDbCB=0,200,20.037,2018364128,7,5,10.0000,9.9850,0.0006,False,20.0000,codespace,
LIN-CRS-CNT-T30-W5-D5,LINEAR,CRASH,COUNT_BASED,30,5,5,5,LOCAL,full,2,2026-09-05T22:24:30Z,0.5000,0.234,6.954,1.0000,1.0000,1.0000,order-service:1.0000;inventory-service:1.0000,True,,26.792,gateway:orderServiceCB=CLOSED;gateway:inventoryServiceCB=CLOSED;gateway:paymentServiceCB=CLOSED;order:inventoryServiceCB=CLOSED;order:sharedDbCB=CLOSED;inventory:paymentServiceCB=CLOSED;inventory:sharedDbCB=CLOSED;payment:notificationServiceCB=CLOSED;payment:sharedDbCB=CLOSED;notification:sharedDbCB=CLOSED,gateway:orderServiceCB=0;gateway:inventoryServiceCB=0;gateway:paymentServiceCB=0;order:inventoryServiceCB=0;order:sharedDbCB=0;inventory:paymentServiceCB=0;inventory:sharedDbCB=0;payment:notificationServiceCB=0;payment:sharedDbCB=0;notification:sharedDbCB=0,200,20.034,2018364128,8,5,10.0000,9.9851,0.0004,False,5.0000,codespace,
LIN-CRS-CNT-T30-W10-D30,LINEAR,CRASH,COUNT_BASED,30,10,30,5,LOCAL,full,1,2026-09-05T22:26:23Z,0.2500,0.238,31.345,1.0000,1.0000,1.0000,order-service:1.0000;inventory-service:1.0000,True,,27.801,gateway:orderServiceCB=CLOSED;gateway:inventoryServiceCB=CLOSED;gateway:paymentServiceCB=CLOSED;order:inventoryServiceCB=CLOSED;order:sharedDbCB=CLOSED;inventory:paymentServiceCB=CLOSED;inventory:sharedDbCB=CLOSED;payment:notificationServiceCB=CLOSED;payment:sharedDbCB=CLOSED;notification:sharedDbCB=CLOSED,gateway:orderServiceCB=0;gateway:inventoryServiceCB=0;gateway:paymentServiceCB=0;order:inventoryServiceCB=0;order:sharedDbCB=0;inventory:paymentServiceCB=0;inventory:sharedDbCB=0;payment:notificationServiceCB=0;payment:sharedDbCB=0;notification:sharedDbCB=0,200,20.037,2018364128,9,5,10.0000,9.9850,0.0004,False,10.0000,codespace,
LIN-CRS-CNT-T30-W20-D30,LINEAR,CRASH,COUNT_BASED,30,20,30,5,LOCAL,full,3,2026-09-05T22:28:16Z,0.5000,0.71,31.822,1.0000,1.0000,1.0000,order-service:1.0000;inventory-service:1.0000,True,,27.106,gateway:orderServiceCB=CLOSED;gateway:inventoryServiceCB=CLOSED;gateway:paymentServiceCB=CLOSED;order:inventoryServiceCB=CLOSED;order:sharedDbCB=CLOSED;inventory:paymentServiceCB=CLOSED;inventory:sharedDbCB=CLOSED;payment:notificationServiceCB=CLOSED;payment:sharedDbCB=CLOSED;notification:sharedDbCB=CLOSED,gateway:orderServiceCB=0;gateway:inventoryServiceCB=0;gateway:paymentServiceCB=0;order:inventoryServiceCB=0;order:sharedDbCB=0;inventory:paymentServiceCB=0;inventory:sharedDbCB=0;payment:notificationServiceCB=0;payment:sharedDbCB=0;notification:sharedDbCB=0,200,20.034,2018364128,10,5,10.0000,9.9834,0.0009,False,20.0000,codespace,
LIN-CRS-TIM-T30-W20-D5,LINEAR,CRASH,TIME_BASED,30,20,5,5,LOCAL,full,1,2026-09-05T22:30:18Z,0.5000,6.057,34.175,1.0000,1.0000,1.0000,order-service:1.0000;inventory-service:1.0000,True,,27.098,gateway:orderServiceCB=CLOSED;gateway:inventoryServiceCB=CLOSED;gateway:paymentServiceCB=CLOSED;order:inventoryServiceCB=CLOSED;order:sharedDbCB=CLOSED;inventory:paymentServiceCB=CLOSED;inventory:sharedDbCB=CLOSED;payment:notificationServiceCB=CLOSED;payment:sharedDbCB=CLOSED;notification:sharedDbCB=CLOSED,gateway:orderServiceCB=0;gateway:inventoryServiceCB=0;gateway:paymentServiceCB=0;order:inventoryServiceCB=0;order:sharedDbCB=0;inventory:paymentServiceCB=0;inventory:sharedDbCB=0;payment:notificationServiceCB=0;payment:sharedDbCB=0;notification:sharedDbCB=0,200,20.035,2018364128,11,5,10.0000,9.9853,0.0015,False,199.7052,codespace,
LIN-CRS-CNT-T30-W5-D5,LINEAR,CRASH,COUNT_BASED,30,5,5,5,LOCAL,full,3,2026-09-05T22:31:47Z,0.5000,0.249,6.926,1.0000,1.0000,1.0000,order-service:1.0000;inventory-service:1.0000,True,,28.509,gateway:orderServiceCB=CLOSED;gateway:inventoryServiceCB=CLOSED;gateway:paymentServiceCB=CLOSED;order:inventoryServiceCB=CLOSED;order:sharedDbCB=CLOSED;inventory:paymentServiceCB=CLOSED;inventory:sharedDbCB=CLOSED;payment:notificationServiceCB=CLOSED;payment:sharedDbCB=CLOSED;notification:sharedDbCB=CLOSED,gateway:orderServiceCB=0;gateway:inventoryServiceCB=0;gateway:paymentServiceCB=0;order:inventoryServiceCB=0;order:sharedDbCB=0;inventory:paymentServiceCB=0;inventory:sharedDbCB=0;payment:notificationServiceCB=0;payment:sharedDbCB=0;notification:sharedDbCB=0,200,20.032,2018364128,12,5,10.0000,9.9834,0.0009,False,5.0000,codespace,
LIN-CRS-TIM-T70-W20-D15,LINEAR,CRASH,TIME_BASED,70,20,15,5,LOCAL,full,2,2026-09-05T22:34:09Z,0.5000,14.166,47.297,1.0000,1.0000,1.0000,order-service:1.0000;inventory-service:1.0000,True,,27.117,gateway:orderServiceCB=CLOSED;gateway:inventoryServiceCB=CLOSED;gateway:paymentServiceCB=CLOSED;order:inventoryServiceCB=CLOSED;order:sharedDbCB=CLOSED;inventory:paymentServiceCB=CLOSED;inventory:sharedDbCB=CLOSED;payment:notificationServiceCB=CLOSED;payment:sharedDbCB=CLOSED;notification:sharedDbCB=CLOSED,gateway:orderServiceCB=0;gateway:inventoryServiceCB=0;gateway:paymentServiceCB=0;order:inventoryServiceCB=0;order:sharedDbCB=0;inventory:paymentServiceCB=0;inventory:sharedDbCB=0;payment:notificationServiceCB=0;payment:sharedDbCB=0;notification:sharedDbCB=0,200,20.032,2018364128,13,5,10.0000,9.9855,0.0010,False,199.7101,codespace,
LIN-CRS-CNT-T30-W20-D15,LINEAR,CRASH,COUNT_BASED,30,20,15,5,LOCAL,full,2,2026-09-05T22:35:50Z,0.5000,0.681,16.597,1.0000,1.0000,1.0000,order-service:1.0000;inventory-service:1.0000,True,,29.671,gateway:orderServiceCB=CLOSED;gateway:inventoryServiceCB=CLOSED;gateway:paymentServiceCB=CLOSED;order:inventoryServiceCB=CLOSED;order:sharedDbCB=CLOSED;inventory:paymentServiceCB=CLOSED;inventory:sharedDbCB=CLOSED;payment:notificationServiceCB=CLOSED;payment:sharedDbCB=CLOSED;notification:sharedDbCB=CLOSED,gateway:orderServiceCB=0;gateway:inventoryServiceCB=0;gateway:paymentServiceCB=0;order:inventoryServiceCB=0;order:sharedDbCB=0;inventory:paymentServiceCB=0;inventory:sharedDbCB=0;payment:notificationServiceCB=0;payment:sharedDbCB=0;notification:sharedDbCB=0,200,20.036,2018364128,14,5,10.0000,9.9848,0.0008,False,20.0000,codespace,
LIN-CRS-CNT-T70-W10-D5,LINEAR,CRASH,COUNT_BASED,70,10,5,5,LOCAL,full,2,2026-09-05T22:37:18Z,0.5000,0.666,6.526,1.0000,1.0000,1.0000,order-service:1.0000;inventory-service:1.0000,True,,27.058,gateway:orderServiceCB=CLOSED;gateway:inventoryServiceCB=CLOSED;gateway:paymentServiceCB=CLOSED;order:inventoryServiceCB=CLOSED;order:sharedDbCB=CLOSED;inventory:paymentServiceCB=CLOSED;inventory:sharedDbCB=CLOSED;payment:notificationServiceCB=CLOSED;payment:sharedDbCB=CLOSED;notification:sharedDbCB=CLOSED,gateway:orderServiceCB=0;gateway:inventoryServiceCB=0;gateway:paymentServiceCB=0;order:inventoryServiceCB=0;order:sharedDbCB=0;inventory:paymentServiceCB=0;inventory:sharedDbCB=0;payment:notificationServiceCB=0;payment:sharedDbCB=0;notification:sharedDbCB=0,200,20.031,2018364128,15,5,10.0000,9.9848,0.0005,False,10.0000,codespace,
LIN-CRS-TIM-T30-W5-D30,LINEAR,CRASH,TIME_BASED,30,5,30,5,LOCAL,full,3,2026-09-05T22:39:43Z,0.5000,1.576,61.943,1.0000,1.0000,1.0000,order-service:1.0000;inventory-service:1.0000,True,,27.654,gateway:orderServiceCB=CLOSED;gateway:inventoryServiceCB=CLOSED;gateway:paymentServiceCB=CLOSED;order:inventoryServiceCB=CLOSED;order:sharedDbCB=CLOSED;inventory:paymentServiceCB=CLOSED;inventory:sharedDbCB=CLOSED;payment:notificationServiceCB=CLOSED;payment:sharedDbCB=CLOSED;notification:sharedDbCB=CLOSED,gateway:orderServiceCB=0;gateway:inventoryServiceCB=0;gateway:paymentServiceCB=0;order:inventoryServiceCB=0;order:sharedDbCB=0;inventory:paymentServiceCB=0;inventory:sharedDbCB=0;payment:notificationServiceCB=0;payment:sharedDbCB=0;notification:sharedDbCB=0,200,20.036,2018364128,16,5,10.0000,9.9854,0.0003,False,49.9272,codespace,
LIN-CRS-TIM-T70-W20-D30,LINEAR,CRASH,TIME_BASED,70,20,30,5,LOCAL,full,2,2026-09-06T10:32:59Z,0.5000,14.466,61.967,1.0000,1.0000,1.0000,order-service:1.0000;inventory-service:1.0000,True,,29.147,gateway:orderServiceCB=CLOSED;gateway:inventoryServiceCB=CLOSED;gateway:paymentServiceCB=CLOSED;order:inventoryServiceCB=CLOSED;order:sharedDbCB=CLOSED;inventory:paymentServiceCB=CLOSED;inventory:sharedDbCB=CLOSED;payment:notificationServiceCB=CLOSED;payment:sharedDbCB=CLOSED;notification:sharedDbCB=CLOSED,gateway:orderServiceCB=0;gateway:inventoryServiceCB=0;gateway:paymentServiceCB=0;order:inventoryServiceCB=0;order:sharedDbCB=0;inventory:paymentServiceCB=0;inventory:sharedDbCB=0;payment:notificationServiceCB=0;payment:sharedDbCB=0;notification:sharedDbCB=0,200,20.032,856076239,1,5,10.0000,9.9858,0.0012,False,199.7162,codespace,
LIN-CRS-CNT-T30-W10-D5,LINEAR,CRASH,COUNT_BASED,30,10,5,5,LOCAL,full,3,2026-09-06T10:34:29Z,0.2500,0.235,6.976,1.0000,1.0000,1.0000,order-service:1.0000;inventory-service:1.0000,True,,29.196,gateway:orderServiceCB=CLOSED;gateway:inventoryServiceCB=CLOSED;gateway:paymentServiceCB=CLOSED;order:inventoryServiceCB=CLOSED;order:sharedDbCB=CLOSED;inventory:paymentServiceCB=CLOSED;inventory:sharedDbCB=CLOSED;payment:notificationServiceCB=CLOSED;payment:sharedDbCB=CLOSED;notification:sharedDbCB=CLOSED,gateway:orderServiceCB=0;gateway:inventoryServiceCB=0;gateway:paymentServiceCB=0;order:inventoryServiceCB=0;order:sharedDbCB=0;inventory:paymentServiceCB=0;inventory:sharedDbCB=0;payment:notificationServiceCB=0;payment:sharedDbCB=0;notification:sharedDbCB=0,200,20.037,856076239,2,5,10.0000,9.9854,0.0004,False,10.0000,codespace,
LIN-CRS-CNT-T50-W10-D15,LINEAR,CRASH,COUNT_BASED,50,10,15,5,LOCAL,full,1,2026-09-06T10:36:08Z,0.5000,0.457,16.892,1.0000,1.0000,1.0000,order-service:1.0000;inventory-service:1.0000,True,,27.338,gateway:orderServiceCB=CLOSED;gateway:inventoryServiceCB=CLOSED;gateway:paymentServiceCB=CLOSED;order:inventoryServiceCB=CLOSED;order:sharedDbCB=CLOSED;inventory:paymentServiceCB=CLOSED;inventory:sharedDbCB=CLOSED;payment:notificationServiceCB=CLOSED;payment:sharedDbCB=CLOSED;notification:sharedDbCB=CLOSED,gateway:orderServiceCB=0;gateway:inventoryServiceCB=0;gateway:paymentServiceCB=0;order:inventoryServiceCB=0;order:sharedDbCB=0;inventory:paymentServiceCB=0;inventory:sharedDbCB=0;payment:notificationServiceCB=0;payment:sharedDbCB=0;notification:sharedDbCB=0,200,20.039,856076239,3,5,10.0000,9.9851,0.0004,False,10.0000,codespace,
LIN-CRS-CNT-T70-W20-D5,LINEAR,CRASH,COUNT_BASED,70,20,5,5,LOCAL,full,2,2026-09-06T10:37:37Z,0.5000,1.539,6.634,1.0000,1.0000,1.0000,order-service:1.0000;inventory-service:1.0000,True,,26.743,gateway:orderServiceCB=CLOSED;gateway:inventoryServiceCB=CLOSED;gateway:paymentServiceCB=CLOSED;order:inventoryServiceCB=CLOSED;order:sharedDbCB=CLOSED;inventory:paymentServiceCB=CLOSED;inventory:sharedDbCB=CLOSED;payment:notificationServiceCB=CLOSED;payment:sharedDbCB=CLOSED;notification:sharedDbCB=CLOSED,gateway:orderServiceCB=0;gateway:inventoryServiceCB=0;gateway:paymentServiceCB=0;order:inventoryServiceCB=0;order:sharedDbCB=0;inventory:paymentServiceCB=0;inventory:sharedDbCB=0;payment:notificationServiceCB=0;payment:sharedDbCB=0;notification:sharedDbCB=0,200,20.036,856076239,4,5,10.0000,9.9843,0.0009,False,20.0000,codespace,
LIN-CRS-CNT-T50-W5-D15,LINEAR,CRASH,COUNT_BASED,50,5,15,5,LOCAL,full,1,2026-09-06T10:39:15Z,0.2500,0.252,16.075,1.0000,1.0000,1.0000,order-service:1.0000;inventory-service:1.0000,True,,28.049,gateway:orderServiceCB=CLOSED;gateway:inventoryServiceCB=CLOSED;gateway:paymentServiceCB=CLOSED;order:inventoryServiceCB=CLOSED;order:sharedDbCB=CLOSED;inventory:paymentServiceCB=CLOSED;inventory:sharedDbCB=CLOSED;payment:notificationServiceCB=CLOSED;payment:sharedDbCB=CLOSED;notification:sharedDbCB=CLOSED,gateway:orderServiceCB=0;gateway:inventoryServiceCB=0;gateway:paymentServiceCB=0;order:inventoryServiceCB=0;order:sharedDbCB=0;inventory:paymentServiceCB=0;inventory:sharedDbCB=0;payment:notificationServiceCB=0;payment:sharedDbCB=0;notification:sharedDbCB=0,200,20.032,856076239,5,5,10.0000,9.9824,0.0012,False,5.0000,codespace,
LIN-CRS-CNT-T30-W5-D15,LINEAR,CRASH,COUNT_BASED,30,5,15,5,LOCAL,full,3,2026-09-06T10:40:53Z,0.5000,0.241,16.077,1.0000,1.0000,1.0000,order-service:1.0000;inventory-service:1.0000,True,,27.368,gateway:orderServiceCB=CLOSED;gateway:inventoryServiceCB=CLOSED;gateway:paymentServiceCB=CLOSED;order:inventoryServiceCB=CLOSED;order:sharedDbCB=CLOSED;inventory:paymentServiceCB=CLOSED;inventory:sharedDbCB=CLOSED;payment:notificationServiceCB=CLOSED;payment:sharedDbCB=CLOSED;notification:sharedDbCB=CLOSED,gateway:orderServiceCB=0;gateway:inventoryServiceCB=0;gateway:paymentServiceCB=0;order:inventoryServiceCB=0;order:sharedDbCB=0;inventory:paymentServiceCB=0;inventory:sharedDbCB=0;payment:notificationServiceCB=0;payment:sharedDbCB=0;notification:sharedDbCB=0,200,20.036,856076239,6,5,10.0000,9.9850,0.0010,False,5.0000,codespace,
LIN-CRS-TIM-T70-W20-D5,LINEAR,CRASH,TIME_BASED,70,20,5,5,LOCAL,full,3,2026-09-06T10:42:55Z,0.2500,14.46,22.713,1.0000,1.0000,1.0000,order-service:1.0000;inventory-service:1.0000,True,,30.550,gateway:orderServiceCB=CLOSED;gateway:inventoryServiceCB=CLOSED;gateway:paymentServiceCB=CLOSED;order:inventoryServiceCB=CLOSED;order:sharedDbCB=CLOSED;inventory:paymentServiceCB=CLOSED;inventory:sharedDbCB=CLOSED;payment:notificationServiceCB=CLOSED;payment:sharedDbCB=CLOSED;notification:sharedDbCB=CLOSED,gateway:orderServiceCB=0;gateway:inventoryServiceCB=0;gateway:paymentServiceCB=0;order:inventoryServiceCB=0;order:sharedDbCB=0;inventory:paymentServiceCB=0;inventory:sharedDbCB=0;payment:notificationServiceCB=0;payment:sharedDbCB=0;notification:sharedDbCB=0,200,20.040,856076239,7,5,10.0000,9.9859,0.0010,False,199.7175,codespace,
LIN-CRS-CNT-T70-W5-D15,LINEAR,CRASH,COUNT_BASED,70,5,15,5,LOCAL,full,3,2026-09-06T10:44:33Z,0.5000,0.466,16.918,1.0000,1.0000,1.0000,order-service:1.0000;inventory-service:1.0000,True,,27.441,gateway:orderServiceCB=CLOSED;gateway:inventoryServiceCB=CLOSED;gateway:paymentServiceCB=CLOSED;order:inventoryServiceCB=CLOSED;order:sharedDbCB=CLOSED;inventory:paymentServiceCB=CLOSED;inventory:sharedDbCB=CLOSED;payment:notificationServiceCB=CLOSED;payment:sharedDbCB=CLOSED;notification:sharedDbCB=CLOSED,gateway:orderServiceCB=0;gateway:inventoryServiceCB=0;gateway:paymentServiceCB=0;order:inventoryServiceCB=0;order:sharedDbCB=0;inventory:paymentServiceCB=0;inventory:sharedDbCB=0;payment:notificationServiceCB=0;payment:sharedDbCB=0;notification:sharedDbCB=0,200,20.035,856076239,8,5,10.0000,9.9850,0.0004,False,5.0000,codespace,
LIN-CRS-TIM-T50-W5-D15,LINEAR,CRASH,TIME_BASED,50,5,15,5,LOCAL,full,3,2026-09-06T10:46:29Z,0.5000,2.829,31.385,1.0000,1.0000,1.0000,order-service:1.0000;inventory-service:1.0000,True,,28.445,gateway:orderServiceCB=CLOSED;gateway:inventoryServiceCB=CLOSED;gateway:paymentServiceCB=CLOSED;order:inventoryServiceCB=CLOSED;order:sharedDbCB=CLOSED;inventory:paymentServiceCB=CLOSED;inventory:sharedDbCB=CLOSED;payment:notificationServiceCB=CLOSED;payment:sharedDbCB=CLOSED;notification:sharedDbCB=CLOSED,gateway:orderServiceCB=0;gateway:inventoryServiceCB=0;gateway:paymentServiceCB=0;order:inventoryServiceCB=0;order:sharedDbCB=0;inventory:paymentServiceCB=0;inventory:sharedDbCB=0;payment:notificationServiceCB=0;payment:sharedDbCB=0;notification:sharedDbCB=0,200,20.031,856076239,9,5,10.0000,9.9858,0.0010,False,49.9288,codespace,
LIN-CRS-TIM-T30-W10-D15,LINEAR,CRASH,TIME_BASED,30,10,15,5,LOCAL,full,1,2026-09-06T10:48:41Z,0.5000,3.275,47.176,1.0000,1.0000,1.0000,order-service:1.0000;inventory-service:1.0000,True,,27.207,gateway:orderServiceCB=CLOSED;gateway:inventoryServiceCB=CLOSED;gateway:paymentServiceCB=CLOSED;order:inventoryServiceCB=CLOSED;order:sharedDbCB=CLOSED;inventory:paymentServiceCB=CLOSED;inventory:sharedDbCB=CLOSED;payment:notificationServiceCB=CLOSED;payment:sharedDbCB=CLOSED;notification:sharedDbCB=CLOSED,gateway:orderServiceCB=0;gateway:inventoryServiceCB=0;gateway:paymentServiceCB=0;order:inventoryServiceCB=0;order:sharedDbCB=0;inventory:paymentServiceCB=0;inventory:sharedDbCB=0;payment:notificationServiceCB=0;payment:sharedDbCB=0;notification:sharedDbCB=0,200,20.041,856076239,10,5,10.0000,9.9859,0.0006,False,99.8590,codespace,
LIN-CRS-TIM-T50-W10-D5,LINEAR,CRASH,TIME_BASED,50,10,5,5,LOCAL,full,2,2026-09-06T10:50:30Z,0.5000,5.017,23.175,1.0000,1.0000,1.0000,order-service:1.0000;inventory-service:1.0000,True,,27.133,gateway:orderServiceCB=CLOSED;gateway:inventoryServiceCB=CLOSED;gateway:paymentServiceCB=CLOSED;order:inventoryServiceCB=CLOSED;order:sharedDbCB=CLOSED;inventory:paymentServiceCB=CLOSED;inventory:sharedDbCB=CLOSED;payment:notificationServiceCB=CLOSED;payment:sharedDbCB=CLOSED;notification:sharedDbCB=CLOSED,gateway:orderServiceCB=0;gateway:inventoryServiceCB=0;gateway:paymentServiceCB=0;order:inventoryServiceCB=0;order:sharedDbCB=0;inventory:paymentServiceCB=0;inventory:sharedDbCB=0;payment:notificationServiceCB=0;payment:sharedDbCB=0;notification:sharedDbCB=0,200,20.031,856076239,11,5,10.0000,9.9862,0.0005,False,99.8617,codespace,
LIN-CRS-CNT-T50-W5-D30,LINEAR,CRASH,COUNT_BASED,50,5,30,5,LOCAL,full,1,2026-09-06T10:52:25Z,0.2500,0.241,31.329,1.0000,1.0000,1.0000,order-service:1.0000;inventory-service:1.0000,True,,29.833,gateway:orderServiceCB=CLOSED;gateway:inventoryServiceCB=CLOSED;gateway:paymentServiceCB=CLOSED;order:inventoryServiceCB=CLOSED;order:sharedDbCB=CLOSED;inventory:paymentServiceCB=CLOSED;inventory:sharedDbCB=CLOSED;payment:notificationServiceCB=CLOSED;payment:sharedDbCB=CLOSED;notification:sharedDbCB=CLOSED,gateway:orderServiceCB=0;gateway:inventoryServiceCB=0;gateway:paymentServiceCB=0;order:inventoryServiceCB=0;order:sharedDbCB=0;inventory:paymentServiceCB=0;inventory:sharedDbCB=0;payment:notificationServiceCB=0;payment:sharedDbCB=0;notification:sharedDbCB=0,200,20.034,856076239,12,5,10.0000,9.9839,0.0007,False,5.0000,codespace,
LIN-CRS-CNT-T50-W20-D5,LINEAR,CRASH,COUNT_BASED,50,20,5,5,LOCAL,full,1,2026-09-06T10:53:57Z,0.5000,1.119,7.052,1.0000,1.0000,1.0000,order-service:1.0000;inventory-service:1.0000,True,,29.912,gateway:orderServiceCB=CLOSED;gateway:inventoryServiceCB=CLOSED;gateway:paymentServiceCB=CLOSED;order:inventoryServiceCB=CLOSED;order:sharedDbCB=CLOSED;inventory:paymentServiceCB=CLOSED;inventory:sharedDbCB=CLOSED;payment:notificationServiceCB=CLOSED;payment:sharedDbCB=CLOSED;notification:sharedDbCB=CLOSED,gateway:orderServiceCB=0;gateway:inventoryServiceCB=0;gateway:paymentServiceCB=0;order:inventoryServiceCB=0;order:sharedDbCB=0;inventory:paymentServiceCB=0;inventory:sharedDbCB=0;payment:notificationServiceCB=0;payment:sharedDbCB=0;notification:sharedDbCB=0,200,20.035,856076239,13,5,10.0000,9.9852,0.0003,False,20.0000,codespace,
LIN-CRS-CNT-T70-W5-D5,LINEAR,CRASH,COUNT_BASED,70,5,5,5,LOCAL,full,1,2026-09-06T10:55:27Z,0.5000,0.487,6.673,1.0000,1.0000,1.0000,order-service:1.0000;inventory-service:1.0000,True,,28.990,gateway:orderServiceCB=CLOSED;gateway:inventoryServiceCB=CLOSED;gateway:paymentServiceCB=CLOSED;order:inventoryServiceCB=CLOSED;order:sharedDbCB=CLOSED;inventory:paymentServiceCB=CLOSED;inventory:sharedDbCB=CLOSED;payment:notificationServiceCB=CLOSED;payment:sharedDbCB=CLOSED;notification:sharedDbCB=CLOSED,gateway:orderServiceCB=0;gateway:inventoryServiceCB=0;gateway:paymentServiceCB=0;order:inventoryServiceCB=0;order:sharedDbCB=0;inventory:paymentServiceCB=0;inventory:sharedDbCB=0;payment:notificationServiceCB=0;payment:sharedDbCB=0;notification:sharedDbCB=0,200,20.033,856076239,14,5,10.0000,9.9854,0.0005,False,5.0000,codespace,
LIN-CRS-CNT-T30-W10-D15,LINEAR,CRASH,COUNT_BASED,30,10,15,5,LOCAL,full,3,2026-09-06T10:57:07Z,0.2500,0.26,16.08,1.0000,1.0000,1.0000,order-service:1.0000;inventory-service:1.0000,True,,30.315,gateway:orderServiceCB=CLOSED;gateway:inventoryServiceCB=CLOSED;gateway:paymentServiceCB=CLOSED;order:inventoryServiceCB=CLOSED;order:sharedDbCB=CLOSED;inventory:paymentServiceCB=CLOSED;inventory:sharedDbCB=CLOSED;payment:notificationServiceCB=CLOSED;payment:sharedDbCB=CLOSED;notification:sharedDbCB=CLOSED,gateway:orderServiceCB=0;gateway:inventoryServiceCB=0;gateway:paymentServiceCB=0;order:inventoryServiceCB=0;order:sharedDbCB=0;inventory:paymentServiceCB=0;inventory:sharedDbCB=0;payment:notificationServiceCB=0;payment:sharedDbCB=0;notification:sharedDbCB=0,200,20.033,856076239,15,5,10.0000,9.9848,0.0003,False,10.0000,codespace,
LIN-CRS-CNT-T30-W20-D5,LINEAR,CRASH,COUNT_BASED,30,20,5,5,LOCAL,full,3,2026-09-06T10:58:36Z,0.5000,0.668,7.478,1.0000,1.0000,1.0000,order-service:1.0000;inventory-service:1.0000,True,,27.009,gateway:orderServiceCB=CLOSED;gateway:inventoryServiceCB=CLOSED;gateway:paymentServiceCB=CLOSED;order:inventoryServiceCB=CLOSED;order:sharedDbCB=CLOSED;inventory:paymentServiceCB=CLOSED;inventory:sharedDbCB=CLOSED;payment:notificationServiceCB=CLOSED;payment:sharedDbCB=CLOSED;notification:sharedDbCB=CLOSED,gateway:orderServiceCB=0;gateway:inventoryServiceCB=0;gateway:paymentServiceCB=0;order:inventoryServiceCB=0;order:sharedDbCB=0;inventory:paymentServiceCB=0;inventory:sharedDbCB=0;payment:notificationServiceCB=0;payment:sharedDbCB=0;notification:sharedDbCB=0,200,20.041,856076239,16,5,10.0000,9.9816,0.0032,False,20.0000,codespace,
LIN-CRS-CNT-T30-W20-D5,LINEAR,CRASH,COUNT_BASED,30,20,5,5,LOCAL,full,2,2026-09-06T11:00:06Z,0.5000,0.688,7.483,1.0000,1.0000,1.0000,order-service:1.0000;inventory-service:1.0000,True,,28.303,gateway:orderServiceCB=CLOSED;gateway:inventoryServiceCB=CLOSED;gateway:paymentServiceCB=CLOSED;order:inventoryServiceCB=CLOSED;order:sharedDbCB=CLOSED;inventory:paymentServiceCB=CLOSED;inventory:sharedDbCB=CLOSED;payment:notificationServiceCB=CLOSED;payment:sharedDbCB=CLOSED;notification:sharedDbCB=CLOSED,gateway:orderServiceCB=0;gateway:inventoryServiceCB=0;gateway:paymentServiceCB=0;order:inventoryServiceCB=0;order:sharedDbCB=0;inventory:paymentServiceCB=0;inventory:sharedDbCB=0;payment:notificationServiceCB=0;payment:sharedDbCB=0;notification:sharedDbCB=0,200,20.037,856076239,17,5,10.0000,9.9846,0.0021,False,20.0000,codespace,
LIN-CRS-CNT-T70-W20-D5,LINEAR,CRASH,COUNT_BASED,70,20,5,5,LOCAL,full,1,2026-09-06T11:01:38Z,0.5000,1.541,6.627,1.0000,1.0000,1.0000,order-service:1.0000;inventory-service:1.0000,True,,30.105,gateway:orderServiceCB=CLOSED;gateway:inventoryServiceCB=CLOSED;gateway:paymentServiceCB=CLOSED;order:inventoryServiceCB=CLOSED;order:sharedDbCB=CLOSED;inventory:paymentServiceCB=CLOSED;inventory:sharedDbCB=CLOSED;payment:notificationServiceCB=CLOSED;payment:sharedDbCB=CLOSED;notification:sharedDbCB=CLOSED,gateway:orderServiceCB=0;gateway:inventoryServiceCB=0;gateway:paymentServiceCB=0;order:inventoryServiceCB=0;order:sharedDbCB=0;inventory:paymentServiceCB=0;inventory:sharedDbCB=0;payment:notificationServiceCB=0;payment:sharedDbCB=0;notification:sharedDbCB=0,200,20.033,856076239,18,5,10.0000,9.9852,0.0004,False,20.0000,codespace,
LIN-CRS-CNT-T70-W10-D30,LINEAR,CRASH,COUNT_BASED,70,10,30,5,LOCAL,full,2,2026-09-06T11:03:33Z,0.5000,0.674,31.935,1.0000,1.0000,1.0000,order-service:1.0000;inventory-service:1.0000,True,,27.988,gateway:orderServiceCB=CLOSED;gateway:inventoryServiceCB=CLOSED;gateway:paymentServiceCB=CLOSED;order:inventoryServiceCB=CLOSED;order:sharedDbCB=CLOSED;inventory:paymentServiceCB=CLOSED;inventory:sharedDbCB=CLOSED;payment:notificationServiceCB=CLOSED;payment:sharedDbCB=CLOSED;notification:sharedDbCB=CLOSED,gateway:orderServiceCB=0;gateway:inventoryServiceCB=0;gateway:paymentServiceCB=0;order:inventoryServiceCB=0;order:sharedDbCB=0;inventory:paymentServiceCB=0;inventory:sharedDbCB=0;payment:notificationServiceCB=0;payment:sharedDbCB=0;notification:sharedDbCB=0,200,20.036,856076239,19,5,10.0000,9.9855,0.0003,False,10.0000,codespace,
LIN-CRS-CNT-T70-W10-D15,LINEAR,CRASH,COUNT_BASED,70,10,15,5,LOCAL,full,2,2026-09-06T11:05:11Z,0.5000,0.677,16.673,1.0000,1.0000,1.0000,order-service:1.0000;inventory-service:1.0000,True,,27.306,gateway:orderServiceCB=CLOSED;gateway:inventoryServiceCB=CLOSED;gateway:paymentServiceCB=CLOSED;order:inventoryServiceCB=CLOSED;order:sharedDbCB=CLOSED;inventory:paymentServiceCB=CLOSED;inventory:sharedDbCB=CLOSED;payment:notificationServiceCB=CLOSED;payment:sharedDbCB=CLOSED;notification:sharedDbCB=CLOSED,gateway:orderServiceCB=0;gateway:inventoryServiceCB=0;gateway:paymentServiceCB=0;order:inventoryServiceCB=0;order:sharedDbCB=0;inventory:paymentServiceCB=0;inventory:sharedDbCB=0;payment:notificationServiceCB=0;payment:sharedDbCB=0;notification:sharedDbCB=0,200,20.032,856076239,20,5,10.0000,9.9849,0.0008,False,10.0000,codespace,
LIN-CRS-CNT-T70-W5-D30,LINEAR,CRASH,COUNT_BASED,70,5,30,5,LOCAL,full,2,2026-09-06T11:07:04Z,0.5000,0.485,31.132,1.0000,1.0000,1.0000,order-service:1.0000;inventory-service:1.0000,True,,27.087,gateway:orderServiceCB=CLOSED;gateway:inventoryServiceCB=CLOSED;gateway:paymentServiceCB=CLOSED;order:inventoryServiceCB=CLOSED;order:sharedDbCB=CLOSED;inventory:paymentServiceCB=CLOSED;inventory:sharedDbCB=CLOSED;payment:notificationServiceCB=CLOSED;payment:sharedDbCB=CLOSED;notification:sharedDbCB=CLOSED,gateway:orderServiceCB=0;gateway:inventoryServiceCB=0;gateway:paymentServiceCB=0;order:inventoryServiceCB=0;order:sharedDbCB=0;inventory:paymentServiceCB=0;inventory:sharedDbCB=0;payment:notificationServiceCB=0;payment:sharedDbCB=0;notification:sharedDbCB=0,200,20.030,856076239,21,5,10.0000,9.9840,0.0011,False,5.0000,codespace,
LIN-CRS-CNT-T50-W5-D5,LINEAR,CRASH,COUNT_BASED,50,5,5,5,LOCAL,full,1,2026-09-06T11:08:33Z,0.2500,0.251,6.939,1.0000,1.0000,1.0000,order-service:1.0000;inventory-service:1.0000,True,,27.153,gateway:orderServiceCB=CLOSED;gateway:inventoryServiceCB=CLOSED;gateway:paymentServiceCB=CLOSED;order:inventoryServiceCB=CLOSED;order:sharedDbCB=CLOSED;inventory:paymentServiceCB=CLOSED;inventory:sharedDbCB=CLOSED;payment:notificationServiceCB=CLOSED;payment:sharedDbCB=CLOSED;notification:sharedDbCB=CLOSED,gateway:orderServiceCB=0;gateway:inventoryServiceCB=0;gateway:paymentServiceCB=0;order:inventoryServiceCB=0;order:sharedDbCB=0;inventory:paymentServiceCB=0;inventory:sharedDbCB=0;payment:notificationServiceCB=0;payment:sharedDbCB=0;notification:sharedDbCB=0,200,20.034,856076239,22,5,10.0000,9.9851,0.0006,False,5.0000,codespace,
LIN-CRS-TIM-T70-W10-D5,LINEAR,CRASH,TIME_BASED,70,10,5,5,LOCAL,full,2,2026-09-06T11:10:25Z,0.5000,7.355,22.856,1.0000,1.0000,1.0000,order-service:1.0000;inventory-service:1.0000,True,,27.958,gateway:orderServiceCB=CLOSED;gateway:inventoryServiceCB=CLOSED;gateway:paymentServiceCB=CLOSED;order:inventoryServiceCB=CLOSED;order:sharedDbCB=CLOSED;inventory:paymentServiceCB=CLOSED;inventory:sharedDbCB=CLOSED;payment:notificationServiceCB=CLOSED;payment:sharedDbCB=CLOSED;notification:sharedDbCB=CLOSED,gateway:orderServiceCB=0;gateway:inventoryServiceCB=0;gateway:paymentServiceCB=0;order:inventoryServiceCB=0;order:sharedDbCB=0;inventory:paymentServiceCB=0;inventory:sharedDbCB=0;payment:notificationServiceCB=0;payment:sharedDbCB=0;notification:sharedDbCB=0,200,20.035,856076239,23,5,10.0000,9.9858,0.0008,False,99.8583,codespace,
LIN-CRS-CNT-T50-W20-D30,LINEAR,CRASH,COUNT_BASED,50,20,30,5,LOCAL,full,1,2026-09-06T11:12:19Z,0.5000,1.094,31.456,1.0000,1.0000,1.0000,order-service:1.0000;inventory-service:1.0000,True,,27.819,gateway:orderServiceCB=CLOSED;gateway:inventoryServiceCB=CLOSED;gateway:paymentServiceCB=CLOSED;order:inventoryServiceCB=CLOSED;order:sharedDbCB=CLOSED;inventory:paymentServiceCB=CLOSED;inventory:sharedDbCB=CLOSED;payment:notificationServiceCB=CLOSED;payment:sharedDbCB=CLOSED;notification:sharedDbCB=CLOSED,gateway:orderServiceCB=0;gateway:inventoryServiceCB=0;gateway:paymentServiceCB=0;order:inventoryServiceCB=0;order:sharedDbCB=0;inventory:paymentServiceCB=0;inventory:sharedDbCB=0;payment:notificationServiceCB=0;payment:sharedDbCB=0;notification:sharedDbCB=0,200,20.038,856076239,24,5,10.0000,9.9854,0.0004,False,20.0000,codespace,
LIN-CRS-TIM-T50-W20-D15,LINEAR,CRASH,TIME_BASED,50,20,15,5,LOCAL,full,2,2026-09-06T11:14:39Z,0.5000,10.189,47.19,1.0000,1.0000,1.0000,order-service:1.0000;inventory-service:1.0000,True,,28.728,gateway:orderServiceCB=CLOSED;gateway:inventoryServiceCB=CLOSED;gateway:paymentServiceCB=CLOSED;order:inventoryServiceCB=CLOSED;order:sharedDbCB=CLOSED;inventory:paymentServiceCB=CLOSED;inventory:sharedDbCB=CLOSED;payment:notificationServiceCB=CLOSED;payment:sharedDbCB=CLOSED;notification:sharedDbCB=CLOSED,gateway:orderServiceCB=0;gateway:inventoryServiceCB=0;gateway:paymentServiceCB=0;order:inventoryServiceCB=0;order:sharedDbCB=0;inventory:paymentServiceCB=0;inventory:sharedDbCB=0;payment:notificationServiceCB=0;payment:sharedDbCB=0;notification:sharedDbCB=0,200,20.032,856076239,25,5,10.0000,9.9856,0.0009,False,199.7120,codespace,
LIN-CRS-CNT-T50-W20-D15,LINEAR,CRASH,COUNT_BASED,50,20,15,5,LOCAL,full,3,2026-09-06T11:16:19Z,0.5000,1.11,16.235,1.0000,1.0000,1.0000,order-service:1.0000;inventory-service:1.0000,True,,28.591,gateway:orderServiceCB=CLOSED;gateway:inventoryServiceCB=CLOSED;gateway:paymentServiceCB=CLOSED;order:inventoryServiceCB=CLOSED;order:sharedDbCB=CLOSED;inventory:paymentServiceCB=CLOSED;inventory:sharedDbCB=CLOSED;payment:notificationServiceCB=CLOSED;payment:sharedDbCB=CLOSED;notification:sharedDbCB=CLOSED,gateway:orderServiceCB=0;gateway:inventoryServiceCB=0;gateway:paymentServiceCB=0;order:inventoryServiceCB=0;order:sharedDbCB=0;inventory:paymentServiceCB=0;inventory:sharedDbCB=0;payment:notificationServiceCB=0;payment:sharedDbCB=0;notification:sharedDbCB=0,200,20.034,856076239,26,5,10.0000,9.9830,0.0043,False,20.0000,codespace,
LIN-CRS-CNT-T50-W10-D30,LINEAR,CRASH,COUNT_BASED,50,10,30,5,LOCAL,full,2,2026-09-06T11:18:13Z,0.5000,0.476,31.13,1.0000,1.0000,1.0000,order-service:1.0000;inventory-service:1.0000,True,,29.178,gateway:orderServiceCB=CLOSED;gateway:inventoryServiceCB=CLOSED;gateway:paymentServiceCB=CLOSED;order:inventoryServiceCB=CLOSED;order:sharedDbCB=CLOSED;inventory:paymentServiceCB=CLOSED;inventory:sharedDbCB=CLOSED;payment:notificationServiceCB=CLOSED;payment:sharedDbCB=CLOSED;notification:sharedDbCB=CLOSED,gateway:orderServiceCB=0;gateway:inventoryServiceCB=0;gateway:paymentServiceCB=0;order:inventoryServiceCB=0;order:sharedDbCB=0;inventory:paymentServiceCB=0;inventory:sharedDbCB=0;payment:notificationServiceCB=0;payment:sharedDbCB=0;notification:sharedDbCB=0,200,20.035,856076239,27,5,10.0000,9.9847,0.0005,False,10.0000,codespace,
LIN-CRS-TIM-T30-W5-D30,LINEAR,CRASH,TIME_BASED,30,5,30,5,LOCAL,full,1,2026-09-06T11:20:39Z,0.5000,1.567,62.009,1.0000,1.0000,1.0000,order-service:1.0000;inventory-service:1.0000,True,,27.805,gateway:orderServiceCB=CLOSED;gateway:inventoryServiceCB=CLOSED;gateway:paymentServiceCB=CLOSED;order:inventoryServiceCB=CLOSED;order:sharedDbCB=CLOSED;inventory:paymentServiceCB=CLOSED;inventory:sharedDbCB=CLOSED;payment:notificationServiceCB=CLOSED;payment:sharedDbCB=CLOSED;notification:sharedDbCB=CLOSED,gateway:orderServiceCB=0;gateway:inventoryServiceCB=0;gateway:paymentServiceCB=0;order:inventoryServiceCB=0;order:sharedDbCB=0;inventory:paymentServiceCB=0;inventory:sharedDbCB=0;payment:notificationServiceCB=0;payment:sharedDbCB=0;notification:sharedDbCB=0,200,20.031,856076239,28,5,10.0000,9.9860,0.0016,False,49.9298,codespace,
LIN-CRS-CNT-T50-W5-D15,LINEAR,CRASH,COUNT_BASED,50,5,15,5,LOCAL,full,2,2026-09-06T11:22:24Z,0.2500,0.28,16.069,1.0000,1.0000,1.0000,order-service:1.0000;inventory-service:1.0000,True,,29.119,gateway:orderServiceCB=CLOSED;gateway:inventoryServiceCB=CLOSED;gateway:paymentServiceCB=CLOSED;order:inventoryServiceCB=CLOSED;order:sharedDbCB=CLOSED;inventory:paymentServiceCB=CLOSED;inventory:sharedDbCB=CLOSED;payment:notificationServiceCB=CLOSED;payment:sharedDbCB=CLOSED;notification:sharedDbCB=CLOSED,gateway:orderServiceCB=0;gateway:inventoryServiceCB=0;gateway:paymentServiceCB=0;order:inventoryServiceCB=0;order:sharedDbCB=0;inventory:paymentServiceCB=0;inventory:sharedDbCB=0;payment:notificationServiceCB=0;payment:sharedDbCB=0;notification:sharedDbCB=0,200,20.036,856076239,29,5,10.0000,9.9859,0.0039,False,5.0000,codespace,
LIN-CRS-CNT-T30-W10-D30,LINEAR,CRASH,COUNT_BASED,30,10,30,5,LOCAL,full,3,2026-09-06T11:24:18Z,0.2500,0.254,31.321,1.0000,1.0000,1.0000,order-service:1.0000;inventory-service:1.0000,True,,28.320,gateway:orderServiceCB=CLOSED;gateway:inventoryServiceCB=CLOSED;gateway:paymentServiceCB=CLOSED;order:inventoryServiceCB=CLOSED;order:sharedDbCB=CLOSED;inventory:paymentServiceCB=CLOSED;inventory:sharedDbCB=CLOSED;payment:notificationServiceCB=CLOSED;payment:sharedDbCB=CLOSED;notification:sharedDbCB=CLOSED,gateway:orderServiceCB=0;gateway:inventoryServiceCB=0;gateway:paymentServiceCB=0;order:inventoryServiceCB=0;order:sharedDbCB=0;inventory:paymentServiceCB=0;inventory:sharedDbCB=0;payment:notificationServiceCB=0;payment:sharedDbCB=0;notification:sharedDbCB=0,200,20.034,856076239,30,5,10.0000,9.9861,0.0006,False,10.0000,codespace,
LIN-CRS-TIM-T50-W5-D5,LINEAR,CRASH,TIME_BASED,50,5,5,5,LOCAL,full,1,2026-09-06T11:26:07Z,0.5000,2.614,22.612,1.0000,1.0000,1.0000,order-service:1.0000;inventory-service:1.0000,True,,29.832,gateway:orderServiceCB=CLOSED;gateway:inventoryServiceCB=CLOSED;gateway:paymentServiceCB=CLOSED;order:inventoryServiceCB=CLOSED;order:sharedDbCB=CLOSED;inventory:paymentServiceCB=CLOSED;inventory:sharedDbCB=CLOSED;payment:notificationServiceCB=CLOSED;payment:sharedDbCB=CLOSED;notification:sharedDbCB=CLOSED,gateway:orderServiceCB=0;gateway:inventoryServiceCB=0;gateway:paymentServiceCB=0;order:inventoryServiceCB=0;order:sharedDbCB=0;inventory:paymentServiceCB=0;inventory:sharedDbCB=0;payment:notificationServiceCB=0;payment:sharedDbCB=0;notification:sharedDbCB=0,200,20.038,856076239,31,5,10.0000,9.9862,0.0003,False,49.9311,codespace,
LIN-CRS-CNT-T70-W5-D30,LINEAR,CRASH,COUNT_BASED,70,5,30,5,LOCAL,full,3,2026-09-06T11:28:08Z,0.5000,0.449,31.135,1.0000,1.0000,1.0000,order-service:1.0000;inventory-service:1.0000,True,,29.906,gateway:orderServiceCB=CLOSED;gateway:inventoryServiceCB=CLOSED;gateway:paymentServiceCB=CLOSED;order:inventoryServiceCB=CLOSED;order:sharedDbCB=CLOSED;inventory:paymentServiceCB=CLOSED;inventory:sharedDbCB=CLOSED;payment:notificationServiceCB=CLOSED;payment:sharedDbCB=CLOSED;notification:sharedDbCB=CLOSED,gateway:orderServiceCB=0;gateway:inventoryServiceCB=0;gateway:paymentServiceCB=0;order:inventoryServiceCB=0;order:sharedDbCB=0;inventory:paymentServiceCB=0;inventory:sharedDbCB=0;payment:notificationServiceCB=0;payment:sharedDbCB=0;notification:sharedDbCB=0,200,20.039,856076239,32,5,10.0000,9.9851,0.0005,False,5.0000,codespace,
LIN-CRS-TIM-T50-W5-D15,LINEAR,CRASH,TIME_BASED,50,5,15,5,LOCAL,full,1,2026-09-06T11:30:04Z,0.5000,2.829,31.383,1.0000,1.0000,1.0000,order-service:1.0000;inventory-service:1.0000,True,,27.907,gateway:orderServiceCB=CLOSED;gateway:inventoryServiceCB=CLOSED;gateway:paymentServiceCB=CLOSED;order:inventoryServiceCB=CLOSED;order:sharedDbCB=CLOSED;inventory:paymentServiceCB=CLOSED;inventory:sharedDbCB=CLOSED;payment:notificationServiceCB=CLOSED;payment:sharedDbCB=CLOSED;notification:sharedDbCB=CLOSED,gateway:orderServiceCB=0;gateway:inventoryServiceCB=0;gateway:paymentServiceCB=0;order:inventoryServiceCB=0;order:sharedDbCB=0;inventory:paymentServiceCB=0;inventory:sharedDbCB=0;payment:notificationServiceCB=0;payment:sharedDbCB=0;notification:sharedDbCB=0,200,20.037,856076239,33,5,10.0000,9.9853,0.0015,False,49.9266,codespace,
LIN-CRS-CNT-T70-W5-D15,LINEAR,CRASH,COUNT_BASED,70,5,15,5,LOCAL,full,2,2026-09-06T11:31:44Z,0.5000,0.454,16.923,1.0000,1.0000,1.0000,order-service:1.0000;inventory-service:1.0000,True,,27.908,gateway:orderServiceCB=CLOSED;gateway:inventoryServiceCB=CLOSED;gateway:paymentServiceCB=CLOSED;order:inventoryServiceCB=CLOSED;order:sharedDbCB=CLOSED;inventory:paymentServiceCB=CLOSED;inventory:sharedDbCB=CLOSED;payment:notificationServiceCB=CLOSED;payment:sharedDbCB=CLOSED;notification:sharedDbCB=CLOSED,gateway:orderServiceCB=0;gateway:inventoryServiceCB=0;gateway:paymentServiceCB=0;order:inventoryServiceCB=0;order:sharedDbCB=0;inventory:paymentServiceCB=0;inventory:sharedDbCB=0;payment:notificationServiceCB=0;payment:sharedDbCB=0;notification:sharedDbCB=0,200,20.032,856076239,34,5,10.0000,9.9855,0.0003,False,5.0000,codespace,
LIN-CRS-CNT-T50-W5-D5,LINEAR,CRASH,COUNT_BASED,50,5,5,5,LOCAL,full,3,2026-09-06T11:33:14Z,0.2500,0.261,6.944,1.0000,1.0000,1.0000,order-service:1.0000;inventory-service:1.0000,True,,29.708,gateway:orderServiceCB=CLOSED;gateway:inventoryServiceCB=CLOSED;gateway:paymentServiceCB=CLOSED;order:inventoryServiceCB=CLOSED;order:sharedDbCB=CLOSED;inventory:paymentServiceCB=CLOSED;inventory:sharedDbCB=CLOSED;payment:notificationServiceCB=CLOSED;payment:sharedDbCB=CLOSED;notification:sharedDbCB=CLOSED,gateway:orderServiceCB=0;gateway:inventoryServiceCB=0;gateway:paymentServiceCB=0;order:inventoryServiceCB=0;order:sharedDbCB=0;inventory:paymentServiceCB=0;inventory:sharedDbCB=0;payment:notificationServiceCB=0;payment:sharedDbCB=0;notification:sharedDbCB=0,200,20.035,856076239,35,5,10.0000,9.9762,0.0071,False,5.0000,codespace,
LIN-CRS-TIM-T50-W10-D15,LINEAR,CRASH,TIME_BASED,50,10,15,5,LOCAL,full,3,2026-09-06T11:35:13Z,0.5000,5.209,31.991,1.0000,1.0000,1.0000,order-service:1.0000;inventory-service:1.0000,True,,27.097,gateway:orderServiceCB=CLOSED;gateway:inventoryServiceCB=CLOSED;gateway:paymentServiceCB=CLOSED;order:inventoryServiceCB=CLOSED;order:sharedDbCB=CLOSED;inventory:paymentServiceCB=CLOSED;inventory:sharedDbCB=CLOSED;payment:notificationServiceCB=CLOSED;payment:sharedDbCB=CLOSED;notification:sharedDbCB=CLOSED,gateway:orderServiceCB=0;gateway:inventoryServiceCB=0;gateway:paymentServiceCB=0;order:inventoryServiceCB=0;order:sharedDbCB=0;inventory:paymentServiceCB=0;inventory:sharedDbCB=0;payment:notificationServiceCB=0;payment:sharedDbCB=0;notification:sharedDbCB=0,200,20.032,856076239,36,5,10.0000,9.9863,0.0011,False,99.8633,codespace,
LIN-CRS-CNT-T50-W5-D30,LINEAR,CRASH,COUNT_BASED,50,5,30,5,LOCAL,full,3,2026-09-06T11:37:07Z,0.2500,0.241,31.348,1.0000,1.0000,1.0000,order-service:1.0000;inventory-service:1.0000,True,,28.715,gateway:orderServiceCB=CLOSED;gateway:inventoryServiceCB=CLOSED;gateway:paymentServiceCB=CLOSED;order:inventoryServiceCB=CLOSED;order:sharedDbCB=CLOSED;inventory:paymentServiceCB=CLOSED;inventory:sharedDbCB=CLOSED;payment:notificationServiceCB=CLOSED;payment:sharedDbCB=CLOSED;notification:sharedDbCB=CLOSED,gateway:orderServiceCB=0;gateway:inventoryServiceCB=0;gateway:paymentServiceCB=0;order:inventoryServiceCB=0;order:sharedDbCB=0;inventory:paymentServiceCB=0;inventory:sharedDbCB=0;payment:notificationServiceCB=0;payment:sharedDbCB=0;notification:sharedDbCB=0,200,20.038,856076239,37,5,10.0000,9.9802,0.0033,False,5.0000,codespace,
LIN-CRS-TIM-T50-W5-D5,LINEAR,CRASH,TIME_BASED,50,5,5,5,LOCAL,full,2,2026-09-06T11:39:03Z,0.5000,3.037,23.197,1.0000,1.0000,1.0000,order-service:1.0000;inventory-service:1.0000,True,,31.191,gateway:orderServiceCB=CLOSED;gateway:inventoryServiceCB=CLOSED;gateway:paymentServiceCB=CLOSED;order:inventoryServiceCB=CLOSED;order:sharedDbCB=CLOSED;inventory:paymentServiceCB=CLOSED;inventory:sharedDbCB=CLOSED;payment:notificationServiceCB=CLOSED;payment:sharedDbCB=CLOSED;notification:sharedDbCB=CLOSED,gateway:orderServiceCB=0;gateway:inventoryServiceCB=0;gateway:paymentServiceCB=0;order:inventoryServiceCB=0;order:sharedDbCB=0;inventory:paymentServiceCB=0;inventory:sharedDbCB=0;payment:notificationServiceCB=0;payment:sharedDbCB=0;notification:sharedDbCB=0,200,20.033,856076239,38,5,10.0000,9.9863,0.0007,False,49.9316,codespace,
LIN-CRS-TIM-T50-W10-D5,LINEAR,CRASH,TIME_BASED,50,10,5,5,LOCAL,full,3,2026-09-06T11:40:53Z,0.5000,5.029,23.165,1.0000,1.0000,1.0000,order-service:1.0000;inventory-service:1.0000,True,,27.638,gateway:orderServiceCB=CLOSED;gateway:inventoryServiceCB=CLOSED;gateway:paymentServiceCB=CLOSED;order:inventoryServiceCB=CLOSED;order:sharedDbCB=CLOSED;inventory:paymentServiceCB=CLOSED;inventory:sharedDbCB=CLOSED;payment:notificationServiceCB=CLOSED;payment:sharedDbCB=CLOSED;notification:sharedDbCB=CLOSED,gateway:orderServiceCB=0;gateway:inventoryServiceCB=0;gateway:paymentServiceCB=0;order:inventoryServiceCB=0;order:sharedDbCB=0;inventory:paymentServiceCB=0;inventory:sharedDbCB=0;payment:notificationServiceCB=0;payment:sharedDbCB=0;notification:sharedDbCB=0,200,20.038,856076239,39,5,10.0000,9.9863,0.0007,False,99.8631,codespace,
LIN-CRS-CNT-T50-W5-D15,LINEAR,CRASH,COUNT_BASED,50,5,15,5,LOCAL,full,3,2026-09-06T11:42:32Z,0.2500,0.256,16.078,1.0000,1.0000,1.0000,order-service:1.0000;inventory-service:1.0000,True,,28.554,gateway:orderServiceCB=CLOSED;gateway:inventoryServiceCB=CLOSED;gateway:paymentServiceCB=CLOSED;order:inventoryServiceCB=CLOSED;order:sharedDbCB=CLOSED;inventory:paymentServiceCB=CLOSED;inventory:sharedDbCB=CLOSED;payment:notificationServiceCB=CLOSED;payment:sharedDbCB=CLOSED;notification:sharedDbCB=CLOSED,gateway:orderServiceCB=0;gateway:inventoryServiceCB=0;gateway:paymentServiceCB=0;order:inventoryServiceCB=0;order:sharedDbCB=0;inventory:paymentServiceCB=0;inventory:sharedDbCB=0;payment:notificationServiceCB=0;payment:sharedDbCB=0;notification:sharedDbCB=0,200,20.032,856076239,40,5,10.0000,9.9842,0.0008,False,5.0000,codespace,
LIN-CRS-TIM-T50-W5-D30,LINEAR,CRASH,TIME_BASED,50,5,30,5,LOCAL,full,1,2026-09-06T11:45:00Z,0.5000,2.825,61.705,1.0000,1.0000,1.0000,order-service:1.0000;inventory-service:1.0000,True,,29.660,gateway:orderServiceCB=CLOSED;gateway:inventoryServiceCB=CLOSED;gateway:paymentServiceCB=CLOSED;order:inventoryServiceCB=CLOSED;order:sharedDbCB=CLOSED;inventory:paymentServiceCB=CLOSED;inventory:sharedDbCB=CLOSED;payment:notificationServiceCB=CLOSED;payment:sharedDbCB=CLOSED;notification:sharedDbCB=CLOSED,gateway:orderServiceCB=0;gateway:inventoryServiceCB=0;gateway:paymentServiceCB=0;order:inventoryServiceCB=0;order:sharedDbCB=0;inventory:paymentServiceCB=0;inventory:sharedDbCB=0;payment:notificationServiceCB=0;payment:sharedDbCB=0;notification:sharedDbCB=0,200,20.039,856076239,41,5,10.0000,9.9857,0.0012,False,49.9285,codespace,
LIN-CRS-CNT-T70-W10-D15,LINEAR,CRASH,COUNT_BASED,70,10,15,5,LOCAL,full,3,2026-09-06T11:46:40Z,0.5000,0.69,16.649,1.0000,1.0000,1.0000,order-service:1.0000;inventory-service:1.0000,True,,29.347,gateway:orderServiceCB=CLOSED;gateway:inventoryServiceCB=CLOSED;gateway:paymentServiceCB=CLOSED;order:inventoryServiceCB=CLOSED;order:sharedDbCB=CLOSED;inventory:paymentServiceCB=CLOSED;inventory:sharedDbCB=CLOSED;payment:notificationServiceCB=CLOSED;payment:sharedDbCB=CLOSED;notification:sharedDbCB=CLOSED,gateway:orderServiceCB=0;gateway:inventoryServiceCB=0;gateway:paymentServiceCB=0;order:inventoryServiceCB=0;order:sharedDbCB=0;inventory:paymentServiceCB=0;inventory:sharedDbCB=0;payment:notificationServiceCB=0;payment:sharedDbCB=0;notification:sharedDbCB=0,200,20.036,856076239,42,5,10.0000,9.9860,0.0005,False,10.0000,codespace,
LIN-CRS-TIM-T30-W5-D30,LINEAR,CRASH,TIME_BASED,30,5,30,5,LOCAL,full,2,2026-09-06T11:49:07Z,0.5000,1.552,61.95,1.0000,1.0000,1.0000,order-service:1.0000;inventory-service:1.0000,True,,30.230,gateway:orderServiceCB=CLOSED;gateway:inventoryServiceCB=CLOSED;gateway:paymentServiceCB=CLOSED;order:inventoryServiceCB=CLOSED;order:sharedDbCB=CLOSED;inventory:paymentServiceCB=CLOSED;inventory:sharedDbCB=CLOSED;payment:notificationServiceCB=CLOSED;payment:sharedDbCB=CLOSED;notification:sharedDbCB=CLOSED,gateway:orderServiceCB=0;gateway:inventoryServiceCB=0;gateway:paymentServiceCB=0;order:inventoryServiceCB=0;order:sharedDbCB=0;inventory:paymentServiceCB=0;inventory:sharedDbCB=0;payment:notificationServiceCB=0;payment:sharedDbCB=0;notification:sharedDbCB=0,200,20.032,856076239,43,5,10.0000,9.9858,0.0005,False,49.9289,codespace,
LIN-CRS-TIM-T50-W20-D15,LINEAR,CRASH,TIME_BASED,50,20,15,5,LOCAL,full,3,2026-09-06T11:51:28Z,0.2500,10.146,47.232,1.0000,1.0000,1.0000,order-service:1.0000;inventory-service:1.0000,True,,29.415,gateway:orderServiceCB=CLOSED;gateway:inventoryServiceCB=CLOSED;gateway:paymentServiceCB=CLOSED;order:inventoryServiceCB=CLOSED;order:sharedDbCB=CLOSED;inventory:paymentServiceCB=CLOSED;inventory:sharedDbCB=CLOSED;payment:notificationServiceCB=CLOSED;payment:sharedDbCB=CLOSED;notification:sharedDbCB=CLOSED,gateway:orderServiceCB=0;gateway:inventoryServiceCB=0;gateway:paymentServiceCB=0;order:inventoryServiceCB=0;order:sharedDbCB=0;inventory:paymentServiceCB=0;inventory:sharedDbCB=0;payment:notificationServiceCB=0;payment:sharedDbCB=0;notification:sharedDbCB=0,200,20.030,856076239,44,5,10.0000,9.9865,0.0018,False,199.7295,codespace,
LIN-CRS-CNT-T50-W20-D30,LINEAR,CRASH,COUNT_BASED,50,20,30,5,LOCAL,full,3,2026-09-06T11:53:22Z,0.5000,1.104,31.466,1.0000,1.0000,1.0000,order-service:1.0000;inventory-service:1.0000,True,,28.067,gateway:orderServiceCB=CLOSED;gateway:inventoryServiceCB=CLOSED;gateway:paymentServiceCB=CLOSED;order:inventoryServiceCB=CLOSED;order:sharedDbCB=CLOSED;inventory:paymentServiceCB=CLOSED;inventory:sharedDbCB=CLOSED;payment:notificationServiceCB=CLOSED;payment:sharedDbCB=CLOSED;notification:sharedDbCB=CLOSED,gateway:orderServiceCB=0;gateway:inventoryServiceCB=0;gateway:paymentServiceCB=0;order:inventoryServiceCB=0;order:sharedDbCB=0;inventory:paymentServiceCB=0;inventory:sharedDbCB=0;payment:notificationServiceCB=0;payment:sharedDbCB=0;notification:sharedDbCB=0,200,20.031,856076239,45,5,10.0000,9.9847,0.0012,False,20.0000,codespace,
LIN-CRS-TIM-T70-W5-D30,LINEAR,CRASH,TIME_BASED,70,5,30,5,LOCAL,full,1,2026-09-06T11:55:56Z,0.5000,3.509,62.047,1.0000,1.0000,1.0000,order-service:1.0000;inventory-service:1.0000,True,,28.186,gateway:orderServiceCB=CLOSED;gateway:inventoryServiceCB=CLOSED;gateway:paymentServiceCB=CLOSED;order:inventoryServiceCB=CLOSED;order:sharedDbCB=CLOSED;inventory:paymentServiceCB=CLOSED;inventory:sharedDbCB=CLOSED;payment:notificationServiceCB=CLOSED;payment:sharedDbCB=CLOSED;notification:sharedDbCB=CLOSED,gateway:orderServiceCB=0;gateway:inventoryServiceCB=0;gateway:paymentServiceCB=0;order:inventoryServiceCB=0;order:sharedDbCB=0;inventory:paymentServiceCB=0;inventory:sharedDbCB=0;payment:notificationServiceCB=0;payment:sharedDbCB=0;notification:sharedDbCB=0,200,20.033,856076239,46,5,10.0000,9.9857,0.0008,False,49.9287,codespace,
LIN-CRS-CNT-T30-W5-D30,LINEAR,CRASH,COUNT_BASED,30,5,30,5,LOCAL,full,1,2026-09-06T11:57:51Z,0.5000,0.259,31.323,1.0000,1.0000,1.0000,order-service:1.0000;inventory-service:1.0000,True,,29.274,gateway:orderServiceCB=CLOSED;gateway:inventoryServiceCB=CLOSED;gateway:paymentServiceCB=CLOSED;order:inventoryServiceCB=CLOSED;order:sharedDbCB=CLOSED;inventory:paymentServiceCB=CLOSED;inventory:sharedDbCB=CLOSED;payment:notificationServiceCB=CLOSED;payment:sharedDbCB=CLOSED;notification:sharedDbCB=CLOSED,gateway:orderServiceCB=0;gateway:inventoryServiceCB=0;gateway:paymentServiceCB=0;order:inventoryServiceCB=0;order:sharedDbCB=0;inventory:paymentServiceCB=0;inventory:sharedDbCB=0;payment:notificationServiceCB=0;payment:sharedDbCB=0;notification:sharedDbCB=0,200,20.032,856076239,47,5,10.0000,9.9852,0.0008,False,5.0000,codespace,
LIN-CRS-TIM-T30-W5-D5,LINEAR,CRASH,TIME_BASED,30,5,5,5,LOCAL,full,1,2026-09-06T11:59:36Z,0.5000,1.775,22.477,1.0000,1.0000,1.0000,order-service:1.0000;inventory-service:1.0000,True,,27.343,gateway:orderServiceCB=CLOSED;gateway:inventoryServiceCB=CLOSED;gateway:paymentServiceCB=CLOSED;order:inventoryServiceCB=CLOSED;order:sharedDbCB=CLOSED;inventory:paymentServiceCB=CLOSED;inventory:sharedDbCB=CLOSED;payment:notificationServiceCB=CLOSED;payment:sharedDbCB=CLOSED;notification:sharedDbCB=CLOSED,gateway:orderServiceCB=0;gateway:inventoryServiceCB=0;gateway:paymentServiceCB=0;order:inventoryServiceCB=0;order:sharedDbCB=0;inventory:paymentServiceCB=0;inventory:sharedDbCB=0;payment:notificationServiceCB=0;payment:sharedDbCB=0;notification:sharedDbCB=0,200,20.033,856076239,48,5,10.0000,9.9857,0.0012,False,49.9284,codespace,
LIN-CRS-TIM-T30-W20-D30,LINEAR,CRASH,TIME_BASED,30,20,30,5,LOCAL,full,3,2026-09-06T12:02:07Z,0.5000,6.287,62.037,1.0000,1.0000,1.0000,order-service:1.0000;inventory-service:1.0000,True,,27.747,gateway:orderServiceCB=CLOSED;gateway:inventoryServiceCB=CLOSED;gateway:paymentServiceCB=CLOSED;order:inventoryServiceCB=CLOSED;order:sharedDbCB=CLOSED;inventory:paymentServiceCB=CLOSED;inventory:sharedDbCB=CLOSED;payment:notificationServiceCB=CLOSED;payment:sharedDbCB=CLOSED;notification:sharedDbCB=CLOSED,gateway:orderServiceCB=0;gateway:inventoryServiceCB=0;gateway:paymentServiceCB=0;order:inventoryServiceCB=0;order:sharedDbCB=0;inventory:paymentServiceCB=0;inventory:sharedDbCB=0;payment:notificationServiceCB=0;payment:sharedDbCB=0;notification:sharedDbCB=0,200,20.036,856076239,49,5,10.0000,9.9852,0.0024,False,199.7036,codespace,
LIN-CRS-TIM-T30-W10-D5,LINEAR,CRASH,TIME_BASED,30,10,5,5,LOCAL,full,2,2026-09-06T12:04:04Z,0.5000,3.308,30.053,1.0000,1.0000,1.0000,order-service:1.0000;inventory-service:1.0000,True,,29.918,gateway:orderServiceCB=CLOSED;gateway:inventoryServiceCB=CLOSED;gateway:paymentServiceCB=CLOSED;order:inventoryServiceCB=CLOSED;order:sharedDbCB=CLOSED;inventory:paymentServiceCB=CLOSED;inventory:sharedDbCB=CLOSED;payment:notificationServiceCB=CLOSED;payment:sharedDbCB=CLOSED;notification:sharedDbCB=CLOSED,gateway:orderServiceCB=0;gateway:inventoryServiceCB=0;gateway:paymentServiceCB=0;order:inventoryServiceCB=0;order:sharedDbCB=0;inventory:paymentServiceCB=0;inventory:sharedDbCB=0;payment:notificationServiceCB=0;payment:sharedDbCB=0;notification:sharedDbCB=0,200,20.038,856076239,50,5,10.0000,9.9856,0.0018,False,99.8560,codespace,
LIN-CRS-CNT-T70-W10-D30,LINEAR,CRASH,COUNT_BASED,70,10,30,5,LOCAL,full,1,2026-09-06T12:06:00Z,0.5000,0.685,31.955,1.0000,1.0000,1.0000,order-service:1.0000;inventory-service:1.0000,True,,29.932,gateway:orderServiceCB=CLOSED;gateway:inventoryServiceCB=CLOSED;gateway:paymentServiceCB=CLOSED;order:inventoryServiceCB=CLOSED;order:sharedDbCB=CLOSED;inventory:paymentServiceCB=CLOSED;inventory:sharedDbCB=CLOSED;payment:notificationServiceCB=CLOSED;payment:sharedDbCB=CLOSED;notification:sharedDbCB=CLOSED,gateway:orderServiceCB=0;gateway:inventoryServiceCB=0;gateway:paymentServiceCB=0;order:inventoryServiceCB=0;order:sharedDbCB=0;inventory:paymentServiceCB=0;inventory:sharedDbCB=0;payment:notificationServiceCB=0;payment:sharedDbCB=0;notification:sharedDbCB=0,200,20.035,856076239,51,5,10.0000,9.9853,0.0008,False,10.0000,codespace,
LIN-CRS-CNT-T70-W20-D30,LINEAR,CRASH,COUNT_BASED,70,20,30,5,LOCAL,full,1,2026-09-06T12:07:55Z,0.2500,1.339,31.234,1.0000,1.0000,1.0000,order-service:1.0000;inventory-service:1.0000,True,,28.058,gateway:orderServiceCB=CLOSED;gateway:inventoryServiceCB=CLOSED;gateway:paymentServiceCB=CLOSED;order:inventoryServiceCB=CLOSED;order:sharedDbCB=CLOSED;inventory:paymentServiceCB=CLOSED;inventory:sharedDbCB=CLOSED;payment:notificationServiceCB=CLOSED;payment:sharedDbCB=CLOSED;notification:sharedDbCB=CLOSED,gateway:orderServiceCB=0;gateway:inventoryServiceCB=0;gateway:paymentServiceCB=0;order:inventoryServiceCB=0;order:sharedDbCB=0;inventory:paymentServiceCB=0;inventory:sharedDbCB=0;payment:notificationServiceCB=0;payment:sharedDbCB=0;notification:sharedDbCB=0,200,20.034,856076239,52,5,10.0000,9.9835,0.0015,False,20.0000,codespace,
LIN-CRS-TIM-T70-W20-D30,LINEAR,CRASH,TIME_BASED,70,20,30,5,LOCAL,full,1,2026-09-06T12:10:34Z,0.5000,14.313,62.15,1.0000,1.0000,1.0000,order-service:1.0000;inventory-service:1.0000,True,,29.106,gateway:orderServiceCB=CLOSED;gateway:inventoryServiceCB=CLOSED;gateway:paymentServiceCB=CLOSED;order:inventoryServiceCB=CLOSED;order:sharedDbCB=CLOSED;inventory:paymentServiceCB=CLOSED;inventory:sharedDbCB=CLOSED;payment:notificationServiceCB=CLOSED;payment:sharedDbCB=CLOSED;notification:sharedDbCB=CLOSED,gateway:orderServiceCB=0;gateway:inventoryServiceCB=0;gateway:paymentServiceCB=0;order:inventoryServiceCB=0;order:sharedDbCB=0;inventory:paymentServiceCB=0;inventory:sharedDbCB=0;payment:notificationServiceCB=0;payment:sharedDbCB=0;notification:sharedDbCB=0,200,20.039,856076239,53,5,10.0000,9.9862,0.0013,False,199.7249,codespace,
LIN-CRS-TIM-T70-W5-D30,LINEAR,CRASH,TIME_BASED,70,5,30,5,LOCAL,full,2,2026-09-06T12:13:03Z,0.5000,3.761,61.813,1.0000,1.0000,1.0000,order-service:1.0000;inventory-service:1.0000,True,,29.275,gateway:orderServiceCB=CLOSED;gateway:inventoryServiceCB=CLOSED;gateway:paymentServiceCB=CLOSED;order:inventoryServiceCB=CLOSED;order:sharedDbCB=CLOSED;inventory:paymentServiceCB=CLOSED;inventory:sharedDbCB=CLOSED;payment:notificationServiceCB=CLOSED;payment:sharedDbCB=CLOSED;notification:sharedDbCB=CLOSED,gateway:orderServiceCB=0;gateway:inventoryServiceCB=0;gateway:paymentServiceCB=0;order:inventoryServiceCB=0;order:sharedDbCB=0;inventory:paymentServiceCB=0;inventory:sharedDbCB=0;payment:notificationServiceCB=0;payment:sharedDbCB=0;notification:sharedDbCB=0,200,20.031,856076239,54,5,10.0000,9.9860,0.0013,False,49.9298,codespace,
LIN-CRS-TIM-T70-W20-D30,LINEAR,CRASH,TIME_BASED,70,20,30,5,LOCAL,full,3,2026-09-06T12:15:48Z,0.5000,14.301,62.172,1.0000,1.0000,1.0000,order-service:1.0000;inventory-service:1.0000,True,,30.154,gateway:orderServiceCB=CLOSED;gateway:inventoryServiceCB=CLOSED;gateway:paymentServiceCB=CLOSED;order:inventoryServiceCB=CLOSED;order:sharedDbCB=CLOSED;inventory:paymentServiceCB=CLOSED;inventory:sharedDbCB=CLOSED;payment:notificationServiceCB=CLOSED;payment:sharedDbCB=CLOSED;notification:sharedDbCB=CLOSED,gateway:orderServiceCB=0;gateway:inventoryServiceCB=0;gateway:paymentServiceCB=0;order:inventoryServiceCB=0;order:sharedDbCB=0;inventory:paymentServiceCB=0;inventory:sharedDbCB=0;payment:notificationServiceCB=0;payment:sharedDbCB=0;notification:sharedDbCB=0,200,20.034,856076239,55,5,10.0000,9.9855,0.0010,False,199.7091,codespace,
LIN-CRS-TIM-T50-W10-D30,LINEAR,CRASH,TIME_BASED,50,10,30,5,LOCAL,full,2,2026-09-06T12:18:18Z,0.5000,5.005,61.47,1.0000,1.0000,1.0000,order-service:1.0000;inventory-service:1.0000,True,,28.472,gateway:orderServiceCB=CLOSED;gateway:inventoryServiceCB=CLOSED;gateway:paymentServiceCB=CLOSED;order:inventoryServiceCB=CLOSED;order:sharedDbCB=CLOSED;inventory:paymentServiceCB=CLOSED;inventory:sharedDbCB=CLOSED;payment:notificationServiceCB=CLOSED;payment:sharedDbCB=CLOSED;notification:sharedDbCB=CLOSED,gateway:orderServiceCB=0;gateway:inventoryServiceCB=0;gateway:paymentServiceCB=0;order:inventoryServiceCB=0;order:sharedDbCB=0;inventory:paymentServiceCB=0;inventory:sharedDbCB=0;payment:notificationServiceCB=0;payment:sharedDbCB=0;notification:sharedDbCB=0,200,20.033,856076239,56,5,10.0000,9.9849,0.0012,False,99.8490,codespace,
LIN-CRS-CNT-T50-W10-D30,LINEAR,CRASH,COUNT_BASED,50,10,30,5,LOCAL,full,3,2026-09-06T12:20:13Z,0.5000,0.457,31.132,1.0000,1.0000,1.0000,order-service:1.0000;inventory-service:1.0000,True,,29.988,gateway:orderServiceCB=CLOSED;gateway:inventoryServiceCB=CLOSED;gateway:paymentServiceCB=CLOSED;order:inventoryServiceCB=CLOSED;order:sharedDbCB=CLOSED;inventory:paymentServiceCB=CLOSED;inventory:sharedDbCB=CLOSED;payment:notificationServiceCB=CLOSED;payment:sharedDbCB=CLOSED;notification:sharedDbCB=CLOSED,gateway:orderServiceCB=0;gateway:inventoryServiceCB=0;gateway:paymentServiceCB=0;order:inventoryServiceCB=0;order:sharedDbCB=0;inventory:paymentServiceCB=0;inventory:sharedDbCB=0;payment:notificationServiceCB=0;payment:sharedDbCB=0;notification:sharedDbCB=0,200,20.039,856076239,57,5,10.0000,9.9849,0.0004,False,10.0000,codespace,
LIN-CRS-CNT-T70-W5-D5,LINEAR,CRASH,COUNT_BASED,70,5,5,5,LOCAL,full,2,2026-09-06T12:21:42Z,0.5000,0.486,6.702,1.0000,1.0000,1.0000,order-service:1.0000;inventory-service:1.0000,True,,28.042,gateway:orderServiceCB=CLOSED;gateway:inventoryServiceCB=CLOSED;gateway:paymentServiceCB=CLOSED;order:inventoryServiceCB=CLOSED;order:sharedDbCB=CLOSED;inventory:paymentServiceCB=CLOSED;inventory:sharedDbCB=CLOSED;payment:notificationServiceCB=CLOSED;payment:sharedDbCB=CLOSED;notification:sharedDbCB=CLOSED,gateway:orderServiceCB=0;gateway:inventoryServiceCB=0;gateway:paymentServiceCB=0;order:inventoryServiceCB=0;order:sharedDbCB=0;inventory:paymentServiceCB=0;inventory:sharedDbCB=0;payment:notificationServiceCB=0;payment:sharedDbCB=0;notification:sharedDbCB=0,200,20.039,856076239,58,5,10.0000,9.9852,0.0010,False,5.0000,codespace,
LIN-CRS-CNT-T50-W20-D15,LINEAR,CRASH,COUNT_BASED,50,20,15,5,LOCAL,full,1,2026-09-06T12:23:22Z,0.5000,1.103,16.211,1.0000,1.0000,1.0000,order-service:1.0000;inventory-service:1.0000,True,,29.517,gateway:orderServiceCB=CLOSED;gateway:inventoryServiceCB=CLOSED;gateway:paymentServiceCB=CLOSED;order:inventoryServiceCB=CLOSED;order:sharedDbCB=CLOSED;inventory:paymentServiceCB=CLOSED;inventory:sharedDbCB=CLOSED;payment:notificationServiceCB=CLOSED;payment:sharedDbCB=CLOSED;notification:sharedDbCB=CLOSED,gateway:orderServiceCB=0;gateway:inventoryServiceCB=0;gateway:paymentServiceCB=0;order:inventoryServiceCB=0;order:sharedDbCB=0;inventory:paymentServiceCB=0;inventory:sharedDbCB=0;payment:notificationServiceCB=0;payment:sharedDbCB=0;notification:sharedDbCB=0,200,20.034,856076239,59,5,10.0000,9.9820,0.0022,False,20.0000,codespace,
LIN-CRS-TIM-T70-W10-D15,LINEAR,CRASH,TIME_BASED,70,10,15,5,LOCAL,full,3,2026-09-06T12:25:25Z,0.5000,7.133,32.102,1.0000,1.0000,1.0000,order-service:1.0000;inventory-service:1.0000,True,,30.025,gateway:orderServiceCB=CLOSED;gateway:inventoryServiceCB=CLOSED;gateway:paymentServiceCB=CLOSED;order:inventoryServiceCB=CLOSED;order:sharedDbCB=CLOSED;inventory:paymentServiceCB=CLOSED;inventory:sharedDbCB=CLOSED;payment:notificationServiceCB=CLOSED;payment:sharedDbCB=CLOSED;notification:sharedDbCB=CLOSED,gateway:orderServiceCB=0;gateway:inventoryServiceCB=0;gateway:paymentServiceCB=0;order:inventoryServiceCB=0;order:sharedDbCB=0;inventory:paymentServiceCB=0;inventory:sharedDbCB=0;payment:notificationServiceCB=0;payment:sharedDbCB=0;notification:sharedDbCB=0,200,20.036,856076239,60,5,10.0000,9.9849,0.0023,False,99.8489,codespace,
LIN-CRS-CNT-T70-W20-D15,LINEAR,CRASH,COUNT_BASED,70,20,15,5,LOCAL,full,1,2026-09-06T12:27:08Z,0.5000,1.529,16.821,1.0000,1.0000,1.0000,order-service:1.0000;inventory-service:1.0000,True,,30.726,gateway:orderServiceCB=CLOSED;gateway:inventoryServiceCB=CLOSED;gateway:paymentServiceCB=CLOSED;order:inventoryServiceCB=CLOSED;order:sharedDbCB=CLOSED;inventory:paymentServiceCB=CLOSED;inventory:sharedDbCB=CLOSED;payment:notificationServiceCB=CLOSED;payment:sharedDbCB=CLOSED;notification:sharedDbCB=CLOSED,gateway:orderServiceCB=0;gateway:inventoryServiceCB=0;gateway:paymentServiceCB=0;order:inventoryServiceCB=0;order:sharedDbCB=0;inventory:paymentServiceCB=0;inventory:sharedDbCB=0;payment:notificationServiceCB=0;payment:sharedDbCB=0;notification:sharedDbCB=0,200,20.038,856076239,61,5,10.0000,9.9819,0.0032,False,20.0000,codespace,
LIN-CRS-TIM-T70-W10-D5,LINEAR,CRASH,TIME_BASED,70,10,5,5,LOCAL,full,3,2026-09-06T12:29:02Z,0.5000,7.33,22.929,1.0000,1.0000,1.0000,order-service:1.0000;inventory-service:1.0000,True,,29.268,gateway:orderServiceCB=CLOSED;gateway:inventoryServiceCB=CLOSED;gateway:paymentServiceCB=CLOSED;order:inventoryServiceCB=CLOSED;order:sharedDbCB=CLOSED;inventory:paymentServiceCB=CLOSED;inventory:sharedDbCB=CLOSED;payment:notificationServiceCB=CLOSED;payment:sharedDbCB=CLOSED;notification:sharedDbCB=CLOSED,gateway:orderServiceCB=0;gateway:inventoryServiceCB=0;gateway:paymentServiceCB=0;order:inventoryServiceCB=0;order:sharedDbCB=0;inventory:paymentServiceCB=0;inventory:sharedDbCB=0;payment:notificationServiceCB=0;payment:sharedDbCB=0;notification:sharedDbCB=0,200,20.050,856076239,62,5,10.0000,9.9857,0.0012,False,99.8567,codespace,
LIN-CRS-CNT-T50-W20-D30,LINEAR,CRASH,COUNT_BASED,50,20,30,5,LOCAL,full,2,2026-09-06T12:30:56Z,0.5000,1.114,31.457,1.0000,1.0000,1.0000,order-service:1.0000;inventory-service:1.0000,True,,28.162,gateway:orderServiceCB=CLOSED;gateway:inventoryServiceCB=CLOSED;gateway:paymentServiceCB=CLOSED;order:inventoryServiceCB=CLOSED;order:sharedDbCB=CLOSED;inventory:paymentServiceCB=CLOSED;inventory:sharedDbCB=CLOSED;payment:notificationServiceCB=CLOSED;payment:sharedDbCB=CLOSED;notification:sharedDbCB=CLOSED,gateway:orderServiceCB=0;gateway:inventoryServiceCB=0;gateway:paymentServiceCB=0;order:inventoryServiceCB=0;order:sharedDbCB=0;inventory:paymentServiceCB=0;inventory:sharedDbCB=0;payment:notificationServiceCB=0;payment:sharedDbCB=0;notification:sharedDbCB=0,200,20.034,856076239,63,5,10.0000,9.9859,0.0004,False,20.0000,codespace,
LIN-CRS-TIM-T50-W20-D30,LINEAR,CRASH,TIME_BASED,50,20,30,5,LOCAL,full,3,2026-09-06T12:33:32Z,0.5000,10.213,62.177,1.0000,1.0000,1.0000,order-service:1.0000;inventory-service:1.0000,True,,28.623,gateway:orderServiceCB=CLOSED;gateway:inventoryServiceCB=CLOSED;gateway:paymentServiceCB=CLOSED;order:inventoryServiceCB=CLOSED;order:sharedDbCB=CLOSED;inventory:paymentServiceCB=CLOSED;inventory:sharedDbCB=CLOSED;payment:notificationServiceCB=CLOSED;payment:sharedDbCB=CLOSED;notification:sharedDbCB=CLOSED,gateway:orderServiceCB=0;gateway:inventoryServiceCB=0;gateway:paymentServiceCB=0;order:inventoryServiceCB=0;order:sharedDbCB=0;inventory:paymentServiceCB=0;inventory:sharedDbCB=0;payment:notificationServiceCB=0;payment:sharedDbCB=0;notification:sharedDbCB=0,200,20.036,856076239,64,5,10.0000,9.9850,0.0017,False,199.6992,codespace,
LIN-CRS-TIM-T70-W10-D15,LINEAR,CRASH,TIME_BASED,70,10,15,5,LOCAL,full,1,2026-09-06T12:35:33Z,0.5000,7.403,31.817,1.0000,1.0000,1.0000,order-service:1.0000;inventory-service:1.0000,True,,27.552,gateway:orderServiceCB=CLOSED;gateway:inventoryServiceCB=CLOSED;gateway:paymentServiceCB=CLOSED;order:inventoryServiceCB=CLOSED;order:sharedDbCB=CLOSED;inventory:paymentServiceCB=CLOSED;inventory:sharedDbCB=CLOSED;payment:notificationServiceCB=CLOSED;payment:sharedDbCB=CLOSED;notification:sharedDbCB=CLOSED,gateway:orderServiceCB=0;gateway:inventoryServiceCB=0;gateway:paymentServiceCB=0;order:inventoryServiceCB=0;order:sharedDbCB=0;inventory:paymentServiceCB=0;inventory:sharedDbCB=0;payment:notificationServiceCB=0;payment:sharedDbCB=0;notification:sharedDbCB=0,200,20.041,856076239,65,5,10.0000,9.9854,0.0020,False,99.8540,codespace,
LIN-CRS-CNT-T50-W10-D15,LINEAR,CRASH,COUNT_BASED,50,10,15,5,LOCAL,full,3,2026-09-06T12:37:13Z,0.5000,0.476,16.916,1.0000,1.0000,1.0000,order-service:1.0000;inventory-service:1.0000,True,,28.194,gateway:orderServiceCB=CLOSED;gateway:inventoryServiceCB=CLOSED;gateway:paymentServiceCB=CLOSED;order:inventoryServiceCB=CLOSED;order:sharedDbCB=CLOSED;inventory:paymentServiceCB=CLOSED;inventory:sharedDbCB=CLOSED;payment:notificationServiceCB=CLOSED;payment:sharedDbCB=CLOSED;notification:sharedDbCB=CLOSED,gateway:orderServiceCB=0;gateway:inventoryServiceCB=0;gateway:paymentServiceCB=0;order:inventoryServiceCB=0;order:sharedDbCB=0;inventory:paymentServiceCB=0;inventory:sharedDbCB=0;payment:notificationServiceCB=0;payment:sharedDbCB=0;notification:sharedDbCB=0,200,20.031,856076239,66,5,10.0000,9.9807,0.0035,False,10.0000,codespace,
LIN-CRS-CNT-T70-W10-D30,LINEAR,CRASH,COUNT_BASED,70,10,30,5,LOCAL,full,3,2026-09-06T12:39:07Z,0.5000,0.674,31.952,1.0000,1.0000,1.0000,order-service:1.0000;inventory-service:1.0000,True,,28.236,gateway:orderServiceCB=CLOSED;gateway:inventoryServiceCB=CLOSED;gateway:paymentServiceCB=CLOSED;order:inventoryServiceCB=CLOSED;order:sharedDbCB=CLOSED;inventory:paymentServiceCB=CLOSED;inventory:sharedDbCB=CLOSED;payment:notificationServiceCB=CLOSED;payment:sharedDbCB=CLOSED;notification:sharedDbCB=CLOSED,gateway:orderServiceCB=0;gateway:inventoryServiceCB=0;gateway:paymentServiceCB=0;order:inventoryServiceCB=0;order:sharedDbCB=0;inventory:paymentServiceCB=0;inventory:sharedDbCB=0;payment:notificationServiceCB=0;payment:sharedDbCB=0;notification:sharedDbCB=0,200,20.039,856076239,67,5,10.0000,9.9734,0.0074,False,10.0000,codespace,
LIN-CRS-TIM-T50-W5-D30,LINEAR,CRASH,TIME_BASED,50,5,30,5,LOCAL,full,2,2026-09-06T12:41:34Z,0.5000,2.838,61.688,1.0000,1.0000,1.0000,order-service:1.0000;inventory-service:1.0000,True,,28.915,gateway:orderServiceCB=CLOSED;gateway:inventoryServiceCB=CLOSED;gateway:paymentServiceCB=CLOSED;order:inventoryServiceCB=CLOSED;order:sharedDbCB=CLOSED;inventory:paymentServiceCB=CLOSED;inventory:sharedDbCB=CLOSED;payment:notificationServiceCB=CLOSED;payment:sharedDbCB=CLOSED;notification:sharedDbCB=CLOSED,gateway:orderServiceCB=0;gateway:inventoryServiceCB=0;gateway:paymentServiceCB=0;order:inventoryServiceCB=0;order:sharedDbCB=0;inventory:paymentServiceCB=0;inventory:sharedDbCB=0;payment:notificationServiceCB=0;payment:sharedDbCB=0;notification:sharedDbCB=0,200,20.034,856076239,68,5,10.0000,9.9857,0.0004,False,49.9287,codespace,
LIN-CRS-CNT-T50-W10-D30,LINEAR,CRASH,COUNT_BASED,50,10,30,5,LOCAL,full,1,2026-09-06T12:43:29Z,0.5000,0.456,31.134,1.0000,1.0000,1.0000,order-service:1.0000;inventory-service:1.0000,True,,29.340,gateway:orderServiceCB=CLOSED;gateway:inventoryServiceCB=CLOSED;gateway:paymentServiceCB=CLOSED;order:inventoryServiceCB=CLOSED;order:sharedDbCB=CLOSED;inventory:paymentServiceCB=CLOSED;inventory:sharedDbCB=CLOSED;payment:notificationServiceCB=CLOSED;payment:sharedDbCB=CLOSED;notification:sharedDbCB=CLOSED,gateway:orderServiceCB=0;gateway:inventoryServiceCB=0;gateway:paymentServiceCB=0;order:inventoryServiceCB=0;order:sharedDbCB=0;inventory:paymentServiceCB=0;inventory:sharedDbCB=0;payment:notificationServiceCB=0;payment:sharedDbCB=0;notification:sharedDbCB=0,200,20.036,856076239,69,5,10.0000,9.9804,0.0032,False,10.0000,codespace,
LIN-CRS-CNT-T30-W20-D30,LINEAR,CRASH,COUNT_BASED,30,20,30,5,LOCAL,full,2,2026-09-06T12:45:23Z,0.5000,0.678,31.897,1.0000,1.0000,1.0000,order-service:1.0000;inventory-service:1.0000,True,,27.491,gateway:orderServiceCB=CLOSED;gateway:inventoryServiceCB=CLOSED;gateway:paymentServiceCB=CLOSED;order:inventoryServiceCB=CLOSED;order:sharedDbCB=CLOSED;inventory:paymentServiceCB=CLOSED;inventory:sharedDbCB=CLOSED;payment:notificationServiceCB=CLOSED;payment:sharedDbCB=CLOSED;notification:sharedDbCB=CLOSED,gateway:orderServiceCB=0;gateway:inventoryServiceCB=0;gateway:paymentServiceCB=0;order:inventoryServiceCB=0;order:sharedDbCB=0;inventory:paymentServiceCB=0;inventory:sharedDbCB=0;payment:notificationServiceCB=0;payment:sharedDbCB=0;notification:sharedDbCB=0,200,20.035,856076239,70,5,10.0000,9.9857,0.0007,False,20.0000,codespace,
LIN-CRS-CNT-T50-W10-D15,LINEAR,CRASH,COUNT_BASED,50,10,15,5,LOCAL,full,2,2026-09-06T12:47:04Z,0.5000,0.533,16.832,1.0000,1.0000,1.0000,order-service:1.0000;inventory-service:1.0000,True,,29.384,gateway:orderServiceCB=CLOSED;gateway:inventoryServiceCB=CLOSED;gateway:paymentServiceCB=CLOSED;order:inventoryServiceCB=CLOSED;order:sharedDbCB=CLOSED;inventory:paymentServiceCB=CLOSED;inventory:sharedDbCB=CLOSED;payment:notificationServiceCB=CLOSED;payment:sharedDbCB=CLOSED;notification:sharedDbCB=CLOSED,gateway:orderServiceCB=0;gateway:inventoryServiceCB=0;gateway:paymentServiceCB=0;order:inventoryServiceCB=0;order:sharedDbCB=0;inventory:paymentServiceCB=0;inventory:sharedDbCB=0;payment:notificationServiceCB=0;payment:sharedDbCB=0;notification:sharedDbCB=0,200,20.034,856076239,71,5,10.0000,9.9820,0.0024,False,10.0000,codespace,
LIN-CRS-TIM-T70-W5-D5,LINEAR,CRASH,TIME_BASED,70,5,5,5,LOCAL,full,3,2026-09-06T12:48:53Z,0.5000,3.361,22.912,1.0000,1.0000,1.0000,order-service:1.0000;inventory-service:1.0000,True,,28.488,gateway:orderServiceCB=CLOSED;gateway:inventoryServiceCB=CLOSED;gateway:paymentServiceCB=CLOSED;order:inventoryServiceCB=CLOSED;order:sharedDbCB=CLOSED;inventory:paymentServiceCB=CLOSED;inventory:sharedDbCB=CLOSED;payment:notificationServiceCB=CLOSED;payment:sharedDbCB=CLOSED;notification:sharedDbCB=CLOSED,gateway:orderServiceCB=0;gateway:inventoryServiceCB=0;gateway:paymentServiceCB=0;order:inventoryServiceCB=0;order:sharedDbCB=0;inventory:paymentServiceCB=0;inventory:sharedDbCB=0;payment:notificationServiceCB=0;payment:sharedDbCB=0;notification:sharedDbCB=0,200,20.051,856076239,72,5,10.0000,9.9851,0.0016,False,49.9257,codespace,
LIN-CRS-CNT-T70-W20-D5,LINEAR,CRASH,COUNT_BASED,70,20,5,5,LOCAL,full,3,2026-09-06T12:50:25Z,0.5000,1.549,6.677,1.0000,1.0000,1.0000,order-service:1.0000;inventory-service:1.0000,True,,30.272,gateway:orderServiceCB=CLOSED;gateway:inventoryServiceCB=CLOSED;gateway:paymentServiceCB=CLOSED;order:inventoryServiceCB=CLOSED;order:sharedDbCB=CLOSED;inventory:paymentServiceCB=CLOSED;inventory:sharedDbCB=CLOSED;payment:notificationServiceCB=CLOSED;payment:sharedDbCB=CLOSED;notification:sharedDbCB=CLOSED,gateway:orderServiceCB=0;gateway:inventoryServiceCB=0;gateway:paymentServiceCB=0;order:inventoryServiceCB=0;order:sharedDbCB=0;inventory:paymentServiceCB=0;inventory:sharedDbCB=0;payment:notificationServiceCB=0;payment:sharedDbCB=0;notification:sharedDbCB=0,200,20.037,856076239,73,5,10.0000,9.9857,0.0003,False,20.0000,codespace,
LIN-CRS-TIM-T70-W20-D15,LINEAR,CRASH,TIME_BASED,70,20,15,5,LOCAL,full,1,2026-09-06T12:52:49Z,0.5000,14.02,47.447,1.0000,1.0000,1.0000,order-service:1.0000;inventory-service:1.0000,True,,28.110,gateway:orderServiceCB=CLOSED;gateway:inventoryServiceCB=CLOSED;gateway:paymentServiceCB=CLOSED;order:inventoryServiceCB=CLOSED;order:sharedDbCB=CLOSED;inventory:paymentServiceCB=CLOSED;inventory:sharedDbCB=CLOSED;payment:notificationServiceCB=CLOSED;payment:sharedDbCB=CLOSED;notification:sharedDbCB=CLOSED,gateway:orderServiceCB=0;gateway:inventoryServiceCB=0;gateway:paymentServiceCB=0;order:inventoryServiceCB=0;order:sharedDbCB=0;inventory:paymentServiceCB=0;inventory:sharedDbCB=0;payment:notificationServiceCB=0;payment:sharedDbCB=0;notification:sharedDbCB=0,200,20.034,856076239,74,5,10.0000,9.9855,0.0026,False,199.7103,codespace,
LIN-CRS-TIM-T70-W10-D30,LINEAR,CRASH,TIME_BASED,70,10,30,5,LOCAL,full,1,2026-09-06T12:55:23Z,0.5000,7.396,62.127,1.0000,1.0000,1.0000,order-service:1.0000;inventory-service:1.0000,True,,30.618,gateway:orderServiceCB=CLOSED;gateway:inventoryServiceCB=CLOSED;gateway:paymentServiceCB=CLOSED;order:inventoryServiceCB=CLOSED;order:sharedDbCB=CLOSED;inventory:paymentServiceCB=CLOSED;inventory:sharedDbCB=CLOSED;payment:notificationServiceCB=CLOSED;payment:sharedDbCB=CLOSED;notification:sharedDbCB=CLOSED,gateway:orderServiceCB=0;gateway:inventoryServiceCB=0;gateway:paymentServiceCB=0;order:inventoryServiceCB=0;order:sharedDbCB=0;inventory:paymentServiceCB=0;inventory:sharedDbCB=0;payment:notificationServiceCB=0;payment:sharedDbCB=0;notification:sharedDbCB=0,200,20.040,856076239,75,5,10.0000,9.9857,0.0007,False,99.8574,codespace,
LIN-CRS-TIM-T30-W5-D5,LINEAR,CRASH,TIME_BASED,30,5,5,5,LOCAL,full,2,2026-09-06T12:57:11Z,0.5000,1.749,22.474,1.0000,1.0000,1.0000,order-service:1.0000;inventory-service:1.0000,True,,29.777,gateway:orderServiceCB=CLOSED;gateway:inventoryServiceCB=CLOSED;gateway:paymentServiceCB=CLOSED;order:inventoryServiceCB=CLOSED;order:sharedDbCB=CLOSED;inventory:paymentServiceCB=CLOSED;inventory:sharedDbCB=CLOSED;payment:notificationServiceCB=CLOSED;payment:sharedDbCB=CLOSED;notification:sharedDbCB=CLOSED,gateway:orderServiceCB=0;gateway:inventoryServiceCB=0;gateway:paymentServiceCB=0;order:inventoryServiceCB=0;order:sharedDbCB=0;inventory:paymentServiceCB=0;inventory:sharedDbCB=0;payment:notificationServiceCB=0;payment:sharedDbCB=0;notification:sharedDbCB=0,200,20.040,856076239,76,5,10.0000,9.9858,0.0009,False,49.9291,codespace,
LIN-CRS-CNT-T30-W5-D5,LINEAR,CRASH,COUNT_BASED,30,5,5,5,LOCAL,full,1,2026-09-06T12:58:40Z,0.5000,0.244,6.97,1.0000,1.0000,1.0000,order-service:1.0000;inventory-service:1.0000,True,,27.227,gateway:orderServiceCB=CLOSED;gateway:inventoryServiceCB=CLOSED;gateway:paymentServiceCB=CLOSED;order:inventoryServiceCB=CLOSED;order:sharedDbCB=CLOSED;inventory:paymentServiceCB=CLOSED;inventory:sharedDbCB=CLOSED;payment:notificationServiceCB=CLOSED;payment:sharedDbCB=CLOSED;notification:sharedDbCB=CLOSED,gateway:orderServiceCB=0;gateway:inventoryServiceCB=0;gateway:paymentServiceCB=0;order:inventoryServiceCB=0;order:sharedDbCB=0;inventory:paymentServiceCB=0;inventory:sharedDbCB=0;payment:notificationServiceCB=0;payment:sharedDbCB=0;notification:sharedDbCB=0,200,20.039,856076239,77,5,10.0000,9.9830,0.0009,False,5.0000,codespace,
LIN-CRS-TIM-T30-W10-D30,LINEAR,CRASH,TIME_BASED,30,10,30,5,LOCAL,full,1,2026-09-06T13:01:07Z,0.5000,3.068,62.457,1.0000,1.0000,1.0000,order-service:1.0000;inventory-service:1.0000,True,,27.323,gateway:orderServiceCB=CLOSED;gateway:inventoryServiceCB=CLOSED;gateway:paymentServiceCB=CLOSED;order:inventoryServiceCB=CLOSED;order:sharedDbCB=CLOSED;inventory:paymentServiceCB=CLOSED;inventory:sharedDbCB=CLOSED;payment:notificationServiceCB=CLOSED;payment:sharedDbCB=CLOSED;notification:sharedDbCB=CLOSED,gateway:orderServiceCB=0;gateway:inventoryServiceCB=0;gateway:paymentServiceCB=0;order:inventoryServiceCB=0;order:sharedDbCB=0;inventory:paymentServiceCB=0;inventory:sharedDbCB=0;payment:notificationServiceCB=0;payment:sharedDbCB=0;notification:sharedDbCB=0,200,20.035,856076239,78,5,10.0000,9.9844,0.0024,False,99.8443,codespace,
LIN-CRS-TIM-T30-W10-D30,LINEAR,CRASH,TIME_BASED,30,10,30,5,LOCAL,full,3,2026-09-06T13:03:33Z,0.5000,3.057,61.378,1.0000,1.0000,1.0000,order-service:1.0000;inventory-service:1.0000,True,,27.738,gateway:orderServiceCB=CLOSED;gateway:inventoryServiceCB=CLOSED;gateway:paymentServiceCB=CLOSED;order:inventoryServiceCB=CLOSED;order:sharedDbCB=CLOSED;inventory:paymentServiceCB=CLOSED;inventory:sharedDbCB=CLOSED;payment:notificationServiceCB=CLOSED;payment:sharedDbCB=CLOSED;notification:sharedDbCB=CLOSED,gateway:orderServiceCB=0;gateway:inventoryServiceCB=0;gateway:paymentServiceCB=0;order:inventoryServiceCB=0;order:sharedDbCB=0;inventory:paymentServiceCB=0;inventory:sharedDbCB=0;payment:notificationServiceCB=0;payment:sharedDbCB=0;notification:sharedDbCB=0,200,20.033,856076239,79,5,10.0000,9.9859,0.0005,False,99.8586,codespace,
LIN-CRS-TIM-T70-W10-D5,LINEAR,CRASH,TIME_BASED,70,10,5,5,LOCAL,full,1,2026-09-06T13:05:26Z,0.5000,7.145,23.114,1.0000,1.0000,1.0000,order-service:1.0000;inventory-service:1.0000,True,,28.445,gateway:orderServiceCB=CLOSED;gateway:inventoryServiceCB=CLOSED;gateway:paymentServiceCB=CLOSED;order:inventoryServiceCB=CLOSED;order:sharedDbCB=CLOSED;inventory:paymentServiceCB=CLOSED;inventory:sharedDbCB=CLOSED;payment:notificationServiceCB=CLOSED;payment:sharedDbCB=CLOSED;notification:sharedDbCB=CLOSED,gateway:orderServiceCB=0;gateway:inventoryServiceCB=0;gateway:paymentServiceCB=0;order:inventoryServiceCB=0;order:sharedDbCB=0;inventory:paymentServiceCB=0;inventory:sharedDbCB=0;payment:notificationServiceCB=0;payment:sharedDbCB=0;notification:sharedDbCB=0,200,20.038,856076239,80,5,10.0000,9.9855,0.0009,False,99.8553,codespace,
LIN-CRS-TIM-T30-W5-D15,LINEAR,CRASH,TIME_BASED,30,5,15,5,LOCAL,full,2,2026-09-06T13:07:24Z,0.5000,1.554,31.657,1.0000,1.0000,1.0000,order-service:1.0000;inventory-service:1.0000,True,,30.379,gateway:orderServiceCB=CLOSED;gateway:inventoryServiceCB=CLOSED;gateway:paymentServiceCB=CLOSED;order:inventoryServiceCB=CLOSED;order:sharedDbCB=CLOSED;inventory:paymentServiceCB=CLOSED;inventory:sharedDbCB=CLOSED;payment:notificationServiceCB=CLOSED;payment:sharedDbCB=CLOSED;notification:sharedDbCB=CLOSED,gateway:orderServiceCB=0;gateway:inventoryServiceCB=0;gateway:paymentServiceCB=0;order:inventoryServiceCB=0;order:sharedDbCB=0;inventory:paymentServiceCB=0;inventory:sharedDbCB=0;payment:notificationServiceCB=0;payment:sharedDbCB=0;notification:sharedDbCB=0,200,20.033,856076239,81,5,10.0000,9.9857,0.0005,False,49.9284,codespace,
LIN-CRS-TIM-T30-W5-D5,LINEAR,CRASH,TIME_BASED,30,5,5,5,LOCAL,full,3,2026-09-06T13:09:09Z,0.5000,1.563,22.672,1.0000,1.0000,1.0000,order-service:1.0000;inventory-service:1.0000,True,,27.122,gateway:orderServiceCB=CLOSED;gateway:inventoryServiceCB=CLOSED;gateway:paymentServiceCB=CLOSED;order:inventoryServiceCB=CLOSED;order:sharedDbCB=CLOSED;inventory:paymentServiceCB=CLOSED;inventory:sharedDbCB=CLOSED;payment:notificationServiceCB=CLOSED;payment:sharedDbCB=CLOSED;notification:sharedDbCB=CLOSED,gateway:orderServiceCB=0;gateway:inventoryServiceCB=0;gateway:paymentServiceCB=0;order:inventoryServiceCB=0;order:sharedDbCB=0;inventory:paymentServiceCB=0;inventory:sharedDbCB=0;payment:notificationServiceCB=0;payment:sharedDbCB=0;notification:sharedDbCB=0,200,20.049,856076239,82,5,10.0000,9.9842,0.0022,False,49.9210,codespace,
LIN-CRS-TIM-T50-W10-D5,LINEAR,CRASH,TIME_BASED,50,10,5,5,LOCAL,full,1,2026-09-06T13:11:00Z,0.5000,5.014,23.188,1.0000,1.0000,1.0000,order-service:1.0000;inventory-service:1.0000,True,,29.335,gateway:orderServiceCB=CLOSED;gateway:inventoryServiceCB=CLOSED;gateway:paymentServiceCB=CLOSED;order:inventoryServiceCB=CLOSED;order:sharedDbCB=CLOSED;inventory:paymentServiceCB=CLOSED;inventory:sharedDbCB=CLOSED;payment:notificationServiceCB=CLOSED;payment:sharedDbCB=CLOSED;notification:sharedDbCB=CLOSED,gateway:orderServiceCB=0;gateway:inventoryServiceCB=0;gateway:paymentServiceCB=0;order:inventoryServiceCB=0;order:sharedDbCB=0;inventory:paymentServiceCB=0;inventory:sharedDbCB=0;payment:notificationServiceCB=0;payment:sharedDbCB=0;notification:sharedDbCB=0,200,20.033,856076239,83,5,10.0000,9.9850,0.0014,False,99.8504,codespace,
LIN-CRS-TIM-T30-W10-D15,LINEAR,CRASH,TIME_BASED,30,10,15,5,LOCAL,full,2,2026-09-06T13:13:15Z,0.5000,3.106,47.377,1.0000,1.0000,1.0000,order-service:1.0000;inventory-service:1.0000,True,,30.133,gateway:orderServiceCB=CLOSED;gateway:inventoryServiceCB=CLOSED;gateway:paymentServiceCB=CLOSED;order:inventoryServiceCB=CLOSED;order:sharedDbCB=CLOSED;inventory:paymentServiceCB=CLOSED;inventory:sharedDbCB=CLOSED;payment:notificationServiceCB=CLOSED;payment:sharedDbCB=CLOSED;notification:sharedDbCB=CLOSED,gateway:orderServiceCB=0;gateway:inventoryServiceCB=0;gateway:paymentServiceCB=0;order:inventoryServiceCB=0;order:sharedDbCB=0;inventory:paymentServiceCB=0;inventory:sharedDbCB=0;payment:notificationServiceCB=0;payment:sharedDbCB=0;notification:sharedDbCB=0,200,20.034,856076239,84,5,10.0000,9.9850,0.0011,False,99.8498,codespace,
LIN-CRS-TIM-T70-W20-D5,LINEAR,CRASH,TIME_BASED,70,20,5,5,LOCAL,full,2,2026-09-06T13:15:15Z,0.5000,14.07,23.103,1.0000,1.0000,1.0000,order-service:1.0000;inventory-service:1.0000,True,,29.228,gateway:orderServiceCB=CLOSED;gateway:inventoryServiceCB=CLOSED;gateway:paymentServiceCB=CLOSED;order:inventoryServiceCB=CLOSED;order:sharedDbCB=CLOSED;inventory:paymentServiceCB=CLOSED;inventory:sharedDbCB=CLOSED;payment:notificationServiceCB=CLOSED;payment:sharedDbCB=CLOSED;notification:sharedDbCB=CLOSED,gateway:orderServiceCB=0;gateway:inventoryServiceCB=0;gateway:paymentServiceCB=0;order:inventoryServiceCB=0;order:sharedDbCB=0;inventory:paymentServiceCB=0;inventory:sharedDbCB=0;payment:notificationServiceCB=0;payment:sharedDbCB=0;notification:sharedDbCB=0,200,20.035,856076239,85,5,10.0000,9.9857,0.0005,False,199.7131,codespace,
LIN-CRS-CNT-T50-W5-D5,LINEAR,CRASH,COUNT_BASED,50,5,5,5,LOCAL,full,2,2026-09-06T13:16:47Z,0.2500,0.256,6.937,1.0000,1.0000,1.0000,order-service:1.0000;inventory-service:1.0000,True,,30.902,gateway:orderServiceCB=CLOSED;gateway:inventoryServiceCB=CLOSED;gateway:paymentServiceCB=CLOSED;order:inventoryServiceCB=CLOSED;order:sharedDbCB=CLOSED;inventory:paymentServiceCB=CLOSED;inventory:sharedDbCB=CLOSED;payment:notificationServiceCB=CLOSED;payment:sharedDbCB=CLOSED;notification:sharedDbCB=CLOSED,gateway:orderServiceCB=0;gateway:inventoryServiceCB=0;gateway:paymentServiceCB=0;order:inventoryServiceCB=0;order:sharedDbCB=0;inventory:paymentServiceCB=0;inventory:sharedDbCB=0;payment:notificationServiceCB=0;payment:sharedDbCB=0;notification:sharedDbCB=0,200,20.038,856076239,86,5,10.0000,9.9827,0.0020,False,5.0000,codespace,
LIN-CRS-CNT-T30-W10-D5,LINEAR,CRASH,COUNT_BASED,30,10,5,5,LOCAL,full,1,2026-09-06T13:18:16Z,0.2500,0.246,6.938,1.0000,1.0000,1.0000,order-service:1.0000;inventory-service:1.0000,True,,27.817,gateway:orderServiceCB=CLOSED;gateway:inventoryServiceCB=CLOSED;gateway:paymentServiceCB=CLOSED;order:inventoryServiceCB=CLOSED;order:sharedDbCB=CLOSED;inventory:paymentServiceCB=CLOSED;inventory:sharedDbCB=CLOSED;payment:notificationServiceCB=CLOSED;payment:sharedDbCB=CLOSED;notification:sharedDbCB=CLOSED,gateway:orderServiceCB=0;gateway:inventoryServiceCB=0;gateway:paymentServiceCB=0;order:inventoryServiceCB=0;order:sharedDbCB=0;inventory:paymentServiceCB=0;inventory:sharedDbCB=0;payment:notificationServiceCB=0;payment:sharedDbCB=0;notification:sharedDbCB=0,200,20.032,856076239,87,5,10.0000,9.9848,0.0007,False,10.0000,codespace,
LIN-CRS-TIM-T50-W5-D30,LINEAR,CRASH,TIME_BASED,50,5,30,5,LOCAL,full,3,2026-09-06T13:20:44Z,0.5000,2.833,61.73,1.0000,1.0000,1.0000,order-service:1.0000;inventory-service:1.0000,True,,29.201,gateway:orderServiceCB=CLOSED;gateway:inventoryServiceCB=CLOSED;gateway:paymentServiceCB=CLOSED;order:inventoryServiceCB=CLOSED;order:sharedDbCB=CLOSED;inventory:paymentServiceCB=CLOSED;inventory:sharedDbCB=CLOSED;payment:notificationServiceCB=CLOSED;payment:sharedDbCB=CLOSED;notification:sharedDbCB=CLOSED,gateway:orderServiceCB=0;gateway:inventoryServiceCB=0;gateway:paymentServiceCB=0;order:inventoryServiceCB=0;order:sharedDbCB=0;inventory:paymentServiceCB=0;inventory:sharedDbCB=0;payment:notificationServiceCB=0;payment:sharedDbCB=0;notification:sharedDbCB=0,200,20.037,856076239,88,5,10.0000,9.9852,0.0013,False,49.9258,codespace,
LIN-CRS-CNT-T70-W20-D30,LINEAR,CRASH,COUNT_BASED,70,20,30,5,LOCAL,full,2,2026-09-06T13:22:39Z,0.2500,1.334,31.327,1.0000,1.0000,1.0000,order-service:1.0000;inventory-service:1.0000,True,,28.538,gateway:orderServiceCB=CLOSED;gateway:inventoryServiceCB=CLOSED;gateway:paymentServiceCB=CLOSED;order:inventoryServiceCB=CLOSED;order:sharedDbCB=CLOSED;inventory:paymentServiceCB=CLOSED;inventory:sharedDbCB=CLOSED;payment:notificationServiceCB=CLOSED;payment:sharedDbCB=CLOSED;notification:sharedDbCB=CLOSED,gateway:orderServiceCB=0;gateway:inventoryServiceCB=0;gateway:paymentServiceCB=0;order:inventoryServiceCB=0;order:sharedDbCB=0;inventory:paymentServiceCB=0;inventory:sharedDbCB=0;payment:notificationServiceCB=0;payment:sharedDbCB=0;notification:sharedDbCB=0,200,20.040,856076239,89,5,10.0000,9.9823,0.0030,False,20.0000,codespace,
LIN-CRS-TIM-T30-W10-D15,LINEAR,CRASH,TIME_BASED,30,10,15,5,LOCAL,full,3,2026-09-06T13:24:53Z,0.5000,3.276,47.205,1.0000,1.0000,1.0000,order-service:1.0000;inventory-service:1.0000,True,,29.978,gateway:orderServiceCB=CLOSED;gateway:inventoryServiceCB=CLOSED;gateway:paymentServiceCB=CLOSED;order:inventoryServiceCB=CLOSED;order:sharedDbCB=CLOSED;inventory:paymentServiceCB=CLOSED;inventory:sharedDbCB=CLOSED;payment:notificationServiceCB=CLOSED;payment:sharedDbCB=CLOSED;notification:sharedDbCB=CLOSED,gateway:orderServiceCB=0;gateway:inventoryServiceCB=0;gateway:paymentServiceCB=0;order:inventoryServiceCB=0;order:sharedDbCB=0;inventory:paymentServiceCB=0;inventory:sharedDbCB=0;payment:notificationServiceCB=0;payment:sharedDbCB=0;notification:sharedDbCB=0,200,20.032,856076239,90,5,10.0000,9.9852,0.0024,False,99.8525,codespace,
LIN-CRS-CNT-T30-W5-D15,LINEAR,CRASH,COUNT_BASED,30,5,15,5,LOCAL,full,1,2026-09-06T13:26:33Z,0.5000,0.231,16.102,1.0000,1.0000,1.0000,order-service:1.0000;inventory-service:1.0000,True,,29.852,gateway:orderServiceCB=CLOSED;gateway:inventoryServiceCB=CLOSED;gateway:paymentServiceCB=CLOSED;order:inventoryServiceCB=CLOSED;order:sharedDbCB=CLOSED;inventory:paymentServiceCB=CLOSED;inventory:sharedDbCB=CLOSED;payment:notificationServiceCB=CLOSED;payment:sharedDbCB=CLOSED;notification:sharedDbCB=CLOSED,gateway:orderServiceCB=0;gateway:inventoryServiceCB=0;gateway:paymentServiceCB=0;order:inventoryServiceCB=0;order:sharedDbCB=0;inventory:paymentServiceCB=0;inventory:sharedDbCB=0;payment:notificationServiceCB=0;payment:sharedDbCB=0;notification:sharedDbCB=0,200,20.038,856076239,91,5,10.0000,9.9829,0.0008,False,5.0000,codespace,
LIN-CRS-CNT-T70-W20-D15,LINEAR,CRASH,COUNT_BASED,70,20,15,5,LOCAL,full,2,2026-09-06T13:28:15Z,0.2500,1.332,16.995,1.0000,1.0000,1.0000,order-service:1.0000;inventory-service:1.0000,True,,30.155,gateway:orderServiceCB=CLOSED;gateway:inventoryServiceCB=CLOSED;gateway:paymentServiceCB=CLOSED;order:inventoryServiceCB=CLOSED;order:sharedDbCB=CLOSED;inventory:paymentServiceCB=CLOSED;inventory:sharedDbCB=CLOSED;payment:notificationServiceCB=CLOSED;payment:sharedDbCB=CLOSED;notification:sharedDbCB=CLOSED,gateway:orderServiceCB=0;gateway:inventoryServiceCB=0;gateway:paymentServiceCB=0;order:inventoryServiceCB=0;order:sharedDbCB=0;inventory:paymentServiceCB=0;inventory:sharedDbCB=0;payment:notificationServiceCB=0;payment:sharedDbCB=0;notification:sharedDbCB=0,200,20.035,856076239,92,5,10.0000,9.9840,0.0009,False,20.0000,codespace,
LIN-CRS-TIM-T50-W5-D5,LINEAR,CRASH,TIME_BASED,50,5,5,5,LOCAL,full,3,2026-09-06T13:30:03Z,0.5000,2.67,22.58,1.0000,1.0000,1.0000,order-service:1.0000;inventory-service:1.0000,True,,28.043,gateway:orderServiceCB=CLOSED;gateway:inventoryServiceCB=CLOSED;gateway:paymentServiceCB=CLOSED;order:inventoryServiceCB=CLOSED;order:sharedDbCB=CLOSED;inventory:paymentServiceCB=CLOSED;inventory:sharedDbCB=CLOSED;payment:notificationServiceCB=CLOSED;payment:sharedDbCB=CLOSED;notification:sharedDbCB=CLOSED,gateway:orderServiceCB=0;gateway:inventoryServiceCB=0;gateway:paymentServiceCB=0;order:inventoryServiceCB=0;order:sharedDbCB=0;inventory:paymentServiceCB=0;inventory:sharedDbCB=0;payment:notificationServiceCB=0;payment:sharedDbCB=0;notification:sharedDbCB=0,200,20.041,856076239,93,5,10.0000,9.9851,0.0011,False,49.9253,codespace,
LIN-CRS-TIM-T30-W10-D30,LINEAR,CRASH,TIME_BASED,30,10,30,5,LOCAL,full,2,2026-09-06T13:32:32Z,0.5000,3.085,61.359,1.0000,1.0000,1.0000,order-service:1.0000;inventory-service:1.0000,True,,30.472,gateway:orderServiceCB=CLOSED;gateway:inventoryServiceCB=CLOSED;gateway:paymentServiceCB=CLOSED;order:inventoryServiceCB=CLOSED;order:sharedDbCB=CLOSED;inventory:paymentServiceCB=CLOSED;inventory:sharedDbCB=CLOSED;payment:notificationServiceCB=CLOSED;payment:sharedDbCB=CLOSED;notification:sharedDbCB=CLOSED,gateway:orderServiceCB=0;gateway:inventoryServiceCB=0;gateway:paymentServiceCB=0;order:inventoryServiceCB=0;order:sharedDbCB=0;inventory:paymentServiceCB=0;inventory:sharedDbCB=0;payment:notificationServiceCB=0;payment:sharedDbCB=0;notification:sharedDbCB=0,200,20.035,856076239,94,5,10.0000,9.9855,0.0016,False,99.8545,codespace,
LIN-CRS-CNT-T50-W20-D5,LINEAR,CRASH,COUNT_BASED,50,20,5,5,LOCAL,full,2,2026-09-06T13:34:03Z,0.5000,1.109,7.058,1.0000,1.0000,1.0000,order-service:1.0000;inventory-service:1.0000,True,,29.039,gateway:orderServiceCB=CLOSED;gateway:inventoryServiceCB=CLOSED;gateway:paymentServiceCB=CLOSED;order:inventoryServiceCB=CLOSED;order:sharedDbCB=CLOSED;inventory:paymentServiceCB=CLOSED;inventory:sharedDbCB=CLOSED;payment:notificationServiceCB=CLOSED;payment:sharedDbCB=CLOSED;notification:sharedDbCB=CLOSED,gateway:orderServiceCB=0;gateway:inventoryServiceCB=0;gateway:paymentServiceCB=0;order:inventoryServiceCB=0;order:sharedDbCB=0;inventory:paymentServiceCB=0;inventory:sharedDbCB=0;payment:notificationServiceCB=0;payment:sharedDbCB=0;notification:sharedDbCB=0,200,20.041,856076239,95,5,10.0000,9.9857,0.0022,False,20.0000,codespace,
LIN-CRS-TIM-T70-W5-D5,LINEAR,CRASH,TIME_BASED,70,5,5,5,LOCAL,full,2,2026-09-06T13:35:47Z,0.2500,3.744,18.412,1.0000,1.0000,1.0000,order-service:1.0000;inventory-service:1.0000,True,,27.146,gateway:orderServiceCB=CLOSED;gateway:inventoryServiceCB=CLOSED;gateway:paymentServiceCB=CLOSED;order:inventoryServiceCB=CLOSED;order:sharedDbCB=CLOSED;inventory:paymentServiceCB=CLOSED;inventory:sharedDbCB=CLOSED;payment:notificationServiceCB=CLOSED;payment:sharedDbCB=CLOSED;notification:sharedDbCB=CLOSED,gateway:orderServiceCB=0;gateway:inventoryServiceCB=0;gateway:paymentServiceCB=0;order:inventoryServiceCB=0;order:sharedDbCB=0;inventory:paymentServiceCB=0;inventory:sharedDbCB=0;payment:notificationServiceCB=0;payment:sharedDbCB=0;notification:sharedDbCB=0,200,20.034,856076239,96,5,10.0000,9.9861,0.0004,False,49.9303,codespace,
LIN-CRS-CNT-T50-W5-D30,LINEAR,CRASH,COUNT_BASED,50,5,30,5,LOCAL,full,2,2026-09-06T13:37:42Z,0.2500,0.239,31.361,1.0000,1.0000,1.0000,order-service:1.0000;inventory-service:1.0000,True,,29.424,gateway:orderServiceCB=CLOSED;gateway:inventoryServiceCB=CLOSED;gateway:paymentServiceCB=CLOSED;order:inventoryServiceCB=CLOSED;order:sharedDbCB=CLOSED;inventory:paymentServiceCB=CLOSED;inventory:sharedDbCB=CLOSED;payment:notificationServiceCB=CLOSED;payment:sharedDbCB=CLOSED;notification:sharedDbCB=CLOSED,gateway:orderServiceCB=0;gateway:inventoryServiceCB=0;gateway:paymentServiceCB=0;order:inventoryServiceCB=0;order:sharedDbCB=0;inventory:paymentServiceCB=0;inventory:sharedDbCB=0;payment:notificationServiceCB=0;payment:sharedDbCB=0;notification:sharedDbCB=0,200,20.038,856076239,97,5,10.0000,9.9794,0.0032,False,5.0000,codespace,
LIN-CRS-TIM-T30-W20-D15,LINEAR,CRASH,TIME_BASED,30,20,15,5,LOCAL,full,1,2026-09-06T13:39:59Z,0.5000,6.1,47.225,1.0000,1.0000,1.0000,order-service:1.0000;inventory-service:1.0000,True,,30.040,gateway:orderServiceCB=CLOSED;gateway:inventoryServiceCB=CLOSED;gateway:paymentServiceCB=CLOSED;order:inventoryServiceCB=CLOSED;order:sharedDbCB=CLOSED;inventory:paymentServiceCB=CLOSED;inventory:sharedDbCB=CLOSED;payment:notificationServiceCB=CLOSED;payment:sharedDbCB=CLOSED;notification:sharedDbCB=CLOSED,gateway:orderServiceCB=0;gateway:inventoryServiceCB=0;gateway:paymentServiceCB=0;order:inventoryServiceCB=0;order:sharedDbCB=0;inventory:paymentServiceCB=0;inventory:sharedDbCB=0;payment:notificationServiceCB=0;payment:sharedDbCB=0;notification:sharedDbCB=0,200,20.037,856076239,98,5,10.0000,9.9855,0.0005,False,199.7105,codespace,
LIN-CRS-CNT-T30-W10-D15,LINEAR,CRASH,COUNT_BASED,30,10,15,5,LOCAL,full,2,2026-09-06T13:41:38Z,0.5000,0.473,15.865,1.0000,1.0000,1.0000,order-service:1.0000;inventory-service:1.0000,True,,27.967,gateway:orderServiceCB=CLOSED;gateway:inventoryServiceCB=CLOSED;gateway:paymentServiceCB=CLOSED;order:inventoryServiceCB=CLOSED;order:sharedDbCB=CLOSED;inventory:paymentServiceCB=CLOSED;inventory:sharedDbCB=CLOSED;payment:notificationServiceCB=CLOSED;payment:sharedDbCB=CLOSED;notification:sharedDbCB=CLOSED,gateway:orderServiceCB=0;gateway:inventoryServiceCB=0;gateway:paymentServiceCB=0;order:inventoryServiceCB=0;order:sharedDbCB=0;inventory:paymentServiceCB=0;inventory:sharedDbCB=0;payment:notificationServiceCB=0;payment:sharedDbCB=0;notification:sharedDbCB=0,200,20.038,856076239,99,5,10.0000,9.9851,0.0005,False,10.0000,codespace,
LIN-CRS-CNT-T70-W10-D5,LINEAR,CRASH,COUNT_BASED,70,10,5,5,LOCAL,full,3,2026-09-06T13:43:09Z,0.5000,0.665,6.532,1.0000,1.0000,1.0000,order-service:1.0000;inventory-service:1.0000,True,,30.279,gateway:orderServiceCB=CLOSED;gateway:inventoryServiceCB=CLOSED;gateway:paymentServiceCB=CLOSED;order:inventoryServiceCB=CLOSED;order:sharedDbCB=CLOSED;inventory:paymentServiceCB=CLOSED;inventory:sharedDbCB=CLOSED;payment:notificationServiceCB=CLOSED;payment:sharedDbCB=CLOSED;notification:sharedDbCB=CLOSED,gateway:orderServiceCB=0;gateway:inventoryServiceCB=0;gateway:paymentServiceCB=0;order:inventoryServiceCB=0;order:sharedDbCB=0;inventory:paymentServiceCB=0;inventory:sharedDbCB=0;payment:notificationServiceCB=0;payment:sharedDbCB=0;notification:sharedDbCB=0,200,20.038,856076239,100,5,10.0000,9.9782,0.0048,False,10.0000,codespace,
LIN-CRS-TIM-T70-W10-D30,LINEAR,CRASH,TIME_BASED,70,10,30,5,LOCAL,full,2,2026-09-06T13:45:42Z,0.5000,7.38,62.129,1.0000,1.0000,1.0000,order-service:1.0000;inventory-service:1.0000,True,,29.354,gateway:orderServiceCB=CLOSED;gateway:inventoryServiceCB=CLOSED;gateway:paymentServiceCB=CLOSED;order:inventoryServiceCB=CLOSED;order:sharedDbCB=CLOSED;inventory:paymentServiceCB=CLOSED;inventory:sharedDbCB=CLOSED;payment:notificationServiceCB=CLOSED;payment:sharedDbCB=CLOSED;notification:sharedDbCB=CLOSED,gateway:orderServiceCB=0;gateway:inventoryServiceCB=0;gateway:paymentServiceCB=0;order:inventoryServiceCB=0;order:sharedDbCB=0;inventory:paymentServiceCB=0;inventory:sharedDbCB=0;payment:notificationServiceCB=0;payment:sharedDbCB=0;notification:sharedDbCB=0,200,20.035,856076239,101,5,10.0000,9.9848,0.0016,False,99.8477,codespace,
LIN-CRS-TIM-T70-W5-D15,LINEAR,CRASH,TIME_BASED,70,5,15,5,LOCAL,full,1,2026-09-06T13:47:39Z,0.5000,3.271,31.973,1.0000,1.0000,1.0000,order-service:1.0000;inventory-service:1.0000,True,,27.907,gateway:orderServiceCB=CLOSED;gateway:inventoryServiceCB=CLOSED;gateway:paymentServiceCB=CLOSED;order:inventoryServiceCB=CLOSED;order:sharedDbCB=CLOSED;inventory:paymentServiceCB=CLOSED;inventory:sharedDbCB=CLOSED;payment:notificationServiceCB=CLOSED;payment:sharedDbCB=CLOSED;notification:sharedDbCB=CLOSED,gateway:orderServiceCB=0;gateway:inventoryServiceCB=0;gateway:paymentServiceCB=0;order:inventoryServiceCB=0;order:sharedDbCB=0;inventory:paymentServiceCB=0;inventory:sharedDbCB=0;payment:notificationServiceCB=0;payment:sharedDbCB=0;notification:sharedDbCB=0,200,20.035,856076239,102,5,10.0000,9.9852,0.0007,False,49.9259,codespace,
LIN-CRS-CNT-T50-W10-D5,LINEAR,CRASH,COUNT_BASED,50,10,5,5,LOCAL,full,3,2026-09-06T13:49:09Z,0.5000,0.461,6.737,1.0000,1.0000,1.0000,order-service:1.0000;inventory-service:1.0000,True,,29.009,gateway:orderServiceCB=CLOSED;gateway:inventoryServiceCB=CLOSED;gateway:paymentServiceCB=CLOSED;order:inventoryServiceCB=CLOSED;order:sharedDbCB=CLOSED;inventory:paymentServiceCB=CLOSED;inventory:sharedDbCB=CLOSED;payment:notificationServiceCB=CLOSED;payment:sharedDbCB=CLOSED;notification:sharedDbCB=CLOSED,gateway:orderServiceCB=0;gateway:inventoryServiceCB=0;gateway:paymentServiceCB=0;order:inventoryServiceCB=0;order:sharedDbCB=0;inventory:paymentServiceCB=0;inventory:sharedDbCB=0;payment:notificationServiceCB=0;payment:sharedDbCB=0;notification:sharedDbCB=0,200,20.038,856076239,103,5,10.0000,9.9792,0.0039,False,10.0000,codespace,
LIN-CRS-CNT-T50-W20-D5,LINEAR,CRASH,COUNT_BASED,50,20,5,5,LOCAL,full,3,2026-09-06T13:50:41Z,0.5000,1.119,7.077,1.0000,1.0000,1.0000,order-service:1.0000;inventory-service:1.0000,True,,29.324,gateway:orderServiceCB=CLOSED;gateway:inventoryServiceCB=CLOSED;gateway:paymentServiceCB=CLOSED;order:inventoryServiceCB=CLOSED;order:sharedDbCB=CLOSED;inventory:paymentServiceCB=CLOSED;inventory:sharedDbCB=CLOSED;payment:notificationServiceCB=CLOSED;payment:sharedDbCB=CLOSED;notification:sharedDbCB=CLOSED,gateway:orderServiceCB=0;gateway:inventoryServiceCB=0;gateway:paymentServiceCB=0;order:inventoryServiceCB=0;order:sharedDbCB=0;inventory:paymentServiceCB=0;inventory:sharedDbCB=0;payment:notificationServiceCB=0;payment:sharedDbCB=0;notification:sharedDbCB=0,200,20.043,856076239,104,5,10.0000,9.9768,0.0071,False,20.0000,codespace,
LIN-CRS-TIM-T50-W20-D15,LINEAR,CRASH,TIME_BASED,50,20,15,5,LOCAL,full,1,2026-09-06T13:53:01Z,0.5000,10.421,46.948,1.0000,1.0000,1.0000,order-service:1.0000;inventory-service:1.0000,True,,28.826,gateway:orderServiceCB=CLOSED;gateway:inventoryServiceCB=CLOSED;gateway:paymentServiceCB=CLOSED;order:inventoryServiceCB=CLOSED;order:sharedDbCB=CLOSED;inventory:paymentServiceCB=CLOSED;inventory:sharedDbCB=CLOSED;payment:notificationServiceCB=CLOSED;payment:sharedDbCB=CLOSED;notification:sharedDbCB=CLOSED,gateway:orderServiceCB=0;gateway:inventoryServiceCB=0;gateway:paymentServiceCB=0;order:inventoryServiceCB=0;order:sharedDbCB=0;inventory:paymentServiceCB=0;inventory:sharedDbCB=0;payment:notificationServiceCB=0;payment:sharedDbCB=0;notification:sharedDbCB=0,200,20.035,856076239,105,5,10.0000,9.9853,0.0009,False,199.7059,codespace,
LIN-CRS-TIM-T50-W20-D5,LINEAR,CRASH,TIME_BASED,50,20,5,5,LOCAL,full,3,2026-09-06T13:55:01Z,0.5000,10.009,28.223,1.0000,1.0000,1.0000,order-service:1.0000;inventory-service:1.0000,True,,27.362,gateway:orderServiceCB=CLOSED;gateway:inventoryServiceCB=CLOSED;gateway:paymentServiceCB=CLOSED;order:inventoryServiceCB=CLOSED;order:sharedDbCB=CLOSED;inventory:paymentServiceCB=CLOSED;inventory:sharedDbCB=CLOSED;payment:notificationServiceCB=CLOSED;payment:sharedDbCB=CLOSED;notification:sharedDbCB=CLOSED,gateway:orderServiceCB=0;gateway:inventoryServiceCB=0;gateway:paymentServiceCB=0;order:inventoryServiceCB=0;order:sharedDbCB=0;inventory:paymentServiceCB=0;inventory:sharedDbCB=0;payment:notificationServiceCB=0;payment:sharedDbCB=0;notification:sharedDbCB=0,200,20.032,856076239,106,5,10.0000,9.9842,0.0015,False,199.6831,codespace,
LIN-CRS-TIM-T30-W20-D30,LINEAR,CRASH,TIME_BASED,30,20,30,5,LOCAL,full,1,2026-09-06T13:57:32Z,0.5000,6.051,62.325,1.0000,1.0000,1.0000,order-service:1.0000;inventory-service:1.0000,True,,27.617,gateway:orderServiceCB=CLOSED;gateway:inventoryServiceCB=CLOSED;gateway:paymentServiceCB=CLOSED;order:inventoryServiceCB=CLOSED;order:sharedDbCB=CLOSED;inventory:paymentServiceCB=CLOSED;inventory:sharedDbCB=CLOSED;payment:notificationServiceCB=CLOSED;payment:sharedDbCB=CLOSED;notification:sharedDbCB=CLOSED,gateway:orderServiceCB=0;gateway:inventoryServiceCB=0;gateway:paymentServiceCB=0;order:inventoryServiceCB=0;order:sharedDbCB=0;inventory:paymentServiceCB=0;inventory:sharedDbCB=0;payment:notificationServiceCB=0;payment:sharedDbCB=0;notification:sharedDbCB=0,200,20.033,856076239,107,5,10.0000,9.9850,0.0010,False,199.7003,codespace,
LIN-CRS-CNT-T30-W10-D30,LINEAR,CRASH,COUNT_BASED,30,10,30,5,LOCAL,full,2,2026-09-06T13:59:26Z,0.2500,0.27,31.341,1.0000,1.0000,1.0000,order-service:1.0000;inventory-service:1.0000,True,,28.160,gateway:orderServiceCB=CLOSED;gateway:inventoryServiceCB=CLOSED;gateway:paymentServiceCB=CLOSED;order:inventoryServiceCB=CLOSED;order:sharedDbCB=CLOSED;inventory:paymentServiceCB=CLOSED;inventory:sharedDbCB=CLOSED;payment:notificationServiceCB=CLOSED;payment:sharedDbCB=CLOSED;notification:sharedDbCB=CLOSED,gateway:orderServiceCB=0;gateway:inventoryServiceCB=0;gateway:paymentServiceCB=0;order:inventoryServiceCB=0;order:sharedDbCB=0;inventory:paymentServiceCB=0;inventory:sharedDbCB=0;payment:notificationServiceCB=0;payment:sharedDbCB=0;notification:sharedDbCB=0,200,20.033,856076239,108,5,10.0000,9.9786,0.0048,False,10.0000,codespace,
LIN-CRS-CNT-T50-W20-D15,LINEAR,CRASH,COUNT_BASED,50,20,15,5,LOCAL,full,2,2026-09-06T14:01:06Z,0.5000,0.948,16.357,1.0000,1.0000,1.0000,order-service:1.0000;inventory-service:1.0000,True,,29.457,gateway:orderServiceCB=CLOSED;gateway:inventoryServiceCB=CLOSED;gateway:paymentServiceCB=CLOSED;order:inventoryServiceCB=CLOSED;order:sharedDbCB=CLOSED;inventory:paymentServiceCB=CLOSED;inventory:sharedDbCB=CLOSED;payment:notificationServiceCB=CLOSED;payment:sharedDbCB=CLOSED;notification:sharedDbCB=CLOSED,gateway:orderServiceCB=0;gateway:inventoryServiceCB=0;gateway:paymentServiceCB=0;order:inventoryServiceCB=0;order:sharedDbCB=0;inventory:paymentServiceCB=0;inventory:sharedDbCB=0;payment:notificationServiceCB=0;payment:sharedDbCB=0;notification:sharedDbCB=0,200,20.032,856076239,109,5,10.0000,9.9800,0.0040,False,20.0000,codespace,
LIN-CRS-CNT-T30-W10-D5,LINEAR,CRASH,COUNT_BASED,30,10,5,5,LOCAL,full,2,2026-09-06T14:02:36Z,0.2500,0.256,6.943,1.0000,1.0000,1.0000,order-service:1.0000;inventory-service:1.0000,True,,28.561,gateway:orderServiceCB=CLOSED;gateway:inventoryServiceCB=CLOSED;gateway:paymentServiceCB=CLOSED;order:inventoryServiceCB=CLOSED;order:sharedDbCB=CLOSED;inventory:paymentServiceCB=CLOSED;inventory:sharedDbCB=CLOSED;payment:notificationServiceCB=CLOSED;payment:sharedDbCB=CLOSED;notification:sharedDbCB=CLOSED,gateway:orderServiceCB=0;gateway:inventoryServiceCB=0;gateway:paymentServiceCB=0;order:inventoryServiceCB=0;order:sharedDbCB=0;inventory:paymentServiceCB=0;inventory:sharedDbCB=0;payment:notificationServiceCB=0;payment:sharedDbCB=0;notification:sharedDbCB=0,200,20.034,856076239,110,5,10.0000,9.9854,0.0003,False,10.0000,codespace,
LIN-CRS-CNT-T70-W5-D15,LINEAR,CRASH,COUNT_BASED,70,5,15,5,LOCAL,full,1,2026-09-06T14:04:17Z,0.5000,0.456,16.924,1.0000,1.0000,1.0000,order-service:1.0000;inventory-service:1.0000,True,,29.362,gateway:orderServiceCB=CLOSED;gateway:inventoryServiceCB=CLOSED;gateway:paymentServiceCB=CLOSED;order:inventoryServiceCB=CLOSED;order:sharedDbCB=CLOSED;inventory:paymentServiceCB=CLOSED;inventory:sharedDbCB=CLOSED;payment:notificationServiceCB=CLOSED;payment:sharedDbCB=CLOSED;notification:sharedDbCB=CLOSED,gateway:orderServiceCB=0;gateway:inventoryServiceCB=0;gateway:paymentServiceCB=0;order:inventoryServiceCB=0;order:sharedDbCB=0;inventory:paymentServiceCB=0;inventory:sharedDbCB=0;payment:notificationServiceCB=0;payment:sharedDbCB=0;notification:sharedDbCB=0,200,20.035,856076239,111,5,10.0000,9.9831,0.0017,False,5.0000,codespace,
LIN-CRS-TIM-T70-W5-D5,LINEAR,CRASH,TIME_BASED,70,5,5,5,LOCAL,full,1,2026-09-06T14:06:08Z,0.5000,3.713,23.569,1.0000,1.0000,1.0000,order-service:1.0000;inventory-service:1.0000,True,,30.104,gateway:orderServiceCB=CLOSED;gateway:inventoryServiceCB=CLOSED;gateway:paymentServiceCB=CLOSED;order:inventoryServiceCB=CLOSED;order:sharedDbCB=CLOSED;inventory:paymentServiceCB=CLOSED;inventory:sharedDbCB=CLOSED;payment:notificationServiceCB=CLOSED;payment:sharedDbCB=CLOSED;notification:sharedDbCB=CLOSED,gateway:orderServiceCB=0;gateway:inventoryServiceCB=0;gateway:paymentServiceCB=0;order:inventoryServiceCB=0;order:sharedDbCB=0;inventory:paymentServiceCB=0;inventory:sharedDbCB=0;payment:notificationServiceCB=0;payment:sharedDbCB=0;notification:sharedDbCB=0,200,20.033,856076239,112,5,10.0000,9.9845,0.0016,False,49.9224,codespace,
LIN-CRS-CNT-T30-W5-D30,LINEAR,CRASH,COUNT_BASED,30,5,30,5,LOCAL,full,3,2026-09-06T14:08:01Z,0.5000,0.253,31.361,1.0000,1.0000,1.0000,order-service:1.0000;inventory-service:1.0000,True,,27.214,gateway:orderServiceCB=CLOSED;gateway:inventoryServiceCB=CLOSED;gateway:paymentServiceCB=CLOSED;order:inventoryServiceCB=CLOSED;order:sharedDbCB=CLOSED;inventory:paymentServiceCB=CLOSED;inventory:sharedDbCB=CLOSED;payment:notificationServiceCB=CLOSED;payment:sharedDbCB=CLOSED;notification:sharedDbCB=CLOSED,gateway:orderServiceCB=0;gateway:inventoryServiceCB=0;gateway:paymentServiceCB=0;order:inventoryServiceCB=0;order:sharedDbCB=0;inventory:paymentServiceCB=0;inventory:sharedDbCB=0;payment:notificationServiceCB=0;payment:sharedDbCB=0;notification:sharedDbCB=0,200,20.033,856076239,113,5,10.0000,9.9813,0.0021,False,5.0000,codespace,
LIN-CRS-TIM-T30-W20-D5,LINEAR,CRASH,TIME_BASED,30,20,5,5,LOCAL,full,2,2026-09-06T14:10:04Z,0.5000,6.087,34.17,1.0000,1.0000,1.0000,order-service:1.0000;inventory-service:1.0000,True,,29.327,gateway:orderServiceCB=CLOSED;gateway:inventoryServiceCB=CLOSED;gateway:paymentServiceCB=CLOSED;order:inventoryServiceCB=CLOSED;order:sharedDbCB=CLOSED;inventory:paymentServiceCB=CLOSED;inventory:sharedDbCB=CLOSED;payment:notificationServiceCB=CLOSED;payment:sharedDbCB=CLOSED;notification:sharedDbCB=CLOSED,gateway:orderServiceCB=0;gateway:inventoryServiceCB=0;gateway:paymentServiceCB=0;order:inventoryServiceCB=0;order:sharedDbCB=0;inventory:paymentServiceCB=0;inventory:sharedDbCB=0;payment:notificationServiceCB=0;payment:sharedDbCB=0;notification:sharedDbCB=0,200,20.038,856076239,114,5,10.0000,9.9841,0.0017,False,199.6822,codespace,
LIN-CRS-TIM-T50-W10-D15,LINEAR,CRASH,TIME_BASED,50,10,15,5,LOCAL,full,1,2026-09-06T14:12:04Z,0.5000,5.036,32.176,1.0000,1.0000,1.0000,order-service:1.0000;inventory-service:1.0000,True,,27.423,gateway:orderServiceCB=CLOSED;gateway:inventoryServiceCB=CLOSED;gateway:paymentServiceCB=CLOSED;order:inventoryServiceCB=CLOSED;order:sharedDbCB=CLOSED;inventory:paymentServiceCB=CLOSED;inventory:sharedDbCB=CLOSED;payment:notificationServiceCB=CLOSED;payment:sharedDbCB=CLOSED;notification:sharedDbCB=CLOSED,gateway:orderServiceCB=0;gateway:inventoryServiceCB=0;gateway:paymentServiceCB=0;order:inventoryServiceCB=0;order:sharedDbCB=0;inventory:paymentServiceCB=0;inventory:sharedDbCB=0;payment:notificationServiceCB=0;payment:sharedDbCB=0;notification:sharedDbCB=0,200,20.036,856076239,115,5,10.0000,9.9859,0.0012,False,99.8591,codespace,
LIN-CRS-CNT-T30-W20-D15,LINEAR,CRASH,COUNT_BASED,30,20,15,5,LOCAL,full,3,2026-09-06T14:13:43Z,0.5000,0.679,16.622,1.0000,1.0000,1.0000,order-service:1.0000;inventory-service:1.0000,True,,28.198,gateway:orderServiceCB=CLOSED;gateway:inventoryServiceCB=CLOSED;gateway:paymentServiceCB=CLOSED;order:inventoryServiceCB=CLOSED;order:sharedDbCB=CLOSED;inventory:paymentServiceCB=CLOSED;inventory:sharedDbCB=CLOSED;payment:notificationServiceCB=CLOSED;payment:sharedDbCB=CLOSED;notification:sharedDbCB=CLOSED,gateway:orderServiceCB=0;gateway:inventoryServiceCB=0;gateway:paymentServiceCB=0;order:inventoryServiceCB=0;order:sharedDbCB=0;inventory:paymentServiceCB=0;inventory:sharedDbCB=0;payment:notificationServiceCB=0;payment:sharedDbCB=0;notification:sharedDbCB=0,200,20.041,856076239,116,5,10.0000,9.9853,0.0007,False,20.0000,codespace,
LIN-CRS-CNT-T70-W10-D5,LINEAR,CRASH,COUNT_BASED,70,10,5,5,LOCAL,full,1,2026-09-06T14:15:14Z,0.5000,0.683,6.536,1.0000,1.0000,1.0000,order-service:1.0000;inventory-service:1.0000,True,,29.214,gateway:orderServiceCB=CLOSED;gateway:inventoryServiceCB=CLOSED;gateway:paymentServiceCB=CLOSED;order:inventoryServiceCB=CLOSED;order:sharedDbCB=CLOSED;inventory:paymentServiceCB=CLOSED;inventory:sharedDbCB=CLOSED;payment:notificationServiceCB=CLOSED;payment:sharedDbCB=CLOSED;notification:sharedDbCB=CLOSED,gateway:orderServiceCB=0;gateway:inventoryServiceCB=0;gateway:paymentServiceCB=0;order:inventoryServiceCB=0;order:sharedDbCB=0;inventory:paymentServiceCB=0;inventory:sharedDbCB=0;payment:notificationServiceCB=0;payment:sharedDbCB=0;notification:sharedDbCB=0,200,20.038,856076239,117,5,10.0000,9.9824,0.0018,False,10.0000,codespace,
LIN-CRS-TIM-T30-W20-D15,LINEAR,CRASH,TIME_BASED,30,20,15,5,LOCAL,full,3,2026-09-06T14:17:29Z,0.5000,6.076,47.239,1.0000,1.0000,1.0000,order-service:1.0000;inventory-service:1.0000,True,,27.230,gateway:orderServiceCB=CLOSED;gateway:inventoryServiceCB=CLOSED;gateway:paymentServiceCB=CLOSED;order:inventoryServiceCB=CLOSED;order:sharedDbCB=CLOSED;inventory:paymentServiceCB=CLOSED;inventory:sharedDbCB=CLOSED;payment:notificationServiceCB=CLOSED;payment:sharedDbCB=CLOSED;notification:sharedDbCB=CLOSED,gateway:orderServiceCB=0;gateway:inventoryServiceCB=0;gateway:paymentServiceCB=0;order:inventoryServiceCB=0;order:sharedDbCB=0;inventory:paymentServiceCB=0;inventory:sharedDbCB=0;payment:notificationServiceCB=0;payment:sharedDbCB=0;notification:sharedDbCB=0,200,20.040,856076239,118,5,10.0000,9.9845,0.0017,False,199.6904,codespace,
LIN-CRS-CNT-T50-W10-D5,LINEAR,CRASH,COUNT_BASED,50,10,5,5,LOCAL,full,2,2026-09-06T14:18:59Z,0.5000,0.466,6.716,1.0000,1.0000,1.0000,order-service:1.0000;inventory-service:1.0000,True,,30.051,gateway:orderServiceCB=CLOSED;gateway:inventoryServiceCB=CLOSED;gateway:paymentServiceCB=CLOSED;order:inventoryServiceCB=CLOSED;order:sharedDbCB=CLOSED;inventory:paymentServiceCB=CLOSED;inventory:sharedDbCB=CLOSED;payment:notificationServiceCB=CLOSED;payment:sharedDbCB=CLOSED;notification:sharedDbCB=CLOSED,gateway:orderServiceCB=0;gateway:inventoryServiceCB=0;gateway:paymentServiceCB=0;order:inventoryServiceCB=0;order:sharedDbCB=0;inventory:paymentServiceCB=0;inventory:sharedDbCB=0;payment:notificationServiceCB=0;payment:sharedDbCB=0;notification:sharedDbCB=0,200,20.035,856076239,119,5,10.0000,9.9855,0.0008,False,10.0000,codespace,
LIN-CRS-TIM-T50-W20-D30,LINEAR,CRASH,TIME_BASED,50,20,30,5,LOCAL,full,2,2026-09-06T14:21:38Z,0.2500,10.175,62.244,1.0000,1.0000,1.0000,order-service:1.0000;inventory-service:1.0000,True,,27.171,gateway:orderServiceCB=CLOSED;gateway:inventoryServiceCB=CLOSED;gateway:paymentServiceCB=CLOSED;order:inventoryServiceCB=CLOSED;order:sharedDbCB=CLOSED;inventory:paymentServiceCB=CLOSED;inventory:sharedDbCB=CLOSED;payment:notificationServiceCB=CLOSED;payment:sharedDbCB=CLOSED;notification:sharedDbCB=CLOSED,gateway:orderServiceCB=0;gateway:inventoryServiceCB=0;gateway:paymentServiceCB=0;order:inventoryServiceCB=0;order:sharedDbCB=0;inventory:paymentServiceCB=0;inventory:sharedDbCB=0;payment:notificationServiceCB=0;payment:sharedDbCB=0;notification:sharedDbCB=0,200,20.034,856076239,120,5,10.0000,9.9853,0.0009,False,199.7059,codespace,
LIN-CRS-TIM-T50-W20-D5,LINEAR,CRASH,TIME_BASED,50,20,5,5,LOCAL,full,2,2026-09-06T14:23:39Z,0.5000,9.988,28.212,1.0000,1.0000,1.0000,order-service:1.0000;inventory-service:1.0000,True,,28.584,gateway:orderServiceCB=CLOSED;gateway:inventoryServiceCB=CLOSED;gateway:paymentServiceCB=CLOSED;order:inventoryServiceCB=CLOSED;order:sharedDbCB=CLOSED;inventory:paymentServiceCB=CLOSED;inventory:sharedDbCB=CLOSED;payment:notificationServiceCB=CLOSED;payment:sharedDbCB=CLOSED;notification:sharedDbCB=CLOSED,gateway:orderServiceCB=0;gateway:inventoryServiceCB=0;gateway:paymentServiceCB=0;order:inventoryServiceCB=0;order:sharedDbCB=0;inventory:paymentServiceCB=0;inventory:sharedDbCB=0;payment:notificationServiceCB=0;payment:sharedDbCB=0;notification:sharedDbCB=0,200,20.035,856076239,121,5,10.0000,9.9854,0.0028,False,199.7086,codespace,
LIN-CRS-CNT-T50-W10-D5,LINEAR,CRASH,COUNT_BASED,50,10,5,5,LOCAL,full,1,2026-09-06T14:25:09Z,0.5000,0.461,6.764,1.0000,1.0000,1.0000,order-service:1.0000;inventory-service:1.0000,True,,28.711,gateway:orderServiceCB=CLOSED;gateway:inventoryServiceCB=CLOSED;gateway:paymentServiceCB=CLOSED;order:inventoryServiceCB=CLOSED;order:sharedDbCB=CLOSED;inventory:paymentServiceCB=CLOSED;inventory:sharedDbCB=CLOSED;payment:notificationServiceCB=CLOSED;payment:sharedDbCB=CLOSED;notification:sharedDbCB=CLOSED,gateway:orderServiceCB=0;gateway:inventoryServiceCB=0;gateway:paymentServiceCB=0;order:inventoryServiceCB=0;order:sharedDbCB=0;inventory:paymentServiceCB=0;inventory:sharedDbCB=0;payment:notificationServiceCB=0;payment:sharedDbCB=0;notification:sharedDbCB=0,200,20.035,856076239,122,5,10.0000,9.9806,0.0023,False,10.0000,codespace,
LIN-CRS-TIM-T70-W10-D30,LINEAR,CRASH,TIME_BASED,70,10,30,5,LOCAL,full,3,2026-09-06T14:27:42Z,0.5000,7.383,62.181,1.0000,1.0000,1.0000,order-service:1.0000;inventory-service:1.0000,True,,29.472,gateway:orderServiceCB=CLOSED;gateway:inventoryServiceCB=CLOSED;gateway:paymentServiceCB=CLOSED;order:inventoryServiceCB=CLOSED;order:sharedDbCB=CLOSED;inventory:paymentServiceCB=CLOSED;inventory:sharedDbCB=CLOSED;payment:notificationServiceCB=CLOSED;payment:sharedDbCB=CLOSED;notification:sharedDbCB=CLOSED,gateway:orderServiceCB=0;gateway:inventoryServiceCB=0;gateway:paymentServiceCB=0;order:inventoryServiceCB=0;order:sharedDbCB=0;inventory:paymentServiceCB=0;inventory:sharedDbCB=0;payment:notificationServiceCB=0;payment:sharedDbCB=0;notification:sharedDbCB=0,200,20.034,856076239,123,5,10.0000,9.9857,0.0006,False,99.8573,codespace,
LIN-CRS-TIM-T30-W5-D15,LINEAR,CRASH,TIME_BASED,30,5,15,5,LOCAL,full,1,2026-09-06T14:29:38Z,0.5000,1.756,32.456,1.0000,1.0000,1.0000,order-service:1.0000;inventory-service:1.0000,True,,27.573,gateway:orderServiceCB=CLOSED;gateway:inventoryServiceCB=CLOSED;gateway:paymentServiceCB=CLOSED;order:inventoryServiceCB=CLOSED;order:sharedDbCB=CLOSED;inventory:paymentServiceCB=CLOSED;inventory:sharedDbCB=CLOSED;payment:notificationServiceCB=CLOSED;payment:sharedDbCB=CLOSED;notification:sharedDbCB=CLOSED,gateway:orderServiceCB=0;gateway:inventoryServiceCB=0;gateway:paymentServiceCB=0;order:inventoryServiceCB=0;order:sharedDbCB=0;inventory:paymentServiceCB=0;inventory:sharedDbCB=0;payment:notificationServiceCB=0;payment:sharedDbCB=0;notification:sharedDbCB=0,200,20.042,856076239,124,5,10.0000,9.9857,0.0006,False,49.9284,codespace,
LIN-CRS-CNT-T70-W20-D30,LINEAR,CRASH,COUNT_BASED,70,20,30,5,LOCAL,full,3,2026-09-06T14:31:34Z,0.5000,1.53,31.058,1.0000,1.0000,1.0000,order-service:1.0000;inventory-service:1.0000,True,,29.594,gateway:orderServiceCB=CLOSED;gateway:inventoryServiceCB=CLOSED;gateway:paymentServiceCB=CLOSED;order:inventoryServiceCB=CLOSED;order:sharedDbCB=CLOSED;inventory:paymentServiceCB=CLOSED;inventory:sharedDbCB=CLOSED;payment:notificationServiceCB=CLOSED;payment:sharedDbCB=CLOSED;notification:sharedDbCB=CLOSED,gateway:orderServiceCB=0;gateway:inventoryServiceCB=0;gateway:paymentServiceCB=0;order:inventoryServiceCB=0;order:sharedDbCB=0;inventory:paymentServiceCB=0;inventory:sharedDbCB=0;payment:notificationServiceCB=0;payment:sharedDbCB=0;notification:sharedDbCB=0,200,20.035,856076239,125,5,10.0000,9.9859,0.0003,False,20.0000,codespace,
LIN-CRS-CNT-T30-W20-D5,LINEAR,CRASH,COUNT_BASED,30,20,5,5,LOCAL,full,1,2026-09-06T14:33:06Z,0.5000,0.672,7.5,1.0000,1.0000,1.0000,order-service:1.0000;inventory-service:1.0000,True,,30.192,gateway:orderServiceCB=CLOSED;gateway:inventoryServiceCB=CLOSED;gateway:paymentServiceCB=CLOSED;order:inventoryServiceCB=CLOSED;order:sharedDbCB=CLOSED;inventory:paymentServiceCB=CLOSED;inventory:sharedDbCB=CLOSED;payment:notificationServiceCB=CLOSED;payment:sharedDbCB=CLOSED;notification:sharedDbCB=CLOSED,gateway:orderServiceCB=0;gateway:inventoryServiceCB=0;gateway:paymentServiceCB=0;order:inventoryServiceCB=0;order:sharedDbCB=0;inventory:paymentServiceCB=0;inventory:sharedDbCB=0;payment:notificationServiceCB=0;payment:sharedDbCB=0;notification:sharedDbCB=0,200,20.030,856076239,126,5,10.0000,9.9817,0.0028,False,20.0000,codespace,
LIN-CRS-CNT-T30-W5-D30,LINEAR,CRASH,COUNT_BASED,30,5,30,5,LOCAL,full,2,2026-09-06T14:35:01Z,0.5000,0.273,31.313,1.0000,1.0000,1.0000,order-service:1.0000;inventory-service:1.0000,True,,29.278,gateway:orderServiceCB=CLOSED;gateway:inventoryServiceCB=CLOSED;gateway:paymentServiceCB=CLOSED;order:inventoryServiceCB=CLOSED;order:sharedDbCB=CLOSED;inventory:paymentServiceCB=CLOSED;inventory:sharedDbCB=CLOSED;payment:notificationServiceCB=CLOSED;payment:sharedDbCB=CLOSED;notification:sharedDbCB=CLOSED,gateway:orderServiceCB=0;gateway:inventoryServiceCB=0;gateway:paymentServiceCB=0;order:inventoryServiceCB=0;order:sharedDbCB=0;inventory:paymentServiceCB=0;inventory:sharedDbCB=0;payment:notificationServiceCB=0;payment:sharedDbCB=0;notification:sharedDbCB=0,200,20.034,856076239,127,5,10.0000,9.9781,0.0054,False,5.0000,codespace,
LIN-CRS-CNT-T30-W20-D30,LINEAR,CRASH,COUNT_BASED,30,20,30,5,LOCAL,full,1,2026-09-06T14:36:56Z,0.5000,0.682,31.887,1.0000,1.0000,1.0000,order-service:1.0000;inventory-service:1.0000,True,,27.854,gateway:orderServiceCB=CLOSED;gateway:inventoryServiceCB=CLOSED;gateway:paymentServiceCB=CLOSED;order:inventoryServiceCB=CLOSED;order:sharedDbCB=CLOSED;inventory:paymentServiceCB=CLOSED;inventory:sharedDbCB=CLOSED;payment:notificationServiceCB=CLOSED;payment:sharedDbCB=CLOSED;notification:sharedDbCB=CLOSED,gateway:orderServiceCB=0;gateway:inventoryServiceCB=0;gateway:paymentServiceCB=0;order:inventoryServiceCB=0;order:sharedDbCB=0;inventory:paymentServiceCB=0;inventory:sharedDbCB=0;payment:notificationServiceCB=0;payment:sharedDbCB=0;notification:sharedDbCB=0,200,20.038,856076239,128,5,10.0000,9.9770,0.0055,False,20.0000,codespace,
LIN-CRS-TIM-T30-W20-D30,LINEAR,CRASH,TIME_BASED,30,20,30,5,LOCAL,full,2,2026-09-06T14:39:27Z,0.5000,6.143,62.184,1.0000,1.0000,1.0000,order-service:1.0000;inventory-service:1.0000,True,,29.618,gateway:orderServiceCB=CLOSED;gateway:inventoryServiceCB=CLOSED;gateway:paymentServiceCB=CLOSED;order:inventoryServiceCB=CLOSED;order:sharedDbCB=CLOSED;inventory:paymentServiceCB=CLOSED;inventory:sharedDbCB=CLOSED;payment:notificationServiceCB=CLOSED;payment:sharedDbCB=CLOSED;notification:sharedDbCB=CLOSED,gateway:orderServiceCB=0;gateway:inventoryServiceCB=0;gateway:paymentServiceCB=0;order:inventoryServiceCB=0;order:sharedDbCB=0;inventory:paymentServiceCB=0;inventory:sharedDbCB=0;payment:notificationServiceCB=0;payment:sharedDbCB=0;notification:sharedDbCB=0,200,20.036,856076239,129,5,10.0000,9.9853,0.0016,False,199.7061,codespace,
LIN-CRS-CNT-T30-W10-D15,LINEAR,CRASH,COUNT_BASED,30,10,15,5,LOCAL,full,1,2026-09-06T14:41:08Z,0.2500,0.321,17.075,1.0000,1.0000,1.0000,order-service:1.0000;inventory-service:1.0000,True,,29.638,gateway:orderServiceCB=CLOSED;gateway:inventoryServiceCB=CLOSED;gateway:paymentServiceCB=CLOSED;order:inventoryServiceCB=CLOSED;order:sharedDbCB=CLOSED;inventory:paymentServiceCB=CLOSED;inventory:sharedDbCB=CLOSED;payment:notificationServiceCB=CLOSED;payment:sharedDbCB=CLOSED;notification:sharedDbCB=CLOSED,gateway:orderServiceCB=0;gateway:inventoryServiceCB=0;gateway:paymentServiceCB=0;order:inventoryServiceCB=0;order:sharedDbCB=0;inventory:paymentServiceCB=0;inventory:sharedDbCB=0;payment:notificationServiceCB=0;payment:sharedDbCB=0;notification:sharedDbCB=0,200,20.035,856076239,130,5,10.0000,9.9771,0.0073,False,10.0000,codespace,
LIN-CRS-TIM-T70-W5-D30,LINEAR,CRASH,TIME_BASED,70,5,30,5,LOCAL,full,3,2026-09-06T14:43:37Z,0.5000,3.931,61.633,1.0000,1.0000,1.0000,order-service:1.0000;inventory-service:1.0000,True,,29.119,gateway:orderServiceCB=CLOSED;gateway:inventoryServiceCB=CLOSED;gateway:paymentServiceCB=CLOSED;order:inventoryServiceCB=CLOSED;order:sharedDbCB=CLOSED;inventory:paymentServiceCB=CLOSED;inventory:sharedDbCB=CLOSED;payment:notificationServiceCB=CLOSED;payment:sharedDbCB=CLOSED;notification:sharedDbCB=CLOSED,gateway:orderServiceCB=0;gateway:inventoryServiceCB=0;gateway:paymentServiceCB=0;order:inventoryServiceCB=0;order:sharedDbCB=0;inventory:paymentServiceCB=0;inventory:sharedDbCB=0;payment:notificationServiceCB=0;payment:sharedDbCB=0;notification:sharedDbCB=0,200,20.031,856076239,131,5,10.0000,9.9860,0.0006,False,49.9302,codespace,
LIN-CRS-TIM-T70-W20-D5,LINEAR,CRASH,TIME_BASED,70,20,5,5,LOCAL,full,1,2026-09-06T14:45:36Z,0.5000,14.037,23.148,1.0000,1.0000,1.0000,order-service:1.0000;inventory-service:1.0000,True,,28.058,gateway:orderServiceCB=CLOSED;gateway:inventoryServiceCB=CLOSED;gateway:paymentServiceCB=CLOSED;order:inventoryServiceCB=CLOSED;order:sharedDbCB=CLOSED;inventory:paymentServiceCB=CLOSED;inventory:sharedDbCB=CLOSED;payment:notificationServiceCB=CLOSED;payment:sharedDbCB=CLOSED;notification:sharedDbCB=CLOSED,gateway:orderServiceCB=0;gateway:inventoryServiceCB=0;gateway:paymentServiceCB=0;order:inventoryServiceCB=0;order:sharedDbCB=0;inventory:paymentServiceCB=0;inventory:sharedDbCB=0;payment:notificationServiceCB=0;payment:sharedDbCB=0;notification:sharedDbCB=0,200,20.038,856076239,132,5,10.0000,9.9848,0.0014,False,199.6950,codespace,
LIN-CRS-CNT-T70-W5-D30,LINEAR,CRASH,COUNT_BASED,70,5,30,5,LOCAL,full,1,2026-09-06T14:47:30Z,0.5000,0.45,31.134,1.0000,1.0000,1.0000,order-service:1.0000;inventory-service:1.0000,True,,27.751,gateway:orderServiceCB=CLOSED;gateway:inventoryServiceCB=CLOSED;gateway:paymentServiceCB=CLOSED;order:inventoryServiceCB=CLOSED;order:sharedDbCB=CLOSED;inventory:paymentServiceCB=CLOSED;inventory:sharedDbCB=CLOSED;payment:notificationServiceCB=CLOSED;payment:sharedDbCB=CLOSED;notification:sharedDbCB=CLOSED,gateway:orderServiceCB=0;gateway:inventoryServiceCB=0;gateway:paymentServiceCB=0;order:inventoryServiceCB=0;order:sharedDbCB=0;inventory:paymentServiceCB=0;inventory:sharedDbCB=0;payment:notificationServiceCB=0;payment:sharedDbCB=0;notification:sharedDbCB=0,200,20.035,856076239,133,5,10.0000,9.9852,0.0003,False,5.0000,codespace,
LIN-CRS-TIM-T30-W20-D15,LINEAR,CRASH,TIME_BASED,30,20,15,5,LOCAL,full,2,2026-09-06T14:49:47Z,0.5000,6.3,47.011,1.0000,1.0000,1.0000,order-service:1.0000;inventory-service:1.0000,True,,29.504,gateway:orderServiceCB=CLOSED;gateway:inventoryServiceCB=CLOSED;gateway:paymentServiceCB=CLOSED;order:inventoryServiceCB=CLOSED;order:sharedDbCB=CLOSED;inventory:paymentServiceCB=CLOSED;inventory:sharedDbCB=CLOSED;payment:notificationServiceCB=CLOSED;payment:sharedDbCB=CLOSED;notification:sharedDbCB=CLOSED,gateway:orderServiceCB=0;gateway:inventoryServiceCB=0;gateway:paymentServiceCB=0;order:inventoryServiceCB=0;order:sharedDbCB=0;inventory:paymentServiceCB=0;inventory:sharedDbCB=0;payment:notificationServiceCB=0;payment:sharedDbCB=0;notification:sharedDbCB=0,200,20.037,856076239,134,5,10.0000,9.9858,0.0007,False,199.7156,codespace,
LIN-CRS-TIM-T70-W5-D15,LINEAR,CRASH,TIME_BASED,70,5,15,5,LOCAL,full,3,2026-09-06T14:51:44Z,0.5000,3.48,31.781,1.0000,1.0000,1.0000,order-service:1.0000;inventory-service:1.0000,True,,27.299,gateway:orderServiceCB=CLOSED;gateway:inventoryServiceCB=CLOSED;gateway:paymentServiceCB=CLOSED;order:inventoryServiceCB=CLOSED;order:sharedDbCB=CLOSED;inventory:paymentServiceCB=CLOSED;inventory:sharedDbCB=CLOSED;payment:notificationServiceCB=CLOSED;payment:sharedDbCB=CLOSED;notification:sharedDbCB=CLOSED,gateway:orderServiceCB=0;gateway:inventoryServiceCB=0;gateway:paymentServiceCB=0;order:inventoryServiceCB=0;order:sharedDbCB=0;inventory:paymentServiceCB=0;inventory:sharedDbCB=0;payment:notificationServiceCB=0;payment:sharedDbCB=0;notification:sharedDbCB=0,200,20.033,856076239,135,5,10.0000,9.9849,0.0021,False,49.9247,codespace,
LIN-CRS-CNT-T70-W5-D5,LINEAR,CRASH,COUNT_BASED,70,5,5,5,LOCAL,full,3,2026-09-06T14:53:15Z,0.5000,0.455,6.734,1.0000,1.0000,1.0000,order-service:1.0000;inventory-service:1.0000,True,,29.922,gateway:orderServiceCB=CLOSED;gateway:inventoryServiceCB=CLOSED;gateway:paymentServiceCB=CLOSED;order:inventoryServiceCB=CLOSED;order:sharedDbCB=CLOSED;inventory:paymentServiceCB=CLOSED;inventory:sharedDbCB=CLOSED;payment:notificationServiceCB=CLOSED;payment:sharedDbCB=CLOSED;notification:sharedDbCB=CLOSED,gateway:orderServiceCB=0;gateway:inventoryServiceCB=0;gateway:paymentServiceCB=0;order:inventoryServiceCB=0;order:sharedDbCB=0;inventory:paymentServiceCB=0;inventory:sharedDbCB=0;payment:notificationServiceCB=0;payment:sharedDbCB=0;notification:sharedDbCB=0,200,20.039,856076239,136,5,10.0000,9.9821,0.0023,False,5.0000,codespace,
LIN-CRS-TIM-T30-W10-D5,LINEAR,CRASH,TIME_BASED,30,10,5,5,LOCAL,full,1,2026-09-06T14:55:09Z,0.5000,3.049,28.222,1.0000,1.0000,1.0000,order-service:1.0000;inventory-service:1.0000,True,,29.564,gateway:orderServiceCB=CLOSED;gateway:inventoryServiceCB=CLOSED;gateway:paymentServiceCB=CLOSED;order:inventoryServiceCB=CLOSED;order:sharedDbCB=CLOSED;inventory:paymentServiceCB=CLOSED;inventory:sharedDbCB=CLOSED;payment:notificationServiceCB=CLOSED;payment:sharedDbCB=CLOSED;notification:sharedDbCB=CLOSED,gateway:orderServiceCB=0;gateway:inventoryServiceCB=0;gateway:paymentServiceCB=0;order:inventoryServiceCB=0;order:sharedDbCB=0;inventory:paymentServiceCB=0;inventory:sharedDbCB=0;payment:notificationServiceCB=0;payment:sharedDbCB=0;notification:sharedDbCB=0,200,20.038,856076239,137,5,10.0000,9.9860,0.0003,False,99.8604,codespace,
LIN-CRS-TIM-T50-W10-D30,LINEAR,CRASH,TIME_BASED,50,10,30,5,LOCAL,full,1,2026-09-06T14:57:40Z,0.5000,5.524,62.041,1.0000,1.0000,1.0000,order-service:1.0000;inventory-service:1.0000,True,,29.090,gateway:orderServiceCB=CLOSED;gateway:inventoryServiceCB=CLOSED;gateway:paymentServiceCB=CLOSED;order:inventoryServiceCB=CLOSED;order:sharedDbCB=CLOSED;inventory:paymentServiceCB=CLOSED;inventory:sharedDbCB=CLOSED;payment:notificationServiceCB=CLOSED;payment:sharedDbCB=CLOSED;notification:sharedDbCB=CLOSED,gateway:orderServiceCB=0;gateway:inventoryServiceCB=0;gateway:paymentServiceCB=0;order:inventoryServiceCB=0;order:sharedDbCB=0;inventory:paymentServiceCB=0;inventory:sharedDbCB=0;payment:notificationServiceCB=0;payment:sharedDbCB=0;notification:sharedDbCB=0,200,20.037,856076239,138,5,10.0000,9.9850,0.0016,False,99.8497,codespace,
LIN-CRS-TIM-T50-W10-D15,LINEAR,CRASH,TIME_BASED,50,10,15,5,LOCAL,full,2,2026-09-06T14:59:39Z,0.2500,5.037,32.144,1.0000,1.0000,1.0000,order-service:1.0000;inventory-service:1.0000,True,,27.693,gateway:orderServiceCB=CLOSED;gateway:inventoryServiceCB=CLOSED;gateway:paymentServiceCB=CLOSED;order:inventoryServiceCB=CLOSED;order:sharedDbCB=CLOSED;inventory:paymentServiceCB=CLOSED;inventory:sharedDbCB=CLOSED;payment:notificationServiceCB=CLOSED;payment:sharedDbCB=CLOSED;notification:sharedDbCB=CLOSED,gateway:orderServiceCB=0;gateway:inventoryServiceCB=0;gateway:paymentServiceCB=0;order:inventoryServiceCB=0;order:sharedDbCB=0;inventory:paymentServiceCB=0;inventory:sharedDbCB=0;payment:notificationServiceCB=0;payment:sharedDbCB=0;notification:sharedDbCB=0,200,20.041,856076239,139,5,10.0000,9.9852,0.0009,False,99.8516,codespace,
LIN-CRS-TIM-T50-W20-D5,LINEAR,CRASH,TIME_BASED,50,20,5,5,LOCAL,full,1,2026-09-06T15:01:40Z,0.5000,9.96,28.256,1.0000,1.0000,1.0000,order-service:1.0000;inventory-service:1.0000,True,,27.975,gateway:orderServiceCB=CLOSED;gateway:inventoryServiceCB=CLOSED;gateway:paymentServiceCB=CLOSED;order:inventoryServiceCB=CLOSED;order:sharedDbCB=CLOSED;inventory:paymentServiceCB=CLOSED;inventory:sharedDbCB=CLOSED;payment:notificationServiceCB=CLOSED;payment:sharedDbCB=CLOSED;notification:sharedDbCB=CLOSED,gateway:orderServiceCB=0;gateway:inventoryServiceCB=0;gateway:paymentServiceCB=0;order:inventoryServiceCB=0;order:sharedDbCB=0;inventory:paymentServiceCB=0;inventory:sharedDbCB=0;payment:notificationServiceCB=0;payment:sharedDbCB=0;notification:sharedDbCB=0,200,20.035,856076239,140,5,10.0000,9.9841,0.0037,False,199.6816,codespace,
LIN-CRS-TIM-T30-W20-D5,LINEAR,CRASH,TIME_BASED,30,20,5,5,LOCAL,full,3,2026-09-06T15:03:43Z,0.5000,6.089,34.151,1.0000,1.0000,1.0000,order-service:1.0000;inventory-service:1.0000,True,,28.236,gateway:orderServiceCB=CLOSED;gateway:inventoryServiceCB=CLOSED;gateway:paymentServiceCB=CLOSED;order:inventoryServiceCB=CLOSED;order:sharedDbCB=CLOSED;inventory:paymentServiceCB=CLOSED;inventory:sharedDbCB=CLOSED;payment:notificationServiceCB=CLOSED;payment:sharedDbCB=CLOSED;notification:sharedDbCB=CLOSED,gateway:orderServiceCB=0;gateway:inventoryServiceCB=0;gateway:paymentServiceCB=0;order:inventoryServiceCB=0;order:sharedDbCB=0;inventory:paymentServiceCB=0;inventory:sharedDbCB=0;payment:notificationServiceCB=0;payment:sharedDbCB=0;notification:sharedDbCB=0,200,20.036,856076239,141,5,10.0000,9.9849,0.0028,False,199.6989,codespace,
LIN-CRS-TIM-T70-W5-D15,LINEAR,CRASH,TIME_BASED,70,5,15,5,LOCAL,full,2,2026-09-06T15:05:42Z,0.5000,4.03,32.25,1.0000,1.0000,1.0000,order-service:1.0000;inventory-service:1.0000,True,,28.705,gateway:orderServiceCB=CLOSED;gateway:inventoryServiceCB=CLOSED;gateway:paymentServiceCB=CLOSED;order:inventoryServiceCB=CLOSED;order:sharedDbCB=CLOSED;inventory:paymentServiceCB=CLOSED;inventory:sharedDbCB=CLOSED;payment:notificationServiceCB=CLOSED;payment:sharedDbCB=CLOSED;notification:sharedDbCB=CLOSED,gateway:orderServiceCB=0;gateway:inventoryServiceCB=0;gateway:paymentServiceCB=0;order:inventoryServiceCB=0;order:sharedDbCB=0;inventory:paymentServiceCB=0;inventory:sharedDbCB=0;payment:notificationServiceCB=0;payment:sharedDbCB=0;notification:sharedDbCB=0,200,20.041,856076239,142,5,10.0000,9.9850,0.0014,False,49.9250,codespace,
LIN-CRS-TIM-T50-W5-D15,LINEAR,CRASH,TIME_BASED,50,5,15,5,LOCAL,full,2,2026-09-06T15:07:40Z,0.5000,2.674,31.555,1.0000,1.0000,1.0000,order-service:1.0000;inventory-service:1.0000,True,,29.180,gateway:orderServiceCB=CLOSED;gateway:inventoryServiceCB=CLOSED;gateway:paymentServiceCB=CLOSED;order:inventoryServiceCB=CLOSED;order:sharedDbCB=CLOSED;inventory:paymentServiceCB=CLOSED;inventory:sharedDbCB=CLOSED;payment:notificationServiceCB=CLOSED;payment:sharedDbCB=CLOSED;notification:sharedDbCB=CLOSED,gateway:orderServiceCB=0;gateway:inventoryServiceCB=0;gateway:paymentServiceCB=0;order:inventoryServiceCB=0;order:sharedDbCB=0;inventory:paymentServiceCB=0;inventory:sharedDbCB=0;payment:notificationServiceCB=0;payment:sharedDbCB=0;notification:sharedDbCB=0,200,20.037,856076239,143,5,10.0000,9.9849,0.0024,False,49.9243,codespace,
LIN-CRS-CNT-T70-W10-D15,LINEAR,CRASH,COUNT_BASED,70,10,15,5,LOCAL,full,1,2026-09-06T15:09:20Z,0.5000,0.773,16.585,1.0000,1.0000,1.0000,order-service:1.0000;inventory-service:1.0000,True,,29.010,gateway:orderServiceCB=CLOSED;gateway:inventoryServiceCB=CLOSED;gateway:paymentServiceCB=CLOSED;order:inventoryServiceCB=CLOSED;order:sharedDbCB=CLOSED;inventory:paymentServiceCB=CLOSED;inventory:sharedDbCB=CLOSED;payment:notificationServiceCB=CLOSED;payment:sharedDbCB=CLOSED;notification:sharedDbCB=CLOSED,gateway:orderServiceCB=0;gateway:inventoryServiceCB=0;gateway:paymentServiceCB=0;order:inventoryServiceCB=0;order:sharedDbCB=0;inventory:paymentServiceCB=0;inventory:sharedDbCB=0;payment:notificationServiceCB=0;payment:sharedDbCB=0;notification:sharedDbCB=0,200,20.035,856076239,144,5,10.0000,9.9785,0.0039,False,10.0000,codespace,
LIN-CRS-TIM-T50-W10-D30,LINEAR,CRASH,TIME_BASED,50,10,30,5,LOCAL,full,3,2026-09-06T15:11:51Z,0.5000,5.281,62.228,1.0000,1.0000,1.0000,order-service:1.0000;inventory-service:1.0000,True,,29.675,gateway:orderServiceCB=CLOSED;gateway:inventoryServiceCB=CLOSED;gateway:paymentServiceCB=CLOSED;order:inventoryServiceCB=CLOSED;order:sharedDbCB=CLOSED;inventory:paymentServiceCB=CLOSED;inventory:sharedDbCB=CLOSED;payment:notificationServiceCB=CLOSED;payment:sharedDbCB=CLOSED;notification:sharedDbCB=CLOSED,gateway:orderServiceCB=0;gateway:inventoryServiceCB=0;gateway:paymentServiceCB=0;order:inventoryServiceCB=0;order:sharedDbCB=0;inventory:paymentServiceCB=0;inventory:sharedDbCB=0;payment:notificationServiceCB=0;payment:sharedDbCB=0;notification:sharedDbCB=0,200,20.034,856076239,145,5,10.0000,9.9847,0.0013,False,99.8471,codespace,
LIN-CRS-TIM-T50-W20-D30,LINEAR,CRASH,TIME_BASED,50,20,30,5,LOCAL,full,1,2026-09-06T15:14:27Z,0.5000,10.235,62.166,1.0000,1.0000,1.0000,order-service:1.0000;inventory-service:1.0000,True,,29.938,gateway:orderServiceCB=CLOSED;gateway:inventoryServiceCB=CLOSED;gateway:paymentServiceCB=CLOSED;order:inventoryServiceCB=CLOSED;order:sharedDbCB=CLOSED;inventory:paymentServiceCB=CLOSED;inventory:sharedDbCB=CLOSED;payment:notificationServiceCB=CLOSED;payment:sharedDbCB=CLOSED;notification:sharedDbCB=CLOSED,gateway:orderServiceCB=0;gateway:inventoryServiceCB=0;gateway:paymentServiceCB=0;order:inventoryServiceCB=0;order:sharedDbCB=0;inventory:paymentServiceCB=0;inventory:sharedDbCB=0;payment:notificationServiceCB=0;payment:sharedDbCB=0;notification:sharedDbCB=0,200,20.034,856076239,146,5,10.0000,9.9854,0.0007,False,199.7078,codespace,
