experiment_id,topology,fault_type,window_type,threshold,window_size,wait_duration,permitted_calls_half_open,environment,mode,replicate,run_timestamp,blast_radius,time_to_open,time_to_recover,error_rate,throughput_loss,real_blast_radius,leg_failure_rates,precondition_ok,precondition_fail_reason,readiness_wait_s,cb_state_pre,buffered_calls_pre,warmup_requests,warmup_duration_s,run_order_seed,run_index,load_concurrency,lambda_target,lambda_achieved,lambda_cv,lambda_deviation_flag,effective_horizon,machine_id,excluded_reason
LIN-LAT-CNT-T30-W20-D30,LINEAR,LATENCY,COUNT_BASED,30,20,30,5,LOCAL,full,2,2026-09-02T12:01:36Z,0.25,3.706,31.38,0.4167,0.727,0.0,order-service:0.2083;inventory-service:0.0000;payment-service:0.0000;notification-service:0.0000,True,,29.666,gateway:orderServiceCB=CLOSED;gateway:inventoryServiceCB=CLOSED;gateway:paymentServiceCB=CLOSED;order:inventoryServiceCB=CLOSED;order:sharedDbCB=CLOSED;inventory:paymentServiceCB=CLOSED;inventory:sharedDbCB=CLOSED;payment:notificationServiceCB=CLOSED;payment:sharedDbCB=CLOSED;notification:sharedDbCB=CLOSED,gateway:orderServiceCB=0;gateway:inventoryServiceCB=0;gateway:paymentServiceCB=0;order:inventoryServiceCB=0;order:sharedDbCB=0;inventory:paymentServiceCB=0;inventory:sharedDbCB=0;payment:notificationServiceCB=0;payment:sharedDbCB=0;notification:sharedDbCB=0,200,20.725,1201454971,1,45,10.0,9.6208,0.0146,False,20.0,jay-overnight-rerun,
LIN-LAT-CNT-T30-W5-D5,LINEAR,LATENCY,COUNT_BASED,30,5,5,5,LOCAL,full,2,2026-09-02T12:03:09Z,0.25,3.256,6.16,0.225,0.7406,0.0,order-service:0.1125;inventory-service:0.0000;payment-service:0.0000;notification-service:0.0000,True,,28.381,gateway:orderServiceCB=CLOSED;gateway:inventoryServiceCB=CLOSED;gateway:paymentServiceCB=CLOSED;order:inventoryServiceCB=CLOSED;order:sharedDbCB=CLOSED;inventory:paymentServiceCB=CLOSED;inventory:sharedDbCB=CLOSED;payment:notificationServiceCB=CLOSED;payment:sharedDbCB=CLOSED;notification:sharedDbCB=CLOSED,gateway:orderServiceCB=0;gateway:inventoryServiceCB=0;gateway:paymentServiceCB=0;order:inventoryServiceCB=0;order:sharedDbCB=0;inventory:paymentServiceCB=0;inventory:sharedDbCB=0;payment:notificationServiceCB=0;payment:sharedDbCB=0;notification:sharedDbCB=0,200,20.698,1201454971,2,45,10.0,9.6504,0.018,False,5.0,jay-overnight-rerun,
LIN-LAT-CNT-T70-W10-D5,LINEAR,LATENCY,COUNT_BASED,70,10,5,5,LOCAL,full,1,2026-09-02T12:05:51Z,0.25,3.704,6.333,0.1,0.7246,0.0,order-service:0.0500;inventory-service:0.0000;payment-service:0.0000;notification-service:0.0000,True,,30.393,gateway:orderServiceCB=CLOSED;gateway:inventoryServiceCB=CLOSED;gateway:paymentServiceCB=CLOSED;order:inventoryServiceCB=CLOSED;order:sharedDbCB=CLOSED;inventory:paymentServiceCB=CLOSED;inventory:sharedDbCB=CLOSED;payment:notificationServiceCB=CLOSED;payment:sharedDbCB=CLOSED;notification:sharedDbCB=CLOSED,gateway:orderServiceCB=0;gateway:inventoryServiceCB=0;gateway:paymentServiceCB=0;order:inventoryServiceCB=0;order:sharedDbCB=0;inventory:paymentServiceCB=0;inventory:sharedDbCB=0;payment:notificationServiceCB=0;payment:sharedDbCB=0;notification:sharedDbCB=0,200,20.77,731605866,1,45,10.0,9.6178,0.0168,False,10.0,jay-overnight-rerun,
LIN-LAT-CNT-T70-W20-D15,LINEAR,LATENCY,COUNT_BASED,70,20,15,5,LOCAL,full,3,2026-09-02T16:46:28Z,0.25,4.658,16.2,0.3,0.6523,0.0,order-service:0.1500;inventory-service:0.0000;payment-service:0.0000;notification-service:0.0000,True,,53.159,gateway:orderServiceCB=CLOSED;gateway:inventoryServiceCB=CLOSED;gateway:paymentServiceCB=CLOSED;order:inventoryServiceCB=CLOSED;order:sharedDbCB=CLOSED;inventory:paymentServiceCB=CLOSED;inventory:sharedDbCB=CLOSED;payment:notificationServiceCB=CLOSED;payment:sharedDbCB=CLOSED;notification:sharedDbCB=CLOSED,gateway:orderServiceCB=0;gateway:inventoryServiceCB=0;gateway:paymentServiceCB=0;order:inventoryServiceCB=0;order:sharedDbCB=0;inventory:paymentServiceCB=0;inventory:sharedDbCB=0;payment:notificationServiceCB=0;payment:sharedDbCB=0;notification:sharedDbCB=0,200,21.814,275993080,1,45,10.0,9.1755,0.014,False,20.0,soham-local,
LIN-LAT-CNT-T30-W5-D30,LINEAR,LATENCY,COUNT_BASED,30,5,30,5,LOCAL,full,2,2026-09-02T17:14:12Z,0.25,3.223,31.169,0.275,0.7079,0.0,order-service:0.1375;inventory-service:0.0000;payment-service:0.0000;notification-service:0.0000,True,,52.966,gateway:orderServiceCB=CLOSED;gateway:inventoryServiceCB=CLOSED;gateway:paymentServiceCB=CLOSED;order:inventoryServiceCB=CLOSED;order:sharedDbCB=CLOSED;inventory:paymentServiceCB=CLOSED;inventory:sharedDbCB=CLOSED;payment:notificationServiceCB=CLOSED;payment:sharedDbCB=CLOSED;notification:sharedDbCB=CLOSED,gateway:orderServiceCB=0;gateway:inventoryServiceCB=0;gateway:paymentServiceCB=0;order:inventoryServiceCB=0;order:sharedDbCB=0;inventory:paymentServiceCB=0;inventory:sharedDbCB=0;payment:notificationServiceCB=0;payment:sharedDbCB=0;notification:sharedDbCB=0,200,21.839,1135757765,1,45,10.0,9.1529,0.0112,False,5.0,soham-local,
LIN-LAT-CNT-T50-W5-D30,LINEAR,LATENCY,COUNT_BASED,50,5,30,5,LOCAL,full,3,2026-09-02T17:16:30Z,0.25,3.394,31.953,0.25,0.7013,0.0,order-service:0.1250;inventory-service:0.0000;payment-service:0.0000;notification-service:0.0000,True,,46.705,gateway:orderServiceCB=CLOSED;gateway:inventoryServiceCB=CLOSED;gateway:paymentServiceCB=CLOSED;order:inventoryServiceCB=CLOSED;order:sharedDbCB=CLOSED;inventory:paymentServiceCB=CLOSED;inventory:sharedDbCB=CLOSED;payment:notificationServiceCB=CLOSED;payment:sharedDbCB=CLOSED;notification:sharedDbCB=CLOSED,gateway:orderServiceCB=0;gateway:inventoryServiceCB=0;gateway:paymentServiceCB=0;order:inventoryServiceCB=0;order:sharedDbCB=0;inventory:paymentServiceCB=0;inventory:sharedDbCB=0;payment:notificationServiceCB=0;payment:sharedDbCB=0;notification:sharedDbCB=0,200,21.818,1135757765,2,45,10.0,9.1657,0.0173,False,5.0,soham-local,
LIN-LAT-TIM-T30-W10-D5,LINEAR,LATENCY,TIME_BASED,30,10,5,5,LOCAL,full,1,2026-09-02T17:18:44Z,0.25,5.182,24.325,0.768,0.8652,0.0,order-service:0.3840;inventory-service:0.0000;payment-service:0.0000;notification-service:0.0000,True,,48.24,gateway:orderServiceCB=CLOSED;gateway:inventoryServiceCB=CLOSED;gateway:paymentServiceCB=CLOSED;order:inventoryServiceCB=CLOSED;order:sharedDbCB=CLOSED;inventory:paymentServiceCB=CLOSED;inventory:sharedDbCB=CLOSED;payment:notificationServiceCB=CLOSED;payment:sharedDbCB=CLOSED;notification:sharedDbCB=CLOSED,gateway:orderServiceCB=0;gateway:inventoryServiceCB=0;gateway:paymentServiceCB=0;order:inventoryServiceCB=0;order:sharedDbCB=0;inventory:paymentServiceCB=0;inventory:sharedDbCB=0;payment:notificationServiceCB=0;payment:sharedDbCB=0;notification:sharedDbCB=0,200,21.746,1135757765,3,45,10.0,9.2695,0.0127,False,92.6949,soham-local,
LIN-LAT-CNT-T70-W5-D15,LINEAR,LATENCY,COUNT_BASED,70,5,15,5,LOCAL,full,3,2026-09-02T17:21:05Z,0.25,3.567,16.101,0.2,0.6896,0.0,order-service:0.1000;inventory-service:0.0000;payment-service:0.0000;notification-service:0.0000,True,,59.164,gateway:orderServiceCB=CLOSED;gateway:inventoryServiceCB=CLOSED;gateway:paymentServiceCB=CLOSED;order:inventoryServiceCB=CLOSED;order:sharedDbCB=CLOSED;inventory:paymentServiceCB=CLOSED;inventory:sharedDbCB=CLOSED;payment:notificationServiceCB=CLOSED;payment:sharedDbCB=CLOSED;notification:sharedDbCB=CLOSED,gateway:orderServiceCB=0;gateway:inventoryServiceCB=0;gateway:paymentServiceCB=0;order:inventoryServiceCB=0;order:sharedDbCB=0;inventory:paymentServiceCB=0;inventory:sharedDbCB=0;payment:notificationServiceCB=0;payment:sharedDbCB=0;notification:sharedDbCB=0,200,21.803,1135757765,4,45,10.0,9.1704,0.0194,False,5.0,soham-local,
LIN-LAT-CNT-T50-W20-D30,LINEAR,LATENCY,COUNT_BASED,50,20,30,5,LOCAL,full,3,2026-09-02T17:23:31Z,0.25,4.129,31.972,0.3667,0.6648,0.0,order-service:0.1833;inventory-service:0.0000;payment-service:0.0000;notification-service:0.0000,True,,48.607,gateway:orderServiceCB=CLOSED;gateway:inventoryServiceCB=CLOSED;gateway:paymentServiceCB=CLOSED;order:inventoryServiceCB=CLOSED;order:sharedDbCB=CLOSED;inventory:paymentServiceCB=CLOSED;inventory:sharedDbCB=CLOSED;payment:notificationServiceCB=CLOSED;payment:sharedDbCB=CLOSED;notification:sharedDbCB=CLOSED,gateway:orderServiceCB=0;gateway:inventoryServiceCB=0;gateway:paymentServiceCB=0;order:inventoryServiceCB=0;order:sharedDbCB=0;inventory:paymentServiceCB=0;inventory:sharedDbCB=0;payment:notificationServiceCB=0;payment:sharedDbCB=0;notification:sharedDbCB=0,200,21.832,1135757765,5,45,10.0,9.1877,0.0132,False,20.0,soham-local,
LIN-LAT-TIM-T70-W5-D15,LINEAR,LATENCY,TIME_BASED,70,5,15,5,LOCAL,full,1,2026-09-02T17:26:04Z,0.25,3.464,35.064,0.88,0.932,0.0,order-service:0.4400;inventory-service:0.0000;payment-service:0.0000;notification-service:0.0000,True,,51.194,gateway:orderServiceCB=CLOSED;gateway:inventoryServiceCB=CLOSED;gateway:paymentServiceCB=CLOSED;order:inventoryServiceCB=CLOSED;order:sharedDbCB=CLOSED;inventory:paymentServiceCB=CLOSED;inventory:sharedDbCB=CLOSED;payment:notificationServiceCB=CLOSED;payment:sharedDbCB=CLOSED;notification:sharedDbCB=CLOSED,gateway:orderServiceCB=0;gateway:inventoryServiceCB=0;gateway:paymentServiceCB=0;order:inventoryServiceCB=0;order:sharedDbCB=0;inventory:paymentServiceCB=0;inventory:sharedDbCB=0;payment:notificationServiceCB=0;payment:sharedDbCB=0;notification:sharedDbCB=0,200,21.789,1135757765,6,45,10.0,9.162,0.0113,False,45.8098,soham-local,
LIN-LAT-TIM-T70-W10-D15,LINEAR,LATENCY,TIME_BASED,70,10,15,5,LOCAL,full,1,2026-09-02T17:28:43Z,0.25,7.921,34.947,0.78,0.8753,0.0,order-service:0.3900;inventory-service:0.0000;payment-service:0.0000;notification-service:0.0000,True,,54.606,gateway:orderServiceCB=CLOSED;gateway:inventoryServiceCB=CLOSED;gateway:paymentServiceCB=CLOSED;order:inventoryServiceCB=CLOSED;order:sharedDbCB=CLOSED;inventory:paymentServiceCB=CLOSED;inventory:sharedDbCB=CLOSED;payment:notificationServiceCB=CLOSED;payment:sharedDbCB=CLOSED;notification:sharedDbCB=CLOSED,gateway:orderServiceCB=0;gateway:inventoryServiceCB=0;gateway:paymentServiceCB=0;order:inventoryServiceCB=0;order:sharedDbCB=0;inventory:paymentServiceCB=0;inventory:sharedDbCB=0;payment:notificationServiceCB=0;payment:sharedDbCB=0;notification:sharedDbCB=0,200,21.793,1135757765,7,45,10.0,9.1769,0.0095,False,91.7689,soham-local,
LIN-LAT-CNT-T70-W10-D30,LINEAR,LATENCY,COUNT_BASED,70,10,30,5,LOCAL,full,3,2026-09-02T17:31:16Z,0.25,3.969,30.906,0.15,0.68,0.0,order-service:0.0750;inventory-service:0.0000;payment-service:0.0000;notification-service:0.0000,True,,55.739,gateway:orderServiceCB=CLOSED;gateway:inventoryServiceCB=CLOSED;gateway:paymentServiceCB=CLOSED;order:inventoryServiceCB=CLOSED;order:sharedDbCB=CLOSED;inventory:paymentServiceCB=CLOSED;inventory:sharedDbCB=CLOSED;payment:notificationServiceCB=CLOSED;payment:sharedDbCB=CLOSED;notification:sharedDbCB=CLOSED,gateway:orderServiceCB=0;gateway:inventoryServiceCB=0;gateway:paymentServiceCB=0;order:inventoryServiceCB=0;order:sharedDbCB=0;inventory:paymentServiceCB=0;inventory:sharedDbCB=0;payment:notificationServiceCB=0;payment:sharedDbCB=0;notification:sharedDbCB=0,200,21.789,1135757765,8,45,10.0,9.1459,0.0152,False,10.0,soham-local,
LIN-LAT-CNT-T70-W5-D15,LINEAR,LATENCY,COUNT_BASED,70,5,15,5,LOCAL,full,2,2026-09-02T17:33:24Z,0.25,3.47,16.276,0.2,0.6928,0.0,order-service:0.1000;inventory-service:0.0000;payment-service:0.0000;notification-service:0.0000,True,,46.273,gateway:orderServiceCB=CLOSED;gateway:inventoryServiceCB=CLOSED;gateway:paymentServiceCB=CLOSED;order:inventoryServiceCB=CLOSED;order:sharedDbCB=CLOSED;inventory:paymentServiceCB=CLOSED;inventory:sharedDbCB=CLOSED;payment:notificationServiceCB=CLOSED;payment:sharedDbCB=CLOSED;notification:sharedDbCB=CLOSED,gateway:orderServiceCB=0;gateway:inventoryServiceCB=0;gateway:paymentServiceCB=0;order:inventoryServiceCB=0;order:sharedDbCB=0;inventory:paymentServiceCB=0;inventory:sharedDbCB=0;payment:notificationServiceCB=0;payment:sharedDbCB=0;notification:sharedDbCB=0,200,21.793,1135757765,9,45,10.0,9.1765,0.0111,False,5.0,soham-local,
LIN-LAT-CNT-T30-W10-D5,LINEAR,LATENCY,COUNT_BASED,30,10,5,5,LOCAL,full,2,2026-09-02T17:35:15Z,0.25,3.466,6.428,0.25,0.7017,0.0,order-service:0.1250;inventory-service:0.0000;payment-service:0.0000;notification-service:0.0000,True,,44.092,gateway:orderServiceCB=CLOSED;gateway:inventoryServiceCB=CLOSED;gateway:paymentServiceCB=CLOSED;order:inventoryServiceCB=CLOSED;order:sharedDbCB=CLOSED;inventory:paymentServiceCB=CLOSED;inventory:sharedDbCB=CLOSED;payment:notificationServiceCB=CLOSED;payment:sharedDbCB=CLOSED;notification:sharedDbCB=CLOSED,gateway:orderServiceCB=0;gateway:inventoryServiceCB=0;gateway:paymentServiceCB=0;order:inventoryServiceCB=0;order:sharedDbCB=0;inventory:paymentServiceCB=0;inventory:sharedDbCB=0;payment:notificationServiceCB=0;payment:sharedDbCB=0;notification:sharedDbCB=0,200,21.769,1135757765,10,45,10.0,9.208,0.0144,False,10.0,soham-local,
LIN-LAT-CNT-T50-W20-D30,LINEAR,LATENCY,COUNT_BASED,50,20,30,5,LOCAL,full,2,2026-09-02T17:37:29Z,0.25,4.151,31.278,0.3833,0.671,0.0,order-service:0.1917;inventory-service:0.0000;payment-service:0.0000;notification-service:0.0000,True,,42.566,gateway:orderServiceCB=CLOSED;gateway:inventoryServiceCB=CLOSED;gateway:paymentServiceCB=CLOSED;order:inventoryServiceCB=CLOSED;order:sharedDbCB=CLOSED;inventory:paymentServiceCB=CLOSED;inventory:sharedDbCB=CLOSED;payment:notificationServiceCB=CLOSED;payment:sharedDbCB=CLOSED;notification:sharedDbCB=CLOSED,gateway:orderServiceCB=0;gateway:inventoryServiceCB=0;gateway:paymentServiceCB=0;order:inventoryServiceCB=0;order:sharedDbCB=0;inventory:paymentServiceCB=0;inventory:sharedDbCB=0;payment:notificationServiceCB=0;payment:sharedDbCB=0;notification:sharedDbCB=0,200,21.795,1135757765,11,45,10.0,9.1827,0.0104,False,20.0,soham-local,
LIN-LAT-CNT-T30-W5-D30,LINEAR,LATENCY,COUNT_BASED,30,5,30,5,LOCAL,full,3,2026-09-02T17:39:48Z,0.25,3.369,30.912,0.275,0.7075,0.0,order-service:0.1375;inventory-service:0.0000;payment-service:0.0000;notification-service:0.0000,True,,48.436,gateway:orderServiceCB=CLOSED;gateway:inventoryServiceCB=CLOSED;gateway:paymentServiceCB=CLOSED;order:inventoryServiceCB=CLOSED;order:sharedDbCB=CLOSED;inventory:paymentServiceCB=CLOSED;inventory:sharedDbCB=CLOSED;payment:notificationServiceCB=CLOSED;payment:sharedDbCB=CLOSED;notification:sharedDbCB=CLOSED,gateway:orderServiceCB=0;gateway:inventoryServiceCB=0;gateway:paymentServiceCB=0;order:inventoryServiceCB=0;order:sharedDbCB=0;inventory:paymentServiceCB=0;inventory:sharedDbCB=0;payment:notificationServiceCB=0;payment:sharedDbCB=0;notification:sharedDbCB=0,200,21.766,1135757765,12,45,10.0,9.1354,0.0143,False,5.0,soham-local,
LIN-LAT-CNT-T50-W10-D15,LINEAR,LATENCY,COUNT_BASED,50,10,15,5,LOCAL,full,1,2026-09-02T17:41:51Z,0.25,3.707,16.043,0.2,0.6904,0.0,order-service:0.1000;inventory-service:0.0000;payment-service:0.0000;notification-service:0.0000,True,,46.305,gateway:orderServiceCB=CLOSED;gateway:inventoryServiceCB=CLOSED;gateway:paymentServiceCB=CLOSED;order:inventoryServiceCB=CLOSED;order:sharedDbCB=CLOSED;inventory:paymentServiceCB=CLOSED;inventory:sharedDbCB=CLOSED;payment:notificationServiceCB=CLOSED;payment:sharedDbCB=CLOSED;notification:sharedDbCB=CLOSED,gateway:orderServiceCB=0;gateway:inventoryServiceCB=0;gateway:paymentServiceCB=0;order:inventoryServiceCB=0;order:sharedDbCB=0;inventory:paymentServiceCB=0;inventory:sharedDbCB=0;payment:notificationServiceCB=0;payment:sharedDbCB=0;notification:sharedDbCB=0,200,21.795,1135757765,13,45,10.0,9.1477,0.0119,False,10.0,soham-local,
LIN-LAT-TIM-T70-W20-D15,LINEAR,LATENCY,TIME_BASED,70,20,15,5,LOCAL,full,3,2026-09-02T17:44:44Z,0.25,14.941,53.401,0.6733,0.8249,0.0,order-service:0.3367;inventory-service:0.0000;payment-service:0.0000;notification-service:0.0000,True,,48.199,gateway:orderServiceCB=CLOSED;gateway:inventoryServiceCB=CLOSED;gateway:paymentServiceCB=CLOSED;order:inventoryServiceCB=CLOSED;order:sharedDbCB=CLOSED;inventory:paymentServiceCB=CLOSED;inventory:sharedDbCB=CLOSED;payment:notificationServiceCB=CLOSED;payment:sharedDbCB=CLOSED;notification:sharedDbCB=CLOSED,gateway:orderServiceCB=0;gateway:inventoryServiceCB=0;gateway:paymentServiceCB=0;order:inventoryServiceCB=0;order:sharedDbCB=0;inventory:paymentServiceCB=0;inventory:sharedDbCB=0;payment:notificationServiceCB=0;payment:sharedDbCB=0;notification:sharedDbCB=0,200,21.823,1135757765,14,45,10.0,9.1776,0.0105,False,183.5523,soham-local,
LIN-LAT-CNT-T50-W10-D15,LINEAR,LATENCY,COUNT_BASED,50,10,15,5,LOCAL,full,3,2026-09-02T17:46:51Z,0.25,3.646,16.081,0.2,0.6906,0.0,order-service:0.1000;inventory-service:0.0000;payment-service:0.0000;notification-service:0.0000,True,,50.98,gateway:orderServiceCB=CLOSED;gateway:inventoryServiceCB=CLOSED;gateway:paymentServiceCB=CLOSED;order:inventoryServiceCB=CLOSED;order:sharedDbCB=CLOSED;inventory:paymentServiceCB=CLOSED;inventory:sharedDbCB=CLOSED;payment:notificationServiceCB=CLOSED;payment:sharedDbCB=CLOSED;notification:sharedDbCB=CLOSED,gateway:orderServiceCB=0;gateway:inventoryServiceCB=0;gateway:paymentServiceCB=0;order:inventoryServiceCB=0;order:sharedDbCB=0;inventory:paymentServiceCB=0;inventory:sharedDbCB=0;payment:notificationServiceCB=0;payment:sharedDbCB=0;notification:sharedDbCB=0,200,21.779,1135757765,15,45,10.0,9.1877,0.016,False,10.0,soham-local,
LIN-LAT-TIM-T50-W20-D30,LINEAR,LATENCY,TIME_BASED,50,20,30,5,LOCAL,full,1,2026-09-02T17:49:57Z,0.25,11.395,65.05,0.8183,0.8968,0.0,order-service:0.4092;inventory-service:0.0000;payment-service:0.0000;notification-service:0.0000,True,,47.566,gateway:orderServiceCB=CLOSED;gateway:inventoryServiceCB=CLOSED;gateway:paymentServiceCB=CLOSED;order:inventoryServiceCB=CLOSED;order:sharedDbCB=CLOSED;inventory:paymentServiceCB=CLOSED;inventory:sharedDbCB=CLOSED;payment:notificationServiceCB=CLOSED;payment:sharedDbCB=CLOSED;notification:sharedDbCB=CLOSED,gateway:orderServiceCB=0;gateway:inventoryServiceCB=0;gateway:paymentServiceCB=0;order:inventoryServiceCB=0;order:sharedDbCB=0;inventory:paymentServiceCB=0;inventory:sharedDbCB=0;payment:notificationServiceCB=0;payment:sharedDbCB=0;notification:sharedDbCB=0,200,21.778,1135757765,16,45,10.0,9.1813,0.0098,False,183.6258,soham-local,
LIN-LAT-CNT-T70-W10-D15,LINEAR,LATENCY,COUNT_BASED,70,10,15,5,LOCAL,full,3,2026-09-02T17:52:04Z,0.25,3.866,16.022,0.15,0.6768,0.0,order-service:0.0750;inventory-service:0.0000;payment-service:0.0000;notification-service:0.0000,True,,44.674,gateway:orderServiceCB=CLOSED;gateway:inventoryServiceCB=CLOSED;gateway:paymentServiceCB=CLOSED;order:inventoryServiceCB=CLOSED;order:sharedDbCB=CLOSED;inventory:paymentServiceCB=CLOSED;inventory:sharedDbCB=CLOSED;payment:notificationServiceCB=CLOSED;payment:sharedDbCB=CLOSED;notification:sharedDbCB=CLOSED,gateway:orderServiceCB=0;gateway:inventoryServiceCB=0;gateway:paymentServiceCB=0;order:inventoryServiceCB=0;order:sharedDbCB=0;inventory:paymentServiceCB=0;inventory:sharedDbCB=0;payment:notificationServiceCB=0;payment:sharedDbCB=0;notification:sharedDbCB=0,200,21.788,1135757765,17,45,10.0,9.1812,0.0134,False,10.0,soham-local,
LIN-LAT-CNT-T70-W20-D30,LINEAR,LATENCY,COUNT_BASED,70,20,30,5,LOCAL,full,1,2026-09-02T17:54:27Z,0.25,4.653,31.014,0.3167,0.652,0.0,order-service:0.1583;inventory-service:0.0000;payment-service:0.0000;notification-service:0.0000,True,,46.551,gateway:orderServiceCB=CLOSED;gateway:inventoryServiceCB=CLOSED;gateway:paymentServiceCB=CLOSED;order:inventoryServiceCB=CLOSED;order:sharedDbCB=CLOSED;inventory:paymentServiceCB=CLOSED;inventory:sharedDbCB=CLOSED;payment:notificationServiceCB=CLOSED;payment:sharedDbCB=CLOSED;notification:sharedDbCB=CLOSED,gateway:orderServiceCB=0;gateway:inventoryServiceCB=0;gateway:paymentServiceCB=0;order:inventoryServiceCB=0;order:sharedDbCB=0;inventory:paymentServiceCB=0;inventory:sharedDbCB=0;payment:notificationServiceCB=0;payment:sharedDbCB=0;notification:sharedDbCB=0,200,21.863,1135757765,18,45,10.0,9.1705,0.0134,False,20.0,soham-local,
LIN-LAT-TIM-T50-W5-D30,LINEAR,LATENCY,TIME_BASED,50,5,30,5,LOCAL,full,3,2026-09-02T17:57:16Z,0.25,3.964,64.678,0.9089,0.9483,0.0,order-service:0.4544;inventory-service:0.0000;payment-service:0.0000;notification-service:0.0000,True,,43.281,gateway:orderServiceCB=CLOSED;gateway:inventoryServiceCB=CLOSED;gateway:paymentServiceCB=CLOSED;order:inventoryServiceCB=CLOSED;order:sharedDbCB=CLOSED;inventory:paymentServiceCB=CLOSED;inventory:sharedDbCB=CLOSED;payment:notificationServiceCB=CLOSED;payment:sharedDbCB=CLOSED;notification:sharedDbCB=CLOSED,gateway:orderServiceCB=0;gateway:inventoryServiceCB=0;gateway:paymentServiceCB=0;order:inventoryServiceCB=0;order:sharedDbCB=0;inventory:paymentServiceCB=0;inventory:sharedDbCB=0;payment:notificationServiceCB=0;payment:sharedDbCB=0;notification:sharedDbCB=0,200,21.782,1135757765,19,45,10.0,9.1626,0.0101,False,45.8129,soham-local,
LIN-LAT-TIM-T70-W10-D5,LINEAR,LATENCY,TIME_BASED,70,10,5,5,LOCAL,full,1,2026-09-02T17:59:28Z,0.25,7.379,23.594,0.692,0.8226,0.0,order-service:0.3460;inventory-service:0.0000;payment-service:0.0000;notification-service:0.0000,True,,43.844,gateway:orderServiceCB=CLOSED;gateway:inventoryServiceCB=CLOSED;gateway:paymentServiceCB=CLOSED;order:inventoryServiceCB=CLOSED;order:sharedDbCB=CLOSED;inventory:paymentServiceCB=CLOSED;inventory:sharedDbCB=CLOSED;payment:notificationServiceCB=CLOSED;payment:sharedDbCB=CLOSED;notification:sharedDbCB=CLOSED,gateway:orderServiceCB=0;gateway:inventoryServiceCB=0;gateway:paymentServiceCB=0;order:inventoryServiceCB=0;order:sharedDbCB=0;inventory:paymentServiceCB=0;inventory:sharedDbCB=0;payment:notificationServiceCB=0;payment:sharedDbCB=0;notification:sharedDbCB=0,200,21.782,1135757765,20,45,10.0,9.1694,0.0106,False,91.6944,soham-local,
LIN-LAT-CNT-T50-W5-D5,LINEAR,LATENCY,COUNT_BASED,50,5,5,5,LOCAL,full,2,2026-09-02T18:01:23Z,0.25,3.466,6.412,0.25,0.7023,0.0,order-service:0.1250;inventory-service:0.0000;payment-service:0.0000;notification-service:0.0000,True,,47.885,gateway:orderServiceCB=CLOSED;gateway:inventoryServiceCB=CLOSED;gateway:paymentServiceCB=CLOSED;order:inventoryServiceCB=CLOSED;order:sharedDbCB=CLOSED;inventory:paymentServiceCB=CLOSED;inventory:sharedDbCB=CLOSED;payment:notificationServiceCB=CLOSED;payment:sharedDbCB=CLOSED;notification:sharedDbCB=CLOSED,gateway:orderServiceCB=0;gateway:inventoryServiceCB=0;gateway:paymentServiceCB=0;order:inventoryServiceCB=0;order:sharedDbCB=0;inventory:paymentServiceCB=0;inventory:sharedDbCB=0;payment:notificationServiceCB=0;payment:sharedDbCB=0;notification:sharedDbCB=0,200,21.78,1135757765,21,45,10.0,9.1821,0.0163,False,5.0,soham-local,
LIN-LAT-TIM-T50-W10-D15,LINEAR,LATENCY,TIME_BASED,50,10,15,5,LOCAL,full,3,2026-09-02T18:03:53Z,0.25,6.633,34.997,0.8143,0.8938,0.0,order-service:0.4071;inventory-service:0.0000;payment-service:0.0000;notification-service:0.0000,True,,47.03,gateway:orderServiceCB=CLOSED;gateway:inventoryServiceCB=CLOSED;gateway:paymentServiceCB=CLOSED;order:inventoryServiceCB=CLOSED;order:sharedDbCB=CLOSED;inventory:paymentServiceCB=CLOSED;inventory:sharedDbCB=CLOSED;payment:notificationServiceCB=CLOSED;payment:sharedDbCB=CLOSED;notification:sharedDbCB=CLOSED,gateway:orderServiceCB=0;gateway:inventoryServiceCB=0;gateway:paymentServiceCB=0;order:inventoryServiceCB=0;order:sharedDbCB=0;inventory:paymentServiceCB=0;inventory:sharedDbCB=0;payment:notificationServiceCB=0;payment:sharedDbCB=0;notification:sharedDbCB=0,200,21.797,1135757765,22,45,10.0,9.1773,0.0093,False,91.7727,soham-local,
LIN-LAT-CNT-T50-W10-D5,LINEAR,LATENCY,COUNT_BASED,50,10,5,5,LOCAL,full,1,2026-09-02T18:05:47Z,0.25,3.641,6.589,0.2,0.6908,0.0,order-service:0.1000;inventory-service:0.0000;payment-service:0.0000;notification-service:0.0000,True,,47.048,gateway:orderServiceCB=CLOSED;gateway:inventoryServiceCB=CLOSED;gateway:paymentServiceCB=CLOSED;order:inventoryServiceCB=CLOSED;order:sharedDbCB=CLOSED;inventory:paymentServiceCB=CLOSED;inventory:sharedDbCB=CLOSED;payment:notificationServiceCB=CLOSED;payment:sharedDbCB=CLOSED;notification:sharedDbCB=CLOSED,gateway:orderServiceCB=0;gateway:inventoryServiceCB=0;gateway:paymentServiceCB=0;order:inventoryServiceCB=0;order:sharedDbCB=0;inventory:paymentServiceCB=0;inventory:sharedDbCB=0;payment:notificationServiceCB=0;payment:sharedDbCB=0;notification:sharedDbCB=0,200,21.814,1135757765,23,45,10.0,9.1659,0.0116,False,10.0,soham-local,
LIN-LAT-TIM-T50-W10-D15,LINEAR,LATENCY,TIME_BASED,50,10,15,5,LOCAL,full,2,2026-09-02T18:08:08Z,0.25,6.453,35.342,0.8171,0.8955,0.0,order-service:0.4086;inventory-service:0.0000;payment-service:0.0000;notification-service:0.0000,True,,41.773,gateway:orderServiceCB=CLOSED;gateway:inventoryServiceCB=CLOSED;gateway:paymentServiceCB=CLOSED;order:inventoryServiceCB=CLOSED;order:sharedDbCB=CLOSED;inventory:paymentServiceCB=CLOSED;inventory:sharedDbCB=CLOSED;payment:notificationServiceCB=CLOSED;payment:sharedDbCB=CLOSED;notification:sharedDbCB=CLOSED,gateway:orderServiceCB=0;gateway:inventoryServiceCB=0;gateway:paymentServiceCB=0;order:inventoryServiceCB=0;order:sharedDbCB=0;inventory:paymentServiceCB=0;inventory:sharedDbCB=0;payment:notificationServiceCB=0;payment:sharedDbCB=0;notification:sharedDbCB=0,200,21.803,1135757765,24,45,10.0,9.1747,0.009,False,91.7466,soham-local,
LIN-LAT-CNT-T50-W20-D30,LINEAR,LATENCY,COUNT_BASED,50,20,30,5,LOCAL,full,1,2026-09-02T18:10:21Z,0.25,4.295,30.941,0.3667,0.6695,0.0,order-service:0.1833;inventory-service:0.0000;payment-service:0.0000;notification-service:0.0000,True,,40.928,gateway:orderServiceCB=CLOSED;gateway:inventoryServiceCB=CLOSED;gateway:paymentServiceCB=CLOSED;order:inventoryServiceCB=CLOSED;order:sharedDbCB=CLOSED;inventory:paymentServiceCB=CLOSED;inventory:sharedDbCB=CLOSED;payment:notificationServiceCB=CLOSED;payment:sharedDbCB=CLOSED;notification:sharedDbCB=CLOSED,gateway:orderServiceCB=0;gateway:inventoryServiceCB=0;gateway:paymentServiceCB=0;order:inventoryServiceCB=0;order:sharedDbCB=0;inventory:paymentServiceCB=0;inventory:sharedDbCB=0;payment:notificationServiceCB=0;payment:sharedDbCB=0;notification:sharedDbCB=0,200,21.817,1135757765,25,45,10.0,9.1517,0.0119,False,20.0,soham-local,
LIN-LAT-CNT-T30-W10-D30,LINEAR,LATENCY,COUNT_BASED,30,10,30,5,LOCAL,full,3,2026-09-02T18:12:33Z,0.25,3.4,31.991,0.25,0.7015,0.0,order-service:0.1250;inventory-service:0.0000;payment-service:0.0000;notification-service:0.0000,True,,41.217,gateway:orderServiceCB=CLOSED;gateway:inventoryServiceCB=CLOSED;gateway:paymentServiceCB=CLOSED;order:inventoryServiceCB=CLOSED;order:sharedDbCB=CLOSED;inventory:paymentServiceCB=CLOSED;inventory:sharedDbCB=CLOSED;payment:notificationServiceCB=CLOSED;payment:sharedDbCB=CLOSED;notification:sharedDbCB=CLOSED,gateway:orderServiceCB=0;gateway:inventoryServiceCB=0;gateway:paymentServiceCB=0;order:inventoryServiceCB=0;order:sharedDbCB=0;inventory:paymentServiceCB=0;inventory:sharedDbCB=0;payment:notificationServiceCB=0;payment:sharedDbCB=0;notification:sharedDbCB=0,200,21.777,1135757765,26,45,10.0,9.2173,0.0126,False,10.0,soham-local,
LIN-LAT-TIM-T70-W20-D15,LINEAR,LATENCY,TIME_BASED,70,20,15,5,LOCAL,full,1,2026-09-02T18:15:18Z,0.25,14.916,53.211,0.6778,0.8271,0.0,order-service:0.3389;inventory-service:0.0000;payment-service:0.0000;notification-service:0.0000,True,,40.371,gateway:orderServiceCB=CLOSED;gateway:inventoryServiceCB=CLOSED;gateway:paymentServiceCB=CLOSED;order:inventoryServiceCB=CLOSED;order:sharedDbCB=CLOSED;inventory:paymentServiceCB=CLOSED;inventory:sharedDbCB=CLOSED;payment:notificationServiceCB=CLOSED;payment:sharedDbCB=CLOSED;notification:sharedDbCB=CLOSED,gateway:orderServiceCB=0;gateway:inventoryServiceCB=0;gateway:paymentServiceCB=0;order:inventoryServiceCB=0;order:sharedDbCB=0;inventory:paymentServiceCB=0;inventory:sharedDbCB=0;payment:notificationServiceCB=0;payment:sharedDbCB=0;notification:sharedDbCB=0,200,21.806,1135757765,27,45,10.0,9.1667,0.0088,False,183.3333,soham-local,
LIN-LAT-CNT-T70-W10-D5,LINEAR,LATENCY,COUNT_BASED,70,10,5,5,LOCAL,full,3,2026-09-02T18:17:08Z,0.25,3.881,6.469,0.125,0.6798,0.0,order-service:0.0625;inventory-service:0.0000;payment-service:0.0000;notification-service:0.0000,True,,42.902,gateway:orderServiceCB=CLOSED;gateway:inventoryServiceCB=CLOSED;gateway:paymentServiceCB=CLOSED;order:inventoryServiceCB=CLOSED;order:sharedDbCB=CLOSED;inventory:paymentServiceCB=CLOSED;inventory:sharedDbCB=CLOSED;payment:notificationServiceCB=CLOSED;payment:sharedDbCB=CLOSED;notification:sharedDbCB=CLOSED,gateway:orderServiceCB=0;gateway:inventoryServiceCB=0;gateway:paymentServiceCB=0;order:inventoryServiceCB=0;order:sharedDbCB=0;inventory:paymentServiceCB=0;inventory:sharedDbCB=0;payment:notificationServiceCB=0;payment:sharedDbCB=0;notification:sharedDbCB=0,200,21.794,1135757765,28,45,10.0,9.1692,0.0138,False,10.0,soham-local,
LIN-LAT-CNT-T50-W5-D30,LINEAR,LATENCY,COUNT_BASED,50,5,30,5,LOCAL,full,1,2026-09-02T18:19:18Z,0.25,3.462,31.119,0.225,0.6953,0.0,order-service:0.1125;inventory-service:0.0000;payment-service:0.0000;notification-service:0.0000,True,,39.652,gateway:orderServiceCB=CLOSED;gateway:inventoryServiceCB=CLOSED;gateway:paymentServiceCB=CLOSED;order:inventoryServiceCB=CLOSED;order:sharedDbCB=CLOSED;inventory:paymentServiceCB=CLOSED;inventory:sharedDbCB=CLOSED;payment:notificationServiceCB=CLOSED;payment:sharedDbCB=CLOSED;notification:sharedDbCB=CLOSED,gateway:orderServiceCB=0;gateway:inventoryServiceCB=0;gateway:paymentServiceCB=0;order:inventoryServiceCB=0;order:sharedDbCB=0;inventory:paymentServiceCB=0;inventory:sharedDbCB=0;payment:notificationServiceCB=0;payment:sharedDbCB=0;notification:sharedDbCB=0,200,21.815,1135757765,29,45,10.0,9.1975,0.0148,False,5.0,soham-local,
LIN-LAT-CNT-T70-W5-D5,LINEAR,LATENCY,COUNT_BASED,70,5,5,5,LOCAL,full,1,2026-09-02T18:21:10Z,0.25,3.434,6.569,0.225,0.7001,0.0,order-service:0.1125;inventory-service:0.0000;payment-service:0.0000;notification-service:0.0000,True,,43.821,gateway:orderServiceCB=CLOSED;gateway:inventoryServiceCB=CLOSED;gateway:paymentServiceCB=CLOSED;order:inventoryServiceCB=CLOSED;order:sharedDbCB=CLOSED;inventory:paymentServiceCB=CLOSED;inventory:sharedDbCB=CLOSED;payment:notificationServiceCB=CLOSED;payment:sharedDbCB=CLOSED;notification:sharedDbCB=CLOSED,gateway:orderServiceCB=0;gateway:inventoryServiceCB=0;gateway:paymentServiceCB=0;order:inventoryServiceCB=0;order:sharedDbCB=0;inventory:paymentServiceCB=0;inventory:sharedDbCB=0;payment:notificationServiceCB=0;payment:sharedDbCB=0;notification:sharedDbCB=0,200,21.778,1135757765,30,45,10.0,9.048,0.0678,False,5.0,soham-local,
LIN-LAT-TIM-T30-W20-D15,LINEAR,LATENCY,TIME_BASED,30,20,15,5,LOCAL,full,2,2026-09-02T18:23:51Z,0.25,8.308,53.932,0.8111,0.8931,0.0,order-service:0.4056;inventory-service:0.0000;payment-service:0.0000;notification-service:0.0000,True,,42.688,gateway:orderServiceCB=CLOSED;gateway:inventoryServiceCB=CLOSED;gateway:paymentServiceCB=CLOSED;order:inventoryServiceCB=CLOSED;order:sharedDbCB=CLOSED;inventory:paymentServiceCB=CLOSED;inventory:sharedDbCB=CLOSED;payment:notificationServiceCB=CLOSED;payment:sharedDbCB=CLOSED;notification:sharedDbCB=CLOSED,gateway:orderServiceCB=0;gateway:inventoryServiceCB=0;gateway:paymentServiceCB=0;order:inventoryServiceCB=0;order:sharedDbCB=0;inventory:paymentServiceCB=0;inventory:sharedDbCB=0;payment:notificationServiceCB=0;payment:sharedDbCB=0;notification:sharedDbCB=0,200,21.809,1135757765,31,45,10.0,9.1677,0.0157,False,183.3534,soham-local,
LIN-LAT-CNT-T50-W10-D15,LINEAR,LATENCY,COUNT_BASED,50,10,15,5,LOCAL,full,2,2026-09-02T18:25:53Z,0.25,3.606,16.072,0.2,0.6931,0.0,order-service:0.1000;inventory-service:0.0000;payment-service:0.0000;notification-service:0.0000,True,,45.544,gateway:orderServiceCB=CLOSED;gateway:inventoryServiceCB=CLOSED;gateway:paymentServiceCB=CLOSED;order:inventoryServiceCB=CLOSED;order:sharedDbCB=CLOSED;inventory:paymentServiceCB=CLOSED;inventory:sharedDbCB=CLOSED;payment:notificationServiceCB=CLOSED;payment:sharedDbCB=CLOSED;notification:sharedDbCB=CLOSED,gateway:orderServiceCB=0;gateway:inventoryServiceCB=0;gateway:paymentServiceCB=0;order:inventoryServiceCB=0;order:sharedDbCB=0;inventory:paymentServiceCB=0;inventory:sharedDbCB=0;payment:notificationServiceCB=0;payment:sharedDbCB=0;notification:sharedDbCB=0,200,21.791,1135757765,32,45,10.0,9.1733,0.0164,False,10.0,soham-local,
LIN-LAT-CNT-T70-W20-D5,LINEAR,LATENCY,COUNT_BASED,70,20,5,5,LOCAL,full,1,2026-09-02T18:27:48Z,0.25,4.697,6.51,0.3,0.6554,0.0,order-service:0.1500;inventory-service:0.0000;payment-service:0.0000;notification-service:0.0000,True,,47.003,gateway:orderServiceCB=CLOSED;gateway:inventoryServiceCB=CLOSED;gateway:paymentServiceCB=CLOSED;order:inventoryServiceCB=CLOSED;order:sharedDbCB=CLOSED;inventory:paymentServiceCB=CLOSED;inventory:sharedDbCB=CLOSED;payment:notificationServiceCB=CLOSED;payment:sharedDbCB=CLOSED;notification:sharedDbCB=CLOSED,gateway:orderServiceCB=0;gateway:inventoryServiceCB=0;gateway:paymentServiceCB=0;order:inventoryServiceCB=0;order:sharedDbCB=0;inventory:paymentServiceCB=0;inventory:sharedDbCB=0;payment:notificationServiceCB=0;payment:sharedDbCB=0;notification:sharedDbCB=0,200,21.801,1135757765,33,45,10.0,9.1617,0.0109,False,20.0,soham-local,
LIN-LAT-CNT-T70-W20-D15,LINEAR,LATENCY,COUNT_BASED,70,20,15,5,LOCAL,full,2,2026-09-02T18:29:45Z,0.25,4.667,16.149,0.3,0.6518,0.0,order-service:0.1500;inventory-service:0.0000;payment-service:0.0000;notification-service:0.0000,True,,40.001,gateway:orderServiceCB=CLOSED;gateway:inventoryServiceCB=CLOSED;gateway:paymentServiceCB=CLOSED;order:inventoryServiceCB=CLOSED;order:sharedDbCB=CLOSED;inventory:paymentServiceCB=CLOSED;inventory:sharedDbCB=CLOSED;payment:notificationServiceCB=CLOSED;payment:sharedDbCB=CLOSED;notification:sharedDbCB=CLOSED,gateway:orderServiceCB=0;gateway:inventoryServiceCB=0;gateway:paymentServiceCB=0;order:inventoryServiceCB=0;order:sharedDbCB=0;inventory:paymentServiceCB=0;inventory:sharedDbCB=0;payment:notificationServiceCB=0;payment:sharedDbCB=0;notification:sharedDbCB=0,200,21.803,1135757765,34,45,10.0,9.2081,0.0098,False,20.0,soham-local,
LIN-LAT-TIM-T70-W5-D30,LINEAR,LATENCY,TIME_BASED,70,5,30,5,LOCAL,full,3,2026-09-02T18:32:33Z,0.25,3.653,65.328,0.9156,0.9518,0.0,order-service:0.4578;inventory-service:0.0000;payment-service:0.0000;notification-service:0.0000,True,,41.956,gateway:orderServiceCB=CLOSED;gateway:inventoryServiceCB=CLOSED;gateway:paymentServiceCB=CLOSED;order:inventoryServiceCB=CLOSED;order:sharedDbCB=CLOSED;inventory:paymentServiceCB=CLOSED;inventory:sharedDbCB=CLOSED;payment:notificationServiceCB=CLOSED;payment:sharedDbCB=CLOSED;notification:sharedDbCB=CLOSED,gateway:orderServiceCB=0;gateway:inventoryServiceCB=0;gateway:paymentServiceCB=0;order:inventoryServiceCB=0;order:sharedDbCB=0;inventory:paymentServiceCB=0;inventory:sharedDbCB=0;payment:notificationServiceCB=0;payment:sharedDbCB=0;notification:sharedDbCB=0,200,21.788,1135757765,35,45,10.0,9.1671,0.01,False,45.8354,soham-local,
LIN-LAT-TIM-T30-W10-D5,LINEAR,LATENCY,TIME_BASED,30,10,5,5,LOCAL,full,2,2026-09-02T18:34:40Z,0.25,5.166,27.554,0.768,0.8806,0.0,order-service:0.3840;inventory-service:0.0000;payment-service:0.0000;notification-service:0.0000,True,,38.342,gateway:orderServiceCB=CLOSED;gateway:inventoryServiceCB=CLOSED;gateway:paymentServiceCB=CLOSED;order:inventoryServiceCB=CLOSED;order:sharedDbCB=CLOSED;inventory:paymentServiceCB=CLOSED;inventory:sharedDbCB=CLOSED;payment:notificationServiceCB=CLOSED;payment:sharedDbCB=CLOSED;notification:sharedDbCB=CLOSED,gateway:orderServiceCB=0;gateway:inventoryServiceCB=0;gateway:paymentServiceCB=0;order:inventoryServiceCB=0;order:sharedDbCB=0;inventory:paymentServiceCB=0;inventory:sharedDbCB=0;payment:notificationServiceCB=0;payment:sharedDbCB=0;notification:sharedDbCB=0,200,21.771,1135757765,36,45,10.0,9.1772,0.0105,False,91.7722,soham-local,
LIN-LAT-TIM-T50-W10-D30,LINEAR,LATENCY,TIME_BASED,50,10,30,5,LOCAL,full,2,2026-09-02T18:37:28Z,0.25,6.565,64.405,0.874,0.9279,0.0,order-service:0.4370;inventory-service:0.0000;payment-service:0.0000;notification-service:0.0000,True,,40.263,gateway:orderServiceCB=CLOSED;gateway:inventoryServiceCB=CLOSED;gateway:paymentServiceCB=CLOSED;order:inventoryServiceCB=CLOSED;order:sharedDbCB=CLOSED;inventory:paymentServiceCB=CLOSED;inventory:sharedDbCB=CLOSED;payment:notificationServiceCB=CLOSED;payment:sharedDbCB=CLOSED;notification:sharedDbCB=CLOSED,gateway:orderServiceCB=0;gateway:inventoryServiceCB=0;gateway:paymentServiceCB=0;order:inventoryServiceCB=0;order:sharedDbCB=0;inventory:paymentServiceCB=0;inventory:sharedDbCB=0;payment:notificationServiceCB=0;payment:sharedDbCB=0;notification:sharedDbCB=0,200,21.787,1135757765,37,45,10.0,9.1702,0.0096,False,91.7017,soham-local,
LIN-LAT-CNT-T50-W10-D5,LINEAR,LATENCY,COUNT_BASED,50,10,5,5,LOCAL,full,3,2026-09-02T18:39:14Z,0.25,3.701,6.335,0.2,0.6923,0.0,order-service:0.1000;inventory-service:0.0000;payment-service:0.0000;notification-service:0.0000,True,,39.894,gateway:orderServiceCB=CLOSED;gateway:inventoryServiceCB=CLOSED;gateway:paymentServiceCB=CLOSED;order:inventoryServiceCB=CLOSED;order:sharedDbCB=CLOSED;inventory:paymentServiceCB=CLOSED;inventory:sharedDbCB=CLOSED;payment:notificationServiceCB=CLOSED;payment:sharedDbCB=CLOSED;notification:sharedDbCB=CLOSED,gateway:orderServiceCB=0;gateway:inventoryServiceCB=0;gateway:paymentServiceCB=0;order:inventoryServiceCB=0;order:sharedDbCB=0;inventory:paymentServiceCB=0;inventory:sharedDbCB=0;payment:notificationServiceCB=0;payment:sharedDbCB=0;notification:sharedDbCB=0,200,21.801,1135757765,38,45,10.0,9.1873,0.0165,False,10.0,soham-local,
LIN-LAT-TIM-T50-W5-D15,LINEAR,LATENCY,TIME_BASED,50,5,15,5,LOCAL,full,2,2026-09-02T18:41:26Z,0.25,3.629,34.882,0.8767,0.9301,0.0,order-service:0.4383;inventory-service:0.0000;payment-service:0.0000;notification-service:0.0000,True,,37.523,gateway:orderServiceCB=CLOSED;gateway:inventoryServiceCB=CLOSED;gateway:paymentServiceCB=CLOSED;order:inventoryServiceCB=CLOSED;order:sharedDbCB=CLOSED;inventory:paymentServiceCB=CLOSED;inventory:sharedDbCB=CLOSED;payment:notificationServiceCB=CLOSED;payment:sharedDbCB=CLOSED;notification:sharedDbCB=CLOSED,gateway:orderServiceCB=0;gateway:inventoryServiceCB=0;gateway:paymentServiceCB=0;order:inventoryServiceCB=0;order:sharedDbCB=0;inventory:paymentServiceCB=0;inventory:sharedDbCB=0;payment:notificationServiceCB=0;payment:sharedDbCB=0;notification:sharedDbCB=0,200,21.796,1135757765,39,45,10.0,9.1678,0.0095,False,45.8391,soham-local,
LIN-LAT-CNT-T70-W20-D5,LINEAR,LATENCY,COUNT_BASED,70,20,5,5,LOCAL,full,2,2026-09-02T18:43:12Z,0.25,4.628,6.41,0.3167,0.658,0.0,order-service:0.1583;inventory-service:0.0000;payment-service:0.0000;notification-service:0.0000,True,,38.108,gateway:orderServiceCB=CLOSED;gateway:inventoryServiceCB=CLOSED;gateway:paymentServiceCB=CLOSED;order:inventoryServiceCB=CLOSED;order:sharedDbCB=CLOSED;inventory:paymentServiceCB=CLOSED;inventory:sharedDbCB=CLOSED;payment:notificationServiceCB=CLOSED;payment:sharedDbCB=CLOSED;notification:sharedDbCB=CLOSED,gateway:orderServiceCB=0;gateway:inventoryServiceCB=0;gateway:paymentServiceCB=0;order:inventoryServiceCB=0;order:sharedDbCB=0;inventory:paymentServiceCB=0;inventory:sharedDbCB=0;payment:notificationServiceCB=0;payment:sharedDbCB=0;notification:sharedDbCB=0,200,21.798,1135757765,40,45,10.0,9.1533,0.0122,False,20.0,soham-local,
LIN-LAT-TIM-T30-W20-D5,LINEAR,LATENCY,TIME_BASED,30,20,5,5,LOCAL,full,1,2026-09-02T18:45:29Z,0.25,8.084,32.557,0.7486,0.856,0.0,order-service:0.3743;inventory-service:0.0000;payment-service:0.0000;notification-service:0.0000,True,,40.165,gateway:orderServiceCB=CLOSED;gateway:inventoryServiceCB=CLOSED;gateway:paymentServiceCB=CLOSED;order:inventoryServiceCB=CLOSED;order:sharedDbCB=CLOSED;inventory:paymentServiceCB=CLOSED;inventory:sharedDbCB=CLOSED;payment:notificationServiceCB=CLOSED;payment:sharedDbCB=CLOSED;notification:sharedDbCB=CLOSED,gateway:orderServiceCB=0;gateway:inventoryServiceCB=0;gateway:paymentServiceCB=0;order:inventoryServiceCB=0;order:sharedDbCB=0;inventory:paymentServiceCB=0;inventory:sharedDbCB=0;payment:notificationServiceCB=0;payment:sharedDbCB=0;notification:sharedDbCB=0,200,21.803,1135757765,41,45,10.0,9.191,0.009,False,183.82,soham-local,
LIN-LAT-TIM-T70-W20-D30,LINEAR,LATENCY,TIME_BASED,70,20,30,5,LOCAL,full,3,2026-09-02T18:48:25Z,0.25,14.848,64.86,0.77,0.8685,0.0,order-service:0.3850;inventory-service:0.0000;payment-service:0.0000;notification-service:0.0000,True,,40.822,gateway:orderServiceCB=CLOSED;gateway:inventoryServiceCB=CLOSED;gateway:paymentServiceCB=CLOSED;order:inventoryServiceCB=CLOSED;order:sharedDbCB=CLOSED;inventory:paymentServiceCB=CLOSED;inventory:sharedDbCB=CLOSED;payment:notificationServiceCB=CLOSED;payment:sharedDbCB=CLOSED;notification:sharedDbCB=CLOSED,gateway:orderServiceCB=0;gateway:inventoryServiceCB=0;gateway:paymentServiceCB=0;order:inventoryServiceCB=0;order:sharedDbCB=0;inventory:paymentServiceCB=0;inventory:sharedDbCB=0;payment:notificationServiceCB=0;payment:sharedDbCB=0;notification:sharedDbCB=0,200,21.768,1135757765,42,45,10.0,9.1659,0.0198,False,183.3178,soham-local,
LIN-LAT-CNT-T30-W20-D15,LINEAR,LATENCY,COUNT_BASED,30,20,15,5,LOCAL,full,1,2026-09-02T18:50:19Z,0.25,3.845,15.953,0.45,0.6893,0.0,order-service:0.2250;inventory-service:0.0000;payment-service:0.0000;notification-service:0.0000,True,,37.554,gateway:orderServiceCB=CLOSED;gateway:inventoryServiceCB=CLOSED;gateway:paymentServiceCB=CLOSED;order:inventoryServiceCB=CLOSED;order:sharedDbCB=CLOSED;inventory:paymentServiceCB=CLOSED;inventory:sharedDbCB=CLOSED;payment:notificationServiceCB=CLOSED;payment:sharedDbCB=CLOSED;notification:sharedDbCB=CLOSED,gateway:orderServiceCB=0;gateway:inventoryServiceCB=0;gateway:paymentServiceCB=0;order:inventoryServiceCB=0;order:sharedDbCB=0;inventory:paymentServiceCB=0;inventory:sharedDbCB=0;payment:notificationServiceCB=0;payment:sharedDbCB=0;notification:sharedDbCB=0,200,21.8,1135757765,43,45,10.0,9.1741,0.0087,False,20.0,soham-local,
LIN-LAT-TIM-T50-W5-D15,LINEAR,LATENCY,TIME_BASED,50,5,15,5,LOCAL,full,3,2026-09-02T18:52:33Z,0.25,3.902,34.605,0.8667,0.9247,0.0,order-service:0.4333;inventory-service:0.0000;payment-service:0.0000;notification-service:0.0000,True,,39.165,gateway:orderServiceCB=CLOSED;gateway:inventoryServiceCB=CLOSED;gateway:paymentServiceCB=CLOSED;order:inventoryServiceCB=CLOSED;order:sharedDbCB=CLOSED;inventory:paymentServiceCB=CLOSED;inventory:sharedDbCB=CLOSED;payment:notificationServiceCB=CLOSED;payment:sharedDbCB=CLOSED;notification:sharedDbCB=CLOSED,gateway:orderServiceCB=0;gateway:inventoryServiceCB=0;gateway:paymentServiceCB=0;order:inventoryServiceCB=0;order:sharedDbCB=0;inventory:paymentServiceCB=0;inventory:sharedDbCB=0;payment:notificationServiceCB=0;payment:sharedDbCB=0;notification:sharedDbCB=0,200,21.826,1135757765,44,45,10.0,9.1747,0.0109,False,45.8733,soham-local,
LIN-LAT-TIM-T30-W20-D5,LINEAR,LATENCY,TIME_BASED,30,20,5,5,LOCAL,full,3,2026-09-02T18:54:50Z,0.25,8.378,32.359,0.7429,0.8528,0.0,order-service:0.3714;inventory-service:0.0000;payment-service:0.0000;notification-service:0.0000,True,,39.35,gateway:orderServiceCB=CLOSED;gateway:inventoryServiceCB=CLOSED;gateway:paymentServiceCB=CLOSED;order:inventoryServiceCB=CLOSED;order:sharedDbCB=CLOSED;inventory:paymentServiceCB=CLOSED;inventory:sharedDbCB=CLOSED;payment:notificationServiceCB=CLOSED;payment:sharedDbCB=CLOSED;notification:sharedDbCB=CLOSED,gateway:orderServiceCB=0;gateway:inventoryServiceCB=0;gateway:paymentServiceCB=0;order:inventoryServiceCB=0;order:sharedDbCB=0;inventory:paymentServiceCB=0;inventory:sharedDbCB=0;payment:notificationServiceCB=0;payment:sharedDbCB=0;notification:sharedDbCB=0,200,21.775,1135757765,45,45,10.0,9.1789,0.0098,False,183.5789,soham-local,
LIN-LAT-TIM-T50-W5-D15,LINEAR,LATENCY,TIME_BASED,50,5,15,5,LOCAL,full,1,2026-09-02T18:57:05Z,0.25,3.418,34.912,0.88,0.9318,0.0,order-service:0.4400;inventory-service:0.0000;payment-service:0.0000;notification-service:0.0000,True,,39.981,gateway:orderServiceCB=CLOSED;gateway:inventoryServiceCB=CLOSED;gateway:paymentServiceCB=CLOSED;order:inventoryServiceCB=CLOSED;order:sharedDbCB=CLOSED;inventory:paymentServiceCB=CLOSED;inventory:sharedDbCB=CLOSED;payment:notificationServiceCB=CLOSED;payment:sharedDbCB=CLOSED;notification:sharedDbCB=CLOSED,gateway:orderServiceCB=0;gateway:inventoryServiceCB=0;gateway:paymentServiceCB=0;order:inventoryServiceCB=0;order:sharedDbCB=0;inventory:paymentServiceCB=0;inventory:sharedDbCB=0;payment:notificationServiceCB=0;payment:sharedDbCB=0;notification:sharedDbCB=0,200,21.792,1135757765,46,45,10.0,9.1771,0.0108,False,45.8855,soham-local,
LIN-LAT-CNT-T30-W20-D5,LINEAR,LATENCY,COUNT_BASED,30,20,5,5,LOCAL,full,2,2026-09-02T18:58:50Z,0.25,3.647,6.635,0.45,0.6883,0.0,order-service:0.2250;inventory-service:0.0000;payment-service:0.0000;notification-service:0.0000,True,,39.119,gateway:orderServiceCB=CLOSED;gateway:inventoryServiceCB=CLOSED;gateway:paymentServiceCB=CLOSED;order:inventoryServiceCB=CLOSED;order:sharedDbCB=CLOSED;inventory:paymentServiceCB=CLOSED;inventory:sharedDbCB=CLOSED;payment:notificationServiceCB=CLOSED;payment:sharedDbCB=CLOSED;notification:sharedDbCB=CLOSED,gateway:orderServiceCB=0;gateway:inventoryServiceCB=0;gateway:paymentServiceCB=0;order:inventoryServiceCB=0;order:sharedDbCB=0;inventory:paymentServiceCB=0;inventory:sharedDbCB=0;payment:notificationServiceCB=0;payment:sharedDbCB=0;notification:sharedDbCB=0,200,21.81,1135757765,47,45,10.0,9.1615,0.0114,False,20.0,soham-local,
LIN-LAT-CNT-T30-W5-D15,LINEAR,LATENCY,COUNT_BASED,30,5,15,5,LOCAL,full,2,2026-09-02T19:00:47Z,0.25,3.365,16.07,0.25,0.7023,0.0,order-service:0.1250;inventory-service:0.0000;payment-service:0.0000;notification-service:0.0000,True,,41.05,gateway:orderServiceCB=CLOSED;gateway:inventoryServiceCB=CLOSED;gateway:paymentServiceCB=CLOSED;order:inventoryServiceCB=CLOSED;order:sharedDbCB=CLOSED;inventory:paymentServiceCB=CLOSED;inventory:sharedDbCB=CLOSED;payment:notificationServiceCB=CLOSED;payment:sharedDbCB=CLOSED;notification:sharedDbCB=CLOSED,gateway:orderServiceCB=0;gateway:inventoryServiceCB=0;gateway:paymentServiceCB=0;order:inventoryServiceCB=0;order:sharedDbCB=0;inventory:paymentServiceCB=0;inventory:sharedDbCB=0;payment:notificationServiceCB=0;payment:sharedDbCB=0;notification:sharedDbCB=0,200,21.798,1135757765,48,45,10.0,9.1828,0.0133,False,5.0,soham-local,
LIN-LAT-CNT-T70-W10-D15,LINEAR,LATENCY,COUNT_BASED,70,10,15,5,LOCAL,full,2,2026-09-02T19:02:40Z,0.25,3.898,16.176,0.125,0.6808,0.0,order-service:0.0625;inventory-service:0.0000;payment-service:0.0000;notification-service:0.0000,True,,37.345,gateway:orderServiceCB=CLOSED;gateway:inventoryServiceCB=CLOSED;gateway:paymentServiceCB=CLOSED;order:inventoryServiceCB=CLOSED;order:sharedDbCB=CLOSED;inventory:paymentServiceCB=CLOSED;inventory:sharedDbCB=CLOSED;payment:notificationServiceCB=CLOSED;payment:sharedDbCB=CLOSED;notification:sharedDbCB=CLOSED,gateway:orderServiceCB=0;gateway:inventoryServiceCB=0;gateway:paymentServiceCB=0;order:inventoryServiceCB=0;order:sharedDbCB=0;inventory:paymentServiceCB=0;inventory:sharedDbCB=0;payment:notificationServiceCB=0;payment:sharedDbCB=0;notification:sharedDbCB=0,200,21.777,1135757765,49,45,10.0,9.1932,0.015,False,10.0,soham-local,
LIN-LAT-CNT-T70-W20-D30,LINEAR,LATENCY,COUNT_BASED,70,20,30,5,LOCAL,full,2,2026-09-02T19:04:53Z,0.25,4.642,31.105,0.3,0.6555,0.0,order-service:0.1500;inventory-service:0.0000;payment-service:0.0000;notification-service:0.0000,True,,40.281,gateway:orderServiceCB=CLOSED;gateway:inventoryServiceCB=CLOSED;gateway:paymentServiceCB=CLOSED;order:inventoryServiceCB=CLOSED;order:sharedDbCB=CLOSED;inventory:paymentServiceCB=CLOSED;inventory:sharedDbCB=CLOSED;payment:notificationServiceCB=CLOSED;payment:sharedDbCB=CLOSED;notification:sharedDbCB=CLOSED,gateway:orderServiceCB=0;gateway:inventoryServiceCB=0;gateway:paymentServiceCB=0;order:inventoryServiceCB=0;order:sharedDbCB=0;inventory:paymentServiceCB=0;inventory:sharedDbCB=0;payment:notificationServiceCB=0;payment:sharedDbCB=0;notification:sharedDbCB=0,200,21.789,1135757765,50,45,10.0,9.1774,0.011,False,20.0,soham-local,
LIN-LAT-TIM-T30-W20-D15,LINEAR,LATENCY,TIME_BASED,30,20,15,5,LOCAL,full,1,2026-09-02T19:07:31Z,0.25,8.173,54.086,0.8133,0.893,0.0,order-service:0.4067;inventory-service:0.0000;payment-service:0.0000;notification-service:0.0000,True,,39.802,gateway:orderServiceCB=CLOSED;gateway:inventoryServiceCB=CLOSED;gateway:paymentServiceCB=CLOSED;order:inventoryServiceCB=CLOSED;order:sharedDbCB=CLOSED;inventory:paymentServiceCB=CLOSED;inventory:sharedDbCB=CLOSED;payment:notificationServiceCB=CLOSED;payment:sharedDbCB=CLOSED;notification:sharedDbCB=CLOSED,gateway:orderServiceCB=0;gateway:inventoryServiceCB=0;gateway:paymentServiceCB=0;order:inventoryServiceCB=0;order:sharedDbCB=0;inventory:paymentServiceCB=0;inventory:sharedDbCB=0;payment:notificationServiceCB=0;payment:sharedDbCB=0;notification:sharedDbCB=0,200,21.796,1135757765,51,45,10.0,9.1741,0.0094,False,183.4822,soham-local,
LIN-LAT-CNT-T50-W5-D5,LINEAR,LATENCY,COUNT_BASED,50,5,5,5,LOCAL,full,1,2026-09-02T19:09:18Z,0.25,3.352,6.542,0.25,0.6991,0.0,order-service:0.1250;inventory-service:0.0000;payment-service:0.0000;notification-service:0.0000,True,,41.112,gateway:orderServiceCB=CLOSED;gateway:inventoryServiceCB=CLOSED;gateway:paymentServiceCB=CLOSED;order:inventoryServiceCB=CLOSED;order:sharedDbCB=CLOSED;inventory:paymentServiceCB=CLOSED;inventory:sharedDbCB=CLOSED;payment:notificationServiceCB=CLOSED;payment:sharedDbCB=CLOSED;notification:sharedDbCB=CLOSED,gateway:orderServiceCB=0;gateway:inventoryServiceCB=0;gateway:paymentServiceCB=0;order:inventoryServiceCB=0;order:sharedDbCB=0;inventory:paymentServiceCB=0;inventory:sharedDbCB=0;payment:notificationServiceCB=0;payment:sharedDbCB=0;notification:sharedDbCB=0,200,21.784,1135757765,52,45,10.0,9.1476,0.013,False,5.0,soham-local,
LIN-LAT-CNT-T50-W5-D30,LINEAR,LATENCY,COUNT_BASED,50,5,30,5,LOCAL,full,2,2026-09-02T19:11:29Z,0.25,3.427,31.994,0.25,0.702,0.0,order-service:0.1250;inventory-service:0.0000;payment-service:0.0000;notification-service:0.0000,True,,38.742,gateway:orderServiceCB=CLOSED;gateway:inventoryServiceCB=CLOSED;gateway:paymentServiceCB=CLOSED;order:inventoryServiceCB=CLOSED;order:sharedDbCB=CLOSED;inventory:paymentServiceCB=CLOSED;inventory:sharedDbCB=CLOSED;payment:notificationServiceCB=CLOSED;payment:sharedDbCB=CLOSED;notification:sharedDbCB=CLOSED,gateway:orderServiceCB=0;gateway:inventoryServiceCB=0;gateway:paymentServiceCB=0;order:inventoryServiceCB=0;order:sharedDbCB=0;inventory:paymentServiceCB=0;inventory:sharedDbCB=0;payment:notificationServiceCB=0;payment:sharedDbCB=0;notification:sharedDbCB=0,200,21.776,1135757765,53,45,10.0,9.1899,0.012,False,5.0,soham-local,
LIN-LAT-CNT-T50-W20-D5,LINEAR,LATENCY,COUNT_BASED,50,20,5,5,LOCAL,full,1,2026-09-02T19:13:16Z,0.25,4.17,6.448,0.3833,0.6699,0.0,order-service:0.1917;inventory-service:0.0000;payment-service:0.0000;notification-service:0.0000,True,,40.296,gateway:orderServiceCB=CLOSED;gateway:inventoryServiceCB=CLOSED;gateway:paymentServiceCB=CLOSED;order:inventoryServiceCB=CLOSED;order:sharedDbCB=CLOSED;inventory:paymentServiceCB=CLOSED;inventory:sharedDbCB=CLOSED;payment:notificationServiceCB=CLOSED;payment:sharedDbCB=CLOSED;notification:sharedDbCB=CLOSED,gateway:orderServiceCB=0;gateway:inventoryServiceCB=0;gateway:paymentServiceCB=0;order:inventoryServiceCB=0;order:sharedDbCB=0;inventory:paymentServiceCB=0;inventory:sharedDbCB=0;payment:notificationServiceCB=0;payment:sharedDbCB=0;notification:sharedDbCB=0,200,21.774,1135757765,54,45,10.0,9.1885,0.009,False,20.0,soham-local,
LIN-LAT-TIM-T70-W10-D5,LINEAR,LATENCY,TIME_BASED,70,10,5,5,LOCAL,full,3,2026-09-02T19:15:24Z,0.25,8.233,23.733,0.664,0.8078,0.0,order-service:0.3320;inventory-service:0.0000;payment-service:0.0000;notification-service:0.0000,True,,39.628,gateway:orderServiceCB=CLOSED;gateway:inventoryServiceCB=CLOSED;gateway:paymentServiceCB=CLOSED;order:inventoryServiceCB=CLOSED;order:sharedDbCB=CLOSED;inventory:paymentServiceCB=CLOSED;inventory:sharedDbCB=CLOSED;payment:notificationServiceCB=CLOSED;payment:sharedDbCB=CLOSED;notification:sharedDbCB=CLOSED,gateway:orderServiceCB=0;gateway:inventoryServiceCB=0;gateway:paymentServiceCB=0;order:inventoryServiceCB=0;order:sharedDbCB=0;inventory:paymentServiceCB=0;inventory:sharedDbCB=0;payment:notificationServiceCB=0;payment:sharedDbCB=0;notification:sharedDbCB=0,200,21.807,1135757765,55,45,10.0,9.1747,0.0082,False,91.7466,soham-local,
LIN-LAT-TIM-T70-W10-D5,LINEAR,LATENCY,TIME_BASED,70,10,5,5,LOCAL,full,2,2026-09-02T19:17:30Z,0.25,8.146,23.764,0.668,0.8096,0.0,order-service:0.3340;inventory-service:0.0000;payment-service:0.0000;notification-service:0.0000,True,,37.652,gateway:orderServiceCB=CLOSED;gateway:inventoryServiceCB=CLOSED;gateway:paymentServiceCB=CLOSED;order:inventoryServiceCB=CLOSED;order:sharedDbCB=CLOSED;inventory:paymentServiceCB=CLOSED;inventory:sharedDbCB=CLOSED;payment:notificationServiceCB=CLOSED;payment:sharedDbCB=CLOSED;notification:sharedDbCB=CLOSED,gateway:orderServiceCB=0;gateway:inventoryServiceCB=0;gateway:paymentServiceCB=0;order:inventoryServiceCB=0;order:sharedDbCB=0;inventory:paymentServiceCB=0;inventory:sharedDbCB=0;payment:notificationServiceCB=0;payment:sharedDbCB=0;notification:sharedDbCB=0,200,21.791,1135757765,56,45,10.0,9.1775,0.0122,False,91.7752,soham-local,
LIN-LAT-CNT-T30-W5-D30,LINEAR,LATENCY,COUNT_BASED,30,5,30,5,LOCAL,full,1,2026-09-02T19:19:40Z,0.25,3.359,31.204,0.25,0.6991,0.0,order-service:0.1250;inventory-service:0.0000;payment-service:0.0000;notification-service:0.0000,True,,38.352,gateway:orderServiceCB=CLOSED;gateway:inventoryServiceCB=CLOSED;gateway:paymentServiceCB=CLOSED;order:inventoryServiceCB=CLOSED;order:sharedDbCB=CLOSED;inventory:paymentServiceCB=CLOSED;inventory:sharedDbCB=CLOSED;payment:notificationServiceCB=CLOSED;payment:sharedDbCB=CLOSED;notification:sharedDbCB=CLOSED,gateway:orderServiceCB=0;gateway:inventoryServiceCB=0;gateway:paymentServiceCB=0;order:inventoryServiceCB=0;order:sharedDbCB=0;inventory:paymentServiceCB=0;inventory:sharedDbCB=0;payment:notificationServiceCB=0;payment:sharedDbCB=0;notification:sharedDbCB=0,200,21.809,1135757765,57,45,10.0,9.1872,0.0088,False,5.0,soham-local,
LIN-LAT-CNT-T70-W5-D5,LINEAR,LATENCY,COUNT_BASED,70,5,5,5,LOCAL,full,2,2026-09-02T19:21:27Z,0.25,3.616,6.389,0.225,0.6973,0.0,order-service:0.1125;inventory-service:0.0000;payment-service:0.0000;notification-service:0.0000,True,,40.512,gateway:orderServiceCB=CLOSED;gateway:inventoryServiceCB=CLOSED;gateway:paymentServiceCB=CLOSED;order:inventoryServiceCB=CLOSED;order:sharedDbCB=CLOSED;inventory:paymentServiceCB=CLOSED;inventory:sharedDbCB=CLOSED;payment:notificationServiceCB=CLOSED;payment:sharedDbCB=CLOSED;notification:sharedDbCB=CLOSED,gateway:orderServiceCB=0;gateway:inventoryServiceCB=0;gateway:paymentServiceCB=0;order:inventoryServiceCB=0;order:sharedDbCB=0;inventory:paymentServiceCB=0;inventory:sharedDbCB=0;payment:notificationServiceCB=0;payment:sharedDbCB=0;notification:sharedDbCB=0,200,21.77,1135757765,58,45,10.0,9.1879,0.0149,False,5.0,soham-local,
LIN-LAT-TIM-T30-W5-D30,LINEAR,LATENCY,TIME_BASED,30,5,30,5,LOCAL,full,3,2026-09-02T19:24:11Z,0.25,3.603,65.175,0.92,0.9542,0.0,order-service:0.4600;inventory-service:0.0000;payment-service:0.0000;notification-service:0.0000,True,,40.101,gateway:orderServiceCB=CLOSED;gateway:inventoryServiceCB=CLOSED;gateway:paymentServiceCB=CLOSED;order:inventoryServiceCB=CLOSED;order:sharedDbCB=CLOSED;inventory:paymentServiceCB=CLOSED;inventory:sharedDbCB=CLOSED;payment:notificationServiceCB=CLOSED;payment:sharedDbCB=CLOSED;notification:sharedDbCB=CLOSED,gateway:orderServiceCB=0;gateway:inventoryServiceCB=0;gateway:paymentServiceCB=0;order:inventoryServiceCB=0;order:sharedDbCB=0;inventory:paymentServiceCB=0;inventory:sharedDbCB=0;payment:notificationServiceCB=0;payment:sharedDbCB=0;notification:sharedDbCB=0,200,21.79,1135757765,59,45,10.0,9.1784,0.0097,False,45.8919,soham-local,
LIN-LAT-TIM-T70-W10-D30,LINEAR,LATENCY,TIME_BASED,70,10,30,5,LOCAL,full,2,2026-09-02T19:26:59Z,0.25,8.113,64.843,0.842,0.9099,0.0,order-service:0.4210;inventory-service:0.0000;payment-service:0.0000;notification-service:0.0000,True,,38.44,gateway:orderServiceCB=CLOSED;gateway:inventoryServiceCB=CLOSED;gateway:paymentServiceCB=CLOSED;order:inventoryServiceCB=CLOSED;order:sharedDbCB=CLOSED;inventory:paymentServiceCB=CLOSED;inventory:sharedDbCB=CLOSED;payment:notificationServiceCB=CLOSED;payment:sharedDbCB=CLOSED;notification:sharedDbCB=CLOSED,gateway:orderServiceCB=0;gateway:inventoryServiceCB=0;gateway:paymentServiceCB=0;order:inventoryServiceCB=0;order:sharedDbCB=0;inventory:paymentServiceCB=0;inventory:sharedDbCB=0;payment:notificationServiceCB=0;payment:sharedDbCB=0;notification:sharedDbCB=0,200,21.774,1135757765,60,45,10.0,9.1804,0.0086,False,91.804,soham-local,
LIN-LAT-TIM-T50-W20-D30,LINEAR,LATENCY,TIME_BASED,50,20,30,5,LOCAL,full,2,2026-09-02T19:29:51Z,0.25,11.512,64.824,0.8167,0.8954,0.0,order-service:0.4083;inventory-service:0.0000;payment-service:0.0000;notification-service:0.0000,True,,38.374,gateway:orderServiceCB=CLOSED;gateway:inventoryServiceCB=CLOSED;gateway:paymentServiceCB=CLOSED;order:inventoryServiceCB=CLOSED;order:sharedDbCB=CLOSED;inventory:paymentServiceCB=CLOSED;inventory:sharedDbCB=CLOSED;payment:notificationServiceCB=CLOSED;payment:sharedDbCB=CLOSED;notification:sharedDbCB=CLOSED,gateway:orderServiceCB=0;gateway:inventoryServiceCB=0;gateway:paymentServiceCB=0;order:inventoryServiceCB=0;order:sharedDbCB=0;inventory:paymentServiceCB=0;inventory:sharedDbCB=0;payment:notificationServiceCB=0;payment:sharedDbCB=0;notification:sharedDbCB=0,200,21.797,1135757765,61,45,10.0,9.1796,0.009,False,183.5911,soham-local,
LIN-LAT-CNT-T50-W5-D15,LINEAR,LATENCY,COUNT_BASED,50,5,15,5,LOCAL,full,3,2026-09-02T19:31:47Z,0.25,3.377,16.087,0.25,0.6988,0.0,order-service:0.1250;inventory-service:0.0000;payment-service:0.0000;notification-service:0.0000,True,,40.019,gateway:orderServiceCB=CLOSED;gateway:inventoryServiceCB=CLOSED;gateway:paymentServiceCB=CLOSED;order:inventoryServiceCB=CLOSED;order:sharedDbCB=CLOSED;inventory:paymentServiceCB=CLOSED;inventory:sharedDbCB=CLOSED;payment:notificationServiceCB=CLOSED;payment:sharedDbCB=CLOSED;notification:sharedDbCB=CLOSED,gateway:orderServiceCB=0;gateway:inventoryServiceCB=0;gateway:paymentServiceCB=0;order:inventoryServiceCB=0;order:sharedDbCB=0;inventory:paymentServiceCB=0;inventory:sharedDbCB=0;payment:notificationServiceCB=0;payment:sharedDbCB=0;notification:sharedDbCB=0,200,21.795,1135757765,62,45,10.0,9.1871,0.0132,False,5.0,soham-local,
LIN-LAT-TIM-T30-W20-D15,LINEAR,LATENCY,TIME_BASED,30,20,15,5,LOCAL,full,3,2026-09-02T19:34:33Z,0.25,8.138,54.121,0.8156,0.8954,0.0,order-service:0.4078;inventory-service:0.0000;payment-service:0.0000;notification-service:0.0000,True,,47.814,gateway:orderServiceCB=CLOSED;gateway:inventoryServiceCB=CLOSED;gateway:paymentServiceCB=CLOSED;order:inventoryServiceCB=CLOSED;order:sharedDbCB=CLOSED;inventory:paymentServiceCB=CLOSED;inventory:sharedDbCB=CLOSED;payment:notificationServiceCB=CLOSED;payment:sharedDbCB=CLOSED;notification:sharedDbCB=CLOSED,gateway:orderServiceCB=0;gateway:inventoryServiceCB=0;gateway:paymentServiceCB=0;order:inventoryServiceCB=0;order:sharedDbCB=0;inventory:paymentServiceCB=0;inventory:sharedDbCB=0;payment:notificationServiceCB=0;payment:sharedDbCB=0;notification:sharedDbCB=0,200,21.775,1135757765,63,45,10.0,9.1664,0.0087,False,183.3276,soham-local,
LIN-LAT-TIM-T70-W5-D5,LINEAR,LATENCY,TIME_BASED,70,5,5,5,LOCAL,full,3,2026-09-02T19:36:35Z,0.25,3.617,23.869,0.785,0.877,0.0,order-service:0.3925;inventory-service:0.0000;payment-service:0.0000;notification-service:0.0000,True,,38.105,gateway:orderServiceCB=CLOSED;gateway:inventoryServiceCB=CLOSED;gateway:paymentServiceCB=CLOSED;order:inventoryServiceCB=CLOSED;order:sharedDbCB=CLOSED;inventory:paymentServiceCB=CLOSED;inventory:sharedDbCB=CLOSED;payment:notificationServiceCB=CLOSED;payment:sharedDbCB=CLOSED;notification:sharedDbCB=CLOSED,gateway:orderServiceCB=0;gateway:inventoryServiceCB=0;gateway:paymentServiceCB=0;order:inventoryServiceCB=0;order:sharedDbCB=0;inventory:paymentServiceCB=0;inventory:sharedDbCB=0;payment:notificationServiceCB=0;payment:sharedDbCB=0;notification:sharedDbCB=0,200,21.788,1135757765,64,45,10.0,9.1826,0.0101,False,45.9128,soham-local,
LIN-LAT-TIM-T30-W5-D15,LINEAR,LATENCY,TIME_BASED,30,5,15,5,LOCAL,full,2,2026-09-02T19:38:51Z,0.25,3.65,34.829,0.88,0.932,0.0,order-service:0.4400;inventory-service:0.0000;payment-service:0.0000;notification-service:0.0000,True,,41.041,gateway:orderServiceCB=CLOSED;gateway:inventoryServiceCB=CLOSED;gateway:paymentServiceCB=CLOSED;order:inventoryServiceCB=CLOSED;order:sharedDbCB=CLOSED;inventory:paymentServiceCB=CLOSED;inventory:sharedDbCB=CLOSED;payment:notificationServiceCB=CLOSED;payment:sharedDbCB=CLOSED;notification:sharedDbCB=CLOSED,gateway:orderServiceCB=0;gateway:inventoryServiceCB=0;gateway:paymentServiceCB=0;order:inventoryServiceCB=0;order:sharedDbCB=0;inventory:paymentServiceCB=0;inventory:sharedDbCB=0;payment:notificationServiceCB=0;payment:sharedDbCB=0;notification:sharedDbCB=0,200,21.776,1135757765,65,45,10.0,9.174,0.0086,False,45.8702,soham-local,
LIN-LAT-CNT-T70-W20-D30,LINEAR,LATENCY,COUNT_BASED,70,20,30,5,LOCAL,full,3,2026-09-02T19:41:04Z,0.25,4.675,31.089,0.3167,0.6599,0.0,order-service:0.1583;inventory-service:0.0000;payment-service:0.0000;notification-service:0.0000,True,,41.275,gateway:orderServiceCB=CLOSED;gateway:inventoryServiceCB=CLOSED;gateway:paymentServiceCB=CLOSED;order:inventoryServiceCB=CLOSED;order:sharedDbCB=CLOSED;inventory:paymentServiceCB=CLOSED;inventory:sharedDbCB=CLOSED;payment:notificationServiceCB=CLOSED;payment:sharedDbCB=CLOSED;notification:sharedDbCB=CLOSED,gateway:orderServiceCB=0;gateway:inventoryServiceCB=0;gateway:paymentServiceCB=0;order:inventoryServiceCB=0;order:sharedDbCB=0;inventory:paymentServiceCB=0;inventory:sharedDbCB=0;payment:notificationServiceCB=0;payment:sharedDbCB=0;notification:sharedDbCB=0,200,21.827,1135757765,66,45,10.0,9.1946,0.0125,False,20.0,soham-local,
LIN-LAT-CNT-T30-W20-D15,LINEAR,LATENCY,COUNT_BASED,30,20,15,5,LOCAL,full,3,2026-09-02T19:43:00Z,0.25,3.666,16.176,0.45,0.6873,0.0,order-service:0.2250;inventory-service:0.0000;payment-service:0.0000;notification-service:0.0000,True,,39.568,gateway:orderServiceCB=CLOSED;gateway:inventoryServiceCB=CLOSED;gateway:paymentServiceCB=CLOSED;order:inventoryServiceCB=CLOSED;order:sharedDbCB=CLOSED;inventory:paymentServiceCB=CLOSED;inventory:sharedDbCB=CLOSED;payment:notificationServiceCB=CLOSED;payment:sharedDbCB=CLOSED;notification:sharedDbCB=CLOSED,gateway:orderServiceCB=0;gateway:inventoryServiceCB=0;gateway:paymentServiceCB=0;order:inventoryServiceCB=0;order:sharedDbCB=0;inventory:paymentServiceCB=0;inventory:sharedDbCB=0;payment:notificationServiceCB=0;payment:sharedDbCB=0;notification:sharedDbCB=0,200,21.793,1135757765,67,45,10.0,9.1938,0.0121,False,20.0,soham-local,
LIN-LAT-CNT-T30-W5-D15,LINEAR,LATENCY,COUNT_BASED,30,5,15,5,LOCAL,full,1,2026-09-02T19:44:55Z,0.25,3.385,16.048,0.275,0.7081,0.0,order-service:0.1375;inventory-service:0.0000;payment-service:0.0000;notification-service:0.0000,True,,40.038,gateway:orderServiceCB=CLOSED;gateway:inventoryServiceCB=CLOSED;gateway:paymentServiceCB=CLOSED;order:inventoryServiceCB=CLOSED;order:sharedDbCB=CLOSED;inventory:paymentServiceCB=CLOSED;inventory:sharedDbCB=CLOSED;payment:notificationServiceCB=CLOSED;payment:sharedDbCB=CLOSED;notification:sharedDbCB=CLOSED,gateway:orderServiceCB=0;gateway:inventoryServiceCB=0;gateway:paymentServiceCB=0;order:inventoryServiceCB=0;order:sharedDbCB=0;inventory:paymentServiceCB=0;inventory:sharedDbCB=0;payment:notificationServiceCB=0;payment:sharedDbCB=0;notification:sharedDbCB=0,200,21.798,1135757765,68,45,10.0,9.1653,0.0134,False,5.0,soham-local,
LIN-LAT-TIM-T30-W5-D30,LINEAR,LATENCY,TIME_BASED,30,5,30,5,LOCAL,full,2,2026-09-02T19:47:39Z,0.25,3.432,65.161,0.9244,0.9566,0.0,order-service:0.4622;inventory-service:0.0000;payment-service:0.0000;notification-service:0.0000,True,,38.988,gateway:orderServiceCB=CLOSED;gateway:inventoryServiceCB=CLOSED;gateway:paymentServiceCB=CLOSED;order:inventoryServiceCB=CLOSED;order:sharedDbCB=CLOSED;inventory:paymentServiceCB=CLOSED;inventory:sharedDbCB=CLOSED;payment:notificationServiceCB=CLOSED;payment:sharedDbCB=CLOSED;notification:sharedDbCB=CLOSED,gateway:orderServiceCB=0;gateway:inventoryServiceCB=0;gateway:paymentServiceCB=0;order:inventoryServiceCB=0;order:sharedDbCB=0;inventory:paymentServiceCB=0;inventory:sharedDbCB=0;payment:notificationServiceCB=0;payment:sharedDbCB=0;notification:sharedDbCB=0,200,21.777,1135757765,69,45,10.0,9.1842,0.0101,False,45.9212,soham-local,
LIN-LAT-TIM-T70-W5-D5,LINEAR,LATENCY,TIME_BASED,70,5,5,5,LOCAL,full,1,2026-09-02T19:49:42Z,0.25,3.628,24.036,0.79,0.8796,0.0,order-service:0.3950;inventory-service:0.0000;payment-service:0.0000;notification-service:0.0000,True,,38.66,gateway:orderServiceCB=CLOSED;gateway:inventoryServiceCB=CLOSED;gateway:paymentServiceCB=CLOSED;order:inventoryServiceCB=CLOSED;order:sharedDbCB=CLOSED;inventory:paymentServiceCB=CLOSED;inventory:sharedDbCB=CLOSED;payment:notificationServiceCB=CLOSED;payment:sharedDbCB=CLOSED;notification:sharedDbCB=CLOSED,gateway:orderServiceCB=0;gateway:inventoryServiceCB=0;gateway:paymentServiceCB=0;order:inventoryServiceCB=0;order:sharedDbCB=0;inventory:paymentServiceCB=0;inventory:sharedDbCB=0;payment:notificationServiceCB=0;payment:sharedDbCB=0;notification:sharedDbCB=0,200,21.803,1135757765,70,45,10.0,9.1734,0.0116,False,45.8669,soham-local,
LIN-LAT-TIM-T30-W5-D15,LINEAR,LATENCY,TIME_BASED,30,5,15,5,LOCAL,full,1,2026-09-02T19:51:55Z,0.25,3.871,34.587,0.8733,0.9288,0.0,order-service:0.4367;inventory-service:0.0000;payment-service:0.0000;notification-service:0.0000,True,,38.71,gateway:orderServiceCB=CLOSED;gateway:inventoryServiceCB=CLOSED;gateway:paymentServiceCB=CLOSED;order:inventoryServiceCB=CLOSED;order:sharedDbCB=CLOSED;inventory:paymentServiceCB=CLOSED;inventory:sharedDbCB=CLOSED;payment:notificationServiceCB=CLOSED;payment:sharedDbCB=CLOSED;notification:sharedDbCB=CLOSED,gateway:orderServiceCB=0;gateway:inventoryServiceCB=0;gateway:paymentServiceCB=0;order:inventoryServiceCB=0;order:sharedDbCB=0;inventory:paymentServiceCB=0;inventory:sharedDbCB=0;payment:notificationServiceCB=0;payment:sharedDbCB=0;notification:sharedDbCB=0,200,21.785,1135757765,71,45,10.0,9.18,0.0096,False,45.8999,soham-local,
LIN-LAT-TIM-T70-W10-D15,LINEAR,LATENCY,TIME_BASED,70,10,15,5,LOCAL,full,3,2026-09-02T19:54:13Z,0.25,8.135,34.921,0.7771,0.874,0.0,order-service:0.3886;inventory-service:0.0000;payment-service:0.0000;notification-service:0.0000,True,,37.946,gateway:orderServiceCB=CLOSED;gateway:inventoryServiceCB=CLOSED;gateway:paymentServiceCB=CLOSED;order:inventoryServiceCB=CLOSED;order:sharedDbCB=CLOSED;inventory:paymentServiceCB=CLOSED;inventory:sharedDbCB=CLOSED;payment:notificationServiceCB=CLOSED;payment:sharedDbCB=CLOSED;notification:sharedDbCB=CLOSED,gateway:orderServiceCB=0;gateway:inventoryServiceCB=0;gateway:paymentServiceCB=0;order:inventoryServiceCB=0;order:sharedDbCB=0;inventory:paymentServiceCB=0;inventory:sharedDbCB=0;payment:notificationServiceCB=0;payment:sharedDbCB=0;notification:sharedDbCB=0,200,21.781,1135757765,72,45,10.0,9.1603,0.0335,False,91.6026,soham-local,
LIN-LAT-TIM-T70-W5-D15,LINEAR,LATENCY,TIME_BASED,70,5,15,5,LOCAL,full,2,2026-09-02T19:56:46Z,0.25,3.577,35.084,0.8767,0.9285,0.0,order-service:0.4383;inventory-service:0.0000;payment-service:0.0000;notification-service:0.0000,True,,50.528,gateway:orderServiceCB=CLOSED;gateway:inventoryServiceCB=CLOSED;gateway:paymentServiceCB=CLOSED;order:inventoryServiceCB=CLOSED;order:sharedDbCB=CLOSED;inventory:paymentServiceCB=CLOSED;inventory:sharedDbCB=CLOSED;payment:notificationServiceCB=CLOSED;payment:sharedDbCB=CLOSED;notification:sharedDbCB=CLOSED,gateway:orderServiceCB=0;gateway:inventoryServiceCB=0;gateway:paymentServiceCB=0;order:inventoryServiceCB=0;order:sharedDbCB=0;inventory:paymentServiceCB=0;inventory:sharedDbCB=0;payment:notificationServiceCB=0;payment:sharedDbCB=0;notification:sharedDbCB=0,200,21.797,1135757765,73,45,10.0,9.1842,0.0203,False,45.921,soham-local,
LIN-LAT-TIM-T50-W5-D30,LINEAR,LATENCY,TIME_BASED,50,5,30,5,LOCAL,full,2,2026-09-02T19:59:53Z,0.25,3.811,65.379,0.9156,0.9514,0.0,order-service:0.4578;inventory-service:0.0000;payment-service:0.0000;notification-service:0.0000,True,,54.202,gateway:orderServiceCB=CLOSED;gateway:inventoryServiceCB=CLOSED;gateway:paymentServiceCB=CLOSED;order:inventoryServiceCB=CLOSED;order:sharedDbCB=CLOSED;inventory:paymentServiceCB=CLOSED;inventory:sharedDbCB=CLOSED;payment:notificationServiceCB=CLOSED;payment:sharedDbCB=CLOSED;notification:sharedDbCB=CLOSED,gateway:orderServiceCB=0;gateway:inventoryServiceCB=0;gateway:paymentServiceCB=0;order:inventoryServiceCB=0;order:sharedDbCB=0;inventory:paymentServiceCB=0;inventory:sharedDbCB=0;payment:notificationServiceCB=0;payment:sharedDbCB=0;notification:sharedDbCB=0,200,21.796,1135757765,74,45,10.0,9.197,0.0242,False,45.9848,soham-local,
LIN-LAT-CNT-T70-W20-D5,LINEAR,LATENCY,COUNT_BASED,70,20,5,5,LOCAL,full,3,2026-09-02T20:01:57Z,0.25,4.681,6.743,0.3,0.6412,0.0,order-service:0.1500;inventory-service:0.0000;payment-service:0.0000;notification-service:0.0000,True,,48.127,gateway:orderServiceCB=CLOSED;gateway:inventoryServiceCB=CLOSED;gateway:paymentServiceCB=CLOSED;order:inventoryServiceCB=CLOSED;order:sharedDbCB=CLOSED;inventory:paymentServiceCB=CLOSED;inventory:sharedDbCB=CLOSED;payment:notificationServiceCB=CLOSED;payment:sharedDbCB=CLOSED;notification:sharedDbCB=CLOSED,gateway:orderServiceCB=0;gateway:inventoryServiceCB=0;gateway:paymentServiceCB=0;order:inventoryServiceCB=0;order:sharedDbCB=0;inventory:paymentServiceCB=0;inventory:sharedDbCB=0;payment:notificationServiceCB=0;payment:sharedDbCB=0;notification:sharedDbCB=0,200,21.781,1135757765,75,45,10.0,9.1996,0.0282,False,20.0,soham-local,
LIN-LAT-CNT-T50-W10-D30,LINEAR,LATENCY,COUNT_BASED,50,10,30,5,LOCAL,full,1,2026-09-02T20:04:24Z,0.25,3.624,31.95,0.175,0.7067,0.0,order-service:0.0875;inventory-service:0.0000;payment-service:0.0000;notification-service:0.0000,True,,48.396,gateway:orderServiceCB=CLOSED;gateway:inventoryServiceCB=CLOSED;gateway:paymentServiceCB=CLOSED;order:inventoryServiceCB=CLOSED;order:sharedDbCB=CLOSED;inventory:paymentServiceCB=CLOSED;inventory:sharedDbCB=CLOSED;payment:notificationServiceCB=CLOSED;payment:sharedDbCB=CLOSED;notification:sharedDbCB=CLOSED,gateway:orderServiceCB=0;gateway:inventoryServiceCB=0;gateway:paymentServiceCB=0;order:inventoryServiceCB=0;order:sharedDbCB=0;inventory:paymentServiceCB=0;inventory:sharedDbCB=0;payment:notificationServiceCB=0;payment:sharedDbCB=0;notification:sharedDbCB=0,200,21.78,1135757765,76,45,10.0,9.1691,0.0119,False,10.0,soham-local,
LIN-LAT-TIM-T30-W10-D30,LINEAR,LATENCY,TIME_BASED,30,10,30,5,LOCAL,full,3,2026-09-02T20:07:29Z,0.25,5.395,64.762,0.894,0.9388,0.0,order-service:0.4470;inventory-service:0.0000;payment-service:0.0000;notification-service:0.0000,True,,49.969,gateway:orderServiceCB=CLOSED;gateway:inventoryServiceCB=CLOSED;gateway:paymentServiceCB=CLOSED;order:inventoryServiceCB=CLOSED;order:sharedDbCB=CLOSED;inventory:paymentServiceCB=CLOSED;inventory:sharedDbCB=CLOSED;payment:notificationServiceCB=CLOSED;payment:sharedDbCB=CLOSED;notification:sharedDbCB=CLOSED,gateway:orderServiceCB=0;gateway:inventoryServiceCB=0;gateway:paymentServiceCB=0;order:inventoryServiceCB=0;order:sharedDbCB=0;inventory:paymentServiceCB=0;inventory:sharedDbCB=0;payment:notificationServiceCB=0;payment:sharedDbCB=0;notification:sharedDbCB=0,200,21.786,1135757765,77,45,10.0,9.2036,0.0242,False,92.0357,soham-local,
LIN-LAT-TIM-T70-W5-D30,LINEAR,LATENCY,TIME_BASED,70,5,30,5,LOCAL,full,1,2026-09-02T20:10:31Z,0.25,3.604,65.617,0.9156,0.9519,0.0,order-service:0.4578;inventory-service:0.0000;payment-service:0.0000;notification-service:0.0000,True,,48.356,gateway:orderServiceCB=CLOSED;gateway:inventoryServiceCB=CLOSED;gateway:paymentServiceCB=CLOSED;order:inventoryServiceCB=CLOSED;order:sharedDbCB=CLOSED;inventory:paymentServiceCB=CLOSED;inventory:sharedDbCB=CLOSED;payment:notificationServiceCB=CLOSED;payment:sharedDbCB=CLOSED;notification:sharedDbCB=CLOSED,gateway:orderServiceCB=0;gateway:inventoryServiceCB=0;gateway:paymentServiceCB=0;order:inventoryServiceCB=0;order:sharedDbCB=0;inventory:paymentServiceCB=0;inventory:sharedDbCB=0;payment:notificationServiceCB=0;payment:sharedDbCB=0;notification:sharedDbCB=0,200,21.77,1135757765,78,45,10.0,9.1735,0.0172,False,45.8673,soham-local,
LIN-LAT-CNT-T30-W20-D5,LINEAR,LATENCY,COUNT_BASED,30,20,5,5,LOCAL,full,3,2026-09-02T20:12:34Z,0.25,3.674,6.804,0.4333,0.68,0.0,order-service:0.2167;inventory-service:0.0000;payment-service:0.0000;notification-service:0.0000,True,,48.829,gateway:orderServiceCB=CLOSED;gateway:inventoryServiceCB=CLOSED;gateway:paymentServiceCB=CLOSED;order:inventoryServiceCB=CLOSED;order:sharedDbCB=CLOSED;inventory:paymentServiceCB=CLOSED;inventory:sharedDbCB=CLOSED;payment:notificationServiceCB=CLOSED;payment:sharedDbCB=CLOSED;notification:sharedDbCB=CLOSED,gateway:orderServiceCB=0;gateway:inventoryServiceCB=0;gateway:paymentServiceCB=0;order:inventoryServiceCB=0;order:sharedDbCB=0;inventory:paymentServiceCB=0;inventory:sharedDbCB=0;payment:notificationServiceCB=0;payment:sharedDbCB=0;notification:sharedDbCB=0,200,21.817,1135757765,79,45,10.0,9.1796,0.0124,False,20.0,soham-local,
LIN-LAT-TIM-T70-W5-D30,LINEAR,LATENCY,TIME_BASED,70,5,30,5,LOCAL,full,2,2026-09-02T20:15:37Z,0.25,3.822,65.249,0.9111,0.9492,0.0,order-service:0.4556;inventory-service:0.0000;payment-service:0.0000;notification-service:0.0000,True,,49.708,gateway:orderServiceCB=CLOSED;gateway:inventoryServiceCB=CLOSED;gateway:paymentServiceCB=CLOSED;order:inventoryServiceCB=CLOSED;order:sharedDbCB=CLOSED;inventory:paymentServiceCB=CLOSED;inventory:sharedDbCB=CLOSED;payment:notificationServiceCB=CLOSED;payment:sharedDbCB=CLOSED;notification:sharedDbCB=CLOSED,gateway:orderServiceCB=0;gateway:inventoryServiceCB=0;gateway:paymentServiceCB=0;order:inventoryServiceCB=0;order:sharedDbCB=0;inventory:paymentServiceCB=0;inventory:sharedDbCB=0;payment:notificationServiceCB=0;payment:sharedDbCB=0;notification:sharedDbCB=0,200,21.801,1135757765,80,45,10.0,9.1806,0.0193,False,45.9032,soham-local,
LIN-LAT-TIM-T30-W10-D15,LINEAR,LATENCY,TIME_BASED,30,10,15,5,LOCAL,full,3,2026-09-02T20:18:10Z,0.25,5.264,35.505,0.8514,0.9208,0.0,order-service:0.4257;inventory-service:0.0000;payment-service:0.0000;notification-service:0.0000,True,,48.523,gateway:orderServiceCB=CLOSED;gateway:inventoryServiceCB=CLOSED;gateway:paymentServiceCB=CLOSED;order:inventoryServiceCB=CLOSED;order:sharedDbCB=CLOSED;inventory:paymentServiceCB=CLOSED;inventory:sharedDbCB=CLOSED;payment:notificationServiceCB=CLOSED;payment:sharedDbCB=CLOSED;notification:sharedDbCB=CLOSED,gateway:orderServiceCB=0;gateway:inventoryServiceCB=0;gateway:paymentServiceCB=0;order:inventoryServiceCB=0;order:sharedDbCB=0;inventory:paymentServiceCB=0;inventory:sharedDbCB=0;payment:notificationServiceCB=0;payment:sharedDbCB=0;notification:sharedDbCB=0,200,21.813,1135757765,81,45,10.0,9.1916,0.0207,False,91.916,soham-local,
LIN-LAT-CNT-T50-W5-D15,LINEAR,LATENCY,COUNT_BASED,50,5,15,5,LOCAL,full,2,2026-09-02T20:20:23Z,0.25,3.356,16.576,0.225,0.6948,0.0,order-service:0.1125;inventory-service:0.0000;payment-service:0.0000;notification-service:0.0000,True,,47.991,gateway:orderServiceCB=CLOSED;gateway:inventoryServiceCB=CLOSED;gateway:paymentServiceCB=CLOSED;order:inventoryServiceCB=CLOSED;order:sharedDbCB=CLOSED;inventory:paymentServiceCB=CLOSED;inventory:sharedDbCB=CLOSED;payment:notificationServiceCB=CLOSED;payment:sharedDbCB=CLOSED;notification:sharedDbCB=CLOSED,gateway:orderServiceCB=0;gateway:inventoryServiceCB=0;gateway:paymentServiceCB=0;order:inventoryServiceCB=0;order:sharedDbCB=0;inventory:paymentServiceCB=0;inventory:sharedDbCB=0;payment:notificationServiceCB=0;payment:sharedDbCB=0;notification:sharedDbCB=0,200,21.806,1135757765,82,45,10.0,9.1621,0.0153,False,5.0,soham-local,
LIN-LAT-TIM-T30-W20-D30,LINEAR,LATENCY,TIME_BASED,30,20,30,5,LOCAL,full,1,2026-09-02T20:23:28Z,0.25,8.328,65.13,0.865,0.9206,0.0,order-service:0.4325;inventory-service:0.0000;payment-service:0.0000;notification-service:0.0000,True,,48.224,gateway:orderServiceCB=CLOSED;gateway:inventoryServiceCB=CLOSED;gateway:paymentServiceCB=CLOSED;order:inventoryServiceCB=CLOSED;order:sharedDbCB=CLOSED;inventory:paymentServiceCB=CLOSED;inventory:sharedDbCB=CLOSED;payment:notificationServiceCB=CLOSED;payment:sharedDbCB=CLOSED;notification:sharedDbCB=CLOSED,gateway:orderServiceCB=0;gateway:inventoryServiceCB=0;gateway:paymentServiceCB=0;order:inventoryServiceCB=0;order:sharedDbCB=0;inventory:paymentServiceCB=0;inventory:sharedDbCB=0;payment:notificationServiceCB=0;payment:sharedDbCB=0;notification:sharedDbCB=0,200,21.82,1135757765,83,45,10.0,9.187,0.0213,False,183.7401,soham-local,
LIN-LAT-TIM-T50-W5-D5,LINEAR,LATENCY,TIME_BASED,50,5,5,5,LOCAL,full,1,2026-09-02T20:25:46Z,0.25,3.527,23.138,0.795,0.8895,0.0,order-service:0.3975;inventory-service:0.0000;payment-service:0.0000;notification-service:0.0000,True,,47.106,gateway:orderServiceCB=CLOSED;gateway:inventoryServiceCB=CLOSED;gateway:paymentServiceCB=CLOSED;order:inventoryServiceCB=CLOSED;order:sharedDbCB=CLOSED;inventory:paymentServiceCB=CLOSED;inventory:sharedDbCB=CLOSED;payment:notificationServiceCB=CLOSED;payment:sharedDbCB=CLOSED;notification:sharedDbCB=CLOSED,gateway:orderServiceCB=0;gateway:inventoryServiceCB=0;gateway:paymentServiceCB=0;order:inventoryServiceCB=0;order:sharedDbCB=0;inventory:paymentServiceCB=0;inventory:sharedDbCB=0;payment:notificationServiceCB=0;payment:sharedDbCB=0;notification:sharedDbCB=0,200,21.757,1135757765,84,45,10.0,9.1712,0.0101,False,45.8559,soham-local,
LIN-LAT-CNT-T30-W5-D5,LINEAR,LATENCY,COUNT_BASED,30,5,5,5,LOCAL,full,3,2026-09-02T20:27:52Z,0.25,3.386,6.659,0.25,0.6968,0.0,order-service:0.1250;inventory-service:0.0000;payment-service:0.0000;notification-service:0.0000,True,,51.522,gateway:orderServiceCB=CLOSED;gateway:inventoryServiceCB=CLOSED;gateway:paymentServiceCB=CLOSED;order:inventoryServiceCB=CLOSED;order:sharedDbCB=CLOSED;inventory:paymentServiceCB=CLOSED;inventory:sharedDbCB=CLOSED;payment:notificationServiceCB=CLOSED;payment:sharedDbCB=CLOSED;notification:sharedDbCB=CLOSED,gateway:orderServiceCB=0;gateway:inventoryServiceCB=0;gateway:paymentServiceCB=0;order:inventoryServiceCB=0;order:sharedDbCB=0;inventory:paymentServiceCB=0;inventory:sharedDbCB=0;payment:notificationServiceCB=0;payment:sharedDbCB=0;notification:sharedDbCB=0,200,21.795,1135757765,85,45,10.0,9.2025,0.0101,False,5.0,soham-local,
LIN-LAT-TIM-T70-W20-D5,LINEAR,LATENCY,TIME_BASED,70,20,5,5,LOCAL,full,1,2026-09-02T20:30:33Z,0.25,14.972,32.627,0.5629,0.7647,0.0,order-service:0.2814;inventory-service:0.0000;payment-service:0.0000;notification-service:0.0000,True,,50.021,gateway:orderServiceCB=CLOSED;gateway:inventoryServiceCB=CLOSED;gateway:paymentServiceCB=CLOSED;order:inventoryServiceCB=CLOSED;order:sharedDbCB=CLOSED;inventory:paymentServiceCB=CLOSED;inventory:sharedDbCB=CLOSED;payment:notificationServiceCB=CLOSED;payment:sharedDbCB=CLOSED;notification:sharedDbCB=CLOSED,gateway:orderServiceCB=0;gateway:inventoryServiceCB=0;gateway:paymentServiceCB=0;order:inventoryServiceCB=0;order:sharedDbCB=0;inventory:paymentServiceCB=0;inventory:sharedDbCB=0;payment:notificationServiceCB=0;payment:sharedDbCB=0;notification:sharedDbCB=0,200,21.778,1135757765,86,45,10.0,9.1895,0.0193,False,183.7897,soham-local,
LIN-LAT-TIM-T30-W5-D30,LINEAR,LATENCY,TIME_BASED,30,5,30,5,LOCAL,full,1,2026-09-02T20:33:34Z,0.25,3.608,64.632,0.92,0.9541,0.0,order-service:0.4600;inventory-service:0.0000;payment-service:0.0000;notification-service:0.0000,True,,48.717,gateway:orderServiceCB=CLOSED;gateway:inventoryServiceCB=CLOSED;gateway:paymentServiceCB=CLOSED;order:inventoryServiceCB=CLOSED;order:sharedDbCB=CLOSED;inventory:paymentServiceCB=CLOSED;inventory:sharedDbCB=CLOSED;payment:notificationServiceCB=CLOSED;payment:sharedDbCB=CLOSED;notification:sharedDbCB=CLOSED,gateway:orderServiceCB=0;gateway:inventoryServiceCB=0;gateway:paymentServiceCB=0;order:inventoryServiceCB=0;order:sharedDbCB=0;inventory:paymentServiceCB=0;inventory:sharedDbCB=0;payment:notificationServiceCB=0;payment:sharedDbCB=0;notification:sharedDbCB=0,200,21.806,1135757765,87,45,10.0,9.1714,0.0125,False,45.8568,soham-local,
LIN-LAT-TIM-T70-W5-D5,LINEAR,LATENCY,TIME_BASED,70,5,5,5,LOCAL,full,2,2026-09-02T20:35:56Z,0.25,3.648,24.104,0.79,0.8798,0.0,order-service:0.3950;inventory-service:0.0000;payment-service:0.0000;notification-service:0.0000,True,,49.183,gateway:orderServiceCB=CLOSED;gateway:inventoryServiceCB=CLOSED;gateway:paymentServiceCB=CLOSED;order:inventoryServiceCB=CLOSED;order:sharedDbCB=CLOSED;inventory:paymentServiceCB=CLOSED;inventory:sharedDbCB=CLOSED;payment:notificationServiceCB=CLOSED;payment:sharedDbCB=CLOSED;notification:sharedDbCB=CLOSED,gateway:orderServiceCB=0;gateway:inventoryServiceCB=0;gateway:paymentServiceCB=0;order:inventoryServiceCB=0;order:sharedDbCB=0;inventory:paymentServiceCB=0;inventory:sharedDbCB=0;payment:notificationServiceCB=0;payment:sharedDbCB=0;notification:sharedDbCB=0,200,21.781,1135757765,88,45,10.0,9.2045,0.0295,False,46.0227,soham-local,
LIN-LAT-TIM-T70-W10-D15,LINEAR,LATENCY,TIME_BASED,70,10,15,5,LOCAL,full,2,2026-09-02T20:38:35Z,0.25,8.039,34.973,0.7829,0.8746,0.0,order-service:0.3914;inventory-service:0.0000;payment-service:0.0000;notification-service:0.0000,True,,52.066,gateway:orderServiceCB=CLOSED;gateway:inventoryServiceCB=CLOSED;gateway:paymentServiceCB=CLOSED;order:inventoryServiceCB=CLOSED;order:sharedDbCB=CLOSED;inventory:paymentServiceCB=CLOSED;inventory:sharedDbCB=CLOSED;payment:notificationServiceCB=CLOSED;payment:sharedDbCB=CLOSED;notification:sharedDbCB=CLOSED,gateway:orderServiceCB=0;gateway:inventoryServiceCB=0;gateway:paymentServiceCB=0;order:inventoryServiceCB=0;order:sharedDbCB=0;inventory:paymentServiceCB=0;inventory:sharedDbCB=0;payment:notificationServiceCB=0;payment:sharedDbCB=0;notification:sharedDbCB=0,200,21.802,1135757765,89,45,10.0,9.187,0.0231,False,91.87,soham-local,
LIN-LAT-CNT-T70-W5-D30,LINEAR,LATENCY,COUNT_BASED,70,5,30,5,LOCAL,full,3,2026-09-02T20:41:03Z,0.25,3.616,31.557,0.2,0.6933,0.0,order-service:0.1000;inventory-service:0.0000;payment-service:0.0000;notification-service:0.0000,True,,49.081,gateway:orderServiceCB=CLOSED;gateway:inventoryServiceCB=CLOSED;gateway:paymentServiceCB=CLOSED;order:inventoryServiceCB=CLOSED;order:sharedDbCB=CLOSED;inventory:paymentServiceCB=CLOSED;inventory:sharedDbCB=CLOSED;payment:notificationServiceCB=CLOSED;payment:sharedDbCB=CLOSED;notification:sharedDbCB=CLOSED,gateway:orderServiceCB=0;gateway:inventoryServiceCB=0;gateway:paymentServiceCB=0;order:inventoryServiceCB=0;order:sharedDbCB=0;inventory:paymentServiceCB=0;inventory:sharedDbCB=0;payment:notificationServiceCB=0;payment:sharedDbCB=0;notification:sharedDbCB=0,200,21.813,1135757765,90,45,10.0,9.1801,0.011,False,5.0,soham-local,
LIN-LAT-TIM-T50-W10-D15,LINEAR,LATENCY,TIME_BASED,50,10,15,5,LOCAL,full,1,2026-09-02T20:43:36Z,0.25,6.483,35.376,0.8229,0.8975,0.0,order-service:0.4114;inventory-service:0.0000;payment-service:0.0000;notification-service:0.0000,True,,48.076,gateway:orderServiceCB=CLOSED;gateway:inventoryServiceCB=CLOSED;gateway:paymentServiceCB=CLOSED;order:inventoryServiceCB=CLOSED;order:sharedDbCB=CLOSED;inventory:paymentServiceCB=CLOSED;inventory:sharedDbCB=CLOSED;payment:notificationServiceCB=CLOSED;payment:sharedDbCB=CLOSED;notification:sharedDbCB=CLOSED,gateway:orderServiceCB=0;gateway:inventoryServiceCB=0;gateway:paymentServiceCB=0;order:inventoryServiceCB=0;order:sharedDbCB=0;inventory:paymentServiceCB=0;inventory:sharedDbCB=0;payment:notificationServiceCB=0;payment:sharedDbCB=0;notification:sharedDbCB=0,200,21.784,1135757765,91,45,10.0,9.202,0.0247,False,92.02,soham-local,
LIN-LAT-TIM-T30-W5-D15,LINEAR,LATENCY,TIME_BASED,30,5,15,5,LOCAL,full,3,2026-09-02T20:46:08Z,0.25,3.649,34.972,0.8767,0.9287,0.0,order-service:0.4383;inventory-service:0.0000;payment-service:0.0000;notification-service:0.0000,True,,48.748,gateway:orderServiceCB=CLOSED;gateway:inventoryServiceCB=CLOSED;gateway:paymentServiceCB=CLOSED;order:inventoryServiceCB=CLOSED;order:sharedDbCB=CLOSED;inventory:paymentServiceCB=CLOSED;inventory:sharedDbCB=CLOSED;payment:notificationServiceCB=CLOSED;payment:sharedDbCB=CLOSED;notification:sharedDbCB=CLOSED,gateway:orderServiceCB=0;gateway:inventoryServiceCB=0;gateway:paymentServiceCB=0;order:inventoryServiceCB=0;order:sharedDbCB=0;inventory:paymentServiceCB=0;inventory:sharedDbCB=0;payment:notificationServiceCB=0;payment:sharedDbCB=0;notification:sharedDbCB=0,200,21.804,1135757765,92,45,10.0,9.1758,0.0164,False,45.8789,soham-local,
LIN-LAT-CNT-T50-W20-D5,LINEAR,LATENCY,COUNT_BASED,50,20,5,5,LOCAL,full,3,2026-09-02T20:48:12Z,0.25,4.109,6.766,0.3833,0.6697,0.0,order-service:0.1917;inventory-service:0.0000;payment-service:0.0000;notification-service:0.0000,True,,48.0,gateway:orderServiceCB=CLOSED;gateway:inventoryServiceCB=CLOSED;gateway:paymentServiceCB=CLOSED;order:inventoryServiceCB=CLOSED;order:sharedDbCB=CLOSED;inventory:paymentServiceCB=CLOSED;inventory:sharedDbCB=CLOSED;payment:notificationServiceCB=CLOSED;payment:sharedDbCB=CLOSED;notification:sharedDbCB=CLOSED,gateway:orderServiceCB=0;gateway:inventoryServiceCB=0;gateway:paymentServiceCB=0;order:inventoryServiceCB=0;order:sharedDbCB=0;inventory:paymentServiceCB=0;inventory:sharedDbCB=0;payment:notificationServiceCB=0;payment:sharedDbCB=0;notification:sharedDbCB=0,200,21.8,1135757765,93,45,10.0,9.1721,0.011,False,20.0,soham-local,
LIN-LAT-CNT-T70-W10-D5,LINEAR,LATENCY,COUNT_BASED,70,10,5,5,LOCAL,full,2,2026-09-02T20:50:20Z,0.25,3.826,6.745,0.125,0.68,0.0,order-service:0.0625;inventory-service:0.0000;payment-service:0.0000;notification-service:0.0000,True,,53.213,gateway:orderServiceCB=CLOSED;gateway:inventoryServiceCB=CLOSED;gateway:paymentServiceCB=CLOSED;order:inventoryServiceCB=CLOSED;order:sharedDbCB=CLOSED;inventory:paymentServiceCB=CLOSED;inventory:sharedDbCB=CLOSED;payment:notificationServiceCB=CLOSED;payment:sharedDbCB=CLOSED;notification:sharedDbCB=CLOSED,gateway:orderServiceCB=0;gateway:inventoryServiceCB=0;gateway:paymentServiceCB=0;order:inventoryServiceCB=0;order:sharedDbCB=0;inventory:paymentServiceCB=0;inventory:sharedDbCB=0;payment:notificationServiceCB=0;payment:sharedDbCB=0;notification:sharedDbCB=0,200,21.839,1135757765,94,45,10.0,9.1644,0.011,False,10.0,soham-local,
LIN-LAT-CNT-T50-W20-D15,LINEAR,LATENCY,COUNT_BASED,50,20,15,5,LOCAL,full,1,2026-09-02T20:52:36Z,0.25,4.359,16.494,0.3667,0.6652,0.0,order-service:0.1833;inventory-service:0.0000;payment-service:0.0000;notification-service:0.0000,True,,50.204,gateway:orderServiceCB=CLOSED;gateway:inventoryServiceCB=CLOSED;gateway:paymentServiceCB=CLOSED;order:inventoryServiceCB=CLOSED;order:sharedDbCB=CLOSED;inventory:paymentServiceCB=CLOSED;inventory:sharedDbCB=CLOSED;payment:notificationServiceCB=CLOSED;payment:sharedDbCB=CLOSED;notification:sharedDbCB=CLOSED,gateway:orderServiceCB=0;gateway:inventoryServiceCB=0;gateway:paymentServiceCB=0;order:inventoryServiceCB=0;order:sharedDbCB=0;inventory:paymentServiceCB=0;inventory:sharedDbCB=0;payment:notificationServiceCB=0;payment:sharedDbCB=0;notification:sharedDbCB=0,200,21.813,1135757765,95,45,10.0,9.1638,0.0118,False,20.0,soham-local,
LIN-LAT-TIM-T70-W20-D5,LINEAR,LATENCY,TIME_BASED,70,20,5,5,LOCAL,full,2,2026-09-02T20:55:16Z,0.25,14.768,32.365,0.5743,0.7667,0.0,order-service:0.2871;inventory-service:0.0000;payment-service:0.0000;notification-service:0.0000,True,,48.118,gateway:orderServiceCB=CLOSED;gateway:inventoryServiceCB=CLOSED;gateway:paymentServiceCB=CLOSED;order:inventoryServiceCB=CLOSED;order:sharedDbCB=CLOSED;inventory:paymentServiceCB=CLOSED;inventory:sharedDbCB=CLOSED;payment:notificationServiceCB=CLOSED;payment:sharedDbCB=CLOSED;notification:sharedDbCB=CLOSED,gateway:orderServiceCB=0;gateway:inventoryServiceCB=0;gateway:paymentServiceCB=0;order:inventoryServiceCB=0;order:sharedDbCB=0;inventory:paymentServiceCB=0;inventory:sharedDbCB=0;payment:notificationServiceCB=0;payment:sharedDbCB=0;notification:sharedDbCB=0,200,21.778,1135757765,96,45,10.0,9.1805,0.0159,False,183.6104,soham-local,
LIN-LAT-TIM-T70-W20-D5,LINEAR,LATENCY,TIME_BASED,70,20,5,5,LOCAL,full,3,2026-09-02T20:57:57Z,0.25,14.985,32.268,0.5686,0.7583,0.0,order-service:0.2843;inventory-service:0.0000;payment-service:0.0000;notification-service:0.0000,True,,48.658,gateway:orderServiceCB=CLOSED;gateway:inventoryServiceCB=CLOSED;gateway:paymentServiceCB=CLOSED;order:inventoryServiceCB=CLOSED;order:sharedDbCB=CLOSED;inventory:paymentServiceCB=CLOSED;inventory:sharedDbCB=CLOSED;payment:notificationServiceCB=CLOSED;payment:sharedDbCB=CLOSED;notification:sharedDbCB=CLOSED,gateway:orderServiceCB=0;gateway:inventoryServiceCB=0;gateway:paymentServiceCB=0;order:inventoryServiceCB=0;order:sharedDbCB=0;inventory:paymentServiceCB=0;inventory:sharedDbCB=0;payment:notificationServiceCB=0;payment:sharedDbCB=0;notification:sharedDbCB=0,200,21.749,1135757765,97,45,10.0,9.1727,0.011,False,183.4535,soham-local,
LIN-LAT-TIM-T50-W10-D5,LINEAR,LATENCY,TIME_BASED,50,10,5,5,LOCAL,full,1,2026-09-02T21:00:22Z,0.25,6.187,23.778,0.736,0.8486,0.0,order-service:0.3680;inventory-service:0.0000;payment-service:0.0000;notification-service:0.0000,True,,50.172,gateway:orderServiceCB=CLOSED;gateway:inventoryServiceCB=CLOSED;gateway:paymentServiceCB=CLOSED;order:inventoryServiceCB=CLOSED;order:sharedDbCB=CLOSED;inventory:paymentServiceCB=CLOSED;inventory:sharedDbCB=CLOSED;payment:notificationServiceCB=CLOSED;payment:sharedDbCB=CLOSED;notification:sharedDbCB=CLOSED,gateway:orderServiceCB=0;gateway:inventoryServiceCB=0;gateway:paymentServiceCB=0;order:inventoryServiceCB=0;order:sharedDbCB=0;inventory:paymentServiceCB=0;inventory:sharedDbCB=0;payment:notificationServiceCB=0;payment:sharedDbCB=0;notification:sharedDbCB=0,200,21.747,1135757765,98,45,10.0,9.1664,0.0107,False,91.6644,soham-local,
LIN-LAT-CNT-T70-W10-D30,LINEAR,LATENCY,COUNT_BASED,70,10,30,5,LOCAL,full,1,2026-09-02T21:02:51Z,0.25,3.854,31.748,0.125,0.6778,0.0,order-service:0.0625;inventory-service:0.0000;payment-service:0.0000;notification-service:0.0000,True,,49.919,gateway:orderServiceCB=CLOSED;gateway:inventoryServiceCB=CLOSED;gateway:paymentServiceCB=CLOSED;order:inventoryServiceCB=CLOSED;order:sharedDbCB=CLOSED;inventory:paymentServiceCB=CLOSED;inventory:sharedDbCB=CLOSED;payment:notificationServiceCB=CLOSED;payment:sharedDbCB=CLOSED;notification:sharedDbCB=CLOSED,gateway:orderServiceCB=0;gateway:inventoryServiceCB=0;gateway:paymentServiceCB=0;order:inventoryServiceCB=0;order:sharedDbCB=0;inventory:paymentServiceCB=0;inventory:sharedDbCB=0;payment:notificationServiceCB=0;payment:sharedDbCB=0;notification:sharedDbCB=0,200,21.8,1135757765,99,45,10.0,9.1849,0.0139,False,10.0,soham-local,
LIN-LAT-TIM-T30-W10-D15,LINEAR,LATENCY,TIME_BASED,30,10,15,5,LOCAL,full,1,2026-09-02T21:05:24Z,0.25,5.2,35.67,0.8543,0.9154,0.0,order-service:0.4271;inventory-service:0.0000;payment-service:0.0000;notification-service:0.0000,True,,47.134,gateway:orderServiceCB=CLOSED;gateway:inventoryServiceCB=CLOSED;gateway:paymentServiceCB=CLOSED;order:inventoryServiceCB=CLOSED;order:sharedDbCB=CLOSED;inventory:paymentServiceCB=CLOSED;inventory:sharedDbCB=CLOSED;payment:notificationServiceCB=CLOSED;payment:sharedDbCB=CLOSED;notification:sharedDbCB=CLOSED,gateway:orderServiceCB=0;gateway:inventoryServiceCB=0;gateway:paymentServiceCB=0;order:inventoryServiceCB=0;order:sharedDbCB=0;inventory:paymentServiceCB=0;inventory:sharedDbCB=0;payment:notificationServiceCB=0;payment:sharedDbCB=0;notification:sharedDbCB=0,200,21.78,1135757765,100,45,10.0,9.1882,0.0216,False,91.8823,soham-local,
LIN-LAT-TIM-T50-W20-D15,LINEAR,LATENCY,TIME_BASED,50,20,15,5,LOCAL,full,1,2026-09-02T21:08:22Z,0.25,11.446,53.225,0.7467,0.8531,0.0,order-service:0.3733;inventory-service:0.0000;payment-service:0.0000;notification-service:0.0000,True,,49.134,gateway:orderServiceCB=CLOSED;gateway:inventoryServiceCB=CLOSED;gateway:paymentServiceCB=CLOSED;order:inventoryServiceCB=CLOSED;order:sharedDbCB=CLOSED;inventory:paymentServiceCB=CLOSED;inventory:sharedDbCB=CLOSED;payment:notificationServiceCB=CLOSED;payment:sharedDbCB=CLOSED;notification:sharedDbCB=CLOSED,gateway:orderServiceCB=0;gateway:inventoryServiceCB=0;gateway:paymentServiceCB=0;order:inventoryServiceCB=0;order:sharedDbCB=0;inventory:paymentServiceCB=0;inventory:sharedDbCB=0;payment:notificationServiceCB=0;payment:sharedDbCB=0;notification:sharedDbCB=0,200,21.8,1135757765,101,45,10.0,9.1971,0.0269,False,183.9425,soham-local,
LIN-LAT-CNT-T30-W5-D15,LINEAR,LATENCY,COUNT_BASED,30,5,15,5,LOCAL,full,3,2026-09-02T21:10:34Z,0.25,3.356,16.417,0.25,0.6975,0.0,order-service:0.1250;inventory-service:0.0000;payment-service:0.0000;notification-service:0.0000,True,,48.445,gateway:orderServiceCB=CLOSED;gateway:inventoryServiceCB=CLOSED;gateway:paymentServiceCB=CLOSED;order:inventoryServiceCB=CLOSED;order:sharedDbCB=CLOSED;inventory:paymentServiceCB=CLOSED;inventory:sharedDbCB=CLOSED;payment:notificationServiceCB=CLOSED;payment:sharedDbCB=CLOSED;notification:sharedDbCB=CLOSED,gateway:orderServiceCB=0;gateway:inventoryServiceCB=0;gateway:paymentServiceCB=0;order:inventoryServiceCB=0;order:sharedDbCB=0;inventory:paymentServiceCB=0;inventory:sharedDbCB=0;payment:notificationServiceCB=0;payment:sharedDbCB=0;notification:sharedDbCB=0,200,21.771,1135757765,102,45,10.0,9.195,0.0148,False,5.0,soham-local,
LIN-LAT-CNT-T30-W20-D30,LINEAR,LATENCY,COUNT_BASED,30,20,30,5,LOCAL,full,3,2026-09-02T21:13:31Z,0.25,3.832,31.837,0.4333,0.6801,0.0,order-service:0.2167;inventory-service:0.0000;payment-service:0.0000;notification-service:0.0000,True,,68.16,gateway:orderServiceCB=CLOSED;gateway:inventoryServiceCB=CLOSED;gateway:paymentServiceCB=CLOSED;order:inventoryServiceCB=CLOSED;order:sharedDbCB=CLOSED;inventory:paymentServiceCB=CLOSED;inventory:sharedDbCB=CLOSED;payment:notificationServiceCB=CLOSED;payment:sharedDbCB=CLOSED;notification:sharedDbCB=CLOSED,gateway:orderServiceCB=0;gateway:inventoryServiceCB=0;gateway:paymentServiceCB=0;order:inventoryServiceCB=0;order:sharedDbCB=0;inventory:paymentServiceCB=0;inventory:sharedDbCB=0;payment:notificationServiceCB=0;payment:sharedDbCB=0;notification:sharedDbCB=0,200,21.797,1135757765,103,45,10.0,9.1635,0.0128,False,20.0,soham-local,
LIN-LAT-CNT-T30-W20-D5,LINEAR,LATENCY,COUNT_BASED,30,20,5,5,LOCAL,full,1,2026-09-02T21:15:50Z,0.25,3.847,6.642,0.4333,0.681,0.0,order-service:0.2167;inventory-service:0.0000;payment-service:0.0000;notification-service:0.0000,True,,62.511,gateway:orderServiceCB=CLOSED;gateway:inventoryServiceCB=CLOSED;gateway:paymentServiceCB=CLOSED;order:inventoryServiceCB=CLOSED;order:sharedDbCB=CLOSED;inventory:paymentServiceCB=CLOSED;inventory:sharedDbCB=CLOSED;payment:notificationServiceCB=CLOSED;payment:sharedDbCB=CLOSED;notification:sharedDbCB=CLOSED,gateway:orderServiceCB=0;gateway:inventoryServiceCB=0;gateway:paymentServiceCB=0;order:inventoryServiceCB=0;order:sharedDbCB=0;inventory:paymentServiceCB=0;inventory:sharedDbCB=0;payment:notificationServiceCB=0;payment:sharedDbCB=0;notification:sharedDbCB=0,200,21.808,1135757765,104,45,10.0,9.1611,0.0131,False,20.0,soham-local,
LIN-LAT-TIM-T70-W5-D15,LINEAR,LATENCY,TIME_BASED,70,5,15,5,LOCAL,full,3,2026-09-02T21:18:33Z,0.25,3.604,35.017,0.8733,0.9273,0.0,order-service:0.4367;inventory-service:0.0000;payment-service:0.0000;notification-service:0.0000,True,,58.759,gateway:orderServiceCB=CLOSED;gateway:inventoryServiceCB=CLOSED;gateway:paymentServiceCB=CLOSED;order:inventoryServiceCB=CLOSED;order:sharedDbCB=CLOSED;inventory:paymentServiceCB=CLOSED;inventory:sharedDbCB=CLOSED;payment:notificationServiceCB=CLOSED;payment:sharedDbCB=CLOSED;notification:sharedDbCB=CLOSED,gateway:orderServiceCB=0;gateway:inventoryServiceCB=0;gateway:paymentServiceCB=0;order:inventoryServiceCB=0;order:sharedDbCB=0;inventory:paymentServiceCB=0;inventory:sharedDbCB=0;payment:notificationServiceCB=0;payment:sharedDbCB=0;notification:sharedDbCB=0,200,21.775,1135757765,105,45,10.0,9.1817,0.0149,False,45.9087,soham-local,
LIN-LAT-TIM-T50-W10-D5,LINEAR,LATENCY,TIME_BASED,50,10,5,5,LOCAL,full,3,2026-09-02T21:20:41Z,0.25,6.674,23.169,0.724,0.8438,0.0,order-service:0.3620;inventory-service:0.0000;payment-service:0.0000;notification-service:0.0000,True,,40.327,gateway:orderServiceCB=CLOSED;gateway:inventoryServiceCB=CLOSED;gateway:paymentServiceCB=CLOSED;order:inventoryServiceCB=CLOSED;order:sharedDbCB=CLOSED;inventory:paymentServiceCB=CLOSED;inventory:sharedDbCB=CLOSED;payment:notificationServiceCB=CLOSED;payment:sharedDbCB=CLOSED;notification:sharedDbCB=CLOSED,gateway:orderServiceCB=0;gateway:inventoryServiceCB=0;gateway:paymentServiceCB=0;order:inventoryServiceCB=0;order:sharedDbCB=0;inventory:paymentServiceCB=0;inventory:sharedDbCB=0;payment:notificationServiceCB=0;payment:sharedDbCB=0;notification:sharedDbCB=0,200,21.775,1135757765,106,45,10.0,9.1766,0.0094,False,91.7662,soham-local,
LIN-LAT-CNT-T30-W20-D30,LINEAR,LATENCY,COUNT_BASED,30,20,30,5,LOCAL,full,1,2026-09-02T21:23:02Z,0.25,3.697,31.212,0.45,0.6872,0.0,order-service:0.2250;inventory-service:0.0000;payment-service:0.0000;notification-service:0.0000,True,,48.529,gateway:orderServiceCB=CLOSED;gateway:inventoryServiceCB=CLOSED;gateway:paymentServiceCB=CLOSED;order:inventoryServiceCB=CLOSED;order:sharedDbCB=CLOSED;inventory:paymentServiceCB=CLOSED;inventory:sharedDbCB=CLOSED;payment:notificationServiceCB=CLOSED;payment:sharedDbCB=CLOSED;notification:sharedDbCB=CLOSED,gateway:orderServiceCB=0;gateway:inventoryServiceCB=0;gateway:paymentServiceCB=0;order:inventoryServiceCB=0;order:sharedDbCB=0;inventory:paymentServiceCB=0;inventory:sharedDbCB=0;payment:notificationServiceCB=0;payment:sharedDbCB=0;notification:sharedDbCB=0,200,21.818,1135757765,107,45,10.0,9.1834,0.014,False,20.0,soham-local,
LIN-LAT-TIM-T50-W20-D5,LINEAR,LATENCY,TIME_BASED,50,20,5,5,LOCAL,full,2,2026-09-02T21:25:29Z,0.25,11.361,31.519,0.6629,0.807,0.0,order-service:0.3314;inventory-service:0.0000;payment-service:0.0000;notification-service:0.0000,True,,47.301,gateway:orderServiceCB=CLOSED;gateway:inventoryServiceCB=CLOSED;gateway:paymentServiceCB=CLOSED;order:inventoryServiceCB=CLOSED;order:sharedDbCB=CLOSED;inventory:paymentServiceCB=CLOSED;inventory:sharedDbCB=CLOSED;payment:notificationServiceCB=CLOSED;payment:sharedDbCB=CLOSED;notification:sharedDbCB=CLOSED,gateway:orderServiceCB=0;gateway:inventoryServiceCB=0;gateway:paymentServiceCB=0;order:inventoryServiceCB=0;order:sharedDbCB=0;inventory:paymentServiceCB=0;inventory:sharedDbCB=0;payment:notificationServiceCB=0;payment:sharedDbCB=0;notification:sharedDbCB=0,200,21.772,1135757765,108,45,10.0,9.176,0.0108,False,183.5191,soham-local,
LIN-LAT-CNT-T50-W5-D15,LINEAR,LATENCY,COUNT_BASED,50,5,15,5,LOCAL,full,1,2026-09-02T21:27:27Z,0.25,3.518,15.986,0.25,0.7031,0.0,order-service:0.1250;inventory-service:0.0000;payment-service:0.0000;notification-service:0.0000,True,,41.685,gateway:orderServiceCB=CLOSED;gateway:inventoryServiceCB=CLOSED;gateway:paymentServiceCB=CLOSED;order:inventoryServiceCB=CLOSED;order:sharedDbCB=CLOSED;inventory:paymentServiceCB=CLOSED;inventory:sharedDbCB=CLOSED;payment:notificationServiceCB=CLOSED;payment:sharedDbCB=CLOSED;notification:sharedDbCB=CLOSED,gateway:orderServiceCB=0;gateway:inventoryServiceCB=0;gateway:paymentServiceCB=0;order:inventoryServiceCB=0;order:sharedDbCB=0;inventory:paymentServiceCB=0;inventory:sharedDbCB=0;payment:notificationServiceCB=0;payment:sharedDbCB=0;notification:sharedDbCB=0,200,21.832,1135757765,109,45,10.0,9.1523,0.0224,False,5.0,soham-local,
LIN-LAT-TIM-T70-W10-D30,LINEAR,LATENCY,TIME_BASED,70,10,30,5,LOCAL,full,3,2026-09-02T21:30:22Z,0.25,7.966,65.034,0.848,0.9145,0.0,order-service:0.4240;inventory-service:0.0000;payment-service:0.0000;notification-service:0.0000,True,,45.767,gateway:orderServiceCB=CLOSED;gateway:inventoryServiceCB=CLOSED;gateway:paymentServiceCB=CLOSED;order:inventoryServiceCB=CLOSED;order:sharedDbCB=CLOSED;inventory:paymentServiceCB=CLOSED;inventory:sharedDbCB=CLOSED;payment:notificationServiceCB=CLOSED;payment:sharedDbCB=CLOSED;notification:sharedDbCB=CLOSED,gateway:orderServiceCB=0;gateway:inventoryServiceCB=0;gateway:paymentServiceCB=0;order:inventoryServiceCB=0;order:sharedDbCB=0;inventory:paymentServiceCB=0;inventory:sharedDbCB=0;payment:notificationServiceCB=0;payment:sharedDbCB=0;notification:sharedDbCB=0,200,21.807,1135757765,110,45,10.0,9.1657,0.0102,False,91.6574,soham-local,
LIN-LAT-CNT-T70-W10-D30,LINEAR,LATENCY,COUNT_BASED,70,10,30,5,LOCAL,full,2,2026-09-02T21:32:42Z,0.25,3.9,30.947,0.125,0.6838,0.0,order-service:0.0625;inventory-service:0.0000;payment-service:0.0000;notification-service:0.0000,True,,48.541,gateway:orderServiceCB=CLOSED;gateway:inventoryServiceCB=CLOSED;gateway:paymentServiceCB=CLOSED;order:inventoryServiceCB=CLOSED;order:sharedDbCB=CLOSED;inventory:paymentServiceCB=CLOSED;inventory:sharedDbCB=CLOSED;payment:notificationServiceCB=CLOSED;payment:sharedDbCB=CLOSED;notification:sharedDbCB=CLOSED,gateway:orderServiceCB=0;gateway:inventoryServiceCB=0;gateway:paymentServiceCB=0;order:inventoryServiceCB=0;order:sharedDbCB=0;inventory:paymentServiceCB=0;inventory:sharedDbCB=0;payment:notificationServiceCB=0;payment:sharedDbCB=0;notification:sharedDbCB=0,200,21.797,1135757765,111,45,10.0,9.1661,0.0098,False,10.0,soham-local,
LIN-LAT-CNT-T50-W20-D15,LINEAR,LATENCY,COUNT_BASED,50,20,15,5,LOCAL,full,3,2026-09-02T21:34:43Z,0.25,4.311,16.049,0.3833,0.6736,0.0,order-service:0.1917;inventory-service:0.0000;payment-service:0.0000;notification-service:0.0000,True,,43.723,gateway:orderServiceCB=CLOSED;gateway:inventoryServiceCB=CLOSED;gateway:paymentServiceCB=CLOSED;order:inventoryServiceCB=CLOSED;order:sharedDbCB=CLOSED;inventory:paymentServiceCB=CLOSED;inventory:sharedDbCB=CLOSED;payment:notificationServiceCB=CLOSED;payment:sharedDbCB=CLOSED;notification:sharedDbCB=CLOSED,gateway:orderServiceCB=0;gateway:inventoryServiceCB=0;gateway:paymentServiceCB=0;order:inventoryServiceCB=0;order:sharedDbCB=0;inventory:paymentServiceCB=0;inventory:sharedDbCB=0;payment:notificationServiceCB=0;payment:sharedDbCB=0;notification:sharedDbCB=0,200,21.839,1135757765,112,45,10.0,9.1463,0.0115,False,20.0,soham-local,
LIN-LAT-TIM-T30-W10-D30,LINEAR,LATENCY,TIME_BASED,30,10,30,5,LOCAL,full,2,2026-09-02T21:37:33Z,0.25,5.217,64.732,0.894,0.939,0.0,order-service:0.4470;inventory-service:0.0000;payment-service:0.0000;notification-service:0.0000,True,,43.961,gateway:orderServiceCB=CLOSED;gateway:inventoryServiceCB=CLOSED;gateway:paymentServiceCB=CLOSED;order:inventoryServiceCB=CLOSED;order:sharedDbCB=CLOSED;inventory:paymentServiceCB=CLOSED;inventory:sharedDbCB=CLOSED;payment:notificationServiceCB=CLOSED;payment:sharedDbCB=CLOSED;notification:sharedDbCB=CLOSED,gateway:orderServiceCB=0;gateway:inventoryServiceCB=0;gateway:paymentServiceCB=0;order:inventoryServiceCB=0;order:sharedDbCB=0;inventory:paymentServiceCB=0;inventory:sharedDbCB=0;payment:notificationServiceCB=0;payment:sharedDbCB=0;notification:sharedDbCB=0,200,21.818,1135757765,113,45,10.0,9.1578,0.0101,False,91.5782,soham-local,
LIN-LAT-CNT-T50-W10-D5,LINEAR,LATENCY,COUNT_BASED,50,10,5,5,LOCAL,full,2,2026-09-02T21:39:21Z,0.25,3.701,6.458,0.2,0.692,0.0,order-service:0.1000;inventory-service:0.0000;payment-service:0.0000;notification-service:0.0000,True,,41.106,gateway:orderServiceCB=CLOSED;gateway:inventoryServiceCB=CLOSED;gateway:paymentServiceCB=CLOSED;order:inventoryServiceCB=CLOSED;order:sharedDbCB=CLOSED;inventory:paymentServiceCB=CLOSED;inventory:sharedDbCB=CLOSED;payment:notificationServiceCB=CLOSED;payment:sharedDbCB=CLOSED;notification:sharedDbCB=CLOSED,gateway:orderServiceCB=0;gateway:inventoryServiceCB=0;gateway:paymentServiceCB=0;order:inventoryServiceCB=0;order:sharedDbCB=0;inventory:paymentServiceCB=0;inventory:sharedDbCB=0;payment:notificationServiceCB=0;payment:sharedDbCB=0;notification:sharedDbCB=0,200,21.791,1135757765,114,45,10.0,9.0422,0.0691,False,10.0,soham-local,
LIN-LAT-TIM-T50-W20-D5,LINEAR,LATENCY,TIME_BASED,50,20,5,5,LOCAL,full,1,2026-09-02T21:41:52Z,0.25,11.635,32.346,0.6571,0.8043,0.0,order-service:0.3286;inventory-service:0.0000;payment-service:0.0000;notification-service:0.0000,True,,49.328,gateway:orderServiceCB=CLOSED;gateway:inventoryServiceCB=CLOSED;gateway:paymentServiceCB=CLOSED;order:inventoryServiceCB=CLOSED;order:sharedDbCB=CLOSED;inventory:paymentServiceCB=CLOSED;inventory:sharedDbCB=CLOSED;payment:notificationServiceCB=CLOSED;payment:sharedDbCB=CLOSED;notification:sharedDbCB=CLOSED,gateway:orderServiceCB=0;gateway:inventoryServiceCB=0;gateway:paymentServiceCB=0;order:inventoryServiceCB=0;order:sharedDbCB=0;inventory:paymentServiceCB=0;inventory:sharedDbCB=0;payment:notificationServiceCB=0;payment:sharedDbCB=0;notification:sharedDbCB=0,200,21.81,1135757765,115,45,10.0,9.1646,0.0098,False,183.2923,soham-local,
LIN-LAT-TIM-T30-W10-D30,LINEAR,LATENCY,TIME_BASED,30,10,30,5,LOCAL,full,1,2026-09-02T21:44:48Z,0.25,5.2,64.648,0.894,0.9392,0.0,order-service:0.4470;inventory-service:0.0000;payment-service:0.0000;notification-service:0.0000,True,,49.396,gateway:orderServiceCB=CLOSED;gateway:inventoryServiceCB=CLOSED;gateway:paymentServiceCB=CLOSED;order:inventoryServiceCB=CLOSED;order:sharedDbCB=CLOSED;inventory:paymentServiceCB=CLOSED;inventory:sharedDbCB=CLOSED;payment:notificationServiceCB=CLOSED;payment:sharedDbCB=CLOSED;notification:sharedDbCB=CLOSED,gateway:orderServiceCB=0;gateway:inventoryServiceCB=0;gateway:paymentServiceCB=0;order:inventoryServiceCB=0;order:sharedDbCB=0;inventory:paymentServiceCB=0;inventory:sharedDbCB=0;payment:notificationServiceCB=0;payment:sharedDbCB=0;notification:sharedDbCB=0,200,21.796,1135757765,116,45,10.0,9.164,0.0117,False,91.6396,soham-local,
LIN-LAT-CNT-T70-W5-D5,LINEAR,LATENCY,COUNT_BASED,70,5,5,5,LOCAL,full,3,2026-09-02T21:46:40Z,0.25,3.666,6.357,0.225,0.6963,0.0,order-service:0.1125;inventory-service:0.0000;payment-service:0.0000;notification-service:0.0000,True,,44.467,gateway:orderServiceCB=CLOSED;gateway:inventoryServiceCB=CLOSED;gateway:paymentServiceCB=CLOSED;order:inventoryServiceCB=CLOSED;order:sharedDbCB=CLOSED;inventory:paymentServiceCB=CLOSED;inventory:sharedDbCB=CLOSED;payment:notificationServiceCB=CLOSED;payment:sharedDbCB=CLOSED;notification:sharedDbCB=CLOSED,gateway:orderServiceCB=0;gateway:inventoryServiceCB=0;gateway:paymentServiceCB=0;order:inventoryServiceCB=0;order:sharedDbCB=0;inventory:paymentServiceCB=0;inventory:sharedDbCB=0;payment:notificationServiceCB=0;payment:sharedDbCB=0;notification:sharedDbCB=0,200,21.812,1135757765,117,45,10.0,9.1438,0.0129,False,5.0,soham-local,
LIN-LAT-TIM-T30-W5-D5,LINEAR,LATENCY,TIME_BASED,30,5,5,5,LOCAL,full,2,2026-09-02T21:48:58Z,0.25,3.647,23.818,0.79,0.8793,0.0,order-service:0.3950;inventory-service:0.0000;payment-service:0.0000;notification-service:0.0000,True,,48.863,gateway:orderServiceCB=CLOSED;gateway:inventoryServiceCB=CLOSED;gateway:paymentServiceCB=CLOSED;order:inventoryServiceCB=CLOSED;order:sharedDbCB=CLOSED;inventory:paymentServiceCB=CLOSED;inventory:sharedDbCB=CLOSED;payment:notificationServiceCB=CLOSED;payment:sharedDbCB=CLOSED;notification:sharedDbCB=CLOSED,gateway:orderServiceCB=0;gateway:inventoryServiceCB=0;gateway:paymentServiceCB=0;order:inventoryServiceCB=0;order:sharedDbCB=0;inventory:paymentServiceCB=0;inventory:sharedDbCB=0;payment:notificationServiceCB=0;payment:sharedDbCB=0;notification:sharedDbCB=0,200,21.792,1135757765,118,45,10.0,9.1856,0.0104,False,45.9281,soham-local,
LIN-LAT-CNT-T30-W10-D30,LINEAR,LATENCY,COUNT_BASED,30,10,30,5,LOCAL,full,1,2026-09-02T21:51:11Z,0.25,3.412,31.095,0.25,0.7021,0.0,order-service:0.1250;inventory-service:0.0000;payment-service:0.0000;notification-service:0.0000,True,,42.421,gateway:orderServiceCB=CLOSED;gateway:inventoryServiceCB=CLOSED;gateway:paymentServiceCB=CLOSED;order:inventoryServiceCB=CLOSED;order:sharedDbCB=CLOSED;inventory:paymentServiceCB=CLOSED;inventory:sharedDbCB=CLOSED;payment:notificationServiceCB=CLOSED;payment:sharedDbCB=CLOSED;notification:sharedDbCB=CLOSED,gateway:orderServiceCB=0;gateway:inventoryServiceCB=0;gateway:paymentServiceCB=0;order:inventoryServiceCB=0;order:sharedDbCB=0;inventory:paymentServiceCB=0;inventory:sharedDbCB=0;payment:notificationServiceCB=0;payment:sharedDbCB=0;notification:sharedDbCB=0,200,21.749,1135757765,119,45,10.0,9.1683,0.0123,False,10.0,soham-local,
LIN-LAT-CNT-T70-W10-D15,LINEAR,LATENCY,COUNT_BASED,70,10,15,5,LOCAL,full,1,2026-09-02T21:53:11Z,0.25,3.918,16.072,0.15,0.681,0.0,order-service:0.0750;inventory-service:0.0000;payment-service:0.0000;notification-service:0.0000,True,,43.14,gateway:orderServiceCB=CLOSED;gateway:inventoryServiceCB=CLOSED;gateway:paymentServiceCB=CLOSED;order:inventoryServiceCB=CLOSED;order:sharedDbCB=CLOSED;inventory:paymentServiceCB=CLOSED;inventory:sharedDbCB=CLOSED;payment:notificationServiceCB=CLOSED;payment:sharedDbCB=CLOSED;notification:sharedDbCB=CLOSED,gateway:orderServiceCB=0;gateway:inventoryServiceCB=0;gateway:paymentServiceCB=0;order:inventoryServiceCB=0;order:sharedDbCB=0;inventory:paymentServiceCB=0;inventory:sharedDbCB=0;payment:notificationServiceCB=0;payment:sharedDbCB=0;notification:sharedDbCB=0,200,21.754,1135757765,120,45,10.0,9.1998,0.0165,False,10.0,soham-local,
LIN-LAT-CNT-T30-W10-D30,LINEAR,LATENCY,COUNT_BASED,30,10,30,5,LOCAL,full,2,2026-09-02T21:55:22Z,0.25,3.359,31.15,0.25,0.6992,0.0,order-service:0.1250;inventory-service:0.0000;payment-service:0.0000;notification-service:0.0000,True,,39.939,gateway:orderServiceCB=CLOSED;gateway:inventoryServiceCB=CLOSED;gateway:paymentServiceCB=CLOSED;order:inventoryServiceCB=CLOSED;order:sharedDbCB=CLOSED;inventory:paymentServiceCB=CLOSED;inventory:sharedDbCB=CLOSED;payment:notificationServiceCB=CLOSED;payment:sharedDbCB=CLOSED;notification:sharedDbCB=CLOSED,gateway:orderServiceCB=0;gateway:inventoryServiceCB=0;gateway:paymentServiceCB=0;order:inventoryServiceCB=0;order:sharedDbCB=0;inventory:paymentServiceCB=0;inventory:sharedDbCB=0;payment:notificationServiceCB=0;payment:sharedDbCB=0;notification:sharedDbCB=0,200,21.781,1135757765,121,45,10.0,9.1875,0.0119,False,10.0,soham-local,
LIN-LAT-TIM-T50-W20-D30,LINEAR,LATENCY,TIME_BASED,50,20,30,5,LOCAL,full,3,2026-09-02T21:58:18Z,0.25,11.491,64.978,0.8167,0.8947,0.0,order-service:0.4083;inventory-service:0.0000;payment-service:0.0000;notification-service:0.0000,True,,43.343,gateway:orderServiceCB=CLOSED;gateway:inventoryServiceCB=CLOSED;gateway:paymentServiceCB=CLOSED;order:inventoryServiceCB=CLOSED;order:sharedDbCB=CLOSED;inventory:paymentServiceCB=CLOSED;inventory:sharedDbCB=CLOSED;payment:notificationServiceCB=CLOSED;payment:sharedDbCB=CLOSED;notification:sharedDbCB=CLOSED,gateway:orderServiceCB=0;gateway:inventoryServiceCB=0;gateway:paymentServiceCB=0;order:inventoryServiceCB=0;order:sharedDbCB=0;inventory:paymentServiceCB=0;inventory:sharedDbCB=0;payment:notificationServiceCB=0;payment:sharedDbCB=0;notification:sharedDbCB=0,200,21.789,1135757765,122,45,10.0,9.1894,0.009,False,183.7875,soham-local,
LIN-LAT-CNT-T70-W20-D15,LINEAR,LATENCY,COUNT_BASED,70,20,15,5,LOCAL,full,1,2026-09-02T22:00:19Z,0.25,4.642,16.209,0.3167,0.6567,0.0,order-service:0.1583;inventory-service:0.0000;payment-service:0.0000;notification-service:0.0000,True,,43.68,gateway:orderServiceCB=CLOSED;gateway:inventoryServiceCB=CLOSED;gateway:paymentServiceCB=CLOSED;order:inventoryServiceCB=CLOSED;order:sharedDbCB=CLOSED;inventory:paymentServiceCB=CLOSED;inventory:sharedDbCB=CLOSED;payment:notificationServiceCB=CLOSED;payment:sharedDbCB=CLOSED;notification:sharedDbCB=CLOSED,gateway:orderServiceCB=0;gateway:inventoryServiceCB=0;gateway:paymentServiceCB=0;order:inventoryServiceCB=0;order:sharedDbCB=0;inventory:paymentServiceCB=0;inventory:sharedDbCB=0;payment:notificationServiceCB=0;payment:sharedDbCB=0;notification:sharedDbCB=0,200,21.787,1135757765,123,45,10.0,9.1892,0.0113,False,20.0,soham-local,
LIN-LAT-TIM-T30-W10-D15,LINEAR,LATENCY,TIME_BASED,30,10,15,5,LOCAL,full,2,2026-09-02T22:02:37Z,0.25,5.086,35.592,0.8514,0.9149,0.0,order-service:0.4257;inventory-service:0.0000;payment-service:0.0000;notification-service:0.0000,True,,40.883,gateway:orderServiceCB=CLOSED;gateway:inventoryServiceCB=CLOSED;gateway:paymentServiceCB=CLOSED;order:inventoryServiceCB=CLOSED;order:sharedDbCB=CLOSED;inventory:paymentServiceCB=CLOSED;inventory:sharedDbCB=CLOSED;payment:notificationServiceCB=CLOSED;payment:sharedDbCB=CLOSED;notification:sharedDbCB=CLOSED,gateway:orderServiceCB=0;gateway:inventoryServiceCB=0;gateway:paymentServiceCB=0;order:inventoryServiceCB=0;order:sharedDbCB=0;inventory:paymentServiceCB=0;inventory:sharedDbCB=0;payment:notificationServiceCB=0;payment:sharedDbCB=0;notification:sharedDbCB=0,200,21.762,1135757765,124,45,10.0,9.1794,0.009,False,91.7936,soham-local,
LIN-LAT-TIM-T70-W10-D30,LINEAR,LATENCY,TIME_BASED,70,10,30,5,LOCAL,full,1,2026-09-02T22:05:27Z,0.25,7.879,65.074,0.85,0.9135,0.0,order-service:0.4250;inventory-service:0.0000;payment-service:0.0000;notification-service:0.0000,True,,40.362,gateway:orderServiceCB=CLOSED;gateway:inventoryServiceCB=CLOSED;gateway:paymentServiceCB=CLOSED;order:inventoryServiceCB=CLOSED;order:sharedDbCB=CLOSED;inventory:paymentServiceCB=CLOSED;inventory:sharedDbCB=CLOSED;payment:notificationServiceCB=CLOSED;payment:sharedDbCB=CLOSED;notification:sharedDbCB=CLOSED,gateway:orderServiceCB=0;gateway:inventoryServiceCB=0;gateway:paymentServiceCB=0;order:inventoryServiceCB=0;order:sharedDbCB=0;inventory:paymentServiceCB=0;inventory:sharedDbCB=0;payment:notificationServiceCB=0;payment:sharedDbCB=0;notification:sharedDbCB=0,200,21.789,1135757765,125,45,10.0,9.1784,0.0091,False,91.784,soham-local,
LIN-LAT-TIM-T30-W20-D30,LINEAR,LATENCY,TIME_BASED,30,20,30,5,LOCAL,full,3,2026-09-02T22:08:16Z,0.25,8.303,64.924,0.8683,0.9246,0.0,order-service:0.4342;inventory-service:0.0000;payment-service:0.0000;notification-service:0.0000,True,,39.804,gateway:orderServiceCB=CLOSED;gateway:inventoryServiceCB=CLOSED;gateway:paymentServiceCB=CLOSED;order:inventoryServiceCB=CLOSED;order:sharedDbCB=CLOSED;inventory:paymentServiceCB=CLOSED;inventory:sharedDbCB=CLOSED;payment:notificationServiceCB=CLOSED;payment:sharedDbCB=CLOSED;notification:sharedDbCB=CLOSED,gateway:orderServiceCB=0;gateway:inventoryServiceCB=0;gateway:paymentServiceCB=0;order:inventoryServiceCB=0;order:sharedDbCB=0;inventory:paymentServiceCB=0;inventory:sharedDbCB=0;payment:notificationServiceCB=0;payment:sharedDbCB=0;notification:sharedDbCB=0,200,21.796,1135757765,126,45,10.0,9.173,0.0111,False,183.4594,soham-local,
LIN-LAT-CNT-T70-W5-D15,LINEAR,LATENCY,COUNT_BASED,70,5,15,5,LOCAL,full,1,2026-09-02T22:10:09Z,0.25,3.64,15.924,0.225,0.6985,0.0,order-service:0.1125;inventory-service:0.0000;payment-service:0.0000;notification-service:0.0000,True,,37.722,gateway:orderServiceCB=CLOSED;gateway:inventoryServiceCB=CLOSED;gateway:paymentServiceCB=CLOSED;order:inventoryServiceCB=CLOSED;order:sharedDbCB=CLOSED;inventory:paymentServiceCB=CLOSED;inventory:sharedDbCB=CLOSED;payment:notificationServiceCB=CLOSED;payment:sharedDbCB=CLOSED;notification:sharedDbCB=CLOSED,gateway:orderServiceCB=0;gateway:inventoryServiceCB=0;gateway:paymentServiceCB=0;order:inventoryServiceCB=0;order:sharedDbCB=0;inventory:paymentServiceCB=0;inventory:sharedDbCB=0;payment:notificationServiceCB=0;payment:sharedDbCB=0;notification:sharedDbCB=0,200,21.794,1135757765,127,45,10.0,9.1944,0.0125,False,5.0,soham-local,
LIN-LAT-CNT-T30-W10-D5,LINEAR,LATENCY,COUNT_BASED,30,10,5,5,LOCAL,full,3,2026-09-02T22:11:55Z,0.25,3.377,6.581,0.225,0.6958,0.0,order-service:0.1125;inventory-service:0.0000;payment-service:0.0000;notification-service:0.0000,True,,39.781,gateway:orderServiceCB=CLOSED;gateway:inventoryServiceCB=CLOSED;gateway:paymentServiceCB=CLOSED;order:inventoryServiceCB=CLOSED;order:sharedDbCB=CLOSED;inventory:paymentServiceCB=CLOSED;inventory:sharedDbCB=CLOSED;payment:notificationServiceCB=CLOSED;payment:sharedDbCB=CLOSED;notification:sharedDbCB=CLOSED,gateway:orderServiceCB=0;gateway:inventoryServiceCB=0;gateway:paymentServiceCB=0;order:inventoryServiceCB=0;order:sharedDbCB=0;inventory:paymentServiceCB=0;inventory:sharedDbCB=0;payment:notificationServiceCB=0;payment:sharedDbCB=0;notification:sharedDbCB=0,200,21.791,1135757765,128,45,10.0,9.1728,0.0149,False,10.0,soham-local,
LIN-LAT-TIM-T50-W5-D5,LINEAR,LATENCY,TIME_BASED,50,5,5,5,LOCAL,full,3,2026-09-02T22:13:58Z,0.25,3.934,23.723,0.775,0.8708,0.0,order-service:0.3875;inventory-service:0.0000;payment-service:0.0000;notification-service:0.0000,True,,39.246,gateway:orderServiceCB=CLOSED;gateway:inventoryServiceCB=CLOSED;gateway:paymentServiceCB=CLOSED;order:inventoryServiceCB=CLOSED;order:sharedDbCB=CLOSED;inventory:paymentServiceCB=CLOSED;inventory:sharedDbCB=CLOSED;payment:notificationServiceCB=CLOSED;payment:sharedDbCB=CLOSED;notification:sharedDbCB=CLOSED,gateway:orderServiceCB=0;gateway:inventoryServiceCB=0;gateway:paymentServiceCB=0;order:inventoryServiceCB=0;order:sharedDbCB=0;inventory:paymentServiceCB=0;inventory:sharedDbCB=0;payment:notificationServiceCB=0;payment:sharedDbCB=0;notification:sharedDbCB=0,200,21.815,1135757765,129,45,10.0,9.1664,0.0095,False,45.8319,soham-local,
LIN-LAT-TIM-T30-W10-D5,LINEAR,LATENCY,TIME_BASED,30,10,5,5,LOCAL,full,3,2026-09-02T22:16:11Z,0.25,5.111,27.624,0.764,0.8783,0.0,order-service:0.3820;inventory-service:0.0000;payment-service:0.0000;notification-service:0.0000,True,,43.84,gateway:orderServiceCB=CLOSED;gateway:inventoryServiceCB=CLOSED;gateway:paymentServiceCB=CLOSED;order:inventoryServiceCB=CLOSED;order:sharedDbCB=CLOSED;inventory:paymentServiceCB=CLOSED;inventory:sharedDbCB=CLOSED;payment:notificationServiceCB=CLOSED;payment:sharedDbCB=CLOSED;notification:sharedDbCB=CLOSED,gateway:orderServiceCB=0;gateway:inventoryServiceCB=0;gateway:paymentServiceCB=0;order:inventoryServiceCB=0;order:sharedDbCB=0;inventory:paymentServiceCB=0;inventory:sharedDbCB=0;payment:notificationServiceCB=0;payment:sharedDbCB=0;notification:sharedDbCB=0,200,21.779,1135757765,130,45,10.0,9.1767,0.0092,False,91.7672,soham-local,
LIN-LAT-CNT-T50-W20-D5,LINEAR,LATENCY,COUNT_BASED,50,20,5,5,LOCAL,full,2,2026-09-02T22:18:01Z,0.25,4.156,6.611,0.3667,0.6655,0.0,order-service:0.1833;inventory-service:0.0000;payment-service:0.0000;notification-service:0.0000,True,,42.393,gateway:orderServiceCB=CLOSED;gateway:inventoryServiceCB=CLOSED;gateway:paymentServiceCB=CLOSED;order:inventoryServiceCB=CLOSED;order:sharedDbCB=CLOSED;inventory:paymentServiceCB=CLOSED;inventory:sharedDbCB=CLOSED;payment:notificationServiceCB=CLOSED;payment:sharedDbCB=CLOSED;notification:sharedDbCB=CLOSED,gateway:orderServiceCB=0;gateway:inventoryServiceCB=0;gateway:paymentServiceCB=0;order:inventoryServiceCB=0;order:sharedDbCB=0;inventory:paymentServiceCB=0;inventory:sharedDbCB=0;payment:notificationServiceCB=0;payment:sharedDbCB=0;notification:sharedDbCB=0,200,21.786,1135757765,131,45,10.0,9.164,0.0121,False,20.0,soham-local,
LIN-LAT-TIM-T30-W20-D5,LINEAR,LATENCY,TIME_BASED,30,20,5,5,LOCAL,full,2,2026-09-02T22:20:16Z,0.25,8.118,32.597,0.7514,0.8581,0.0,order-service:0.3757;inventory-service:0.0000;payment-service:0.0000;notification-service:0.0000,True,,38.041,gateway:orderServiceCB=CLOSED;gateway:inventoryServiceCB=CLOSED;gateway:paymentServiceCB=CLOSED;order:inventoryServiceCB=CLOSED;order:sharedDbCB=CLOSED;inventory:paymentServiceCB=CLOSED;inventory:sharedDbCB=CLOSED;payment:notificationServiceCB=CLOSED;payment:sharedDbCB=CLOSED;notification:sharedDbCB=CLOSED,gateway:orderServiceCB=0;gateway:inventoryServiceCB=0;gateway:paymentServiceCB=0;order:inventoryServiceCB=0;order:sharedDbCB=0;inventory:paymentServiceCB=0;inventory:sharedDbCB=0;payment:notificationServiceCB=0;payment:sharedDbCB=0;notification:sharedDbCB=0,200,21.789,1135757765,132,45,10.0,9.1805,0.0085,False,183.61,soham-local,
LIN-LAT-TIM-T50-W20-D15,LINEAR,LATENCY,TIME_BASED,50,20,15,5,LOCAL,full,3,2026-09-02T22:22:54Z,0.25,11.595,53.816,0.7422,0.8523,0.0,order-service:0.3711;inventory-service:0.0000;payment-service:0.0000;notification-service:0.0000,True,,36.08,gateway:orderServiceCB=CLOSED;gateway:inventoryServiceCB=CLOSED;gateway:paymentServiceCB=CLOSED;order:inventoryServiceCB=CLOSED;order:sharedDbCB=CLOSED;inventory:paymentServiceCB=CLOSED;inventory:sharedDbCB=CLOSED;payment:notificationServiceCB=CLOSED;payment:sharedDbCB=CLOSED;notification:sharedDbCB=CLOSED,gateway:orderServiceCB=0;gateway:inventoryServiceCB=0;gateway:paymentServiceCB=0;order:inventoryServiceCB=0;order:sharedDbCB=0;inventory:paymentServiceCB=0;inventory:sharedDbCB=0;payment:notificationServiceCB=0;payment:sharedDbCB=0;notification:sharedDbCB=0,200,21.789,1135757765,133,45,10.0,9.1808,0.009,False,183.6164,soham-local,
LIN-LAT-CNT-T30-W10-D15,LINEAR,LATENCY,COUNT_BASED,30,10,15,5,LOCAL,full,3,2026-09-02T22:24:47Z,0.25,3.373,16.036,0.25,0.7004,0.0,order-service:0.1250;inventory-service:0.0000;payment-service:0.0000;notification-service:0.0000,True,,37.765,gateway:orderServiceCB=CLOSED;gateway:inventoryServiceCB=CLOSED;gateway:paymentServiceCB=CLOSED;order:inventoryServiceCB=CLOSED;order:sharedDbCB=CLOSED;inventory:paymentServiceCB=CLOSED;inventory:sharedDbCB=CLOSED;payment:notificationServiceCB=CLOSED;payment:sharedDbCB=CLOSED;notification:sharedDbCB=CLOSED,gateway:orderServiceCB=0;gateway:inventoryServiceCB=0;gateway:paymentServiceCB=0;order:inventoryServiceCB=0;order:sharedDbCB=0;inventory:paymentServiceCB=0;inventory:sharedDbCB=0;payment:notificationServiceCB=0;payment:sharedDbCB=0;notification:sharedDbCB=0,200,21.782,1135757765,134,45,10.0,9.1545,0.0132,False,10.0,soham-local,
LIN-LAT-CNT-T50-W10-D30,LINEAR,LATENCY,COUNT_BASED,50,10,30,5,LOCAL,full,3,2026-09-02T22:27:09Z,0.25,3.658,31.97,0.2,0.6927,0.0,order-service:0.1000;inventory-service:0.0000;payment-service:0.0000;notification-service:0.0000,True,,49.159,gateway:orderServiceCB=CLOSED;gateway:inventoryServiceCB=CLOSED;gateway:paymentServiceCB=CLOSED;order:inventoryServiceCB=CLOSED;order:sharedDbCB=CLOSED;inventory:paymentServiceCB=CLOSED;inventory:sharedDbCB=CLOSED;payment:notificationServiceCB=CLOSED;payment:sharedDbCB=CLOSED;notification:sharedDbCB=CLOSED,gateway:orderServiceCB=0;gateway:inventoryServiceCB=0;gateway:paymentServiceCB=0;order:inventoryServiceCB=0;order:sharedDbCB=0;inventory:paymentServiceCB=0;inventory:sharedDbCB=0;payment:notificationServiceCB=0;payment:sharedDbCB=0;notification:sharedDbCB=0,200,21.779,1135757765,135,45,10.0,9.1579,0.0123,False,10.0,soham-local,
LIN-LAT-CNT-T70-W5-D30,LINEAR,LATENCY,COUNT_BASED,70,5,30,5,LOCAL,full,1,2026-09-02T22:29:27Z,0.25,3.614,31.052,0.225,0.6958,0.0,order-service:0.1125;inventory-service:0.0000;payment-service:0.0000;notification-service:0.0000,True,,42.138,gateway:orderServiceCB=CLOSED;gateway:inventoryServiceCB=CLOSED;gateway:paymentServiceCB=CLOSED;order:inventoryServiceCB=CLOSED;order:sharedDbCB=CLOSED;inventory:paymentServiceCB=CLOSED;inventory:sharedDbCB=CLOSED;payment:notificationServiceCB=CLOSED;payment:sharedDbCB=CLOSED;notification:sharedDbCB=CLOSED,gateway:orderServiceCB=0;gateway:inventoryServiceCB=0;gateway:paymentServiceCB=0;order:inventoryServiceCB=0;order:sharedDbCB=0;inventory:paymentServiceCB=0;inventory:sharedDbCB=0;payment:notificationServiceCB=0;payment:sharedDbCB=0;notification:sharedDbCB=0,200,21.816,1135757765,136,45,10.0,9.1816,0.0093,False,5.0,soham-local,
LIN-LAT-TIM-T30-W5-D5,LINEAR,LATENCY,TIME_BASED,30,5,5,5,LOCAL,full,1,2026-09-02T22:31:32Z,0.25,3.662,23.927,0.78,0.8743,0.0,order-service:0.3900;inventory-service:0.0000;payment-service:0.0000;notification-service:0.0000,True,,40.869,gateway:orderServiceCB=CLOSED;gateway:inventoryServiceCB=CLOSED;gateway:paymentServiceCB=CLOSED;order:inventoryServiceCB=CLOSED;order:sharedDbCB=CLOSED;inventory:paymentServiceCB=CLOSED;inventory:sharedDbCB=CLOSED;payment:notificationServiceCB=CLOSED;payment:sharedDbCB=CLOSED;notification:sharedDbCB=CLOSED,gateway:orderServiceCB=0;gateway:inventoryServiceCB=0;gateway:paymentServiceCB=0;order:inventoryServiceCB=0;order:sharedDbCB=0;inventory:paymentServiceCB=0;inventory:sharedDbCB=0;payment:notificationServiceCB=0;payment:sharedDbCB=0;notification:sharedDbCB=0,200,21.778,1135757765,137,45,10.0,9.1755,0.0081,False,45.8773,soham-local,
LIN-LAT-TIM-T50-W20-D5,LINEAR,LATENCY,TIME_BASED,50,20,5,5,LOCAL,full,3,2026-09-02T22:33:53Z,0.25,11.375,32.529,0.66,0.8057,0.0,order-service:0.3300;inventory-service:0.0000;payment-service:0.0000;notification-service:0.0000,True,,40.208,gateway:orderServiceCB=CLOSED;gateway:inventoryServiceCB=CLOSED;gateway:paymentServiceCB=CLOSED;order:inventoryServiceCB=CLOSED;order:sharedDbCB=CLOSED;inventory:paymentServiceCB=CLOSED;inventory:sharedDbCB=CLOSED;payment:notificationServiceCB=CLOSED;payment:sharedDbCB=CLOSED;notification:sharedDbCB=CLOSED,gateway:orderServiceCB=0;gateway:inventoryServiceCB=0;gateway:paymentServiceCB=0;order:inventoryServiceCB=0;order:sharedDbCB=0;inventory:paymentServiceCB=0;inventory:sharedDbCB=0;payment:notificationServiceCB=0;payment:sharedDbCB=0;notification:sharedDbCB=0,200,21.798,1135757765,138,45,10.0,9.177,0.0085,False,183.5401,soham-local,
LIN-LAT-TIM-T70-W20-D30,LINEAR,LATENCY,TIME_BASED,70,20,30,5,LOCAL,full,2,2026-09-02T22:36:49Z,0.25,14.482,65.257,0.7717,0.8704,0.0,order-service:0.3858;inventory-service:0.0000;payment-service:0.0000;notification-service:0.0000,True,,40.165,gateway:orderServiceCB=CLOSED;gateway:inventoryServiceCB=CLOSED;gateway:paymentServiceCB=CLOSED;order:inventoryServiceCB=CLOSED;order:sharedDbCB=CLOSED;inventory:paymentServiceCB=CLOSED;inventory:sharedDbCB=CLOSED;payment:notificationServiceCB=CLOSED;payment:sharedDbCB=CLOSED;notification:sharedDbCB=CLOSED,gateway:orderServiceCB=0;gateway:inventoryServiceCB=0;gateway:paymentServiceCB=0;order:inventoryServiceCB=0;order:sharedDbCB=0;inventory:paymentServiceCB=0;inventory:sharedDbCB=0;payment:notificationServiceCB=0;payment:sharedDbCB=0;notification:sharedDbCB=0,200,21.791,1135757765,139,45,10.0,9.1769,0.0084,False,183.5385,soham-local,
LIN-LAT-CNT-T30-W10-D15,LINEAR,LATENCY,COUNT_BASED,30,10,15,5,LOCAL,full,2,2026-09-02T22:38:44Z,0.25,3.378,16.179,0.225,0.6978,0.0,order-service:0.1125;inventory-service:0.0000;payment-service:0.0000;notification-service:0.0000,True,,38.815,gateway:orderServiceCB=CLOSED;gateway:inventoryServiceCB=CLOSED;gateway:paymentServiceCB=CLOSED;order:inventoryServiceCB=CLOSED;order:sharedDbCB=CLOSED;inventory:paymentServiceCB=CLOSED;inventory:sharedDbCB=CLOSED;payment:notificationServiceCB=CLOSED;payment:sharedDbCB=CLOSED;notification:sharedDbCB=CLOSED,gateway:orderServiceCB=0;gateway:inventoryServiceCB=0;gateway:paymentServiceCB=0;order:inventoryServiceCB=0;order:sharedDbCB=0;inventory:paymentServiceCB=0;inventory:sharedDbCB=0;payment:notificationServiceCB=0;payment:sharedDbCB=0;notification:sharedDbCB=0,200,21.792,1135757765,140,45,10.0,9.1835,0.0139,False,10.0,soham-local,
LIN-LAT-TIM-T30-W20-D30,LINEAR,LATENCY,TIME_BASED,30,20,30,5,LOCAL,full,2,2026-09-02T22:41:31Z,0.25,7.967,65.276,0.8717,0.9275,0.0,order-service:0.4358;inventory-service:0.0000;payment-service:0.0000;notification-service:0.0000,True,,37.735,gateway:orderServiceCB=CLOSED;gateway:inventoryServiceCB=CLOSED;gateway:paymentServiceCB=CLOSED;order:inventoryServiceCB=CLOSED;order:sharedDbCB=CLOSED;inventory:paymentServiceCB=CLOSED;inventory:sharedDbCB=CLOSED;payment:notificationServiceCB=CLOSED;payment:sharedDbCB=CLOSED;notification:sharedDbCB=CLOSED,gateway:orderServiceCB=0;gateway:inventoryServiceCB=0;gateway:paymentServiceCB=0;order:inventoryServiceCB=0;order:sharedDbCB=0;inventory:paymentServiceCB=0;inventory:sharedDbCB=0;payment:notificationServiceCB=0;payment:sharedDbCB=0;notification:sharedDbCB=0,200,21.807,1135757765,141,45,10.0,9.1799,0.0089,False,183.5983,soham-local,
LIN-LAT-CNT-T50-W20-D15,LINEAR,LATENCY,COUNT_BASED,50,20,15,5,LOCAL,full,2,2026-09-02T22:43:27Z,0.25,4.143,16.293,0.3833,0.6703,0.0,order-service:0.1917;inventory-service:0.0000;payment-service:0.0000;notification-service:0.0000,True,,39.806,gateway:orderServiceCB=CLOSED;gateway:inventoryServiceCB=CLOSED;gateway:paymentServiceCB=CLOSED;order:inventoryServiceCB=CLOSED;order:sharedDbCB=CLOSED;inventory:paymentServiceCB=CLOSED;inventory:sharedDbCB=CLOSED;payment:notificationServiceCB=CLOSED;payment:sharedDbCB=CLOSED;notification:sharedDbCB=CLOSED,gateway:orderServiceCB=0;gateway:inventoryServiceCB=0;gateway:paymentServiceCB=0;order:inventoryServiceCB=0;order:sharedDbCB=0;inventory:paymentServiceCB=0;inventory:sharedDbCB=0;payment:notificationServiceCB=0;payment:sharedDbCB=0;notification:sharedDbCB=0,200,21.806,1135757765,142,45,10.0,9.1649,0.0125,False,20.0,soham-local,
LIN-LAT-CNT-T30-W10-D5,LINEAR,LATENCY,COUNT_BASED,30,10,5,5,LOCAL,full,1,2026-09-02T22:45:11Z,0.25,3.434,6.507,0.25,0.7004,0.0,order-service:0.1250;inventory-service:0.0000;payment-service:0.0000;notification-service:0.0000,True,,37.62,gateway:orderServiceCB=CLOSED;gateway:inventoryServiceCB=CLOSED;gateway:paymentServiceCB=CLOSED;order:inventoryServiceCB=CLOSED;order:sharedDbCB=CLOSED;inventory:paymentServiceCB=CLOSED;inventory:sharedDbCB=CLOSED;payment:notificationServiceCB=CLOSED;payment:sharedDbCB=CLOSED;notification:sharedDbCB=CLOSED,gateway:orderServiceCB=0;gateway:inventoryServiceCB=0;gateway:paymentServiceCB=0;order:inventoryServiceCB=0;order:sharedDbCB=0;inventory:paymentServiceCB=0;inventory:sharedDbCB=0;payment:notificationServiceCB=0;payment:sharedDbCB=0;notification:sharedDbCB=0,200,21.781,1135757765,143,45,10.0,9.1636,0.0115,False,10.0,soham-local,
LIN-LAT-TIM-T50-W20-D15,LINEAR,LATENCY,TIME_BASED,50,20,15,5,LOCAL,full,2,2026-09-02T22:47:52Z,0.25,11.557,53.911,0.7422,0.8531,0.0,order-service:0.3711;inventory-service:0.0000;payment-service:0.0000;notification-service:0.0000,True,,39.543,gateway:orderServiceCB=CLOSED;gateway:inventoryServiceCB=CLOSED;gateway:paymentServiceCB=CLOSED;order:inventoryServiceCB=CLOSED;order:sharedDbCB=CLOSED;inventory:paymentServiceCB=CLOSED;inventory:sharedDbCB=CLOSED;payment:notificationServiceCB=CLOSED;payment:sharedDbCB=CLOSED;notification:sharedDbCB=CLOSED,gateway:orderServiceCB=0;gateway:inventoryServiceCB=0;gateway:paymentServiceCB=0;order:inventoryServiceCB=0;order:sharedDbCB=0;inventory:paymentServiceCB=0;inventory:sharedDbCB=0;payment:notificationServiceCB=0;payment:sharedDbCB=0;notification:sharedDbCB=0,200,21.781,1135757765,144,45,10.0,9.1744,0.0093,False,183.4879,soham-local,
LIN-LAT-TIM-T50-W10-D30,LINEAR,LATENCY,TIME_BASED,50,10,30,5,LOCAL,full,1,2026-09-02T22:50:38Z,0.25,6.414,65.541,0.874,0.928,0.0,order-service:0.4370;inventory-service:0.0000;payment-service:0.0000;notification-service:0.0000,True,,37.284,gateway:orderServiceCB=CLOSED;gateway:inventoryServiceCB=CLOSED;gateway:paymentServiceCB=CLOSED;order:inventoryServiceCB=CLOSED;order:sharedDbCB=CLOSED;inventory:paymentServiceCB=CLOSED;inventory:sharedDbCB=CLOSED;payment:notificationServiceCB=CLOSED;payment:sharedDbCB=CLOSED;notification:sharedDbCB=CLOSED,gateway:orderServiceCB=0;gateway:inventoryServiceCB=0;gateway:paymentServiceCB=0;order:inventoryServiceCB=0;order:sharedDbCB=0;inventory:paymentServiceCB=0;inventory:sharedDbCB=0;payment:notificationServiceCB=0;payment:sharedDbCB=0;notification:sharedDbCB=0,200,21.763,1135757765,145,45,10.0,9.1713,0.0083,False,91.7126,soham-local,
LIN-LAT-TIM-T50-W10-D5,LINEAR,LATENCY,TIME_BASED,50,10,5,5,LOCAL,full,2,2026-09-02T22:52:44Z,0.25,6.617,23.209,0.72,0.8407,0.0,order-service:0.3600;inventory-service:0.0000;payment-service:0.0000;notification-service:0.0000,True,,40.302,gateway:orderServiceCB=CLOSED;gateway:inventoryServiceCB=CLOSED;gateway:paymentServiceCB=CLOSED;order:inventoryServiceCB=CLOSED;order:sharedDbCB=CLOSED;inventory:paymentServiceCB=CLOSED;inventory:sharedDbCB=CLOSED;payment:notificationServiceCB=CLOSED;payment:sharedDbCB=CLOSED;notification:sharedDbCB=CLOSED,gateway:orderServiceCB=0;gateway:inventoryServiceCB=0;gateway:paymentServiceCB=0;order:inventoryServiceCB=0;order:sharedDbCB=0;inventory:paymentServiceCB=0;inventory:sharedDbCB=0;payment:notificationServiceCB=0;payment:sharedDbCB=0;notification:sharedDbCB=0,200,21.787,1135757765,146,45,10.0,9.188,0.0094,False,91.8803,soham-local,
LIN-LAT-TIM-T50-W10-D30,LINEAR,LATENCY,TIME_BASED,50,10,30,5,LOCAL,full,3,2026-09-02T22:55:30Z,0.25,6.392,64.528,0.876,0.9291,0.0,order-service:0.4380;inventory-service:0.0000;payment-service:0.0000;notification-service:0.0000,True,,38.0,gateway:orderServiceCB=CLOSED;gateway:inventoryServiceCB=CLOSED;gateway:paymentServiceCB=CLOSED;order:inventoryServiceCB=CLOSED;order:sharedDbCB=CLOSED;inventory:paymentServiceCB=CLOSED;inventory:sharedDbCB=CLOSED;payment:notificationServiceCB=CLOSED;payment:sharedDbCB=CLOSED;notification:sharedDbCB=CLOSED,gateway:orderServiceCB=0;gateway:inventoryServiceCB=0;gateway:paymentServiceCB=0;order:inventoryServiceCB=0;order:sharedDbCB=0;inventory:paymentServiceCB=0;inventory:sharedDbCB=0;payment:notificationServiceCB=0;payment:sharedDbCB=0;notification:sharedDbCB=0,200,21.767,1135757765,147,45,10.0,9.1807,0.0095,False,91.8073,soham-local,
LIN-LAT-CNT-T50-W5-D5,LINEAR,LATENCY,COUNT_BASED,50,5,5,5,LOCAL,full,3,2026-09-02T22:57:15Z,0.25,3.44,6.507,0.25,0.7019,0.0,order-service:0.1250;inventory-service:0.0000;payment-service:0.0000;notification-service:0.0000,True,,38.628,gateway:orderServiceCB=CLOSED;gateway:inventoryServiceCB=CLOSED;gateway:paymentServiceCB=CLOSED;order:inventoryServiceCB=CLOSED;order:sharedDbCB=CLOSED;inventory:paymentServiceCB=CLOSED;inventory:sharedDbCB=CLOSED;payment:notificationServiceCB=CLOSED;payment:sharedDbCB=CLOSED;notification:sharedDbCB=CLOSED,gateway:orderServiceCB=0;gateway:inventoryServiceCB=0;gateway:paymentServiceCB=0;order:inventoryServiceCB=0;order:sharedDbCB=0;inventory:paymentServiceCB=0;inventory:sharedDbCB=0;payment:notificationServiceCB=0;payment:sharedDbCB=0;notification:sharedDbCB=0,200,21.8,1135757765,148,45,10.0,9.1824,0.0171,False,5.0,soham-local,
LIN-LAT-CNT-T50-W10-D30,LINEAR,LATENCY,COUNT_BASED,50,10,30,5,LOCAL,full,2,2026-09-02T22:59:24Z,0.25,3.65,31.005,0.2,0.6926,0.0,order-service:0.1000;inventory-service:0.0000;payment-service:0.0000;notification-service:0.0000,True,,37.772,gateway:orderServiceCB=CLOSED;gateway:inventoryServiceCB=CLOSED;gateway:paymentServiceCB=CLOSED;order:inventoryServiceCB=CLOSED;order:sharedDbCB=CLOSED;inventory:paymentServiceCB=CLOSED;inventory:sharedDbCB=CLOSED;payment:notificationServiceCB=CLOSED;payment:sharedDbCB=CLOSED;notification:sharedDbCB=CLOSED,gateway:orderServiceCB=0;gateway:inventoryServiceCB=0;gateway:paymentServiceCB=0;order:inventoryServiceCB=0;order:sharedDbCB=0;inventory:paymentServiceCB=0;inventory:sharedDbCB=0;payment:notificationServiceCB=0;payment:sharedDbCB=0;notification:sharedDbCB=0,200,21.758,1135757765,149,45,10.0,9.1732,0.0117,False,10.0,soham-local,
LIN-LAT-TIM-T70-W20-D30,LINEAR,LATENCY,TIME_BASED,70,20,30,5,LOCAL,full,1,2026-09-02T23:02:20Z,0.25,14.952,64.739,0.7667,0.8676,0.0,order-service:0.3833;inventory-service:0.0000;payment-service:0.0000;notification-service:0.0000,True,,40.098,gateway:orderServiceCB=CLOSED;gateway:inventoryServiceCB=CLOSED;gateway:paymentServiceCB=CLOSED;order:inventoryServiceCB=CLOSED;order:sharedDbCB=CLOSED;inventory:paymentServiceCB=CLOSED;inventory:sharedDbCB=CLOSED;payment:notificationServiceCB=CLOSED;payment:sharedDbCB=CLOSED;notification:sharedDbCB=CLOSED,gateway:orderServiceCB=0;gateway:inventoryServiceCB=0;gateway:paymentServiceCB=0;order:inventoryServiceCB=0;order:sharedDbCB=0;inventory:paymentServiceCB=0;inventory:sharedDbCB=0;payment:notificationServiceCB=0;payment:sharedDbCB=0;notification:sharedDbCB=0,200,21.789,1135757765,150,45,10.0,9.1763,0.0094,False,183.5262,soham-local,
LIN-LAT-TIM-T30-W5-D5,LINEAR,LATENCY,TIME_BASED,30,5,5,5,LOCAL,full,3,2026-09-02T23:04:22Z,0.25,3.638,23.917,0.79,0.8804,0.0,order-service:0.3950;inventory-service:0.0000;payment-service:0.0000;notification-service:0.0000,True,,38.386,gateway:orderServiceCB=CLOSED;gateway:inventoryServiceCB=CLOSED;gateway:paymentServiceCB=CLOSED;order:inventoryServiceCB=CLOSED;order:sharedDbCB=CLOSED;inventory:paymentServiceCB=CLOSED;inventory:sharedDbCB=CLOSED;payment:notificationServiceCB=CLOSED;payment:sharedDbCB=CLOSED;notification:sharedDbCB=CLOSED,gateway:orderServiceCB=0;gateway:inventoryServiceCB=0;gateway:paymentServiceCB=0;order:inventoryServiceCB=0;order:sharedDbCB=0;inventory:paymentServiceCB=0;inventory:sharedDbCB=0;payment:notificationServiceCB=0;payment:sharedDbCB=0;notification:sharedDbCB=0,200,21.768,1135757765,151,45,10.0,9.1833,0.0097,False,45.9163,soham-local,
LIN-LAT-CNT-T70-W5-D30,LINEAR,LATENCY,COUNT_BASED,70,5,30,5,LOCAL,full,2,2026-09-02T23:06:31Z,0.25,3.653,31.072,0.225,0.6979,0.0,order-service:0.1125;inventory-service:0.0000;payment-service:0.0000;notification-service:0.0000,True,,38.056,gateway:orderServiceCB=CLOSED;gateway:inventoryServiceCB=CLOSED;gateway:paymentServiceCB=CLOSED;order:inventoryServiceCB=CLOSED;order:sharedDbCB=CLOSED;inventory:paymentServiceCB=CLOSED;inventory:sharedDbCB=CLOSED;payment:notificationServiceCB=CLOSED;payment:sharedDbCB=CLOSED;notification:sharedDbCB=CLOSED,gateway:orderServiceCB=0;gateway:inventoryServiceCB=0;gateway:paymentServiceCB=0;order:inventoryServiceCB=0;order:sharedDbCB=0;inventory:paymentServiceCB=0;inventory:sharedDbCB=0;payment:notificationServiceCB=0;payment:sharedDbCB=0;notification:sharedDbCB=0,200,21.793,1135757765,152,45,10.0,9.0996,0.0431,False,5.0,soham-local,
LIN-LAT-CNT-T30-W20-D15,LINEAR,LATENCY,COUNT_BASED,30,20,15,5,LOCAL,full,2,2026-09-02T23:08:28Z,0.25,3.819,16.157,0.45,0.6887,0.0,order-service:0.2250;inventory-service:0.0000;payment-service:0.0000;notification-service:0.0000,True,,40.826,gateway:orderServiceCB=CLOSED;gateway:inventoryServiceCB=CLOSED;gateway:paymentServiceCB=CLOSED;order:inventoryServiceCB=CLOSED;order:sharedDbCB=CLOSED;inventory:paymentServiceCB=CLOSED;inventory:sharedDbCB=CLOSED;payment:notificationServiceCB=CLOSED;payment:sharedDbCB=CLOSED;notification:sharedDbCB=CLOSED,gateway:orderServiceCB=0;gateway:inventoryServiceCB=0;gateway:paymentServiceCB=0;order:inventoryServiceCB=0;order:sharedDbCB=0;inventory:paymentServiceCB=0;inventory:sharedDbCB=0;payment:notificationServiceCB=0;payment:sharedDbCB=0;notification:sharedDbCB=0,200,21.795,1135757765,153,45,10.0,9.1914,0.0142,False,20.0,soham-local,
LIN-LAT-TIM-T50-W5-D30,LINEAR,LATENCY,TIME_BASED,50,5,30,5,LOCAL,full,1,2026-09-02T23:11:12Z,0.25,4.193,64.605,0.9089,0.9477,0.0,order-service:0.4544;inventory-service:0.0000;payment-service:0.0000;notification-service:0.0000,True,,39.113,gateway:orderServiceCB=CLOSED;gateway:inventoryServiceCB=CLOSED;gateway:paymentServiceCB=CLOSED;order:inventoryServiceCB=CLOSED;order:sharedDbCB=CLOSED;inventory:paymentServiceCB=CLOSED;inventory:sharedDbCB=CLOSED;payment:notificationServiceCB=CLOSED;payment:sharedDbCB=CLOSED;notification:sharedDbCB=CLOSED,gateway:orderServiceCB=0;gateway:inventoryServiceCB=0;gateway:paymentServiceCB=0;order:inventoryServiceCB=0;order:sharedDbCB=0;inventory:paymentServiceCB=0;inventory:sharedDbCB=0;payment:notificationServiceCB=0;payment:sharedDbCB=0;notification:sharedDbCB=0,200,21.791,1135757765,154,45,10.0,9.1773,0.0092,False,45.8866,soham-local,
LIN-LAT-TIM-T70-W20-D15,LINEAR,LATENCY,TIME_BASED,70,20,15,5,LOCAL,full,2,2026-09-02T23:13:57Z,0.25,15.044,53.455,0.6733,0.8234,0.0,order-service:0.3367;inventory-service:0.0000;payment-service:0.0000;notification-service:0.0000,True,,39.57,gateway:orderServiceCB=CLOSED;gateway:inventoryServiceCB=CLOSED;gateway:paymentServiceCB=CLOSED;order:inventoryServiceCB=CLOSED;order:sharedDbCB=CLOSED;inventory:paymentServiceCB=CLOSED;inventory:sharedDbCB=CLOSED;payment:notificationServiceCB=CLOSED;payment:sharedDbCB=CLOSED;notification:sharedDbCB=CLOSED,gateway:orderServiceCB=0;gateway:inventoryServiceCB=0;gateway:paymentServiceCB=0;order:inventoryServiceCB=0;order:sharedDbCB=0;inventory:paymentServiceCB=0;inventory:sharedDbCB=0;payment:notificationServiceCB=0;payment:sharedDbCB=0;notification:sharedDbCB=0,200,21.763,1135757765,155,45,10.0,9.1773,0.009,False,183.5453,soham-local,
LIN-LAT-CNT-T30-W5-D5,LINEAR,LATENCY,COUNT_BASED,30,5,5,5,LOCAL,full,1,2026-09-02T23:16:01Z,0.25,3.34,6.73,0.25,0.6983,0.0,order-service:0.1250;inventory-service:0.0000;payment-service:0.0000;notification-service:0.0000,True,,49.166,gateway:orderServiceCB=CLOSED;gateway:inventoryServiceCB=CLOSED;gateway:paymentServiceCB=CLOSED;order:inventoryServiceCB=CLOSED;order:sharedDbCB=CLOSED;inventory:paymentServiceCB=CLOSED;inventory:sharedDbCB=CLOSED;payment:notificationServiceCB=CLOSED;payment:sharedDbCB=CLOSED;notification:sharedDbCB=CLOSED,gateway:orderServiceCB=0;gateway:inventoryServiceCB=0;gateway:paymentServiceCB=0;order:inventoryServiceCB=0;order:sharedDbCB=0;inventory:paymentServiceCB=0;inventory:sharedDbCB=0;payment:notificationServiceCB=0;payment:sharedDbCB=0;notification:sharedDbCB=0,200,21.803,1135757765,156,45,10.0,9.1735,0.0124,False,5.0,soham-local,
LIN-LAT-CNT-T30-W10-D15,LINEAR,LATENCY,COUNT_BASED,30,10,15,5,LOCAL,full,1,2026-09-02T23:18:15Z,0.25,3.548,16.478,0.225,0.6995,0.0,order-service:0.1125;inventory-service:0.0000;payment-service:0.0000;notification-service:0.0000,True,,50.482,gateway:orderServiceCB=CLOSED;gateway:inventoryServiceCB=CLOSED;gateway:paymentServiceCB=CLOSED;order:inventoryServiceCB=CLOSED;order:sharedDbCB=CLOSED;inventory:paymentServiceCB=CLOSED;inventory:sharedDbCB=CLOSED;payment:notificationServiceCB=CLOSED;payment:sharedDbCB=CLOSED;notification:sharedDbCB=CLOSED,gateway:orderServiceCB=0;gateway:inventoryServiceCB=0;gateway:paymentServiceCB=0;order:inventoryServiceCB=0;order:sharedDbCB=0;inventory:paymentServiceCB=0;inventory:sharedDbCB=0;payment:notificationServiceCB=0;payment:sharedDbCB=0;notification:sharedDbCB=0,200,21.802,1135757765,157,45,10.0,9.1755,0.0126,False,10.0,soham-local,
LIN-LAT-TIM-T50-W5-D5,LINEAR,LATENCY,TIME_BASED,50,5,5,5,LOCAL,full,2,2026-09-02T23:20:36Z,0.25,3.61,24.213,0.79,0.8781,0.0,order-service:0.3950;inventory-service:0.0000;payment-service:0.0000;notification-service:0.0000,True,,48.37,gateway:orderServiceCB=CLOSED;gateway:inventoryServiceCB=CLOSED;gateway:paymentServiceCB=CLOSED;order:inventoryServiceCB=CLOSED;order:sharedDbCB=CLOSED;inventory:paymentServiceCB=CLOSED;inventory:sharedDbCB=CLOSED;payment:notificationServiceCB=CLOSED;payment:sharedDbCB=CLOSED;notification:sharedDbCB=CLOSED,gateway:orderServiceCB=0;gateway:inventoryServiceCB=0;gateway:paymentServiceCB=0;order:inventoryServiceCB=0;order:sharedDbCB=0;inventory:paymentServiceCB=0;inventory:sharedDbCB=0;payment:notificationServiceCB=0;payment:sharedDbCB=0;notification:sharedDbCB=0,200,21.799,1135757765,158,45,10.0,9.1717,0.0202,False,45.8584,soham-local,
FAN-LAT-TIM-T30-W5-D30,FANOUT,LATENCY,TIME_BASED,30,5,30,5,LOCAL,full,1,2026-09-02T16:30:45Z,0.25,3.533,64.949,0.9133,0.9599,0.0,order-service:0.4567;inventory-service:0.0000;payment-service:0.0000;notification-service:0.0000,True,,29.795,gateway:orderServiceCB=CLOSED;gateway:inventoryServiceCB=CLOSED;gateway:paymentServiceCB=CLOSED;order:inventoryServiceCB=CLOSED;order:sharedDbCB=CLOSED;inventory:paymentServiceCB=CLOSED;inventory:sharedDbCB=CLOSED;payment:notificationServiceCB=CLOSED;payment:sharedDbCB=CLOSED;notification:sharedDbCB=CLOSED,gateway:orderServiceCB=0;gateway:inventoryServiceCB=0;gateway:paymentServiceCB=0;order:inventoryServiceCB=0;order:sharedDbCB=0;inventory:paymentServiceCB=0;inventory:sharedDbCB=0;payment:notificationServiceCB=0;payment:sharedDbCB=0;notification:sharedDbCB=0,200,20.039,1952289563,1,45,10.0,9.9794,0.0032,False,49.8972,codespace,
FAN-LAT-TIM-T30-W5-D15,FANOUT,LATENCY,TIME_BASED,30,5,15,5,LOCAL,full,3,2026-09-02T16:32:52Z,0.25,3.747,34.41,0.8633,0.9385,0.0,order-service:0.4317;inventory-service:0.0000;payment-service:0.0000;notification-service:0.0000,True,,29.827,gateway:orderServiceCB=CLOSED;gateway:inventoryServiceCB=CLOSED;gateway:paymentServiceCB=CLOSED;order:inventoryServiceCB=CLOSED;order:sharedDbCB=CLOSED;inventory:paymentServiceCB=CLOSED;inventory:sharedDbCB=CLOSED;payment:notificationServiceCB=CLOSED;payment:sharedDbCB=CLOSED;notification:sharedDbCB=CLOSED,gateway:orderServiceCB=0;gateway:inventoryServiceCB=0;gateway:paymentServiceCB=0;order:inventoryServiceCB=0;order:sharedDbCB=0;inventory:paymentServiceCB=0;inventory:sharedDbCB=0;payment:notificationServiceCB=0;payment:sharedDbCB=0;notification:sharedDbCB=0,200,20.04,1952289563,2,45,10.0,9.9789,0.0026,False,49.8947,codespace,
FAN-LAT-CNT-T50-W10-D5,FANOUT,LATENCY,COUNT_BASED,50,10,5,5,LOCAL,full,1,2026-09-02T16:34:28Z,0.25,3.512,6.55,0.125,0.7489,0.0,order-service:0.0625;inventory-service:0.0000;payment-service:0.0000;notification-service:0.0000,True,,31.087,gateway:orderServiceCB=CLOSED;gateway:inventoryServiceCB=CLOSED;gateway:paymentServiceCB=CLOSED;order:inventoryServiceCB=CLOSED;order:sharedDbCB=CLOSED;inventory:paymentServiceCB=CLOSED;inventory:sharedDbCB=CLOSED;payment:notificationServiceCB=CLOSED;payment:sharedDbCB=CLOSED;notification:sharedDbCB=CLOSED,gateway:orderServiceCB=0;gateway:inventoryServiceCB=0;gateway:paymentServiceCB=0;order:inventoryServiceCB=0;order:sharedDbCB=0;inventory:paymentServiceCB=0;inventory:sharedDbCB=0;payment:notificationServiceCB=0;payment:sharedDbCB=0;notification:sharedDbCB=0,200,20.034,1952289563,3,45,10.0,9.9382,0.0077,False,10.0,codespace,
FAN-LAT-CNT-T30-W5-D30,FANOUT,LATENCY,COUNT_BASED,30,5,30,5,LOCAL,full,3,2026-09-02T16:36:25Z,0.25,3.384,31.283,0.2,0.7756,0.0,order-service:0.1000;inventory-service:0.0000;payment-service:0.0000;notification-service:0.0000,True,,27.26,gateway:orderServiceCB=CLOSED;gateway:inventoryServiceCB=CLOSED;gateway:paymentServiceCB=CLOSED;order:inventoryServiceCB=CLOSED;order:sharedDbCB=CLOSED;inventory:paymentServiceCB=CLOSED;inventory:sharedDbCB=CLOSED;payment:notificationServiceCB=CLOSED;payment:sharedDbCB=CLOSED;notification:sharedDbCB=CLOSED,gateway:orderServiceCB=0;gateway:inventoryServiceCB=0;gateway:paymentServiceCB=0;order:inventoryServiceCB=0;order:sharedDbCB=0;inventory:paymentServiceCB=0;inventory:sharedDbCB=0;payment:notificationServiceCB=0;payment:sharedDbCB=0;notification:sharedDbCB=0,200,20.04,1952289563,4,45,10.0,9.9381,0.0047,False,5.0,codespace,
FAN-LAT-TIM-T50-W5-D15,FANOUT,LATENCY,TIME_BASED,50,5,15,5,LOCAL,full,1,2026-09-02T16:38:27Z,0.25,3.704,34.434,0.8633,0.9396,0.0,order-service:0.4317;inventory-service:0.0000;payment-service:0.0000;notification-service:0.0000,True,,29.381,gateway:orderServiceCB=CLOSED;gateway:inventoryServiceCB=CLOSED;gateway:paymentServiceCB=CLOSED;order:inventoryServiceCB=CLOSED;order:sharedDbCB=CLOSED;inventory:paymentServiceCB=CLOSED;inventory:sharedDbCB=CLOSED;payment:notificationServiceCB=CLOSED;payment:sharedDbCB=CLOSED;notification:sharedDbCB=CLOSED,gateway:orderServiceCB=0;gateway:inventoryServiceCB=0;gateway:paymentServiceCB=0;order:inventoryServiceCB=0;order:sharedDbCB=0;inventory:paymentServiceCB=0;inventory:sharedDbCB=0;payment:notificationServiceCB=0;payment:sharedDbCB=0;notification:sharedDbCB=0,200,20.041,1952289563,5,45,10.0,9.9806,0.0018,False,49.9032,codespace,
FAN-LAT-CNT-T70-W5-D15,FANOUT,LATENCY,COUNT_BASED,70,5,15,5,LOCAL,full,1,2026-09-02T16:40:14Z,0.25,3.384,16.959,0.15,0.7608,0.0,order-service:0.0750;inventory-service:0.0000;payment-service:0.0000;notification-service:0.0000,True,,27.996,gateway:orderServiceCB=CLOSED;gateway:inventoryServiceCB=CLOSED;gateway:paymentServiceCB=CLOSED;order:inventoryServiceCB=CLOSED;order:sharedDbCB=CLOSED;inventory:paymentServiceCB=CLOSED;inventory:sharedDbCB=CLOSED;payment:notificationServiceCB=CLOSED;payment:sharedDbCB=CLOSED;notification:sharedDbCB=CLOSED,gateway:orderServiceCB=0;gateway:inventoryServiceCB=0;gateway:paymentServiceCB=0;order:inventoryServiceCB=0;order:sharedDbCB=0;inventory:paymentServiceCB=0;inventory:sharedDbCB=0;payment:notificationServiceCB=0;payment:sharedDbCB=0;notification:sharedDbCB=0,200,20.036,1952289563,6,45,10.0,9.9487,0.0024,False,5.0,codespace,
FAN-LAT-TIM-T50-W10-D5,FANOUT,LATENCY,TIME_BASED,50,10,5,5,LOCAL,full,2,2026-09-02T16:42:08Z,0.25,6.927,23.131,0.688,0.8639,0.0,order-service:0.3440;inventory-service:0.0000;payment-service:0.0000;notification-service:0.0000,True,,30.389,gateway:orderServiceCB=CLOSED;gateway:inventoryServiceCB=CLOSED;gateway:paymentServiceCB=CLOSED;order:inventoryServiceCB=CLOSED;order:sharedDbCB=CLOSED;inventory:paymentServiceCB=CLOSED;inventory:sharedDbCB=CLOSED;payment:notificationServiceCB=CLOSED;payment:sharedDbCB=CLOSED;notification:sharedDbCB=CLOSED,gateway:orderServiceCB=0;gateway:inventoryServiceCB=0;gateway:paymentServiceCB=0;order:inventoryServiceCB=0;order:sharedDbCB=0;inventory:paymentServiceCB=0;inventory:sharedDbCB=0;payment:notificationServiceCB=0;payment:sharedDbCB=0;notification:sharedDbCB=0,200,20.04,1952289563,7,45,10.0,9.9777,0.0034,False,99.7766,codespace,
FAN-LAT-TIM-T70-W20-D30,FANOUT,LATENCY,TIME_BASED,70,20,30,5,LOCAL,full,2,2026-09-02T16:44:50Z,0.25,14.894,64.478,0.7433,0.8796,0.0,order-service:0.3717;inventory-service:0.0000;payment-service:0.0000;notification-service:0.0000,True,,28.845,gateway:orderServiceCB=CLOSED;gateway:inventoryServiceCB=CLOSED;gateway:paymentServiceCB=CLOSED;order:inventoryServiceCB=CLOSED;order:sharedDbCB=CLOSED;inventory:paymentServiceCB=CLOSED;inventory:sharedDbCB=CLOSED;payment:notificationServiceCB=CLOSED;payment:sharedDbCB=CLOSED;notification:sharedDbCB=CLOSED,gateway:orderServiceCB=0;gateway:inventoryServiceCB=0;gateway:paymentServiceCB=0;order:inventoryServiceCB=0;order:sharedDbCB=0;inventory:paymentServiceCB=0;inventory:sharedDbCB=0;payment:notificationServiceCB=0;payment:sharedDbCB=0;notification:sharedDbCB=0,200,20.037,1952289563,8,45,10.0,9.9828,0.0018,False,199.6554,codespace,
FAN-LAT-TIM-T30-W20-D15,FANOUT,LATENCY,TIME_BASED,30,20,15,5,LOCAL,full,3,2026-09-02T16:47:16Z,0.25,8.43,52.881,0.7933,0.9061,0.0,order-service:0.3967;inventory-service:0.0000;payment-service:0.0000;notification-service:0.0000,True,,29.787,gateway:orderServiceCB=CLOSED;gateway:inventoryServiceCB=CLOSED;gateway:paymentServiceCB=CLOSED;order:inventoryServiceCB=CLOSED;order:sharedDbCB=CLOSED;inventory:paymentServiceCB=CLOSED;inventory:sharedDbCB=CLOSED;payment:notificationServiceCB=CLOSED;payment:sharedDbCB=CLOSED;notification:sharedDbCB=CLOSED,gateway:orderServiceCB=0;gateway:inventoryServiceCB=0;gateway:paymentServiceCB=0;order:inventoryServiceCB=0;order:sharedDbCB=0;inventory:paymentServiceCB=0;inventory:sharedDbCB=0;payment:notificationServiceCB=0;payment:sharedDbCB=0;notification:sharedDbCB=0,200,20.038,1952289563,9,45,10.0,9.9817,0.002,False,199.6349,codespace,
FAN-LAT-CNT-T70-W10-D30,FANOUT,LATENCY,COUNT_BASED,70,10,30,5,LOCAL,full,1,2026-09-02T16:49:14Z,0.25,3.713,30.995,0.075,0.7397,0.0,order-service:0.0375;inventory-service:0.0000;payment-service:0.0000;notification-service:0.0000,True,,29.556,gateway:orderServiceCB=CLOSED;gateway:inventoryServiceCB=CLOSED;gateway:paymentServiceCB=CLOSED;order:inventoryServiceCB=CLOSED;order:sharedDbCB=CLOSED;inventory:paymentServiceCB=CLOSED;inventory:sharedDbCB=CLOSED;payment:notificationServiceCB=CLOSED;payment:sharedDbCB=CLOSED;notification:sharedDbCB=CLOSED,gateway:orderServiceCB=0;gateway:inventoryServiceCB=0;gateway:paymentServiceCB=0;order:inventoryServiceCB=0;order:sharedDbCB=0;inventory:paymentServiceCB=0;inventory:sharedDbCB=0;payment:notificationServiceCB=0;payment:sharedDbCB=0;notification:sharedDbCB=0,200,20.035,1952289563,10,45,10.0,9.9417,0.0055,False,10.0,codespace,
FAN-LAT-TIM-T70-W10-D15,FANOUT,LATENCY,TIME_BASED,70,10,15,5,LOCAL,full,2,2026-09-02T16:51:26Z,0.25,7.813,35.336,0.7629,0.8937,0.0,order-service:0.3814;inventory-service:0.0000;payment-service:0.0000;notification-service:0.0000,True,,30.421,gateway:orderServiceCB=CLOSED;gateway:inventoryServiceCB=CLOSED;gateway:paymentServiceCB=CLOSED;order:inventoryServiceCB=CLOSED;order:sharedDbCB=CLOSED;inventory:paymentServiceCB=CLOSED;inventory:sharedDbCB=CLOSED;payment:notificationServiceCB=CLOSED;payment:sharedDbCB=CLOSED;notification:sharedDbCB=CLOSED,gateway:orderServiceCB=0;gateway:inventoryServiceCB=0;gateway:paymentServiceCB=0;order:inventoryServiceCB=0;order:sharedDbCB=0;inventory:paymentServiceCB=0;inventory:sharedDbCB=0;payment:notificationServiceCB=0;payment:sharedDbCB=0;notification:sharedDbCB=0,200,20.045,1952289563,11,45,10.0,9.9807,0.0023,False,99.8074,codespace,
FAN-LAT-TIM-T50-W20-D15,FANOUT,LATENCY,TIME_BASED,50,20,15,5,LOCAL,full,2,2026-09-02T16:53:56Z,0.25,11.4,55.034,0.7289,0.8761,0.0,order-service:0.3644;inventory-service:0.0000;payment-service:0.0000;notification-service:0.0000,True,,29.496,gateway:orderServiceCB=CLOSED;gateway:inventoryServiceCB=CLOSED;gateway:paymentServiceCB=CLOSED;order:inventoryServiceCB=CLOSED;order:sharedDbCB=CLOSED;inventory:paymentServiceCB=CLOSED;inventory:sharedDbCB=CLOSED;payment:notificationServiceCB=CLOSED;payment:sharedDbCB=CLOSED;notification:sharedDbCB=CLOSED,gateway:orderServiceCB=0;gateway:inventoryServiceCB=0;gateway:paymentServiceCB=0;order:inventoryServiceCB=0;order:sharedDbCB=0;inventory:paymentServiceCB=0;inventory:sharedDbCB=0;payment:notificationServiceCB=0;payment:sharedDbCB=0;notification:sharedDbCB=0,200,20.04,1952289563,12,45,10.0,9.9827,0.0019,False,199.6534,codespace,
FAN-LAT-TIM-T70-W20-D30,FANOUT,LATENCY,TIME_BASED,70,20,30,5,LOCAL,full,3,2026-09-02T16:56:40Z,0.25,15.285,65.131,0.74,0.8791,0.0,order-service:0.3700;inventory-service:0.0000;payment-service:0.0000;notification-service:0.0000,True,,29.903,gateway:orderServiceCB=CLOSED;gateway:inventoryServiceCB=CLOSED;gateway:paymentServiceCB=CLOSED;order:inventoryServiceCB=CLOSED;order:sharedDbCB=CLOSED;inventory:paymentServiceCB=CLOSED;inventory:sharedDbCB=CLOSED;payment:notificationServiceCB=CLOSED;payment:sharedDbCB=CLOSED;notification:sharedDbCB=CLOSED,gateway:orderServiceCB=0;gateway:inventoryServiceCB=0;gateway:paymentServiceCB=0;order:inventoryServiceCB=0;order:sharedDbCB=0;inventory:paymentServiceCB=0;inventory:sharedDbCB=0;payment:notificationServiceCB=0;payment:sharedDbCB=0;notification:sharedDbCB=0,200,20.035,1952289563,13,45,10.0,9.9828,0.002,False,199.6557,codespace,
FAN-LAT-TIM-T70-W20-D15,FANOUT,LATENCY,TIME_BASED,70,20,15,5,LOCAL,full,2,2026-09-02T16:58:54Z,0.25,14.869,35.211,0.6622,0.8432,0.0,order-service:0.3311;inventory-service:0.0000;payment-service:0.0000;notification-service:0.0000,True,,29.495,gateway:orderServiceCB=CLOSED;gateway:inventoryServiceCB=CLOSED;gateway:paymentServiceCB=CLOSED;order:inventoryServiceCB=CLOSED;order:sharedDbCB=CLOSED;inventory:paymentServiceCB=CLOSED;inventory:sharedDbCB=CLOSED;payment:notificationServiceCB=CLOSED;payment:sharedDbCB=CLOSED;notification:sharedDbCB=CLOSED,gateway:orderServiceCB=0;gateway:inventoryServiceCB=0;gateway:paymentServiceCB=0;order:inventoryServiceCB=0;order:sharedDbCB=0;inventory:paymentServiceCB=0;inventory:sharedDbCB=0;payment:notificationServiceCB=0;payment:sharedDbCB=0;notification:sharedDbCB=0,200,20.035,1952289563,14,45,10.0,9.9826,0.0014,False,199.6522,codespace,
FAN-LAT-CNT-T70-W20-D5,FANOUT,LATENCY,COUNT_BASED,70,20,5,5,LOCAL,full,3,2026-09-02T17:00:30Z,0.25,4.348,6.702,0.2667,0.7566,0.0,order-service:0.1333;inventory-service:0.0000;payment-service:0.0000;notification-service:0.0000,True,,31.183,gateway:orderServiceCB=CLOSED;gateway:inventoryServiceCB=CLOSED;gateway:paymentServiceCB=CLOSED;order:inventoryServiceCB=CLOSED;order:sharedDbCB=CLOSED;inventory:paymentServiceCB=CLOSED;inventory:sharedDbCB=CLOSED;payment:notificationServiceCB=CLOSED;payment:sharedDbCB=CLOSED;notification:sharedDbCB=CLOSED,gateway:orderServiceCB=0;gateway:inventoryServiceCB=0;gateway:paymentServiceCB=0;order:inventoryServiceCB=0;order:sharedDbCB=0;inventory:paymentServiceCB=0;inventory:sharedDbCB=0;payment:notificationServiceCB=0;payment:sharedDbCB=0;notification:sharedDbCB=0,200,20.035,1952289563,15,45,10.0,9.9637,0.0027,False,20.0,codespace,
FAN-LAT-CNT-T30-W20-D15,FANOUT,LATENCY,COUNT_BASED,30,20,15,5,LOCAL,full,2,2026-09-02T17:02:14Z,0.25,3.762,16.586,0.4,0.8043,0.0,order-service:0.2000;inventory-service:0.0000;payment-service:0.0000;notification-service:0.0000,True,,29.621,gateway:orderServiceCB=CLOSED;gateway:inventoryServiceCB=CLOSED;gateway:paymentServiceCB=CLOSED;order:inventoryServiceCB=CLOSED;order:sharedDbCB=CLOSED;inventory:paymentServiceCB=CLOSED;inventory:sharedDbCB=CLOSED;payment:notificationServiceCB=CLOSED;payment:sharedDbCB=CLOSED;notification:sharedDbCB=CLOSED,gateway:orderServiceCB=0;gateway:inventoryServiceCB=0;gateway:paymentServiceCB=0;order:inventoryServiceCB=0;order:sharedDbCB=0;inventory:paymentServiceCB=0;inventory:sharedDbCB=0;payment:notificationServiceCB=0;payment:sharedDbCB=0;notification:sharedDbCB=0,200,20.041,1952289563,16,45,10.0,9.9575,0.0038,False,20.0,codespace,
FAN-LAT-CNT-T30-W20-D15,FANOUT,LATENCY,COUNT_BASED,30,20,15,5,LOCAL,full,3,2026-09-02T17:03:58Z,0.25,3.723,16.59,0.4,0.8012,0.0,order-service:0.2000;inventory-service:0.0000;payment-service:0.0000;notification-service:0.0000,True,,29.528,gateway:orderServiceCB=CLOSED;gateway:inventoryServiceCB=CLOSED;gateway:paymentServiceCB=CLOSED;order:inventoryServiceCB=CLOSED;order:sharedDbCB=CLOSED;inventory:paymentServiceCB=CLOSED;inventory:sharedDbCB=CLOSED;payment:notificationServiceCB=CLOSED;payment:sharedDbCB=CLOSED;notification:sharedDbCB=CLOSED,gateway:orderServiceCB=0;gateway:inventoryServiceCB=0;gateway:paymentServiceCB=0;order:inventoryServiceCB=0;order:sharedDbCB=0;inventory:paymentServiceCB=0;inventory:sharedDbCB=0;payment:notificationServiceCB=0;payment:sharedDbCB=0;notification:sharedDbCB=0,200,20.036,1952289563,17,45,10.0,9.9553,0.0043,False,20.0,codespace,
FAN-LAT-CNT-T50-W10-D30,FANOUT,LATENCY,COUNT_BASED,50,10,30,5,LOCAL,full,3,2026-09-02T17:05:58Z,0.25,3.513,31.199,0.125,0.7551,0.0,order-service:0.0625;inventory-service:0.0000;payment-service:0.0000;notification-service:0.0000,True,,31.356,gateway:orderServiceCB=CLOSED;gateway:inventoryServiceCB=CLOSED;gateway:paymentServiceCB=CLOSED;order:inventoryServiceCB=CLOSED;order:sharedDbCB=CLOSED;inventory:paymentServiceCB=CLOSED;inventory:sharedDbCB=CLOSED;payment:notificationServiceCB=CLOSED;payment:sharedDbCB=CLOSED;notification:sharedDbCB=CLOSED,gateway:orderServiceCB=0;gateway:inventoryServiceCB=0;gateway:paymentServiceCB=0;order:inventoryServiceCB=0;order:sharedDbCB=0;inventory:paymentServiceCB=0;inventory:sharedDbCB=0;payment:notificationServiceCB=0;payment:sharedDbCB=0;notification:sharedDbCB=0,200,20.041,1952289563,18,45,10.0,9.9508,0.0021,False,10.0,codespace,
FAN-LAT-TIM-T30-W10-D30,FANOUT,LATENCY,TIME_BASED,30,10,30,5,LOCAL,full,1,2026-09-02T17:08:32Z,0.25,5.408,65.062,0.882,0.9461,0.0,order-service:0.4410;inventory-service:0.0000;payment-service:0.0000;notification-service:0.0000,True,,29.446,gateway:orderServiceCB=CLOSED;gateway:inventoryServiceCB=CLOSED;gateway:paymentServiceCB=CLOSED;order:inventoryServiceCB=CLOSED;order:sharedDbCB=CLOSED;inventory:paymentServiceCB=CLOSED;inventory:sharedDbCB=CLOSED;payment:notificationServiceCB=CLOSED;payment:sharedDbCB=CLOSED;notification:sharedDbCB=CLOSED,gateway:orderServiceCB=0;gateway:inventoryServiceCB=0;gateway:paymentServiceCB=0;order:inventoryServiceCB=0;order:sharedDbCB=0;inventory:paymentServiceCB=0;inventory:sharedDbCB=0;payment:notificationServiceCB=0;payment:sharedDbCB=0;notification:sharedDbCB=0,200,20.04,1952289563,19,45,10.0,9.9827,0.0017,False,99.8268,codespace,
FAN-LAT-CNT-T30-W10-D5,FANOUT,LATENCY,COUNT_BASED,30,10,5,5,LOCAL,full,1,2026-09-02T17:10:05Z,0.25,3.327,6.737,0.175,0.769,0.0,order-service:0.0875;inventory-service:0.0000;payment-service:0.0000;notification-service:0.0000,True,,28.135,gateway:orderServiceCB=CLOSED;gateway:inventoryServiceCB=CLOSED;gateway:paymentServiceCB=CLOSED;order:inventoryServiceCB=CLOSED;order:sharedDbCB=CLOSED;inventory:paymentServiceCB=CLOSED;inventory:sharedDbCB=CLOSED;payment:notificationServiceCB=CLOSED;payment:sharedDbCB=CLOSED;notification:sharedDbCB=CLOSED,gateway:orderServiceCB=0;gateway:inventoryServiceCB=0;gateway:paymentServiceCB=0;order:inventoryServiceCB=0;order:sharedDbCB=0;inventory:paymentServiceCB=0;inventory:sharedDbCB=0;payment:notificationServiceCB=0;payment:sharedDbCB=0;notification:sharedDbCB=0,200,20.037,1952289563,20,45,10.0,9.9497,0.0022,False,10.0,codespace,
FAN-LAT-CNT-T50-W20-D15,FANOUT,LATENCY,COUNT_BASED,50,20,15,5,LOCAL,full,1,2026-09-02T17:11:49Z,0.25,3.978,16.317,0.3333,0.7761,0.0,order-service:0.1667;inventory-service:0.0000;payment-service:0.0000;notification-service:0.0000,True,,29.624,gateway:orderServiceCB=CLOSED;gateway:inventoryServiceCB=CLOSED;gateway:paymentServiceCB=CLOSED;order:inventoryServiceCB=CLOSED;order:sharedDbCB=CLOSED;inventory:paymentServiceCB=CLOSED;inventory:sharedDbCB=CLOSED;payment:notificationServiceCB=CLOSED;payment:sharedDbCB=CLOSED;notification:sharedDbCB=CLOSED,gateway:orderServiceCB=0;gateway:inventoryServiceCB=0;gateway:paymentServiceCB=0;order:inventoryServiceCB=0;order:sharedDbCB=0;inventory:paymentServiceCB=0;inventory:sharedDbCB=0;payment:notificationServiceCB=0;payment:sharedDbCB=0;notification:sharedDbCB=0,200,20.044,1952289563,21,45,10.0,9.9615,0.0025,False,20.0,codespace,
FAN-LAT-TIM-T30-W20-D5,FANOUT,LATENCY,TIME_BASED,30,20,5,5,LOCAL,full,1,2026-09-02T17:13:53Z,0.25,8.431,31.648,0.72,0.8748,0.0,order-service:0.3600;inventory-service:0.0000;payment-service:0.0000;notification-service:0.0000,True,,30.718,gateway:orderServiceCB=CLOSED;gateway:inventoryServiceCB=CLOSED;gateway:paymentServiceCB=CLOSED;order:inventoryServiceCB=CLOSED;order:sharedDbCB=CLOSED;inventory:paymentServiceCB=CLOSED;inventory:sharedDbCB=CLOSED;payment:notificationServiceCB=CLOSED;payment:sharedDbCB=CLOSED;notification:sharedDbCB=CLOSED,gateway:orderServiceCB=0;gateway:inventoryServiceCB=0;gateway:paymentServiceCB=0;order:inventoryServiceCB=0;order:sharedDbCB=0;inventory:paymentServiceCB=0;inventory:sharedDbCB=0;payment:notificationServiceCB=0;payment:sharedDbCB=0;notification:sharedDbCB=0,200,20.034,1952289563,22,45,10.0,9.9804,0.0026,False,199.6085,codespace,
FAN-LAT-CNT-T30-W10-D30,FANOUT,LATENCY,COUNT_BASED,30,10,30,5,LOCAL,full,3,2026-09-02T17:15:52Z,0.25,3.302,31.426,0.175,0.7682,0.0,order-service:0.0875;inventory-service:0.0000;payment-service:0.0000;notification-service:0.0000,True,,30.23,gateway:orderServiceCB=CLOSED;gateway:inventoryServiceCB=CLOSED;gateway:paymentServiceCB=CLOSED;order:inventoryServiceCB=CLOSED;order:sharedDbCB=CLOSED;inventory:paymentServiceCB=CLOSED;inventory:sharedDbCB=CLOSED;payment:notificationServiceCB=CLOSED;payment:sharedDbCB=CLOSED;notification:sharedDbCB=CLOSED,gateway:orderServiceCB=0;gateway:inventoryServiceCB=0;gateway:paymentServiceCB=0;order:inventoryServiceCB=0;order:sharedDbCB=0;inventory:paymentServiceCB=0;inventory:sharedDbCB=0;payment:notificationServiceCB=0;payment:sharedDbCB=0;notification:sharedDbCB=0,200,20.039,1952289563,23,45,10.0,9.9451,0.0043,False,10.0,codespace,
FAN-LAT-TIM-T50-W5-D30,FANOUT,LATENCY,TIME_BASED,50,5,30,5,LOCAL,full,3,2026-09-02T17:18:25Z,0.25,3.733,64.736,0.9067,0.957,0.0,order-service:0.4533;inventory-service:0.0000;payment-service:0.0000;notification-service:0.0000,True,,30.031,gateway:orderServiceCB=CLOSED;gateway:inventoryServiceCB=CLOSED;gateway:paymentServiceCB=CLOSED;order:inventoryServiceCB=CLOSED;order:sharedDbCB=CLOSED;inventory:paymentServiceCB=CLOSED;inventory:sharedDbCB=CLOSED;payment:notificationServiceCB=CLOSED;payment:sharedDbCB=CLOSED;notification:sharedDbCB=CLOSED,gateway:orderServiceCB=0;gateway:inventoryServiceCB=0;gateway:paymentServiceCB=0;order:inventoryServiceCB=0;order:sharedDbCB=0;inventory:paymentServiceCB=0;inventory:sharedDbCB=0;payment:notificationServiceCB=0;payment:sharedDbCB=0;notification:sharedDbCB=0,200,20.033,1952289563,24,45,10.0,9.9821,0.0015,False,49.9104,codespace,
FAN-LAT-CNT-T70-W20-D30,FANOUT,LATENCY,COUNT_BASED,70,20,30,5,LOCAL,full,1,2026-09-02T17:20:24Z,0.25,4.464,31.196,0.2667,0.7614,0.0,order-service:0.1333;inventory-service:0.0000;payment-service:0.0000;notification-service:0.0000,True,,29.114,gateway:orderServiceCB=CLOSED;gateway:inventoryServiceCB=CLOSED;gateway:paymentServiceCB=CLOSED;order:inventoryServiceCB=CLOSED;order:sharedDbCB=CLOSED;inventory:paymentServiceCB=CLOSED;inventory:sharedDbCB=CLOSED;payment:notificationServiceCB=CLOSED;payment:sharedDbCB=CLOSED;notification:sharedDbCB=CLOSED,gateway:orderServiceCB=0;gateway:inventoryServiceCB=0;gateway:paymentServiceCB=0;order:inventoryServiceCB=0;order:sharedDbCB=0;inventory:paymentServiceCB=0;inventory:sharedDbCB=0;payment:notificationServiceCB=0;payment:sharedDbCB=0;notification:sharedDbCB=0,200,20.041,1952289563,25,45,10.0,9.9566,0.0057,False,20.0,codespace,
FAN-LAT-TIM-T70-W5-D15,FANOUT,LATENCY,TIME_BASED,70,5,15,5,LOCAL,full,3,2026-09-02T17:22:25Z,0.25,3.782,35.376,0.8567,0.9362,0.0,order-service:0.4283;inventory-service:0.0000;payment-service:0.0000;notification-service:0.0000,True,,28.68,gateway:orderServiceCB=CLOSED;gateway:inventoryServiceCB=CLOSED;gateway:paymentServiceCB=CLOSED;order:inventoryServiceCB=CLOSED;order:sharedDbCB=CLOSED;inventory:paymentServiceCB=CLOSED;inventory:sharedDbCB=CLOSED;payment:notificationServiceCB=CLOSED;payment:sharedDbCB=CLOSED;notification:sharedDbCB=CLOSED,gateway:orderServiceCB=0;gateway:inventoryServiceCB=0;gateway:paymentServiceCB=0;order:inventoryServiceCB=0;order:sharedDbCB=0;inventory:paymentServiceCB=0;inventory:sharedDbCB=0;payment:notificationServiceCB=0;payment:sharedDbCB=0;notification:sharedDbCB=0,200,20.036,1952289563,26,45,10.0,9.9784,0.0028,False,49.8919,codespace,
FAN-LAT-CNT-T50-W5-D30,FANOUT,LATENCY,COUNT_BASED,50,5,30,5,LOCAL,full,2,2026-09-02T17:24:24Z,0.25,3.363,31.32,0.175,0.7649,0.0,order-service:0.0875;inventory-service:0.0000;payment-service:0.0000;notification-service:0.0000,True,,29.816,gateway:orderServiceCB=CLOSED;gateway:inventoryServiceCB=CLOSED;gateway:paymentServiceCB=CLOSED;order:inventoryServiceCB=CLOSED;order:sharedDbCB=CLOSED;inventory:paymentServiceCB=CLOSED;inventory:sharedDbCB=CLOSED;payment:notificationServiceCB=CLOSED;payment:sharedDbCB=CLOSED;notification:sharedDbCB=CLOSED,gateway:orderServiceCB=0;gateway:inventoryServiceCB=0;gateway:paymentServiceCB=0;order:inventoryServiceCB=0;order:sharedDbCB=0;inventory:paymentServiceCB=0;inventory:sharedDbCB=0;payment:notificationServiceCB=0;payment:sharedDbCB=0;notification:sharedDbCB=0,200,20.035,1952289563,27,45,10.0,9.9494,0.0021,False,5.0,codespace,
FAN-LAT-TIM-T30-W20-D15,FANOUT,LATENCY,TIME_BASED,30,20,15,5,LOCAL,full,1,2026-09-02T17:26:49Z,0.25,8.473,52.86,0.7933,0.9052,0.0,order-service:0.3967;inventory-service:0.0000;payment-service:0.0000;notification-service:0.0000,True,,29.86,gateway:orderServiceCB=CLOSED;gateway:inventoryServiceCB=CLOSED;gateway:paymentServiceCB=CLOSED;order:inventoryServiceCB=CLOSED;order:sharedDbCB=CLOSED;inventory:paymentServiceCB=CLOSED;inventory:sharedDbCB=CLOSED;payment:notificationServiceCB=CLOSED;payment:sharedDbCB=CLOSED;notification:sharedDbCB=CLOSED,gateway:orderServiceCB=0;gateway:inventoryServiceCB=0;gateway:paymentServiceCB=0;order:inventoryServiceCB=0;order:sharedDbCB=0;inventory:paymentServiceCB=0;inventory:sharedDbCB=0;payment:notificationServiceCB=0;payment:sharedDbCB=0;notification:sharedDbCB=0,200,20.032,1952289563,28,45,10.0,9.9807,0.0029,False,199.6146,codespace,
FAN-LAT-TIM-T50-W10-D30,FANOUT,LATENCY,TIME_BASED,50,10,30,5,LOCAL,full,1,2026-09-02T17:29:25Z,0.25,6.78,64.725,0.854,0.9326,0.0,order-service:0.4270;inventory-service:0.0000;payment-service:0.0000;notification-service:0.0000,True,,30.397,gateway:orderServiceCB=CLOSED;gateway:inventoryServiceCB=CLOSED;gateway:paymentServiceCB=CLOSED;order:inventoryServiceCB=CLOSED;order:sharedDbCB=CLOSED;inventory:paymentServiceCB=CLOSED;inventory:sharedDbCB=CLOSED;payment:notificationServiceCB=CLOSED;payment:sharedDbCB=CLOSED;notification:sharedDbCB=CLOSED,gateway:orderServiceCB=0;gateway:inventoryServiceCB=0;gateway:paymentServiceCB=0;order:inventoryServiceCB=0;order:sharedDbCB=0;inventory:paymentServiceCB=0;inventory:sharedDbCB=0;payment:notificationServiceCB=0;payment:sharedDbCB=0;notification:sharedDbCB=0,200,20.044,1952289563,29,45,10.0,9.9826,0.0014,False,99.8262,codespace,
FAN-LAT-CNT-T30-W10-D5,FANOUT,LATENCY,COUNT_BASED,30,10,5,5,LOCAL,full,3,2026-09-02T17:30:58Z,0.25,3.322,6.756,0.175,0.7687,0.0,order-service:0.0875;inventory-service:0.0000;payment-service:0.0000;notification-service:0.0000,True,,28.792,gateway:orderServiceCB=CLOSED;gateway:inventoryServiceCB=CLOSED;gateway:paymentServiceCB=CLOSED;order:inventoryServiceCB=CLOSED;order:sharedDbCB=CLOSED;inventory:paymentServiceCB=CLOSED;inventory:sharedDbCB=CLOSED;payment:notificationServiceCB=CLOSED;payment:sharedDbCB=CLOSED;notification:sharedDbCB=CLOSED,gateway:orderServiceCB=0;gateway:inventoryServiceCB=0;gateway:paymentServiceCB=0;order:inventoryServiceCB=0;order:sharedDbCB=0;inventory:paymentServiceCB=0;inventory:sharedDbCB=0;payment:notificationServiceCB=0;payment:sharedDbCB=0;notification:sharedDbCB=0,200,20.042,1952289563,30,45,10.0,9.9493,0.0023,False,10.0,codespace,
FAN-LAT-CNT-T30-W5-D5,FANOUT,LATENCY,COUNT_BASED,30,5,5,5,LOCAL,full,3,2026-09-02T17:32:31Z,0.25,3.313,6.778,0.2,0.7764,0.0,order-service:0.1000;inventory-service:0.0000;payment-service:0.0000;notification-service:0.0000,True,,28.982,gateway:orderServiceCB=CLOSED;gateway:inventoryServiceCB=CLOSED;gateway:paymentServiceCB=CLOSED;order:inventoryServiceCB=CLOSED;order:sharedDbCB=CLOSED;inventory:paymentServiceCB=CLOSED;inventory:sharedDbCB=CLOSED;payment:notificationServiceCB=CLOSED;payment:sharedDbCB=CLOSED;notification:sharedDbCB=CLOSED,gateway:orderServiceCB=0;gateway:inventoryServiceCB=0;gateway:paymentServiceCB=0;order:inventoryServiceCB=0;order:sharedDbCB=0;inventory:paymentServiceCB=0;inventory:sharedDbCB=0;payment:notificationServiceCB=0;payment:sharedDbCB=0;notification:sharedDbCB=0,200,20.036,1952289563,31,45,10.0,9.9502,0.0023,False,5.0,codespace,
FAN-LAT-TIM-T30-W10-D15,FANOUT,LATENCY,TIME_BASED,30,10,15,5,LOCAL,full,2,2026-09-02T17:34:35Z,0.25,5.067,35.032,0.84,0.9281,0.0,order-service:0.4200;inventory-service:0.0000;payment-service:0.0000;notification-service:0.0000,True,,29.556,gateway:orderServiceCB=CLOSED;gateway:inventoryServiceCB=CLOSED;gateway:paymentServiceCB=CLOSED;order:inventoryServiceCB=CLOSED;order:sharedDbCB=CLOSED;inventory:paymentServiceCB=CLOSED;inventory:sharedDbCB=CLOSED;payment:notificationServiceCB=CLOSED;payment:sharedDbCB=CLOSED;notification:sharedDbCB=CLOSED,gateway:orderServiceCB=0;gateway:inventoryServiceCB=0;gateway:paymentServiceCB=0;order:inventoryServiceCB=0;order:sharedDbCB=0;inventory:paymentServiceCB=0;inventory:sharedDbCB=0;payment:notificationServiceCB=0;payment:sharedDbCB=0;notification:sharedDbCB=0,200,20.039,1952289563,32,45,10.0,9.9817,0.0019,False,99.8171,codespace,
FAN-LAT-CNT-T50-W5-D5,FANOUT,LATENCY,COUNT_BASED,50,5,5,5,LOCAL,full,2,2026-09-02T17:36:09Z,0.25,3.281,6.796,0.175,0.766,0.0,order-service:0.0875;inventory-service:0.0000;payment-service:0.0000;notification-service:0.0000,True,,30.11,gateway:orderServiceCB=CLOSED;gateway:inventoryServiceCB=CLOSED;gateway:paymentServiceCB=CLOSED;order:inventoryServiceCB=CLOSED;order:sharedDbCB=CLOSED;inventory:paymentServiceCB=CLOSED;inventory:sharedDbCB=CLOSED;payment:notificationServiceCB=CLOSED;payment:sharedDbCB=CLOSED;notification:sharedDbCB=CLOSED,gateway:orderServiceCB=0;gateway:inventoryServiceCB=0;gateway:paymentServiceCB=0;order:inventoryServiceCB=0;order:sharedDbCB=0;inventory:paymentServiceCB=0;inventory:sharedDbCB=0;payment:notificationServiceCB=0;payment:sharedDbCB=0;notification:sharedDbCB=0,200,20.043,1952289563,33,45,10.0,9.9503,0.0022,False,5.0,codespace,
FAN-LAT-TIM-T30-W10-D5,FANOUT,LATENCY,TIME_BASED,30,10,5,5,LOCAL,full,1,2026-09-02T17:38:04Z,0.25,5.422,24.644,0.744,0.8883,0.0,order-service:0.3720;inventory-service:0.0000;payment-service:0.0000;notification-service:0.0000,True,,30.704,gateway:orderServiceCB=CLOSED;gateway:inventoryServiceCB=CLOSED;gateway:paymentServiceCB=CLOSED;order:inventoryServiceCB=CLOSED;order:sharedDbCB=CLOSED;inventory:paymentServiceCB=CLOSED;inventory:sharedDbCB=CLOSED;payment:notificationServiceCB=CLOSED;payment:sharedDbCB=CLOSED;notification:sharedDbCB=CLOSED,gateway:orderServiceCB=0;gateway:inventoryServiceCB=0;gateway:paymentServiceCB=0;order:inventoryServiceCB=0;order:sharedDbCB=0;inventory:paymentServiceCB=0;inventory:sharedDbCB=0;payment:notificationServiceCB=0;payment:sharedDbCB=0;notification:sharedDbCB=0,200,20.038,1952289563,34,45,10.0,9.9789,0.0024,False,99.7893,codespace,
FAN-LAT-TIM-T70-W5-D30,FANOUT,LATENCY,TIME_BASED,70,5,30,5,LOCAL,full,3,2026-09-02T17:40:35Z,0.25,3.739,64.761,0.9089,0.9583,0.0,order-service:0.4544;inventory-service:0.0000;payment-service:0.0000;notification-service:0.0000,True,,28.182,gateway:orderServiceCB=CLOSED;gateway:inventoryServiceCB=CLOSED;gateway:paymentServiceCB=CLOSED;order:inventoryServiceCB=CLOSED;order:sharedDbCB=CLOSED;inventory:paymentServiceCB=CLOSED;inventory:sharedDbCB=CLOSED;payment:notificationServiceCB=CLOSED;payment:sharedDbCB=CLOSED;notification:sharedDbCB=CLOSED,gateway:orderServiceCB=0;gateway:inventoryServiceCB=0;gateway:paymentServiceCB=0;order:inventoryServiceCB=0;order:sharedDbCB=0;inventory:paymentServiceCB=0;inventory:sharedDbCB=0;payment:notificationServiceCB=0;payment:sharedDbCB=0;notification:sharedDbCB=0,200,20.037,1952289563,35,45,10.0,9.9817,0.0019,False,49.9087,codespace,
FAN-LAT-CNT-T30-W5-D30,FANOUT,LATENCY,COUNT_BASED,30,5,30,5,LOCAL,full,1,2026-09-02T17:42:34Z,0.25,3.296,31.423,0.2,0.7751,0.0,order-service:0.1000;inventory-service:0.0000;payment-service:0.0000;notification-service:0.0000,True,,30.198,gateway:orderServiceCB=CLOSED;gateway:inventoryServiceCB=CLOSED;gateway:paymentServiceCB=CLOSED;order:inventoryServiceCB=CLOSED;order:sharedDbCB=CLOSED;inventory:paymentServiceCB=CLOSED;inventory:sharedDbCB=CLOSED;payment:notificationServiceCB=CLOSED;payment:sharedDbCB=CLOSED;notification:sharedDbCB=CLOSED,gateway:orderServiceCB=0;gateway:inventoryServiceCB=0;gateway:paymentServiceCB=0;order:inventoryServiceCB=0;order:sharedDbCB=0;inventory:paymentServiceCB=0;inventory:sharedDbCB=0;payment:notificationServiceCB=0;payment:sharedDbCB=0;notification:sharedDbCB=0,200,20.042,1952289563,36,45,10.0,9.95,0.0022,False,5.0,codespace,
FAN-LAT-TIM-T50-W20-D15,FANOUT,LATENCY,TIME_BASED,50,20,15,5,LOCAL,full,3,2026-09-02T17:44:47Z,0.25,11.814,38.289,0.7289,0.8753,0.0,order-service:0.3644;inventory-service:0.0000;payment-service:0.0000;notification-service:0.0000,True,,29.954,gateway:orderServiceCB=CLOSED;gateway:inventoryServiceCB=CLOSED;gateway:paymentServiceCB=CLOSED;order:inventoryServiceCB=CLOSED;order:sharedDbCB=CLOSED;inventory:paymentServiceCB=CLOSED;inventory:sharedDbCB=CLOSED;payment:notificationServiceCB=CLOSED;payment:sharedDbCB=CLOSED;notification:sharedDbCB=CLOSED,gateway:orderServiceCB=0;gateway:inventoryServiceCB=0;gateway:paymentServiceCB=0;order:inventoryServiceCB=0;order:sharedDbCB=0;inventory:paymentServiceCB=0;inventory:sharedDbCB=0;payment:notificationServiceCB=0;payment:sharedDbCB=0;notification:sharedDbCB=0,200,20.036,1952289563,37,45,10.0,9.9803,0.0033,False,199.6059,codespace,
FAN-LAT-TIM-T30-W10-D15,FANOUT,LATENCY,TIME_BASED,30,10,15,5,LOCAL,full,3,2026-09-02T17:46:52Z,0.25,5.445,34.638,0.8343,0.9255,0.0,order-service:0.4171;inventory-service:0.0000;payment-service:0.0000;notification-service:0.0000,True,,29.794,gateway:orderServiceCB=CLOSED;gateway:inventoryServiceCB=CLOSED;gateway:paymentServiceCB=CLOSED;order:inventoryServiceCB=CLOSED;order:sharedDbCB=CLOSED;inventory:paymentServiceCB=CLOSED;inventory:sharedDbCB=CLOSED;payment:notificationServiceCB=CLOSED;payment:sharedDbCB=CLOSED;notification:sharedDbCB=CLOSED,gateway:orderServiceCB=0;gateway:inventoryServiceCB=0;gateway:paymentServiceCB=0;order:inventoryServiceCB=0;order:sharedDbCB=0;inventory:paymentServiceCB=0;inventory:sharedDbCB=0;payment:notificationServiceCB=0;payment:sharedDbCB=0;notification:sharedDbCB=0,200,20.04,1952289563,38,45,10.0,9.9818,0.0018,False,99.8184,codespace,
FAN-LAT-TIM-T70-W20-D15,FANOUT,LATENCY,TIME_BASED,70,20,15,5,LOCAL,full,1,2026-09-02T17:49:05Z,0.25,15.029,35.056,0.6578,0.8439,0.0,order-service:0.3289;inventory-service:0.0000;payment-service:0.0000;notification-service:0.0000,True,,29.477,gateway:orderServiceCB=CLOSED;gateway:inventoryServiceCB=CLOSED;gateway:paymentServiceCB=CLOSED;order:inventoryServiceCB=CLOSED;order:sharedDbCB=CLOSED;inventory:paymentServiceCB=CLOSED;inventory:sharedDbCB=CLOSED;payment:notificationServiceCB=CLOSED;payment:sharedDbCB=CLOSED;notification:sharedDbCB=CLOSED,gateway:orderServiceCB=0;gateway:inventoryServiceCB=0;gateway:paymentServiceCB=0;order:inventoryServiceCB=0;order:sharedDbCB=0;inventory:paymentServiceCB=0;inventory:sharedDbCB=0;payment:notificationServiceCB=0;payment:sharedDbCB=0;notification:sharedDbCB=0,200,20.039,1952289563,39,45,10.0,9.9815,0.0019,False,199.63,codespace,
FAN-LAT-CNT-T70-W10-D15,FANOUT,LATENCY,COUNT_BASED,70,10,15,5,LOCAL,full,1,2026-09-02T17:50:54Z,0.25,3.739,16.641,0.1,0.7489,0.0,order-service:0.0500;inventory-service:0.0000;payment-service:0.0000;notification-service:0.0000,True,,29.569,gateway:orderServiceCB=CLOSED;gateway:inventoryServiceCB=CLOSED;gateway:paymentServiceCB=CLOSED;order:inventoryServiceCB=CLOSED;order:sharedDbCB=CLOSED;inventory:paymentServiceCB=CLOSED;inventory:sharedDbCB=CLOSED;payment:notificationServiceCB=CLOSED;payment:sharedDbCB=CLOSED;notification:sharedDbCB=CLOSED,gateway:orderServiceCB=0;gateway:inventoryServiceCB=0;gateway:paymentServiceCB=0;order:inventoryServiceCB=0;order:sharedDbCB=0;inventory:paymentServiceCB=0;inventory:sharedDbCB=0;payment:notificationServiceCB=0;payment:sharedDbCB=0;notification:sharedDbCB=0,200,20.036,1952289563,40,45,10.0,9.941,0.004,False,10.0,codespace,
FAN-LAT-TIM-T50-W20-D30,FANOUT,LATENCY,TIME_BASED,50,20,30,5,LOCAL,full,1,2026-09-02T17:53:34Z,0.25,11.632,64.671,0.8,0.9071,0.0,order-service:0.4000;inventory-service:0.0000;payment-service:0.0000;notification-service:0.0000,True,,29.321,gateway:orderServiceCB=CLOSED;gateway:inventoryServiceCB=CLOSED;gateway:paymentServiceCB=CLOSED;order:inventoryServiceCB=CLOSED;order:sharedDbCB=CLOSED;inventory:paymentServiceCB=CLOSED;inventory:sharedDbCB=CLOSED;payment:notificationServiceCB=CLOSED;payment:sharedDbCB=CLOSED;notification:sharedDbCB=CLOSED,gateway:orderServiceCB=0;gateway:inventoryServiceCB=0;gateway:paymentServiceCB=0;order:inventoryServiceCB=0;order:sharedDbCB=0;inventory:paymentServiceCB=0;inventory:sharedDbCB=0;payment:notificationServiceCB=0;payment:sharedDbCB=0;notification:sharedDbCB=0,200,20.035,1952289563,41,45,10.0,9.983,0.0016,False,199.6593,codespace,
FAN-LAT-TIM-T70-W5-D30,FANOUT,LATENCY,TIME_BASED,70,5,30,5,LOCAL,full,1,2026-09-02T17:56:12Z,0.25,4.395,65.126,0.8911,0.9489,0.0,order-service:0.4456;inventory-service:0.0000;payment-service:0.0000;notification-service:0.0000,True,,29.708,gateway:orderServiceCB=CLOSED;gateway:inventoryServiceCB=CLOSED;gateway:paymentServiceCB=CLOSED;order:inventoryServiceCB=CLOSED;order:sharedDbCB=CLOSED;inventory:paymentServiceCB=CLOSED;inventory:sharedDbCB=CLOSED;payment:notificationServiceCB=CLOSED;payment:sharedDbCB=CLOSED;notification:sharedDbCB=CLOSED,gateway:orderServiceCB=0;gateway:inventoryServiceCB=0;gateway:paymentServiceCB=0;order:inventoryServiceCB=0;order:sharedDbCB=0;inventory:paymentServiceCB=0;inventory:sharedDbCB=0;payment:notificationServiceCB=0;payment:sharedDbCB=0;notification:sharedDbCB=0,200,20.039,1952289563,42,45,10.0,9.9823,0.0015,False,49.9114,codespace,
FAN-LAT-TIM-T70-W10-D30,FANOUT,LATENCY,TIME_BASED,70,10,30,5,LOCAL,full,3,2026-09-02T17:58:49Z,0.25,8.218,65.317,0.828,0.921,0.0,order-service:0.4140;inventory-service:0.0000;payment-service:0.0000;notification-service:0.0000,True,,29.903,gateway:orderServiceCB=CLOSED;gateway:inventoryServiceCB=CLOSED;gateway:paymentServiceCB=CLOSED;order:inventoryServiceCB=CLOSED;order:sharedDbCB=CLOSED;inventory:paymentServiceCB=CLOSED;inventory:sharedDbCB=CLOSED;payment:notificationServiceCB=CLOSED;payment:sharedDbCB=CLOSED;notification:sharedDbCB=CLOSED,gateway:orderServiceCB=0;gateway:inventoryServiceCB=0;gateway:paymentServiceCB=0;order:inventoryServiceCB=0;order:sharedDbCB=0;inventory:paymentServiceCB=0;inventory:sharedDbCB=0;payment:notificationServiceCB=0;payment:sharedDbCB=0;notification:sharedDbCB=0,200,20.035,1952289563,43,45,10.0,9.9825,0.0017,False,99.8255,codespace,
FAN-LAT-TIM-T30-W5-D5,FANOUT,LATENCY,TIME_BASED,30,5,5,5,LOCAL,full,3,2026-09-02T18:00:43Z,0.25,3.486,23.617,0.775,0.9046,0.0,order-service:0.3875;inventory-service:0.0000;payment-service:0.0000;notification-service:0.0000,True,,30.998,gateway:orderServiceCB=CLOSED;gateway:inventoryServiceCB=CLOSED;gateway:paymentServiceCB=CLOSED;order:inventoryServiceCB=CLOSED;order:sharedDbCB=CLOSED;inventory:paymentServiceCB=CLOSED;inventory:sharedDbCB=CLOSED;payment:notificationServiceCB=CLOSED;payment:sharedDbCB=CLOSED;notification:sharedDbCB=CLOSED,gateway:orderServiceCB=0;gateway:inventoryServiceCB=0;gateway:paymentServiceCB=0;order:inventoryServiceCB=0;order:sharedDbCB=0;inventory:paymentServiceCB=0;inventory:sharedDbCB=0;payment:notificationServiceCB=0;payment:sharedDbCB=0;notification:sharedDbCB=0,200,20.036,1952289563,44,45,10.0,9.9789,0.0016,False,49.8947,codespace,
FAN-LAT-CNT-T50-W5-D30,FANOUT,LATENCY,COUNT_BASED,50,5,30,5,LOCAL,full,1,2026-09-02T18:02:42Z,0.25,3.292,31.44,0.175,0.7687,0.0,order-service:0.0875;inventory-service:0.0000;payment-service:0.0000;notification-service:0.0000,True,,30.143,gateway:orderServiceCB=CLOSED;gateway:inventoryServiceCB=CLOSED;gateway:paymentServiceCB=CLOSED;order:inventoryServiceCB=CLOSED;order:sharedDbCB=CLOSED;inventory:paymentServiceCB=CLOSED;inventory:sharedDbCB=CLOSED;payment:notificationServiceCB=CLOSED;payment:sharedDbCB=CLOSED;notification:sharedDbCB=CLOSED,gateway:orderServiceCB=0;gateway:inventoryServiceCB=0;gateway:paymentServiceCB=0;order:inventoryServiceCB=0;order:sharedDbCB=0;inventory:paymentServiceCB=0;inventory:sharedDbCB=0;payment:notificationServiceCB=0;payment:sharedDbCB=0;notification:sharedDbCB=0,200,20.037,1952289563,45,45,10.0,9.9483,0.0038,False,5.0,codespace,
FAN-LAT-CNT-T70-W5-D5,FANOUT,LATENCY,COUNT_BASED,70,5,5,5,LOCAL,full,3,2026-09-02T18:04:16Z,0.25,3.379,6.717,0.15,0.7599,0.0,order-service:0.0750;inventory-service:0.0000;payment-service:0.0000;notification-service:0.0000,True,,29.255,gateway:orderServiceCB=CLOSED;gateway:inventoryServiceCB=CLOSED;gateway:paymentServiceCB=CLOSED;order:inventoryServiceCB=CLOSED;order:sharedDbCB=CLOSED;inventory:paymentServiceCB=CLOSED;inventory:sharedDbCB=CLOSED;payment:notificationServiceCB=CLOSED;payment:sharedDbCB=CLOSED;notification:sharedDbCB=CLOSED,gateway:orderServiceCB=0;gateway:inventoryServiceCB=0;gateway:paymentServiceCB=0;order:inventoryServiceCB=0;order:sharedDbCB=0;inventory:paymentServiceCB=0;inventory:sharedDbCB=0;payment:notificationServiceCB=0;payment:sharedDbCB=0;notification:sharedDbCB=0,200,20.041,1952289563,46,45,10.0,9.9514,0.0021,False,5.0,codespace,
FAN-LAT-CNT-T50-W20-D5,FANOUT,LATENCY,COUNT_BASED,50,20,5,5,LOCAL,full,3,2026-09-02T18:05:54Z,0.25,3.962,7.083,0.3333,0.7819,0.0,order-service:0.1667;inventory-service:0.0000;payment-service:0.0000;notification-service:0.0000,True,,28.965,gateway:orderServiceCB=CLOSED;gateway:inventoryServiceCB=CLOSED;gateway:paymentServiceCB=CLOSED;order:inventoryServiceCB=CLOSED;order:sharedDbCB=CLOSED;inventory:paymentServiceCB=CLOSED;inventory:sharedDbCB=CLOSED;payment:notificationServiceCB=CLOSED;payment:sharedDbCB=CLOSED;notification:sharedDbCB=CLOSED,gateway:orderServiceCB=0;gateway:inventoryServiceCB=0;gateway:paymentServiceCB=0;order:inventoryServiceCB=0;order:sharedDbCB=0;inventory:paymentServiceCB=0;inventory:sharedDbCB=0;payment:notificationServiceCB=0;payment:sharedDbCB=0;notification:sharedDbCB=0,200,20.039,1952289563,47,45,10.0,9.9598,0.003,False,20.0,codespace,
FAN-LAT-CNT-T30-W10-D30,FANOUT,LATENCY,COUNT_BASED,30,10,30,5,LOCAL,full,2,2026-09-02T18:07:52Z,0.25,3.385,31.394,0.175,0.7696,0.0,order-service:0.0875;inventory-service:0.0000;payment-service:0.0000;notification-service:0.0000,True,,29.316,gateway:orderServiceCB=CLOSED;gateway:inventoryServiceCB=CLOSED;gateway:paymentServiceCB=CLOSED;order:inventoryServiceCB=CLOSED;order:sharedDbCB=CLOSED;inventory:paymentServiceCB=CLOSED;inventory:sharedDbCB=CLOSED;payment:notificationServiceCB=CLOSED;payment:sharedDbCB=CLOSED;notification:sharedDbCB=CLOSED,gateway:orderServiceCB=0;gateway:inventoryServiceCB=0;gateway:paymentServiceCB=0;order:inventoryServiceCB=0;order:sharedDbCB=0;inventory:paymentServiceCB=0;inventory:sharedDbCB=0;payment:notificationServiceCB=0;payment:sharedDbCB=0;notification:sharedDbCB=0,200,20.038,1952289563,48,45,10.0,9.9341,0.0088,False,10.0,codespace,
FAN-LAT-TIM-T30-W20-D30,FANOUT,LATENCY,TIME_BASED,30,20,30,5,LOCAL,full,3,2026-09-02T18:10:29Z,0.25,8.25,65.008,0.8567,0.9333,0.0,order-service:0.4283;inventory-service:0.0000;payment-service:0.0000;notification-service:0.0000,True,,29.787,gateway:orderServiceCB=CLOSED;gateway:inventoryServiceCB=CLOSED;gateway:paymentServiceCB=CLOSED;order:inventoryServiceCB=CLOSED;order:sharedDbCB=CLOSED;inventory:paymentServiceCB=CLOSED;inventory:sharedDbCB=CLOSED;payment:notificationServiceCB=CLOSED;payment:sharedDbCB=CLOSED;notification:sharedDbCB=CLOSED,gateway:orderServiceCB=0;gateway:inventoryServiceCB=0;gateway:paymentServiceCB=0;order:inventoryServiceCB=0;order:sharedDbCB=0;inventory:paymentServiceCB=0;inventory:sharedDbCB=0;payment:notificationServiceCB=0;payment:sharedDbCB=0;notification:sharedDbCB=0,200,20.034,1952289563,49,45,10.0,9.983,0.002,False,199.6595,codespace,
FAN-LAT-CNT-T30-W20-D30,FANOUT,LATENCY,COUNT_BASED,30,20,30,5,LOCAL,full,1,2026-09-02T18:12:31Z,0.25,3.728,30.933,0.4,0.8032,0.0,order-service:0.2000;inventory-service:0.0000;payment-service:0.0000;notification-service:0.0000,True,,28.068,gateway:orderServiceCB=CLOSED;gateway:inventoryServiceCB=CLOSED;gateway:paymentServiceCB=CLOSED;order:inventoryServiceCB=CLOSED;order:sharedDbCB=CLOSED;inventory:paymentServiceCB=CLOSED;inventory:sharedDbCB=CLOSED;payment:notificationServiceCB=CLOSED;payment:sharedDbCB=CLOSED;notification:sharedDbCB=CLOSED,gateway:orderServiceCB=0;gateway:inventoryServiceCB=0;gateway:paymentServiceCB=0;order:inventoryServiceCB=0;order:sharedDbCB=0;inventory:paymentServiceCB=0;inventory:sharedDbCB=0;payment:notificationServiceCB=0;payment:sharedDbCB=0;notification:sharedDbCB=0,200,20.044,1952289563,50,45,10.0,9.9603,0.003,False,20.0,codespace,
FAN-LAT-TIM-T70-W20-D15,FANOUT,LATENCY,TIME_BASED,70,20,15,5,LOCAL,full,3,2026-09-02T18:14:44Z,0.25,15.045,35.042,0.6578,0.8445,0.0,order-service:0.3289;inventory-service:0.0000;payment-service:0.0000;notification-service:0.0000,True,,29.714,gateway:orderServiceCB=CLOSED;gateway:inventoryServiceCB=CLOSED;gateway:paymentServiceCB=CLOSED;order:inventoryServiceCB=CLOSED;order:sharedDbCB=CLOSED;inventory:paymentServiceCB=CLOSED;inventory:sharedDbCB=CLOSED;payment:notificationServiceCB=CLOSED;payment:sharedDbCB=CLOSED;notification:sharedDbCB=CLOSED,gateway:orderServiceCB=0;gateway:inventoryServiceCB=0;gateway:paymentServiceCB=0;order:inventoryServiceCB=0;order:sharedDbCB=0;inventory:paymentServiceCB=0;inventory:sharedDbCB=0;payment:notificationServiceCB=0;payment:sharedDbCB=0;notification:sharedDbCB=0,200,20.035,1952289563,51,45,10.0,9.9821,0.0025,False,199.6422,codespace,
FAN-LAT-CNT-T70-W5-D5,FANOUT,LATENCY,COUNT_BASED,70,5,5,5,LOCAL,full,1,2026-09-02T18:16:18Z,0.25,3.485,6.594,0.15,0.7621,0.0,order-service:0.0750;inventory-service:0.0000;payment-service:0.0000;notification-service:0.0000,True,,29.534,gateway:orderServiceCB=CLOSED;gateway:inventoryServiceCB=CLOSED;gateway:paymentServiceCB=CLOSED;order:inventoryServiceCB=CLOSED;order:sharedDbCB=CLOSED;inventory:paymentServiceCB=CLOSED;inventory:sharedDbCB=CLOSED;payment:notificationServiceCB=CLOSED;payment:sharedDbCB=CLOSED;notification:sharedDbCB=CLOSED,gateway:orderServiceCB=0;gateway:inventoryServiceCB=0;gateway:paymentServiceCB=0;order:inventoryServiceCB=0;order:sharedDbCB=0;inventory:paymentServiceCB=0;inventory:sharedDbCB=0;payment:notificationServiceCB=0;payment:sharedDbCB=0;notification:sharedDbCB=0,200,20.035,1952289563,52,45,10.0,9.9551,0.002,False,5.0,codespace,
FAN-LAT-CNT-T30-W10-D30,FANOUT,LATENCY,COUNT_BASED,30,10,30,5,LOCAL,full,1,2026-09-02T18:18:16Z,0.25,3.326,31.386,0.175,0.7662,0.0,order-service:0.0875;inventory-service:0.0000;payment-service:0.0000;notification-service:0.0000,True,,29.362,gateway:orderServiceCB=CLOSED;gateway:inventoryServiceCB=CLOSED;gateway:paymentServiceCB=CLOSED;order:inventoryServiceCB=CLOSED;order:sharedDbCB=CLOSED;inventory:paymentServiceCB=CLOSED;inventory:sharedDbCB=CLOSED;payment:notificationServiceCB=CLOSED;payment:sharedDbCB=CLOSED;notification:sharedDbCB=CLOSED,gateway:orderServiceCB=0;gateway:inventoryServiceCB=0;gateway:paymentServiceCB=0;order:inventoryServiceCB=0;order:sharedDbCB=0;inventory:paymentServiceCB=0;inventory:sharedDbCB=0;payment:notificationServiceCB=0;payment:sharedDbCB=0;notification:sharedDbCB=0,200,20.04,1952289563,53,45,10.0,9.95,0.0025,False,10.0,codespace,
FAN-LAT-TIM-T30-W5-D15,FANOUT,LATENCY,TIME_BASED,30,5,15,5,LOCAL,full,1,2026-09-02T18:20:18Z,0.25,3.74,34.401,0.86,0.9381,0.0,order-service:0.4300;inventory-service:0.0000;payment-service:0.0000;notification-service:0.0000,True,,30.036,gateway:orderServiceCB=CLOSED;gateway:inventoryServiceCB=CLOSED;gateway:paymentServiceCB=CLOSED;order:inventoryServiceCB=CLOSED;order:sharedDbCB=CLOSED;inventory:paymentServiceCB=CLOSED;inventory:sharedDbCB=CLOSED;payment:notificationServiceCB=CLOSED;payment:sharedDbCB=CLOSED;notification:sharedDbCB=CLOSED,gateway:orderServiceCB=0;gateway:inventoryServiceCB=0;gateway:paymentServiceCB=0;order:inventoryServiceCB=0;order:sharedDbCB=0;inventory:paymentServiceCB=0;inventory:sharedDbCB=0;payment:notificationServiceCB=0;payment:sharedDbCB=0;notification:sharedDbCB=0,200,20.04,1952289563,54,45,10.0,9.9804,0.0023,False,49.9019,codespace,
FAN-LAT-TIM-T70-W10-D30,FANOUT,LATENCY,TIME_BASED,70,10,30,5,LOCAL,full,2,2026-09-02T18:22:55Z,0.25,7.746,64.729,0.836,0.9243,0.0,order-service:0.4180;inventory-service:0.0000;payment-service:0.0000;notification-service:0.0000,True,,30.282,gateway:orderServiceCB=CLOSED;gateway:inventoryServiceCB=CLOSED;gateway:paymentServiceCB=CLOSED;order:inventoryServiceCB=CLOSED;order:sharedDbCB=CLOSED;inventory:paymentServiceCB=CLOSED;inventory:sharedDbCB=CLOSED;payment:notificationServiceCB=CLOSED;payment:sharedDbCB=CLOSED;notification:sharedDbCB=CLOSED,gateway:orderServiceCB=0;gateway:inventoryServiceCB=0;gateway:paymentServiceCB=0;order:inventoryServiceCB=0;order:sharedDbCB=0;inventory:paymentServiceCB=0;inventory:sharedDbCB=0;payment:notificationServiceCB=0;payment:sharedDbCB=0;notification:sharedDbCB=0,200,20.04,1952289563,55,45,10.0,9.9825,0.0022,False,99.8253,codespace,
FAN-LAT-TIM-T70-W5-D5,FANOUT,LATENCY,TIME_BASED,70,5,5,5,LOCAL,full,3,2026-09-02T18:24:48Z,0.25,4.372,23.826,0.74,0.8888,0.0,order-service:0.3700;inventory-service:0.0000;payment-service:0.0000;notification-service:0.0000,True,,30.052,gateway:orderServiceCB=CLOSED;gateway:inventoryServiceCB=CLOSED;gateway:paymentServiceCB=CLOSED;order:inventoryServiceCB=CLOSED;order:sharedDbCB=CLOSED;inventory:paymentServiceCB=CLOSED;inventory:sharedDbCB=CLOSED;payment:notificationServiceCB=CLOSED;payment:sharedDbCB=CLOSED;notification:sharedDbCB=CLOSED,gateway:orderServiceCB=0;gateway:inventoryServiceCB=0;gateway:paymentServiceCB=0;order:inventoryServiceCB=0;order:sharedDbCB=0;inventory:paymentServiceCB=0;inventory:sharedDbCB=0;payment:notificationServiceCB=0;payment:sharedDbCB=0;notification:sharedDbCB=0,200,20.046,1952289563,56,45,10.0,9.9792,0.0016,False,49.8962,codespace,
FAN-LAT-CNT-T50-W20-D5,FANOUT,LATENCY,COUNT_BASED,50,20,5,5,LOCAL,full,1,2026-09-02T18:26:22Z,0.25,3.985,7.08,0.3333,0.7823,0.0,order-service:0.1667;inventory-service:0.0000;payment-service:0.0000;notification-service:0.0000,True,,29.865,gateway:orderServiceCB=CLOSED;gateway:inventoryServiceCB=CLOSED;gateway:paymentServiceCB=CLOSED;order:inventoryServiceCB=CLOSED;order:sharedDbCB=CLOSED;inventory:paymentServiceCB=CLOSED;inventory:sharedDbCB=CLOSED;payment:notificationServiceCB=CLOSED;payment:sharedDbCB=CLOSED;notification:sharedDbCB=CLOSED,gateway:orderServiceCB=0;gateway:inventoryServiceCB=0;gateway:paymentServiceCB=0;order:inventoryServiceCB=0;order:sharedDbCB=0;inventory:paymentServiceCB=0;inventory:sharedDbCB=0;payment:notificationServiceCB=0;payment:sharedDbCB=0;notification:sharedDbCB=0,200,20.041,1952289563,57,45,10.0,9.9388,0.0127,False,20.0,codespace,
FAN-LAT-TIM-T30-W5-D5,FANOUT,LATENCY,TIME_BASED,30,5,5,5,LOCAL,full,1,2026-09-02T18:28:13Z,0.25,3.741,23.383,0.77,0.9011,0.0,order-service:0.3850;inventory-service:0.0000;payment-service:0.0000;notification-service:0.0000,True,,29.674,gateway:orderServiceCB=CLOSED;gateway:inventoryServiceCB=CLOSED;gateway:paymentServiceCB=CLOSED;order:inventoryServiceCB=CLOSED;order:sharedDbCB=CLOSED;inventory:paymentServiceCB=CLOSED;inventory:sharedDbCB=CLOSED;payment:notificationServiceCB=CLOSED;payment:sharedDbCB=CLOSED;notification:sharedDbCB=CLOSED,gateway:orderServiceCB=0;gateway:inventoryServiceCB=0;gateway:paymentServiceCB=0;order:inventoryServiceCB=0;order:sharedDbCB=0;inventory:paymentServiceCB=0;inventory:sharedDbCB=0;payment:notificationServiceCB=0;payment:sharedDbCB=0;notification:sharedDbCB=0,200,20.037,1952289563,58,45,10.0,9.9775,0.002,False,49.8874,codespace,
FAN-LAT-TIM-T70-W10-D15,FANOUT,LATENCY,TIME_BASED,70,10,15,5,LOCAL,full,3,2026-09-02T18:30:19Z,0.25,8.031,35.114,0.7571,0.8908,0.0,order-service:0.3786;inventory-service:0.0000;payment-service:0.0000;notification-service:0.0000,True,,29.079,gateway:orderServiceCB=CLOSED;gateway:inventoryServiceCB=CLOSED;gateway:paymentServiceCB=CLOSED;order:inventoryServiceCB=CLOSED;order:sharedDbCB=CLOSED;inventory:paymentServiceCB=CLOSED;inventory:sharedDbCB=CLOSED;payment:notificationServiceCB=CLOSED;payment:sharedDbCB=CLOSED;notification:sharedDbCB=CLOSED,gateway:orderServiceCB=0;gateway:inventoryServiceCB=0;gateway:paymentServiceCB=0;order:inventoryServiceCB=0;order:sharedDbCB=0;inventory:paymentServiceCB=0;inventory:sharedDbCB=0;payment:notificationServiceCB=0;payment:sharedDbCB=0;notification:sharedDbCB=0,200,20.032,1952289563,59,45,10.0,9.9794,0.0029,False,99.7941,codespace,
FAN-LAT-TIM-T70-W20-D5,FANOUT,LATENCY,TIME_BASED,70,20,5,5,LOCAL,full,3,2026-09-02T18:32:22Z,0.25,15.299,24.781,0.5371,0.7923,0.0,order-service:0.2686;inventory-service:0.0000;payment-service:0.0000;notification-service:0.0000,True,,28.822,gateway:orderServiceCB=CLOSED;gateway:inventoryServiceCB=CLOSED;gateway:paymentServiceCB=CLOSED;order:inventoryServiceCB=CLOSED;order:sharedDbCB=CLOSED;inventory:paymentServiceCB=CLOSED;inventory:sharedDbCB=CLOSED;payment:notificationServiceCB=CLOSED;payment:sharedDbCB=CLOSED;notification:sharedDbCB=CLOSED,gateway:orderServiceCB=0;gateway:inventoryServiceCB=0;gateway:paymentServiceCB=0;order:inventoryServiceCB=0;order:sharedDbCB=0;inventory:paymentServiceCB=0;inventory:sharedDbCB=0;payment:notificationServiceCB=0;payment:sharedDbCB=0;notification:sharedDbCB=0,200,20.036,1952289563,60,45,10.0,9.9793,0.0039,False,199.5856,codespace,
FAN-LAT-TIM-T30-W5-D5,FANOUT,LATENCY,TIME_BASED,30,5,5,5,LOCAL,full,2,2026-09-02T18:34:13Z,0.25,3.732,23.407,0.765,0.8988,0.0,order-service:0.3825;inventory-service:0.0000;payment-service:0.0000;notification-service:0.0000,True,,30.339,gateway:orderServiceCB=CLOSED;gateway:inventoryServiceCB=CLOSED;gateway:paymentServiceCB=CLOSED;order:inventoryServiceCB=CLOSED;order:sharedDbCB=CLOSED;inventory:paymentServiceCB=CLOSED;inventory:sharedDbCB=CLOSED;payment:notificationServiceCB=CLOSED;payment:sharedDbCB=CLOSED;notification:sharedDbCB=CLOSED,gateway:orderServiceCB=0;gateway:inventoryServiceCB=0;gateway:paymentServiceCB=0;order:inventoryServiceCB=0;order:sharedDbCB=0;inventory:paymentServiceCB=0;inventory:sharedDbCB=0;payment:notificationServiceCB=0;payment:sharedDbCB=0;notification:sharedDbCB=0,200,20.034,1952289563,61,45,10.0,9.9785,0.0018,False,49.8923,codespace,
FAN-LAT-CNT-T70-W20-D5,FANOUT,LATENCY,COUNT_BASED,70,20,5,5,LOCAL,full,2,2026-09-02T18:35:53Z,0.25,4.413,6.633,0.2667,0.7581,0.0,order-service:0.1333;inventory-service:0.0000;payment-service:0.0000;notification-service:0.0000,True,,30.025,gateway:orderServiceCB=CLOSED;gateway:inventoryServiceCB=CLOSED;gateway:paymentServiceCB=CLOSED;order:inventoryServiceCB=CLOSED;order:sharedDbCB=CLOSED;inventory:paymentServiceCB=CLOSED;inventory:sharedDbCB=CLOSED;payment:notificationServiceCB=CLOSED;payment:sharedDbCB=CLOSED;notification:sharedDbCB=CLOSED,gateway:orderServiceCB=0;gateway:inventoryServiceCB=0;gateway:paymentServiceCB=0;order:inventoryServiceCB=0;order:sharedDbCB=0;inventory:paymentServiceCB=0;inventory:sharedDbCB=0;payment:notificationServiceCB=0;payment:sharedDbCB=0;notification:sharedDbCB=0,200,20.038,1952289563,62,45,10.0,9.9624,0.0025,False,20.0,codespace,
FAN-LAT-TIM-T70-W20-D5,FANOUT,LATENCY,TIME_BASED,70,20,5,5,LOCAL,full,2,2026-09-02T18:37:55Z,0.25,15.082,25.019,0.54,0.7932,0.0,order-service:0.2700;inventory-service:0.0000;payment-service:0.0000;notification-service:0.0000,True,,27.883,gateway:orderServiceCB=CLOSED;gateway:inventoryServiceCB=CLOSED;gateway:paymentServiceCB=CLOSED;order:inventoryServiceCB=CLOSED;order:sharedDbCB=CLOSED;inventory:paymentServiceCB=CLOSED;inventory:sharedDbCB=CLOSED;payment:notificationServiceCB=CLOSED;payment:sharedDbCB=CLOSED;notification:sharedDbCB=CLOSED,gateway:orderServiceCB=0;gateway:inventoryServiceCB=0;gateway:paymentServiceCB=0;order:inventoryServiceCB=0;order:sharedDbCB=0;inventory:paymentServiceCB=0;inventory:sharedDbCB=0;payment:notificationServiceCB=0;payment:sharedDbCB=0;notification:sharedDbCB=0,200,20.035,1952289563,63,45,10.0,9.9802,0.0024,False,199.6042,codespace,
FAN-LAT-CNT-T50-W5-D5,FANOUT,LATENCY,COUNT_BASED,50,5,5,5,LOCAL,full,1,2026-09-02T18:39:29Z,0.25,3.303,6.762,0.175,0.762,0.0,order-service:0.0875;inventory-service:0.0000;payment-service:0.0000;notification-service:0.0000,True,,29.766,gateway:orderServiceCB=CLOSED;gateway:inventoryServiceCB=CLOSED;gateway:paymentServiceCB=CLOSED;order:inventoryServiceCB=CLOSED;order:sharedDbCB=CLOSED;inventory:paymentServiceCB=CLOSED;inventory:sharedDbCB=CLOSED;payment:notificationServiceCB=CLOSED;payment:sharedDbCB=CLOSED;notification:sharedDbCB=CLOSED,gateway:orderServiceCB=0;gateway:inventoryServiceCB=0;gateway:paymentServiceCB=0;order:inventoryServiceCB=0;order:sharedDbCB=0;inventory:paymentServiceCB=0;inventory:sharedDbCB=0;payment:notificationServiceCB=0;payment:sharedDbCB=0;notification:sharedDbCB=0,200,20.035,1952289563,64,45,10.0,9.9504,0.0022,False,5.0,codespace,
FAN-LAT-TIM-T70-W10-D15,FANOUT,LATENCY,TIME_BASED,70,10,15,5,LOCAL,full,1,2026-09-02T18:41:36Z,0.25,8.21,34.935,0.7543,0.8892,0.0,order-service:0.3771;inventory-service:0.0000;payment-service:0.0000;notification-service:0.0000,True,,29.953,gateway:orderServiceCB=CLOSED;gateway:inventoryServiceCB=CLOSED;gateway:paymentServiceCB=CLOSED;order:inventoryServiceCB=CLOSED;order:sharedDbCB=CLOSED;inventory:paymentServiceCB=CLOSED;inventory:sharedDbCB=CLOSED;payment:notificationServiceCB=CLOSED;payment:sharedDbCB=CLOSED;notification:sharedDbCB=CLOSED,gateway:orderServiceCB=0;gateway:inventoryServiceCB=0;gateway:paymentServiceCB=0;order:inventoryServiceCB=0;order:sharedDbCB=0;inventory:paymentServiceCB=0;inventory:sharedDbCB=0;payment:notificationServiceCB=0;payment:sharedDbCB=0;notification:sharedDbCB=0,200,20.04,1952289563,65,45,10.0,9.9808,0.0016,False,99.8081,codespace,
FAN-LAT-CNT-T50-W5-D15,FANOUT,LATENCY,COUNT_BASED,50,5,15,5,LOCAL,full,2,2026-09-02T18:43:18Z,0.25,3.284,16.02,0.175,0.7686,0.0,order-service:0.0875;inventory-service:0.0000;payment-service:0.0000;notification-service:0.0000,True,,28.246,gateway:orderServiceCB=CLOSED;gateway:inventoryServiceCB=CLOSED;gateway:paymentServiceCB=CLOSED;order:inventoryServiceCB=CLOSED;order:sharedDbCB=CLOSED;inventory:paymentServiceCB=CLOSED;inventory:sharedDbCB=CLOSED;payment:notificationServiceCB=CLOSED;payment:sharedDbCB=CLOSED;notification:sharedDbCB=CLOSED,gateway:orderServiceCB=0;gateway:inventoryServiceCB=0;gateway:paymentServiceCB=0;order:inventoryServiceCB=0;order:sharedDbCB=0;inventory:paymentServiceCB=0;inventory:sharedDbCB=0;payment:notificationServiceCB=0;payment:sharedDbCB=0;notification:sharedDbCB=0,200,20.035,1952289563,66,45,10.0,9.9477,0.0028,False,5.0,codespace,
FAN-LAT-TIM-T30-W10-D5,FANOUT,LATENCY,TIME_BASED,30,10,5,5,LOCAL,full,3,2026-09-02T18:45:17Z,0.25,5.483,24.593,0.744,0.8863,0.0,order-service:0.3720;inventory-service:0.0000;payment-service:0.0000;notification-service:0.0000,True,,29.379,gateway:orderServiceCB=CLOSED;gateway:inventoryServiceCB=CLOSED;gateway:paymentServiceCB=CLOSED;order:inventoryServiceCB=CLOSED;order:sharedDbCB=CLOSED;inventory:paymentServiceCB=CLOSED;inventory:sharedDbCB=CLOSED;payment:notificationServiceCB=CLOSED;payment:sharedDbCB=CLOSED;notification:sharedDbCB=CLOSED,gateway:orderServiceCB=0;gateway:inventoryServiceCB=0;gateway:paymentServiceCB=0;order:inventoryServiceCB=0;order:sharedDbCB=0;inventory:paymentServiceCB=0;inventory:sharedDbCB=0;payment:notificationServiceCB=0;payment:sharedDbCB=0;notification:sharedDbCB=0,200,20.041,1952289563,67,45,10.0,9.9808,0.0016,False,99.8076,codespace,
FAN-LAT-TIM-T30-W20-D5,FANOUT,LATENCY,TIME_BASED,30,20,5,5,LOCAL,full,2,2026-09-02T18:47:27Z,0.25,8.419,31.645,0.7171,0.873,0.0,order-service:0.3586;inventory-service:0.0000;payment-service:0.0000;notification-service:0.0000,True,,30.113,gateway:orderServiceCB=CLOSED;gateway:inventoryServiceCB=CLOSED;gateway:paymentServiceCB=CLOSED;order:inventoryServiceCB=CLOSED;order:sharedDbCB=CLOSED;inventory:paymentServiceCB=CLOSED;inventory:sharedDbCB=CLOSED;payment:notificationServiceCB=CLOSED;payment:sharedDbCB=CLOSED;notification:sharedDbCB=CLOSED,gateway:orderServiceCB=0;gateway:inventoryServiceCB=0;gateway:paymentServiceCB=0;order:inventoryServiceCB=0;order:sharedDbCB=0;inventory:paymentServiceCB=0;inventory:sharedDbCB=0;payment:notificationServiceCB=0;payment:sharedDbCB=0;notification:sharedDbCB=0,200,20.035,1952289563,68,45,10.0,9.9816,0.0017,False,199.6324,codespace,
FAN-LAT-CNT-T50-W20-D30,FANOUT,LATENCY,COUNT_BASED,50,20,30,5,LOCAL,full,1,2026-09-02T18:49:26Z,0.25,3.963,31.717,0.3333,0.7817,0.0,order-service:0.1667;inventory-service:0.0000;payment-service:0.0000;notification-service:0.0000,True,,30.083,gateway:orderServiceCB=CLOSED;gateway:inventoryServiceCB=CLOSED;gateway:paymentServiceCB=CLOSED;order:inventoryServiceCB=CLOSED;order:sharedDbCB=CLOSED;inventory:paymentServiceCB=CLOSED;inventory:sharedDbCB=CLOSED;payment:notificationServiceCB=CLOSED;payment:sharedDbCB=CLOSED;notification:sharedDbCB=CLOSED,gateway:orderServiceCB=0;gateway:inventoryServiceCB=0;gateway:paymentServiceCB=0;order:inventoryServiceCB=0;order:sharedDbCB=0;inventory:paymentServiceCB=0;inventory:sharedDbCB=0;payment:notificationServiceCB=0;payment:sharedDbCB=0;notification:sharedDbCB=0,200,20.037,1952289563,69,45,10.0,9.96,0.0029,False,20.0,codespace,
FAN-LAT-CNT-T30-W20-D5,FANOUT,LATENCY,COUNT_BASED,30,20,5,5,LOCAL,full,2,2026-09-02T18:51:01Z,0.25,3.745,7.316,0.4,0.8019,0.0,order-service:0.2000;inventory-service:0.0000;payment-service:0.0000;notification-service:0.0000,True,,29.658,gateway:orderServiceCB=CLOSED;gateway:inventoryServiceCB=CLOSED;gateway:paymentServiceCB=CLOSED;order:inventoryServiceCB=CLOSED;order:sharedDbCB=CLOSED;inventory:paymentServiceCB=CLOSED;inventory:sharedDbCB=CLOSED;payment:notificationServiceCB=CLOSED;payment:sharedDbCB=CLOSED;notification:sharedDbCB=CLOSED,gateway:orderServiceCB=0;gateway:inventoryServiceCB=0;gateway:paymentServiceCB=0;order:inventoryServiceCB=0;order:sharedDbCB=0;inventory:paymentServiceCB=0;inventory:sharedDbCB=0;payment:notificationServiceCB=0;payment:sharedDbCB=0;notification:sharedDbCB=0,200,20.042,1952289563,70,45,10.0,9.9566,0.0042,False,20.0,codespace,
FAN-LAT-TIM-T30-W20-D15,FANOUT,LATENCY,TIME_BASED,30,20,15,5,LOCAL,full,2,2026-09-02T18:53:26Z,0.25,8.257,53.111,0.7978,0.9064,0.0,order-service:0.3989;inventory-service:0.0000;payment-service:0.0000;notification-service:0.0000,True,,30.015,gateway:orderServiceCB=CLOSED;gateway:inventoryServiceCB=CLOSED;gateway:paymentServiceCB=CLOSED;order:inventoryServiceCB=CLOSED;order:sharedDbCB=CLOSED;inventory:paymentServiceCB=CLOSED;inventory:sharedDbCB=CLOSED;payment:notificationServiceCB=CLOSED;payment:sharedDbCB=CLOSED;notification:sharedDbCB=CLOSED,gateway:orderServiceCB=0;gateway:inventoryServiceCB=0;gateway:paymentServiceCB=0;order:inventoryServiceCB=0;order:sharedDbCB=0;inventory:paymentServiceCB=0;inventory:sharedDbCB=0;payment:notificationServiceCB=0;payment:sharedDbCB=0;notification:sharedDbCB=0,200,20.038,1952289563,71,45,10.0,9.9811,0.0026,False,199.6211,codespace,
FAN-LAT-CNT-T50-W10-D15,FANOUT,LATENCY,COUNT_BASED,50,10,15,5,LOCAL,full,2,2026-09-02T18:55:15Z,0.25,3.556,16.819,0.125,0.7544,0.0,order-service:0.0625;inventory-service:0.0000;payment-service:0.0000;notification-service:0.0000,True,,29.454,gateway:orderServiceCB=CLOSED;gateway:inventoryServiceCB=CLOSED;gateway:paymentServiceCB=CLOSED;order:inventoryServiceCB=CLOSED;order:sharedDbCB=CLOSED;inventory:paymentServiceCB=CLOSED;inventory:sharedDbCB=CLOSED;payment:notificationServiceCB=CLOSED;payment:sharedDbCB=CLOSED;notification:sharedDbCB=CLOSED,gateway:orderServiceCB=0;gateway:inventoryServiceCB=0;gateway:paymentServiceCB=0;order:inventoryServiceCB=0;order:sharedDbCB=0;inventory:paymentServiceCB=0;inventory:sharedDbCB=0;payment:notificationServiceCB=0;payment:sharedDbCB=0;notification:sharedDbCB=0,200,20.037,1952289563,72,45,10.0,9.9478,0.004,False,10.0,codespace,
FAN-LAT-CNT-T50-W20-D5,FANOUT,LATENCY,COUNT_BASED,50,20,5,5,LOCAL,full,2,2026-09-02T18:56:52Z,0.25,3.964,7.069,0.3333,0.782,0.0,order-service:0.1667;inventory-service:0.0000;payment-service:0.0000;notification-service:0.0000,True,,30.957,gateway:orderServiceCB=CLOSED;gateway:inventoryServiceCB=CLOSED;gateway:paymentServiceCB=CLOSED;order:inventoryServiceCB=CLOSED;order:sharedDbCB=CLOSED;inventory:paymentServiceCB=CLOSED;inventory:sharedDbCB=CLOSED;payment:notificationServiceCB=CLOSED;payment:sharedDbCB=CLOSED;notification:sharedDbCB=CLOSED,gateway:orderServiceCB=0;gateway:inventoryServiceCB=0;gateway:paymentServiceCB=0;order:inventoryServiceCB=0;order:sharedDbCB=0;inventory:paymentServiceCB=0;inventory:sharedDbCB=0;payment:notificationServiceCB=0;payment:sharedDbCB=0;notification:sharedDbCB=0,200,20.045,1952289563,73,45,10.0,9.9546,0.0043,False,20.0,codespace,
FAN-LAT-CNT-T70-W20-D15,FANOUT,LATENCY,COUNT_BASED,70,20,15,5,LOCAL,full,1,2026-09-02T18:58:36Z,0.25,4.519,16.891,0.2833,0.7661,0.0,order-service:0.1417;inventory-service:0.0000;payment-service:0.0000;notification-service:0.0000,True,,29.047,gateway:orderServiceCB=CLOSED;gateway:inventoryServiceCB=CLOSED;gateway:paymentServiceCB=CLOSED;order:inventoryServiceCB=CLOSED;order:sharedDbCB=CLOSED;inventory:paymentServiceCB=CLOSED;inventory:sharedDbCB=CLOSED;payment:notificationServiceCB=CLOSED;payment:sharedDbCB=CLOSED;notification:sharedDbCB=CLOSED,gateway:orderServiceCB=0;gateway:inventoryServiceCB=0;gateway:paymentServiceCB=0;order:inventoryServiceCB=0;order:sharedDbCB=0;inventory:paymentServiceCB=0;inventory:sharedDbCB=0;payment:notificationServiceCB=0;payment:sharedDbCB=0;notification:sharedDbCB=0,200,20.039,1952289563,74,45,10.0,9.9491,0.0063,False,20.0,codespace,
FAN-LAT-CNT-T70-W5-D30,FANOUT,LATENCY,COUNT_BASED,70,5,30,5,LOCAL,full,2,2026-09-02T19:00:40Z,0.25,3.359,31.43,0.15,0.7549,0.0,order-service:0.0750;inventory-service:0.0000;payment-service:0.0000;notification-service:0.0000,True,,30.139,gateway:orderServiceCB=CLOSED;gateway:inventoryServiceCB=CLOSED;gateway:paymentServiceCB=CLOSED;order:inventoryServiceCB=CLOSED;order:sharedDbCB=CLOSED;inventory:paymentServiceCB=CLOSED;inventory:sharedDbCB=CLOSED;payment:notificationServiceCB=CLOSED;payment:sharedDbCB=CLOSED;notification:sharedDbCB=CLOSED,gateway:orderServiceCB=0;gateway:inventoryServiceCB=0;gateway:paymentServiceCB=0;order:inventoryServiceCB=0;order:sharedDbCB=0;inventory:paymentServiceCB=0;inventory:sharedDbCB=0;payment:notificationServiceCB=0;payment:sharedDbCB=0;notification:sharedDbCB=0,200,20.037,1952289563,75,45,10.0,9.95,0.0021,False,5.0,codespace,
FAN-LAT-TIM-T70-W5-D30,FANOUT,LATENCY,TIME_BASED,70,5,30,5,LOCAL,full,2,2026-09-02T19:03:13Z,0.25,3.991,64.493,0.9022,0.955,0.0,order-service:0.4511;inventory-service:0.0000;payment-service:0.0000;notification-service:0.0000,True,,30.277,gateway:orderServiceCB=CLOSED;gateway:inventoryServiceCB=CLOSED;gateway:paymentServiceCB=CLOSED;order:inventoryServiceCB=CLOSED;order:sharedDbCB=CLOSED;inventory:paymentServiceCB=CLOSED;inventory:sharedDbCB=CLOSED;payment:notificationServiceCB=CLOSED;payment:sharedDbCB=CLOSED;notification:sharedDbCB=CLOSED,gateway:orderServiceCB=0;gateway:inventoryServiceCB=0;gateway:paymentServiceCB=0;order:inventoryServiceCB=0;order:sharedDbCB=0;inventory:paymentServiceCB=0;inventory:sharedDbCB=0;payment:notificationServiceCB=0;payment:sharedDbCB=0;notification:sharedDbCB=0,200,20.041,1952289563,76,45,10.0,9.9823,0.0017,False,49.9114,codespace,
FAN-LAT-TIM-T30-W20-D5,FANOUT,LATENCY,TIME_BASED,30,20,5,5,LOCAL,full,3,2026-09-02T19:05:18Z,0.25,8.228,31.862,0.7257,0.8772,0.0,order-service:0.3629;inventory-service:0.0000;payment-service:0.0000;notification-service:0.0000,True,,31.415,gateway:orderServiceCB=CLOSED;gateway:inventoryServiceCB=CLOSED;gateway:paymentServiceCB=CLOSED;order:inventoryServiceCB=CLOSED;order:sharedDbCB=CLOSED;inventory:paymentServiceCB=CLOSED;inventory:sharedDbCB=CLOSED;payment:notificationServiceCB=CLOSED;payment:sharedDbCB=CLOSED;notification:sharedDbCB=CLOSED,gateway:orderServiceCB=0;gateway:inventoryServiceCB=0;gateway:paymentServiceCB=0;order:inventoryServiceCB=0;order:sharedDbCB=0;inventory:paymentServiceCB=0;inventory:sharedDbCB=0;payment:notificationServiceCB=0;payment:sharedDbCB=0;notification:sharedDbCB=0,200,20.038,1952289563,77,45,10.0,9.9803,0.0034,False,199.6051,codespace,
FAN-LAT-CNT-T70-W20-D15,FANOUT,LATENCY,COUNT_BASED,70,20,15,5,LOCAL,full,2,2026-09-02T19:07:04Z,0.25,4.361,16.976,0.2667,0.7601,0.0,order-service:0.1333;inventory-service:0.0000;payment-service:0.0000;notification-service:0.0000,True,,30.36,gateway:orderServiceCB=CLOSED;gateway:inventoryServiceCB=CLOSED;gateway:paymentServiceCB=CLOSED;order:inventoryServiceCB=CLOSED;order:sharedDbCB=CLOSED;inventory:paymentServiceCB=CLOSED;inventory:sharedDbCB=CLOSED;payment:notificationServiceCB=CLOSED;payment:sharedDbCB=CLOSED;notification:sharedDbCB=CLOSED,gateway:orderServiceCB=0;gateway:inventoryServiceCB=0;gateway:paymentServiceCB=0;order:inventoryServiceCB=0;order:sharedDbCB=0;inventory:paymentServiceCB=0;inventory:sharedDbCB=0;payment:notificationServiceCB=0;payment:sharedDbCB=0;notification:sharedDbCB=0,200,20.039,1952289563,78,45,10.0,9.9508,0.0052,False,20.0,codespace,
FAN-LAT-CNT-T50-W5-D5,FANOUT,LATENCY,COUNT_BASED,50,5,5,5,LOCAL,full,3,2026-09-02T19:08:43Z,0.25,3.342,6.748,0.175,0.7677,0.0,order-service:0.0875;inventory-service:0.0000;payment-service:0.0000;notification-service:0.0000,True,,30.242,gateway:orderServiceCB=CLOSED;gateway:inventoryServiceCB=CLOSED;gateway:paymentServiceCB=CLOSED;order:inventoryServiceCB=CLOSED;order:sharedDbCB=CLOSED;inventory:paymentServiceCB=CLOSED;inventory:sharedDbCB=CLOSED;payment:notificationServiceCB=CLOSED;payment:sharedDbCB=CLOSED;notification:sharedDbCB=CLOSED,gateway:orderServiceCB=0;gateway:inventoryServiceCB=0;gateway:paymentServiceCB=0;order:inventoryServiceCB=0;order:sharedDbCB=0;inventory:paymentServiceCB=0;inventory:sharedDbCB=0;payment:notificationServiceCB=0;payment:sharedDbCB=0;notification:sharedDbCB=0,200,20.042,1952289563,79,45,10.0,9.9504,0.0027,False,5.0,codespace,
FAN-LAT-CNT-T70-W5-D30,FANOUT,LATENCY,COUNT_BASED,70,5,30,5,LOCAL,full,1,2026-09-02T19:10:41Z,0.25,3.54,31.174,0.15,0.7608,0.0,order-service:0.0750;inventory-service:0.0000;payment-service:0.0000;notification-service:0.0000,True,,29.593,gateway:orderServiceCB=CLOSED;gateway:inventoryServiceCB=CLOSED;gateway:paymentServiceCB=CLOSED;order:inventoryServiceCB=CLOSED;order:sharedDbCB=CLOSED;inventory:paymentServiceCB=CLOSED;inventory:sharedDbCB=CLOSED;payment:notificationServiceCB=CLOSED;payment:sharedDbCB=CLOSED;notification:sharedDbCB=CLOSED,gateway:orderServiceCB=0;gateway:inventoryServiceCB=0;gateway:paymentServiceCB=0;order:inventoryServiceCB=0;order:sharedDbCB=0;inventory:paymentServiceCB=0;inventory:sharedDbCB=0;payment:notificationServiceCB=0;payment:sharedDbCB=0;notification:sharedDbCB=0,200,20.043,1952289563,80,45,10.0,9.9488,0.0026,False,5.0,codespace,
FAN-LAT-CNT-T50-W10-D30,FANOUT,LATENCY,COUNT_BASED,50,10,30,5,LOCAL,full,1,2026-09-02T19:12:40Z,0.25,3.479,31.201,0.125,0.7486,0.0,order-service:0.0625;inventory-service:0.0000;payment-service:0.0000;notification-service:0.0000,True,,29.731,gateway:orderServiceCB=CLOSED;gateway:inventoryServiceCB=CLOSED;gateway:paymentServiceCB=CLOSED;order:inventoryServiceCB=CLOSED;order:sharedDbCB=CLOSED;inventory:paymentServiceCB=CLOSED;inventory:sharedDbCB=CLOSED;payment:notificationServiceCB=CLOSED;payment:sharedDbCB=CLOSED;notification:sharedDbCB=CLOSED,gateway:orderServiceCB=0;gateway:inventoryServiceCB=0;gateway:paymentServiceCB=0;order:inventoryServiceCB=0;order:sharedDbCB=0;inventory:paymentServiceCB=0;inventory:sharedDbCB=0;payment:notificationServiceCB=0;payment:sharedDbCB=0;notification:sharedDbCB=0,200,20.043,1952289563,81,45,10.0,9.9471,0.0039,False,10.0,codespace,
FAN-LAT-TIM-T30-W5-D15,FANOUT,LATENCY,TIME_BASED,30,5,15,5,LOCAL,full,2,2026-09-02T19:14:42Z,0.25,3.783,34.355,0.86,0.9375,0.0,order-service:0.4300;inventory-service:0.0000;payment-service:0.0000;notification-service:0.0000,True,,30.139,gateway:orderServiceCB=CLOSED;gateway:inventoryServiceCB=CLOSED;gateway:paymentServiceCB=CLOSED;order:inventoryServiceCB=CLOSED;order:sharedDbCB=CLOSED;inventory:paymentServiceCB=CLOSED;inventory:sharedDbCB=CLOSED;payment:notificationServiceCB=CLOSED;payment:sharedDbCB=CLOSED;notification:sharedDbCB=CLOSED,gateway:orderServiceCB=0;gateway:inventoryServiceCB=0;gateway:paymentServiceCB=0;order:inventoryServiceCB=0;order:sharedDbCB=0;inventory:paymentServiceCB=0;inventory:sharedDbCB=0;payment:notificationServiceCB=0;payment:sharedDbCB=0;notification:sharedDbCB=0,200,20.045,1952289563,82,45,10.0,9.9763,0.0086,False,49.8815,codespace,
FAN-LAT-CNT-T30-W10-D5,FANOUT,LATENCY,COUNT_BASED,30,10,5,5,LOCAL,full,2,2026-09-02T19:16:17Z,0.25,3.31,6.811,0.175,0.7575,0.0,order-service:0.0875;inventory-service:0.0000;payment-service:0.0000;notification-service:0.0000,True,,29.845,gateway:orderServiceCB=CLOSED;gateway:inventoryServiceCB=CLOSED;gateway:paymentServiceCB=CLOSED;order:inventoryServiceCB=CLOSED;order:sharedDbCB=CLOSED;inventory:paymentServiceCB=CLOSED;inventory:sharedDbCB=CLOSED;payment:notificationServiceCB=CLOSED;payment:sharedDbCB=CLOSED;notification:sharedDbCB=CLOSED,gateway:orderServiceCB=0;gateway:inventoryServiceCB=0;gateway:paymentServiceCB=0;order:inventoryServiceCB=0;order:sharedDbCB=0;inventory:paymentServiceCB=0;inventory:sharedDbCB=0;payment:notificationServiceCB=0;payment:sharedDbCB=0;notification:sharedDbCB=0,200,20.033,1952289563,83,45,10.0,9.9459,0.0042,False,10.0,codespace,
FAN-LAT-CNT-T50-W10-D5,FANOUT,LATENCY,COUNT_BASED,50,10,5,5,LOCAL,full,3,2026-09-02T19:17:51Z,0.25,3.539,6.533,0.125,0.7527,0.0,order-service:0.0625;inventory-service:0.0000;payment-service:0.0000;notification-service:0.0000,True,,30.082,gateway:orderServiceCB=CLOSED;gateway:inventoryServiceCB=CLOSED;gateway:paymentServiceCB=CLOSED;order:inventoryServiceCB=CLOSED;order:sharedDbCB=CLOSED;inventory:paymentServiceCB=CLOSED;inventory:sharedDbCB=CLOSED;payment:notificationServiceCB=CLOSED;payment:sharedDbCB=CLOSED;notification:sharedDbCB=CLOSED,gateway:orderServiceCB=0;gateway:inventoryServiceCB=0;gateway:paymentServiceCB=0;order:inventoryServiceCB=0;order:sharedDbCB=0;inventory:paymentServiceCB=0;inventory:sharedDbCB=0;payment:notificationServiceCB=0;payment:sharedDbCB=0;notification:sharedDbCB=0,200,20.036,1952289563,84,45,10.0,9.9475,0.003,False,10.0,codespace,
FAN-LAT-CNT-T50-W20-D15,FANOUT,LATENCY,COUNT_BASED,50,20,15,5,LOCAL,full,3,2026-09-02T19:19:39Z,0.25,3.963,16.349,0.3333,0.7804,0.0,order-service:0.1667;inventory-service:0.0000;payment-service:0.0000;notification-service:0.0000,True,,29.064,gateway:orderServiceCB=CLOSED;gateway:inventoryServiceCB=CLOSED;gateway:paymentServiceCB=CLOSED;order:inventoryServiceCB=CLOSED;order:sharedDbCB=CLOSED;inventory:paymentServiceCB=CLOSED;inventory:sharedDbCB=CLOSED;payment:notificationServiceCB=CLOSED;payment:sharedDbCB=CLOSED;notification:sharedDbCB=CLOSED,gateway:orderServiceCB=0;gateway:inventoryServiceCB=0;gateway:paymentServiceCB=0;order:inventoryServiceCB=0;order:sharedDbCB=0;inventory:paymentServiceCB=0;inventory:sharedDbCB=0;payment:notificationServiceCB=0;payment:sharedDbCB=0;notification:sharedDbCB=0,200,20.036,1952289563,85,45,10.0,9.9591,0.0037,False,20.0,codespace,
FAN-LAT-TIM-T30-W10-D15,FANOUT,LATENCY,TIME_BASED,30,10,15,5,LOCAL,full,1,2026-09-02T19:21:42Z,0.25,5.257,34.824,0.84,0.9283,0.0,order-service:0.4200;inventory-service:0.0000;payment-service:0.0000;notification-service:0.0000,True,,28.94,gateway:orderServiceCB=CLOSED;gateway:inventoryServiceCB=CLOSED;gateway:paymentServiceCB=CLOSED;order:inventoryServiceCB=CLOSED;order:sharedDbCB=CLOSED;inventory:paymentServiceCB=CLOSED;inventory:sharedDbCB=CLOSED;payment:notificationServiceCB=CLOSED;payment:sharedDbCB=CLOSED;notification:sharedDbCB=CLOSED,gateway:orderServiceCB=0;gateway:inventoryServiceCB=0;gateway:paymentServiceCB=0;order:inventoryServiceCB=0;order:sharedDbCB=0;inventory:paymentServiceCB=0;inventory:sharedDbCB=0;payment:notificationServiceCB=0;payment:sharedDbCB=0;notification:sharedDbCB=0,200,20.038,1952289563,86,45,10.0,9.981,0.0018,False,99.8096,codespace,
FAN-LAT-CNT-T70-W10-D5,FANOUT,LATENCY,COUNT_BASED,70,10,5,5,LOCAL,full,2,2026-09-02T19:23:15Z,0.25,3.72,6.363,0.1,0.7376,0.0,order-service:0.0500;inventory-service:0.0000;payment-service:0.0000;notification-service:0.0000,True,,29.338,gateway:orderServiceCB=CLOSED;gateway:inventoryServiceCB=CLOSED;gateway:paymentServiceCB=CLOSED;order:inventoryServiceCB=CLOSED;order:sharedDbCB=CLOSED;inventory:paymentServiceCB=CLOSED;inventory:sharedDbCB=CLOSED;payment:notificationServiceCB=CLOSED;payment:sharedDbCB=CLOSED;notification:sharedDbCB=CLOSED,gateway:orderServiceCB=0;gateway:inventoryServiceCB=0;gateway:paymentServiceCB=0;order:inventoryServiceCB=0;order:sharedDbCB=0;inventory:paymentServiceCB=0;inventory:sharedDbCB=0;payment:notificationServiceCB=0;payment:sharedDbCB=0;notification:sharedDbCB=0,200,20.035,1952289563,87,45,10.0,9.9407,0.0059,False,10.0,codespace,
FAN-LAT-CNT-T50-W10-D15,FANOUT,LATENCY,COUNT_BASED,50,10,15,5,LOCAL,full,3,2026-09-02T19:25:00Z,0.25,3.54,16.838,0.125,0.7552,0.0,order-service:0.0625;inventory-service:0.0000;payment-service:0.0000;notification-service:0.0000,True,,30.71,gateway:orderServiceCB=CLOSED;gateway:inventoryServiceCB=CLOSED;gateway:paymentServiceCB=CLOSED;order:inventoryServiceCB=CLOSED;order:sharedDbCB=CLOSED;inventory:paymentServiceCB=CLOSED;inventory:sharedDbCB=CLOSED;payment:notificationServiceCB=CLOSED;payment:sharedDbCB=CLOSED;notification:sharedDbCB=CLOSED,gateway:orderServiceCB=0;gateway:inventoryServiceCB=0;gateway:paymentServiceCB=0;order:inventoryServiceCB=0;order:sharedDbCB=0;inventory:paymentServiceCB=0;inventory:sharedDbCB=0;payment:notificationServiceCB=0;payment:sharedDbCB=0;notification:sharedDbCB=0,200,20.04,1952289563,88,45,10.0,9.9452,0.0044,False,10.0,codespace,
FAN-LAT-CNT-T30-W5-D15,FANOUT,LATENCY,COUNT_BASED,30,5,15,5,LOCAL,full,3,2026-09-02T19:26:50Z,0.25,3.41,15.917,0.2,0.7754,0.0,order-service:0.1000;inventory-service:0.0000;payment-service:0.0000;notification-service:0.0000,True,,32.025,gateway:orderServiceCB=CLOSED;gateway:inventoryServiceCB=CLOSED;gateway:paymentServiceCB=CLOSED;order:inventoryServiceCB=CLOSED;order:sharedDbCB=CLOSED;inventory:paymentServiceCB=CLOSED;inventory:sharedDbCB=CLOSED;payment:notificationServiceCB=CLOSED;payment:sharedDbCB=CLOSED;notification:sharedDbCB=CLOSED,gateway:orderServiceCB=0;gateway:inventoryServiceCB=0;gateway:paymentServiceCB=0;order:inventoryServiceCB=0;order:sharedDbCB=0;inventory:paymentServiceCB=0;inventory:sharedDbCB=0;payment:notificationServiceCB=0;payment:sharedDbCB=0;notification:sharedDbCB=0,200,20.042,1952289563,89,45,10.0,9.9436,0.0037,False,5.0,codespace,
FAN-LAT-TIM-T50-W20-D15,FANOUT,LATENCY,TIME_BASED,50,20,15,5,LOCAL,full,1,2026-09-02T19:29:10Z,0.25,11.624,38.46,0.7289,0.8738,0.0,order-service:0.3644;inventory-service:0.0000;payment-service:0.0000;notification-service:0.0000,True,,29.951,gateway:orderServiceCB=CLOSED;gateway:inventoryServiceCB=CLOSED;gateway:paymentServiceCB=CLOSED;order:inventoryServiceCB=CLOSED;order:sharedDbCB=CLOSED;inventory:paymentServiceCB=CLOSED;inventory:sharedDbCB=CLOSED;payment:notificationServiceCB=CLOSED;payment:sharedDbCB=CLOSED;notification:sharedDbCB=CLOSED,gateway:orderServiceCB=0;gateway:inventoryServiceCB=0;gateway:paymentServiceCB=0;order:inventoryServiceCB=0;order:sharedDbCB=0;inventory:paymentServiceCB=0;inventory:sharedDbCB=0;payment:notificationServiceCB=0;payment:sharedDbCB=0;notification:sharedDbCB=0,200,20.036,1952289563,90,45,10.0,9.982,0.0015,False,199.6402,codespace,
FAN-LAT-CNT-T30-W5-D15,FANOUT,LATENCY,COUNT_BASED,30,5,15,5,LOCAL,full,2,2026-09-02T19:30:53Z,0.25,3.359,15.958,0.2,0.7754,0.0,order-service:0.1000;inventory-service:0.0000;payment-service:0.0000;notification-service:0.0000,True,,30.044,gateway:orderServiceCB=CLOSED;gateway:inventoryServiceCB=CLOSED;gateway:paymentServiceCB=CLOSED;order:inventoryServiceCB=CLOSED;order:sharedDbCB=CLOSED;inventory:paymentServiceCB=CLOSED;inventory:sharedDbCB=CLOSED;payment:notificationServiceCB=CLOSED;payment:sharedDbCB=CLOSED;notification:sharedDbCB=CLOSED,gateway:orderServiceCB=0;gateway:inventoryServiceCB=0;gateway:paymentServiceCB=0;order:inventoryServiceCB=0;order:sharedDbCB=0;inventory:paymentServiceCB=0;inventory:sharedDbCB=0;payment:notificationServiceCB=0;payment:sharedDbCB=0;notification:sharedDbCB=0,200,20.062,1952289563,91,45,10.0,9.9462,0.0034,False,5.0,codespace,
FAN-LAT-CNT-T30-W5-D15,FANOUT,LATENCY,COUNT_BASED,30,5,15,5,LOCAL,full,1,2026-09-02T19:32:37Z,0.25,3.283,16.033,0.2,0.7761,0.0,order-service:0.1000;inventory-service:0.0000;payment-service:0.0000;notification-service:0.0000,True,,31.081,gateway:orderServiceCB=CLOSED;gateway:inventoryServiceCB=CLOSED;gateway:paymentServiceCB=CLOSED;order:inventoryServiceCB=CLOSED;order:sharedDbCB=CLOSED;inventory:paymentServiceCB=CLOSED;inventory:sharedDbCB=CLOSED;payment:notificationServiceCB=CLOSED;payment:sharedDbCB=CLOSED;notification:sharedDbCB=CLOSED,gateway:orderServiceCB=0;gateway:inventoryServiceCB=0;gateway:paymentServiceCB=0;order:inventoryServiceCB=0;order:sharedDbCB=0;inventory:paymentServiceCB=0;inventory:sharedDbCB=0;payment:notificationServiceCB=0;payment:sharedDbCB=0;notification:sharedDbCB=0,200,20.036,1952289563,92,45,10.0,9.9456,0.0035,False,5.0,codespace,
FAN-LAT-CNT-T30-W20-D30,FANOUT,LATENCY,COUNT_BASED,30,20,30,5,LOCAL,full,3,2026-09-02T19:34:34Z,0.25,3.722,30.948,0.4,0.8,0.0,order-service:0.2000;inventory-service:0.0000;payment-service:0.0000;notification-service:0.0000,True,,27.941,gateway:orderServiceCB=CLOSED;gateway:inventoryServiceCB=CLOSED;gateway:paymentServiceCB=CLOSED;order:inventoryServiceCB=CLOSED;order:sharedDbCB=CLOSED;inventory:paymentServiceCB=CLOSED;inventory:sharedDbCB=CLOSED;payment:notificationServiceCB=CLOSED;payment:sharedDbCB=CLOSED;notification:sharedDbCB=CLOSED,gateway:orderServiceCB=0;gateway:inventoryServiceCB=0;gateway:paymentServiceCB=0;order:inventoryServiceCB=0;order:sharedDbCB=0;inventory:paymentServiceCB=0;inventory:sharedDbCB=0;payment:notificationServiceCB=0;payment:sharedDbCB=0;notification:sharedDbCB=0,200,20.05,1952289563,93,45,10.0,9.9552,0.0043,False,20.0,codespace,
FAN-LAT-TIM-T50-W20-D5,FANOUT,LATENCY,TIME_BASED,50,20,5,5,LOCAL,full,2,2026-09-02T19:36:41Z,0.25,11.651,31.495,0.6257,0.8288,0.0,order-service:0.3129;inventory-service:0.0000;payment-service:0.0000;notification-service:0.0000,True,,29.92,gateway:orderServiceCB=CLOSED;gateway:inventoryServiceCB=CLOSED;gateway:paymentServiceCB=CLOSED;order:inventoryServiceCB=CLOSED;order:sharedDbCB=CLOSED;inventory:paymentServiceCB=CLOSED;inventory:sharedDbCB=CLOSED;payment:notificationServiceCB=CLOSED;payment:sharedDbCB=CLOSED;notification:sharedDbCB=CLOSED,gateway:orderServiceCB=0;gateway:inventoryServiceCB=0;gateway:paymentServiceCB=0;order:inventoryServiceCB=0;order:sharedDbCB=0;inventory:paymentServiceCB=0;inventory:sharedDbCB=0;payment:notificationServiceCB=0;payment:sharedDbCB=0;notification:sharedDbCB=0,200,20.042,1952289563,94,45,10.0,9.9816,0.0014,False,199.6324,codespace,
FAN-LAT-TIM-T50-W5-D5,FANOUT,LATENCY,TIME_BASED,50,5,5,5,LOCAL,full,1,2026-09-02T19:38:38Z,0.25,4.18,22.957,0.745,0.8924,0.0,order-service:0.3725;inventory-service:0.0000;payment-service:0.0000;notification-service:0.0000,True,,30.784,gateway:orderServiceCB=CLOSED;gateway:inventoryServiceCB=CLOSED;gateway:paymentServiceCB=CLOSED;order:inventoryServiceCB=CLOSED;order:sharedDbCB=CLOSED;inventory:paymentServiceCB=CLOSED;inventory:sharedDbCB=CLOSED;payment:notificationServiceCB=CLOSED;payment:sharedDbCB=CLOSED;notification:sharedDbCB=CLOSED,gateway:orderServiceCB=0;gateway:inventoryServiceCB=0;gateway:paymentServiceCB=0;order:inventoryServiceCB=0;order:sharedDbCB=0;inventory:paymentServiceCB=0;inventory:sharedDbCB=0;payment:notificationServiceCB=0;payment:sharedDbCB=0;notification:sharedDbCB=0,200,20.039,1952289563,95,45,10.0,9.9763,0.0031,False,49.8817,codespace,
FAN-LAT-TIM-T30-W20-D30,FANOUT,LATENCY,TIME_BASED,30,20,30,5,LOCAL,full,2,2026-09-02T19:41:19Z,0.25,8.203,65.048,0.8567,0.9337,0.0,order-service:0.4283;inventory-service:0.0000;payment-service:0.0000;notification-service:0.0000,True,,29.392,gateway:orderServiceCB=CLOSED;gateway:inventoryServiceCB=CLOSED;gateway:paymentServiceCB=CLOSED;order:inventoryServiceCB=CLOSED;order:sharedDbCB=CLOSED;inventory:paymentServiceCB=CLOSED;inventory:sharedDbCB=CLOSED;payment:notificationServiceCB=CLOSED;payment:sharedDbCB=CLOSED;notification:sharedDbCB=CLOSED,gateway:orderServiceCB=0;gateway:inventoryServiceCB=0;gateway:paymentServiceCB=0;order:inventoryServiceCB=0;order:sharedDbCB=0;inventory:paymentServiceCB=0;inventory:sharedDbCB=0;payment:notificationServiceCB=0;payment:sharedDbCB=0;notification:sharedDbCB=0,200,20.038,1952289563,96,45,10.0,9.983,0.0015,False,199.6597,codespace,
FAN-LAT-CNT-T70-W5-D15,FANOUT,LATENCY,COUNT_BASED,70,5,15,5,LOCAL,full,2,2026-09-02T19:43:05Z,0.25,3.495,16.864,0.15,0.761,0.0,order-service:0.0750;inventory-service:0.0000;payment-service:0.0000;notification-service:0.0000,True,,31.012,gateway:orderServiceCB=CLOSED;gateway:inventoryServiceCB=CLOSED;gateway:paymentServiceCB=CLOSED;order:inventoryServiceCB=CLOSED;order:sharedDbCB=CLOSED;inventory:paymentServiceCB=CLOSED;inventory:sharedDbCB=CLOSED;payment:notificationServiceCB=CLOSED;payment:sharedDbCB=CLOSED;notification:sharedDbCB=CLOSED,gateway:orderServiceCB=0;gateway:inventoryServiceCB=0;gateway:paymentServiceCB=0;order:inventoryServiceCB=0;order:sharedDbCB=0;inventory:paymentServiceCB=0;inventory:sharedDbCB=0;payment:notificationServiceCB=0;payment:sharedDbCB=0;notification:sharedDbCB=0,200,20.044,1952289563,97,45,10.0,9.9421,0.0035,False,5.0,codespace,
FAN-LAT-CNT-T30-W20-D5,FANOUT,LATENCY,COUNT_BASED,30,20,5,5,LOCAL,full,1,2026-09-02T19:44:40Z,0.25,3.736,7.377,0.4,0.8039,0.0,order-service:0.2000;inventory-service:0.0000;payment-service:0.0000;notification-service:0.0000,True,,30.367,gateway:orderServiceCB=CLOSED;gateway:inventoryServiceCB=CLOSED;gateway:paymentServiceCB=CLOSED;order:inventoryServiceCB=CLOSED;order:sharedDbCB=CLOSED;inventory:paymentServiceCB=CLOSED;inventory:sharedDbCB=CLOSED;payment:notificationServiceCB=CLOSED;payment:sharedDbCB=CLOSED;notification:sharedDbCB=CLOSED,gateway:orderServiceCB=0;gateway:inventoryServiceCB=0;gateway:paymentServiceCB=0;order:inventoryServiceCB=0;order:sharedDbCB=0;inventory:paymentServiceCB=0;inventory:sharedDbCB=0;payment:notificationServiceCB=0;payment:sharedDbCB=0;notification:sharedDbCB=0,200,20.041,1952289563,98,45,10.0,9.9635,0.0023,False,20.0,codespace,
FAN-LAT-CNT-T70-W5-D15,FANOUT,LATENCY,COUNT_BASED,70,5,15,5,LOCAL,full,3,2026-09-02T19:46:24Z,0.25,3.511,16.834,0.15,0.7616,0.0,order-service:0.0750;inventory-service:0.0000;payment-service:0.0000;notification-service:0.0000,True,,29.915,gateway:orderServiceCB=CLOSED;gateway:inventoryServiceCB=CLOSED;gateway:paymentServiceCB=CLOSED;order:inventoryServiceCB=CLOSED;order:sharedDbCB=CLOSED;inventory:paymentServiceCB=CLOSED;inventory:sharedDbCB=CLOSED;payment:notificationServiceCB=CLOSED;payment:sharedDbCB=CLOSED;notification:sharedDbCB=CLOSED,gateway:orderServiceCB=0;gateway:inventoryServiceCB=0;gateway:paymentServiceCB=0;order:inventoryServiceCB=0;order:sharedDbCB=0;inventory:paymentServiceCB=0;inventory:sharedDbCB=0;payment:notificationServiceCB=0;payment:sharedDbCB=0;notification:sharedDbCB=0,200,20.037,1952289563,99,45,10.0,9.9412,0.0037,False,5.0,codespace,
FAN-LAT-CNT-T70-W10-D30,FANOUT,LATENCY,COUNT_BASED,70,10,30,5,LOCAL,full,2,2026-09-02T19:48:23Z,0.25,3.712,31.01,0.1,0.749,0.0,order-service:0.0500;inventory-service:0.0000;payment-service:0.0000;notification-service:0.0000,True,,30.111,gateway:orderServiceCB=CLOSED;gateway:inventoryServiceCB=CLOSED;gateway:paymentServiceCB=CLOSED;order:inventoryServiceCB=CLOSED;order:sharedDbCB=CLOSED;inventory:paymentServiceCB=CLOSED;inventory:sharedDbCB=CLOSED;payment:notificationServiceCB=CLOSED;payment:sharedDbCB=CLOSED;notification:sharedDbCB=CLOSED,gateway:orderServiceCB=0;gateway:inventoryServiceCB=0;gateway:paymentServiceCB=0;order:inventoryServiceCB=0;order:sharedDbCB=0;inventory:paymentServiceCB=0;inventory:sharedDbCB=0;payment:notificationServiceCB=0;payment:sharedDbCB=0;notification:sharedDbCB=0,200,20.045,1952289563,100,45,10.0,9.9428,0.0067,False,10.0,codespace,
FAN-LAT-TIM-T50-W5-D5,FANOUT,LATENCY,TIME_BASED,50,5,5,5,LOCAL,full,3,2026-09-02T19:50:13Z,0.25,3.759,23.339,0.76,0.8978,0.0,order-service:0.3800;inventory-service:0.0000;payment-service:0.0000;notification-service:0.0000,True,,29.859,gateway:orderServiceCB=CLOSED;gateway:inventoryServiceCB=CLOSED;gateway:paymentServiceCB=CLOSED;order:inventoryServiceCB=CLOSED;order:sharedDbCB=CLOSED;inventory:paymentServiceCB=CLOSED;inventory:sharedDbCB=CLOSED;payment:notificationServiceCB=CLOSED;payment:sharedDbCB=CLOSED;notification:sharedDbCB=CLOSED,gateway:orderServiceCB=0;gateway:inventoryServiceCB=0;gateway:paymentServiceCB=0;order:inventoryServiceCB=0;order:sharedDbCB=0;inventory:paymentServiceCB=0;inventory:sharedDbCB=0;payment:notificationServiceCB=0;payment:sharedDbCB=0;notification:sharedDbCB=0,200,20.037,1952289563,101,45,10.0,9.9773,0.0033,False,49.8864,codespace,
FAN-LAT-CNT-T70-W10-D5,FANOUT,LATENCY,COUNT_BASED,70,10,5,5,LOCAL,full,1,2026-09-02T19:51:48Z,0.25,3.768,6.328,0.075,0.7406,0.0,order-service:0.0375;inventory-service:0.0000;payment-service:0.0000;notification-service:0.0000,True,,30.148,gateway:orderServiceCB=CLOSED;gateway:inventoryServiceCB=CLOSED;gateway:paymentServiceCB=CLOSED;order:inventoryServiceCB=CLOSED;order:sharedDbCB=CLOSED;inventory:paymentServiceCB=CLOSED;inventory:sharedDbCB=CLOSED;payment:notificationServiceCB=CLOSED;payment:sharedDbCB=CLOSED;notification:sharedDbCB=CLOSED,gateway:orderServiceCB=0;gateway:inventoryServiceCB=0;gateway:paymentServiceCB=0;order:inventoryServiceCB=0;order:sharedDbCB=0;inventory:paymentServiceCB=0;inventory:sharedDbCB=0;payment:notificationServiceCB=0;payment:sharedDbCB=0;notification:sharedDbCB=0,200,20.042,1952289563,102,45,10.0,9.9468,0.0027,False,10.0,codespace,
FAN-LAT-CNT-T50-W20-D30,FANOUT,LATENCY,COUNT_BASED,50,20,30,5,LOCAL,full,2,2026-09-02T19:53:48Z,0.25,4.164,31.506,0.3333,0.7813,0.0,order-service:0.1667;inventory-service:0.0000;payment-service:0.0000;notification-service:0.0000,True,,30.758,gateway:orderServiceCB=CLOSED;gateway:inventoryServiceCB=CLOSED;gateway:paymentServiceCB=CLOSED;order:inventoryServiceCB=CLOSED;order:sharedDbCB=CLOSED;inventory:paymentServiceCB=CLOSED;inventory:sharedDbCB=CLOSED;payment:notificationServiceCB=CLOSED;payment:sharedDbCB=CLOSED;notification:sharedDbCB=CLOSED,gateway:orderServiceCB=0;gateway:inventoryServiceCB=0;gateway:paymentServiceCB=0;order:inventoryServiceCB=0;order:sharedDbCB=0;inventory:paymentServiceCB=0;inventory:sharedDbCB=0;payment:notificationServiceCB=0;payment:sharedDbCB=0;notification:sharedDbCB=0,200,20.039,1952289563,103,45,10.0,9.9609,0.003,False,20.0,codespace,
FAN-LAT-TIM-T50-W10-D5,FANOUT,LATENCY,TIME_BASED,50,10,5,5,LOCAL,full,1,2026-09-02T19:55:46Z,0.25,6.931,23.155,0.684,0.8625,0.0,order-service:0.3420;inventory-service:0.0000;payment-service:0.0000;notification-service:0.0000,True,,29.578,gateway:orderServiceCB=CLOSED;gateway:inventoryServiceCB=CLOSED;gateway:paymentServiceCB=CLOSED;order:inventoryServiceCB=CLOSED;order:sharedDbCB=CLOSED;inventory:paymentServiceCB=CLOSED;inventory:sharedDbCB=CLOSED;payment:notificationServiceCB=CLOSED;payment:sharedDbCB=CLOSED;notification:sharedDbCB=CLOSED,gateway:orderServiceCB=0;gateway:inventoryServiceCB=0;gateway:paymentServiceCB=0;order:inventoryServiceCB=0;order:sharedDbCB=0;inventory:paymentServiceCB=0;inventory:sharedDbCB=0;payment:notificationServiceCB=0;payment:sharedDbCB=0;notification:sharedDbCB=0,200,20.048,1952289563,104,45,10.0,9.9786,0.0025,False,99.7864,codespace,
FAN-LAT-CNT-T50-W10-D30,FANOUT,LATENCY,COUNT_BASED,50,10,30,5,LOCAL,full,2,2026-09-02T19:57:49Z,0.25,3.489,31.209,0.125,0.7535,0.0,order-service:0.0625;inventory-service:0.0000;payment-service:0.0000;notification-service:0.0000,True,,29.499,gateway:orderServiceCB=CLOSED;gateway:inventoryServiceCB=CLOSED;gateway:paymentServiceCB=CLOSED;order:inventoryServiceCB=CLOSED;order:sharedDbCB=CLOSED;inventory:paymentServiceCB=CLOSED;inventory:sharedDbCB=CLOSED;payment:notificationServiceCB=CLOSED;payment:sharedDbCB=CLOSED;notification:sharedDbCB=CLOSED,gateway:orderServiceCB=0;gateway:inventoryServiceCB=0;gateway:paymentServiceCB=0;order:inventoryServiceCB=0;order:sharedDbCB=0;inventory:paymentServiceCB=0;inventory:sharedDbCB=0;payment:notificationServiceCB=0;payment:sharedDbCB=0;notification:sharedDbCB=0,200,20.035,1952289563,105,45,10.0,9.9488,0.0031,False,10.0,codespace,
FAN-LAT-CNT-T70-W20-D15,FANOUT,LATENCY,COUNT_BASED,70,20,15,5,LOCAL,full,3,2026-09-02T19:59:35Z,0.25,4.348,17.009,0.2667,0.7609,0.0,order-service:0.1333;inventory-service:0.0000;payment-service:0.0000;notification-service:0.0000,True,,30.495,gateway:orderServiceCB=CLOSED;gateway:inventoryServiceCB=CLOSED;gateway:paymentServiceCB=CLOSED;order:inventoryServiceCB=CLOSED;order:sharedDbCB=CLOSED;inventory:paymentServiceCB=CLOSED;inventory:sharedDbCB=CLOSED;payment:notificationServiceCB=CLOSED;payment:sharedDbCB=CLOSED;notification:sharedDbCB=CLOSED,gateway:orderServiceCB=0;gateway:inventoryServiceCB=0;gateway:paymentServiceCB=0;order:inventoryServiceCB=0;order:sharedDbCB=0;inventory:paymentServiceCB=0;inventory:sharedDbCB=0;payment:notificationServiceCB=0;payment:sharedDbCB=0;notification:sharedDbCB=0,200,20.041,1952289563,106,45,10.0,9.9634,0.0023,False,20.0,codespace,
FAN-LAT-TIM-T50-W10-D30,FANOUT,LATENCY,TIME_BASED,50,10,30,5,LOCAL,full,3,2026-09-02T20:02:11Z,0.25,6.73,64.766,0.858,0.9346,0.0,order-service:0.4290;inventory-service:0.0000;payment-service:0.0000;notification-service:0.0000,True,,30.214,gateway:orderServiceCB=CLOSED;gateway:inventoryServiceCB=CLOSED;gateway:paymentServiceCB=CLOSED;order:inventoryServiceCB=CLOSED;order:sharedDbCB=CLOSED;inventory:paymentServiceCB=CLOSED;inventory:sharedDbCB=CLOSED;payment:notificationServiceCB=CLOSED;payment:sharedDbCB=CLOSED;notification:sharedDbCB=CLOSED,gateway:orderServiceCB=0;gateway:inventoryServiceCB=0;gateway:paymentServiceCB=0;order:inventoryServiceCB=0;order:sharedDbCB=0;inventory:paymentServiceCB=0;inventory:sharedDbCB=0;payment:notificationServiceCB=0;payment:sharedDbCB=0;notification:sharedDbCB=0,200,20.04,1952289563,107,45,10.0,9.9822,0.0016,False,99.8224,codespace,
FAN-LAT-TIM-T70-W5-D15,FANOUT,LATENCY,TIME_BASED,70,5,15,5,LOCAL,full,2,2026-09-02T20:04:12Z,0.25,4.162,35.008,0.8467,0.9323,0.0,order-service:0.4233;inventory-service:0.0000;payment-service:0.0000;notification-service:0.0000,True,,27.331,gateway:orderServiceCB=CLOSED;gateway:inventoryServiceCB=CLOSED;gateway:paymentServiceCB=CLOSED;order:inventoryServiceCB=CLOSED;order:sharedDbCB=CLOSED;inventory:paymentServiceCB=CLOSED;inventory:sharedDbCB=CLOSED;payment:notificationServiceCB=CLOSED;payment:sharedDbCB=CLOSED;notification:sharedDbCB=CLOSED,gateway:orderServiceCB=0;gateway:inventoryServiceCB=0;gateway:paymentServiceCB=0;order:inventoryServiceCB=0;order:sharedDbCB=0;inventory:paymentServiceCB=0;inventory:sharedDbCB=0;payment:notificationServiceCB=0;payment:sharedDbCB=0;notification:sharedDbCB=0,200,20.031,1952289563,108,45,10.0,9.981,0.0015,False,49.9048,codespace,
FAN-LAT-TIM-T70-W20-D5,FANOUT,LATENCY,TIME_BASED,70,20,5,5,LOCAL,full,1,2026-09-02T20:06:14Z,0.25,15.281,24.791,0.5371,0.7929,0.0,order-service:0.2686;inventory-service:0.0000;payment-service:0.0000;notification-service:0.0000,True,,28.088,gateway:orderServiceCB=CLOSED;gateway:inventoryServiceCB=CLOSED;gateway:paymentServiceCB=CLOSED;order:inventoryServiceCB=CLOSED;order:sharedDbCB=CLOSED;inventory:paymentServiceCB=CLOSED;inventory:sharedDbCB=CLOSED;payment:notificationServiceCB=CLOSED;payment:sharedDbCB=CLOSED;notification:sharedDbCB=CLOSED,gateway:orderServiceCB=0;gateway:inventoryServiceCB=0;gateway:paymentServiceCB=0;order:inventoryServiceCB=0;order:sharedDbCB=0;inventory:paymentServiceCB=0;inventory:sharedDbCB=0;payment:notificationServiceCB=0;payment:sharedDbCB=0;notification:sharedDbCB=0,200,20.045,1952289563,109,45,10.0,9.9808,0.0024,False,199.6161,codespace,
FAN-LAT-CNT-T50-W5-D15,FANOUT,LATENCY,COUNT_BASED,50,5,15,5,LOCAL,full,3,2026-09-02T20:08:03Z,0.25,3.313,16.007,0.175,0.7678,0.0,order-service:0.0875;inventory-service:0.0000;payment-service:0.0000;notification-service:0.0000,True,,30.285,gateway:orderServiceCB=CLOSED;gateway:inventoryServiceCB=CLOSED;gateway:paymentServiceCB=CLOSED;order:inventoryServiceCB=CLOSED;order:sharedDbCB=CLOSED;inventory:paymentServiceCB=CLOSED;inventory:sharedDbCB=CLOSED;payment:notificationServiceCB=CLOSED;payment:sharedDbCB=CLOSED;notification:sharedDbCB=CLOSED,gateway:orderServiceCB=0;gateway:inventoryServiceCB=0;gateway:paymentServiceCB=0;order:inventoryServiceCB=0;order:sharedDbCB=0;inventory:paymentServiceCB=0;inventory:sharedDbCB=0;payment:notificationServiceCB=0;payment:sharedDbCB=0;notification:sharedDbCB=0,200,20.034,1952289563,110,45,10.0,9.9445,0.005,False,5.0,codespace,
FAN-LAT-TIM-T50-W20-D30,FANOUT,LATENCY,TIME_BASED,50,20,30,5,LOCAL,full,3,2026-09-02T20:10:42Z,0.25,11.871,64.437,0.795,0.9051,0.0,order-service:0.3975;inventory-service:0.0000;payment-service:0.0000;notification-service:0.0000,True,,29.136,gateway:orderServiceCB=CLOSED;gateway:inventoryServiceCB=CLOSED;gateway:paymentServiceCB=CLOSED;order:inventoryServiceCB=CLOSED;order:sharedDbCB=CLOSED;inventory:paymentServiceCB=CLOSED;inventory:sharedDbCB=CLOSED;payment:notificationServiceCB=CLOSED;payment:sharedDbCB=CLOSED;notification:sharedDbCB=CLOSED,gateway:orderServiceCB=0;gateway:inventoryServiceCB=0;gateway:paymentServiceCB=0;order:inventoryServiceCB=0;order:sharedDbCB=0;inventory:paymentServiceCB=0;inventory:sharedDbCB=0;payment:notificationServiceCB=0;payment:sharedDbCB=0;notification:sharedDbCB=0,200,20.036,1952289563,111,45,10.0,9.9817,0.003,False,199.6334,codespace,
FAN-LAT-CNT-T30-W10-D15,FANOUT,LATENCY,COUNT_BASED,30,10,15,5,LOCAL,full,3,2026-09-02T20:12:25Z,0.25,3.413,15.913,0.175,0.769,0.0,order-service:0.0875;inventory-service:0.0000;payment-service:0.0000;notification-service:0.0000,True,,28.831,gateway:orderServiceCB=CLOSED;gateway:inventoryServiceCB=CLOSED;gateway:paymentServiceCB=CLOSED;order:inventoryServiceCB=CLOSED;order:sharedDbCB=CLOSED;inventory:paymentServiceCB=CLOSED;inventory:sharedDbCB=CLOSED;payment:notificationServiceCB=CLOSED;payment:sharedDbCB=CLOSED;notification:sharedDbCB=CLOSED,gateway:orderServiceCB=0;gateway:inventoryServiceCB=0;gateway:paymentServiceCB=0;order:inventoryServiceCB=0;order:sharedDbCB=0;inventory:paymentServiceCB=0;inventory:sharedDbCB=0;payment:notificationServiceCB=0;payment:sharedDbCB=0;notification:sharedDbCB=0,200,20.039,1952289563,112,45,10.0,9.9486,0.0025,False,10.0,codespace,
FAN-LAT-TIM-T70-W20-D30,FANOUT,LATENCY,TIME_BASED,70,20,30,5,LOCAL,full,1,2026-09-02T20:15:10Z,0.25,15.628,64.749,0.7333,0.8752,0.0,order-service:0.3667;inventory-service:0.0000;payment-service:0.0000;notification-service:0.0000,True,,31.243,gateway:orderServiceCB=CLOSED;gateway:inventoryServiceCB=CLOSED;gateway:paymentServiceCB=CLOSED;order:inventoryServiceCB=CLOSED;order:sharedDbCB=CLOSED;inventory:paymentServiceCB=CLOSED;inventory:sharedDbCB=CLOSED;payment:notificationServiceCB=CLOSED;payment:sharedDbCB=CLOSED;notification:sharedDbCB=CLOSED,gateway:orderServiceCB=0;gateway:inventoryServiceCB=0;gateway:paymentServiceCB=0;order:inventoryServiceCB=0;order:sharedDbCB=0;inventory:paymentServiceCB=0;inventory:sharedDbCB=0;payment:notificationServiceCB=0;payment:sharedDbCB=0;notification:sharedDbCB=0,200,20.036,1952289563,113,45,10.0,9.9832,0.0014,False,199.665,codespace,
FAN-LAT-TIM-T50-W5-D30,FANOUT,LATENCY,TIME_BASED,50,5,30,5,LOCAL,full,1,2026-09-02T20:17:42Z,0.25,3.694,64.836,0.9089,0.9586,0.0,order-service:0.4544;inventory-service:0.0000;payment-service:0.0000;notification-service:0.0000,True,,29.946,gateway:orderServiceCB=CLOSED;gateway:inventoryServiceCB=CLOSED;gateway:paymentServiceCB=CLOSED;order:inventoryServiceCB=CLOSED;order:sharedDbCB=CLOSED;inventory:paymentServiceCB=CLOSED;inventory:sharedDbCB=CLOSED;payment:notificationServiceCB=CLOSED;payment:sharedDbCB=CLOSED;notification:sharedDbCB=CLOSED,gateway:orderServiceCB=0;gateway:inventoryServiceCB=0;gateway:paymentServiceCB=0;order:inventoryServiceCB=0;order:sharedDbCB=0;inventory:paymentServiceCB=0;inventory:sharedDbCB=0;payment:notificationServiceCB=0;payment:sharedDbCB=0;notification:sharedDbCB=0,200,20.032,1952289563,114,45,10.0,9.9818,0.0021,False,49.9092,codespace,
FAN-LAT-CNT-T70-W20-D30,FANOUT,LATENCY,COUNT_BASED,70,20,30,5,LOCAL,full,2,2026-09-02T20:19:41Z,0.25,4.416,31.243,0.2667,0.7562,0.0,order-service:0.1333;inventory-service:0.0000;payment-service:0.0000;notification-service:0.0000,True,,28.888,gateway:orderServiceCB=CLOSED;gateway:inventoryServiceCB=CLOSED;gateway:paymentServiceCB=CLOSED;order:inventoryServiceCB=CLOSED;order:sharedDbCB=CLOSED;inventory:paymentServiceCB=CLOSED;inventory:sharedDbCB=CLOSED;payment:notificationServiceCB=CLOSED;payment:sharedDbCB=CLOSED;notification:sharedDbCB=CLOSED,gateway:orderServiceCB=0;gateway:inventoryServiceCB=0;gateway:paymentServiceCB=0;order:inventoryServiceCB=0;order:sharedDbCB=0;inventory:paymentServiceCB=0;inventory:sharedDbCB=0;payment:notificationServiceCB=0;payment:sharedDbCB=0;notification:sharedDbCB=0,200,20.049,1952289563,115,45,10.0,9.9629,0.0023,False,20.0,codespace,
FAN-LAT-TIM-T30-W10-D30,FANOUT,LATENCY,TIME_BASED,30,10,30,5,LOCAL,full,2,2026-09-02T20:22:15Z,0.25,5.406,65.011,0.884,0.9467,0.0,order-service:0.4420;inventory-service:0.0000;payment-service:0.0000;notification-service:0.0000,True,,30.314,gateway:orderServiceCB=CLOSED;gateway:inventoryServiceCB=CLOSED;gateway:paymentServiceCB=CLOSED;order:inventoryServiceCB=CLOSED;order:sharedDbCB=CLOSED;inventory:paymentServiceCB=CLOSED;inventory:sharedDbCB=CLOSED;payment:notificationServiceCB=CLOSED;payment:sharedDbCB=CLOSED;notification:sharedDbCB=CLOSED,gateway:orderServiceCB=0;gateway:inventoryServiceCB=0;gateway:paymentServiceCB=0;order:inventoryServiceCB=0;order:sharedDbCB=0;inventory:paymentServiceCB=0;inventory:sharedDbCB=0;payment:notificationServiceCB=0;payment:sharedDbCB=0;notification:sharedDbCB=0,200,20.039,1952289563,116,45,10.0,9.9832,0.0014,False,99.8315,codespace,
FAN-LAT-CNT-T50-W5-D30,FANOUT,LATENCY,COUNT_BASED,50,5,30,5,LOCAL,full,3,2026-09-02T20:24:14Z,0.25,3.338,31.312,0.175,0.7645,0.0,order-service:0.0875;inventory-service:0.0000;payment-service:0.0000;notification-service:0.0000,True,,30.012,gateway:orderServiceCB=CLOSED;gateway:inventoryServiceCB=CLOSED;gateway:paymentServiceCB=CLOSED;order:inventoryServiceCB=CLOSED;order:sharedDbCB=CLOSED;inventory:paymentServiceCB=CLOSED;inventory:sharedDbCB=CLOSED;payment:notificationServiceCB=CLOSED;payment:sharedDbCB=CLOSED;notification:sharedDbCB=CLOSED,gateway:orderServiceCB=0;gateway:inventoryServiceCB=0;gateway:paymentServiceCB=0;order:inventoryServiceCB=0;order:sharedDbCB=0;inventory:paymentServiceCB=0;inventory:sharedDbCB=0;payment:notificationServiceCB=0;payment:sharedDbCB=0;notification:sharedDbCB=0,200,20.036,1952289563,117,45,10.0,9.9448,0.0052,False,5.0,codespace,
FAN-LAT-TIM-T70-W10-D5,FANOUT,LATENCY,TIME_BASED,70,10,5,5,LOCAL,full,2,2026-09-02T20:26:09Z,0.25,8.178,23.914,0.632,0.8354,0.0,order-service:0.3160;inventory-service:0.0000;payment-service:0.0000;notification-service:0.0000,True,,30.029,gateway:orderServiceCB=CLOSED;gateway:inventoryServiceCB=CLOSED;gateway:paymentServiceCB=CLOSED;order:inventoryServiceCB=CLOSED;order:sharedDbCB=CLOSED;inventory:paymentServiceCB=CLOSED;inventory:sharedDbCB=CLOSED;payment:notificationServiceCB=CLOSED;payment:sharedDbCB=CLOSED;notification:sharedDbCB=CLOSED,gateway:orderServiceCB=0;gateway:inventoryServiceCB=0;gateway:paymentServiceCB=0;order:inventoryServiceCB=0;order:sharedDbCB=0;inventory:paymentServiceCB=0;inventory:sharedDbCB=0;payment:notificationServiceCB=0;payment:sharedDbCB=0;notification:sharedDbCB=0,200,20.036,1952289563,118,45,10.0,9.9796,0.0019,False,99.7957,codespace,
FAN-LAT-TIM-T50-W5-D30,FANOUT,LATENCY,TIME_BASED,50,5,30,5,LOCAL,full,2,2026-09-02T20:28:42Z,0.25,3.753,64.724,0.9089,0.9573,0.0,order-service:0.4544;inventory-service:0.0000;payment-service:0.0000;notification-service:0.0000,True,,30.127,gateway:orderServiceCB=CLOSED;gateway:inventoryServiceCB=CLOSED;gateway:paymentServiceCB=CLOSED;order:inventoryServiceCB=CLOSED;order:sharedDbCB=CLOSED;inventory:paymentServiceCB=CLOSED;inventory:sharedDbCB=CLOSED;payment:notificationServiceCB=CLOSED;payment:sharedDbCB=CLOSED;notification:sharedDbCB=CLOSED,gateway:orderServiceCB=0;gateway:inventoryServiceCB=0;gateway:paymentServiceCB=0;order:inventoryServiceCB=0;order:sharedDbCB=0;inventory:paymentServiceCB=0;inventory:sharedDbCB=0;payment:notificationServiceCB=0;payment:sharedDbCB=0;notification:sharedDbCB=0,200,20.037,1952289563,119,45,10.0,9.9821,0.0015,False,49.9105,codespace,
FAN-LAT-TIM-T70-W10-D5,FANOUT,LATENCY,TIME_BASED,70,10,5,5,LOCAL,full,1,2026-09-02T20:30:37Z,0.25,7.977,23.102,0.644,0.8451,0.0,order-service:0.3220;inventory-service:0.0000;payment-service:0.0000;notification-service:0.0000,True,,30.458,gateway:orderServiceCB=CLOSED;gateway:inventoryServiceCB=CLOSED;gateway:paymentServiceCB=CLOSED;order:inventoryServiceCB=CLOSED;order:sharedDbCB=CLOSED;inventory:paymentServiceCB=CLOSED;inventory:sharedDbCB=CLOSED;payment:notificationServiceCB=CLOSED;payment:sharedDbCB=CLOSED;notification:sharedDbCB=CLOSED,gateway:orderServiceCB=0;gateway:inventoryServiceCB=0;gateway:paymentServiceCB=0;order:inventoryServiceCB=0;order:sharedDbCB=0;inventory:paymentServiceCB=0;inventory:sharedDbCB=0;payment:notificationServiceCB=0;payment:sharedDbCB=0;notification:sharedDbCB=0,200,20.033,1952289563,120,45,10.0,9.9806,0.0015,False,99.8057,codespace,
FAN-LAT-TIM-T30-W5-D30,FANOUT,LATENCY,TIME_BASED,30,5,30,5,LOCAL,full,3,2026-09-02T20:33:07Z,0.25,3.8,64.685,0.9067,0.9575,0.0,order-service:0.4533;inventory-service:0.0000;payment-service:0.0000;notification-service:0.0000,True,,27.871,gateway:orderServiceCB=CLOSED;gateway:inventoryServiceCB=CLOSED;gateway:paymentServiceCB=CLOSED;order:inventoryServiceCB=CLOSED;order:sharedDbCB=CLOSED;inventory:paymentServiceCB=CLOSED;inventory:sharedDbCB=CLOSED;payment:notificationServiceCB=CLOSED;payment:sharedDbCB=CLOSED;notification:sharedDbCB=CLOSED,gateway:orderServiceCB=0;gateway:inventoryServiceCB=0;gateway:paymentServiceCB=0;order:inventoryServiceCB=0;order:sharedDbCB=0;inventory:paymentServiceCB=0;inventory:sharedDbCB=0;payment:notificationServiceCB=0;payment:sharedDbCB=0;notification:sharedDbCB=0,200,20.037,1952289563,121,45,10.0,9.9818,0.002,False,49.9089,codespace,
FAN-LAT-TIM-T50-W10-D30,FANOUT,LATENCY,TIME_BASED,50,10,30,5,LOCAL,full,2,2026-09-02T20:35:50Z,0.25,6.512,64.955,0.862,0.9363,0.0,order-service:0.4310;inventory-service:0.0000;payment-service:0.0000;notification-service:0.0000,True,,30.478,gateway:orderServiceCB=CLOSED;gateway:inventoryServiceCB=CLOSED;gateway:paymentServiceCB=CLOSED;order:inventoryServiceCB=CLOSED;order:sharedDbCB=CLOSED;inventory:paymentServiceCB=CLOSED;inventory:sharedDbCB=CLOSED;payment:notificationServiceCB=CLOSED;payment:sharedDbCB=CLOSED;notification:sharedDbCB=CLOSED,gateway:orderServiceCB=0;gateway:inventoryServiceCB=0;gateway:paymentServiceCB=0;order:inventoryServiceCB=0;order:sharedDbCB=0;inventory:paymentServiceCB=0;inventory:sharedDbCB=0;payment:notificationServiceCB=0;payment:sharedDbCB=0;notification:sharedDbCB=0,200,20.037,1952289563,122,45,10.0,9.9828,0.0014,False,99.8281,codespace,
FAN-LAT-TIM-T50-W20-D5,FANOUT,LATENCY,TIME_BASED,50,20,5,5,LOCAL,full,1,2026-09-02T20:37:57Z,0.25,11.847,32.299,0.62,0.8302,0.0,order-service:0.3100;inventory-service:0.0000;payment-service:0.0000;notification-service:0.0000,True,,28.84,gateway:orderServiceCB=CLOSED;gateway:inventoryServiceCB=CLOSED;gateway:paymentServiceCB=CLOSED;order:inventoryServiceCB=CLOSED;order:sharedDbCB=CLOSED;inventory:paymentServiceCB=CLOSED;inventory:sharedDbCB=CLOSED;payment:notificationServiceCB=CLOSED;payment:sharedDbCB=CLOSED;notification:sharedDbCB=CLOSED,gateway:orderServiceCB=0;gateway:inventoryServiceCB=0;gateway:paymentServiceCB=0;order:inventoryServiceCB=0;order:sharedDbCB=0;inventory:paymentServiceCB=0;inventory:sharedDbCB=0;payment:notificationServiceCB=0;payment:sharedDbCB=0;notification:sharedDbCB=0,200,20.037,1952289563,123,45,10.0,9.9817,0.0015,False,199.6344,codespace,
FAN-LAT-CNT-T50-W5-D15,FANOUT,LATENCY,COUNT_BASED,50,5,15,5,LOCAL,full,1,2026-09-02T20:39:40Z,0.25,3.292,16.053,0.175,0.769,0.0,order-service:0.0875;inventory-service:0.0000;payment-service:0.0000;notification-service:0.0000,True,,29.409,gateway:orderServiceCB=CLOSED;gateway:inventoryServiceCB=CLOSED;gateway:paymentServiceCB=CLOSED;order:inventoryServiceCB=CLOSED;order:sharedDbCB=CLOSED;inventory:paymentServiceCB=CLOSED;inventory:sharedDbCB=CLOSED;payment:notificationServiceCB=CLOSED;payment:sharedDbCB=CLOSED;notification:sharedDbCB=CLOSED,gateway:orderServiceCB=0;gateway:inventoryServiceCB=0;gateway:paymentServiceCB=0;order:inventoryServiceCB=0;order:sharedDbCB=0;inventory:paymentServiceCB=0;inventory:sharedDbCB=0;payment:notificationServiceCB=0;payment:sharedDbCB=0;notification:sharedDbCB=0,200,20.045,1952289563,124,45,10.0,9.9447,0.0029,False,5.0,codespace,
FAN-LAT-TIM-T70-W5-D15,FANOUT,LATENCY,TIME_BASED,70,5,15,5,LOCAL,full,1,2026-09-02T20:41:46Z,0.25,3.967,35.204,0.85,0.9332,0.0,order-service:0.4250;inventory-service:0.0000;payment-service:0.0000;notification-service:0.0000,True,,28.659,gateway:orderServiceCB=CLOSED;gateway:inventoryServiceCB=CLOSED;gateway:paymentServiceCB=CLOSED;order:inventoryServiceCB=CLOSED;order:sharedDbCB=CLOSED;inventory:paymentServiceCB=CLOSED;inventory:sharedDbCB=CLOSED;payment:notificationServiceCB=CLOSED;payment:sharedDbCB=CLOSED;notification:sharedDbCB=CLOSED,gateway:orderServiceCB=0;gateway:inventoryServiceCB=0;gateway:paymentServiceCB=0;order:inventoryServiceCB=0;order:sharedDbCB=0;inventory:paymentServiceCB=0;inventory:sharedDbCB=0;payment:notificationServiceCB=0;payment:sharedDbCB=0;notification:sharedDbCB=0,200,20.041,1952289563,125,45,10.0,9.9812,0.0014,False,49.9061,codespace,
FAN-LAT-CNT-T50-W20-D30,FANOUT,LATENCY,COUNT_BASED,50,20,30,5,LOCAL,full,3,2026-09-02T20:43:44Z,0.25,3.986,31.638,0.3333,0.783,0.0,order-service:0.1667;inventory-service:0.0000;payment-service:0.0000;notification-service:0.0000,True,,27.198,gateway:orderServiceCB=CLOSED;gateway:inventoryServiceCB=CLOSED;gateway:paymentServiceCB=CLOSED;order:inventoryServiceCB=CLOSED;order:sharedDbCB=CLOSED;inventory:paymentServiceCB=CLOSED;inventory:sharedDbCB=CLOSED;payment:notificationServiceCB=CLOSED;payment:sharedDbCB=CLOSED;notification:sharedDbCB=CLOSED,gateway:orderServiceCB=0;gateway:inventoryServiceCB=0;gateway:paymentServiceCB=0;order:inventoryServiceCB=0;order:sharedDbCB=0;inventory:paymentServiceCB=0;inventory:sharedDbCB=0;payment:notificationServiceCB=0;payment:sharedDbCB=0;notification:sharedDbCB=0,200,20.035,1952289563,126,45,10.0,9.9609,0.0033,False,20.0,codespace,
FAN-LAT-CNT-T50-W10-D5,FANOUT,LATENCY,COUNT_BASED,50,10,5,5,LOCAL,full,2,2026-09-02T20:45:15Z,0.25,3.497,6.566,0.125,0.7556,0.0,order-service:0.0625;inventory-service:0.0000;payment-service:0.0000;notification-service:0.0000,True,,27.323,gateway:orderServiceCB=CLOSED;gateway:inventoryServiceCB=CLOSED;gateway:paymentServiceCB=CLOSED;order:inventoryServiceCB=CLOSED;order:sharedDbCB=CLOSED;inventory:paymentServiceCB=CLOSED;inventory:sharedDbCB=CLOSED;payment:notificationServiceCB=CLOSED;payment:sharedDbCB=CLOSED;notification:sharedDbCB=CLOSED,gateway:orderServiceCB=0;gateway:inventoryServiceCB=0;gateway:paymentServiceCB=0;order:inventoryServiceCB=0;order:sharedDbCB=0;inventory:paymentServiceCB=0;inventory:sharedDbCB=0;payment:notificationServiceCB=0;payment:sharedDbCB=0;notification:sharedDbCB=0,200,20.037,1952289563,127,45,10.0,9.9468,0.0036,False,10.0,codespace,
FAN-LAT-CNT-T70-W20-D5,FANOUT,LATENCY,COUNT_BASED,70,20,5,5,LOCAL,full,1,2026-09-02T20:46:50Z,0.25,4.543,6.499,0.2667,0.7542,0.0,order-service:0.1333;inventory-service:0.0000;payment-service:0.0000;notification-service:0.0000,True,,30.189,gateway:orderServiceCB=CLOSED;gateway:inventoryServiceCB=CLOSED;gateway:paymentServiceCB=CLOSED;order:inventoryServiceCB=CLOSED;order:sharedDbCB=CLOSED;inventory:paymentServiceCB=CLOSED;inventory:sharedDbCB=CLOSED;payment:notificationServiceCB=CLOSED;payment:sharedDbCB=CLOSED;notification:sharedDbCB=CLOSED,gateway:orderServiceCB=0;gateway:inventoryServiceCB=0;gateway:paymentServiceCB=0;order:inventoryServiceCB=0;order:sharedDbCB=0;inventory:paymentServiceCB=0;inventory:sharedDbCB=0;payment:notificationServiceCB=0;payment:sharedDbCB=0;notification:sharedDbCB=0,200,20.039,1952289563,128,45,10.0,9.9586,0.0047,False,20.0,codespace,
FAN-LAT-CNT-T50-W10-D15,FANOUT,LATENCY,COUNT_BASED,50,10,15,5,LOCAL,full,1,2026-09-02T20:48:32Z,0.25,3.487,16.852,0.125,0.7533,0.0,order-service:0.0625;inventory-service:0.0000;payment-service:0.0000;notification-service:0.0000,True,,27.88,gateway:orderServiceCB=CLOSED;gateway:inventoryServiceCB=CLOSED;gateway:paymentServiceCB=CLOSED;order:inventoryServiceCB=CLOSED;order:sharedDbCB=CLOSED;inventory:paymentServiceCB=CLOSED;inventory:sharedDbCB=CLOSED;payment:notificationServiceCB=CLOSED;payment:sharedDbCB=CLOSED;notification:sharedDbCB=CLOSED,gateway:orderServiceCB=0;gateway:inventoryServiceCB=0;gateway:paymentServiceCB=0;order:inventoryServiceCB=0;order:sharedDbCB=0;inventory:paymentServiceCB=0;inventory:sharedDbCB=0;payment:notificationServiceCB=0;payment:sharedDbCB=0;notification:sharedDbCB=0,200,20.038,1952289563,129,45,10.0,9.9442,0.0038,False,10.0,codespace,
FAN-LAT-TIM-T50-W10-D15,FANOUT,LATENCY,TIME_BASED,50,10,15,5,LOCAL,full,3,2026-09-02T20:50:36Z,0.25,6.519,34.57,0.8,0.91,0.0,order-service:0.4000;inventory-service:0.0000;payment-service:0.0000;notification-service:0.0000,True,,28.764,gateway:orderServiceCB=CLOSED;gateway:inventoryServiceCB=CLOSED;gateway:paymentServiceCB=CLOSED;order:inventoryServiceCB=CLOSED;order:sharedDbCB=CLOSED;inventory:paymentServiceCB=CLOSED;inventory:sharedDbCB=CLOSED;payment:notificationServiceCB=CLOSED;payment:sharedDbCB=CLOSED;notification:sharedDbCB=CLOSED,gateway:orderServiceCB=0;gateway:inventoryServiceCB=0;gateway:paymentServiceCB=0;order:inventoryServiceCB=0;order:sharedDbCB=0;inventory:paymentServiceCB=0;inventory:sharedDbCB=0;payment:notificationServiceCB=0;payment:sharedDbCB=0;notification:sharedDbCB=0,200,20.036,1952289563,130,45,10.0,9.9821,0.0013,False,99.8209,codespace,
FAN-LAT-TIM-T50-W5-D15,FANOUT,LATENCY,TIME_BASED,50,5,15,5,LOCAL,full,3,2026-09-02T20:52:38Z,0.25,3.98,35.172,0.85,0.9334,0.0,order-service:0.4250;inventory-service:0.0000;payment-service:0.0000;notification-service:0.0000,True,,29.408,gateway:orderServiceCB=CLOSED;gateway:inventoryServiceCB=CLOSED;gateway:paymentServiceCB=CLOSED;order:inventoryServiceCB=CLOSED;order:sharedDbCB=CLOSED;inventory:paymentServiceCB=CLOSED;inventory:sharedDbCB=CLOSED;payment:notificationServiceCB=CLOSED;payment:sharedDbCB=CLOSED;notification:sharedDbCB=CLOSED,gateway:orderServiceCB=0;gateway:inventoryServiceCB=0;gateway:paymentServiceCB=0;order:inventoryServiceCB=0;order:sharedDbCB=0;inventory:paymentServiceCB=0;inventory:sharedDbCB=0;payment:notificationServiceCB=0;payment:sharedDbCB=0;notification:sharedDbCB=0,200,20.039,1952289563,131,45,10.0,9.9807,0.0016,False,49.9034,codespace,
FAN-LAT-CNT-T70-W5-D5,FANOUT,LATENCY,COUNT_BASED,70,5,5,5,LOCAL,full,2,2026-09-02T20:54:12Z,0.25,3.495,6.582,0.15,0.7602,0.0,order-service:0.0750;inventory-service:0.0000;payment-service:0.0000;notification-service:0.0000,True,,29.614,gateway:orderServiceCB=CLOSED;gateway:inventoryServiceCB=CLOSED;gateway:paymentServiceCB=CLOSED;order:inventoryServiceCB=CLOSED;order:sharedDbCB=CLOSED;inventory:paymentServiceCB=CLOSED;inventory:sharedDbCB=CLOSED;payment:notificationServiceCB=CLOSED;payment:sharedDbCB=CLOSED;notification:sharedDbCB=CLOSED,gateway:orderServiceCB=0;gateway:inventoryServiceCB=0;gateway:paymentServiceCB=0;order:inventoryServiceCB=0;order:sharedDbCB=0;inventory:paymentServiceCB=0;inventory:sharedDbCB=0;payment:notificationServiceCB=0;payment:sharedDbCB=0;notification:sharedDbCB=0,200,20.039,1952289563,132,45,10.0,9.9511,0.0021,False,5.0,codespace,
FAN-LAT-CNT-T70-W10-D15,FANOUT,LATENCY,COUNT_BASED,70,10,15,5,LOCAL,full,3,2026-09-02T20:55:54Z,0.25,3.71,16.634,0.075,0.7416,0.0,order-service:0.0375;inventory-service:0.0000;payment-service:0.0000;notification-service:0.0000,True,,28.627,gateway:orderServiceCB=CLOSED;gateway:inventoryServiceCB=CLOSED;gateway:paymentServiceCB=CLOSED;order:inventoryServiceCB=CLOSED;order:sharedDbCB=CLOSED;inventory:paymentServiceCB=CLOSED;inventory:sharedDbCB=CLOSED;payment:notificationServiceCB=CLOSED;payment:sharedDbCB=CLOSED;notification:sharedDbCB=CLOSED,gateway:orderServiceCB=0;gateway:inventoryServiceCB=0;gateway:paymentServiceCB=0;order:inventoryServiceCB=0;order:sharedDbCB=0;inventory:paymentServiceCB=0;inventory:sharedDbCB=0;payment:notificationServiceCB=0;payment:sharedDbCB=0;notification:sharedDbCB=0,200,20.036,1952289563,133,45,10.0,9.9527,0.002,False,10.0,codespace,
FAN-LAT-TIM-T70-W5-D5,FANOUT,LATENCY,TIME_BASED,70,5,5,5,LOCAL,full,2,2026-09-02T20:57:44Z,0.25,3.975,23.173,0.755,0.8965,0.0,order-service:0.3775;inventory-service:0.0000;payment-service:0.0000;notification-service:0.0000,True,,29.01,gateway:orderServiceCB=CLOSED;gateway:inventoryServiceCB=CLOSED;gateway:paymentServiceCB=CLOSED;order:inventoryServiceCB=CLOSED;order:sharedDbCB=CLOSED;inventory:paymentServiceCB=CLOSED;inventory:sharedDbCB=CLOSED;payment:notificationServiceCB=CLOSED;payment:sharedDbCB=CLOSED;notification:sharedDbCB=CLOSED,gateway:orderServiceCB=0;gateway:inventoryServiceCB=0;gateway:paymentServiceCB=0;order:inventoryServiceCB=0;order:sharedDbCB=0;inventory:paymentServiceCB=0;inventory:sharedDbCB=0;payment:notificationServiceCB=0;payment:sharedDbCB=0;notification:sharedDbCB=0,200,20.035,1952289563,134,45,10.0,9.9774,0.002,False,49.8871,codespace,
FAN-LAT-CNT-T30-W20-D30,FANOUT,LATENCY,COUNT_BASED,30,20,30,5,LOCAL,full,2,2026-09-02T20:59:40Z,0.25,3.716,30.96,0.4,0.8042,0.0,order-service:0.2000;inventory-service:0.0000;payment-service:0.0000;notification-service:0.0000,True,,27.975,gateway:orderServiceCB=CLOSED;gateway:inventoryServiceCB=CLOSED;gateway:paymentServiceCB=CLOSED;order:inventoryServiceCB=CLOSED;order:sharedDbCB=CLOSED;inventory:paymentServiceCB=CLOSED;inventory:sharedDbCB=CLOSED;payment:notificationServiceCB=CLOSED;payment:sharedDbCB=CLOSED;notification:sharedDbCB=CLOSED,gateway:orderServiceCB=0;gateway:inventoryServiceCB=0;gateway:paymentServiceCB=0;order:inventoryServiceCB=0;order:sharedDbCB=0;inventory:paymentServiceCB=0;inventory:sharedDbCB=0;payment:notificationServiceCB=0;payment:sharedDbCB=0;notification:sharedDbCB=0,200,20.042,1952289563,135,45,10.0,9.9637,0.0023,False,20.0,codespace,
FAN-LAT-CNT-T30-W5-D5,FANOUT,LATENCY,COUNT_BASED,30,5,5,5,LOCAL,full,1,2026-09-02T21:01:12Z,0.25,3.335,6.739,0.225,0.7832,0.0,order-service:0.1125;inventory-service:0.0000;payment-service:0.0000;notification-service:0.0000,True,,27.881,gateway:orderServiceCB=CLOSED;gateway:inventoryServiceCB=CLOSED;gateway:paymentServiceCB=CLOSED;order:inventoryServiceCB=CLOSED;order:sharedDbCB=CLOSED;inventory:paymentServiceCB=CLOSED;inventory:sharedDbCB=CLOSED;payment:notificationServiceCB=CLOSED;payment:sharedDbCB=CLOSED;notification:sharedDbCB=CLOSED,gateway:orderServiceCB=0;gateway:inventoryServiceCB=0;gateway:paymentServiceCB=0;order:inventoryServiceCB=0;order:sharedDbCB=0;inventory:paymentServiceCB=0;inventory:sharedDbCB=0;payment:notificationServiceCB=0;payment:sharedDbCB=0;notification:sharedDbCB=0,200,20.041,1952289563,136,45,10.0,9.9347,0.007,False,5.0,codespace,
FAN-LAT-CNT-T30-W5-D30,FANOUT,LATENCY,COUNT_BASED,30,5,30,5,LOCAL,full,2,2026-09-02T21:03:11Z,0.25,3.267,31.367,0.2,0.7756,0.0,order-service:0.1000;inventory-service:0.0000;payment-service:0.0000;notification-service:0.0000,True,,30.278,gateway:orderServiceCB=CLOSED;gateway:inventoryServiceCB=CLOSED;gateway:paymentServiceCB=CLOSED;order:inventoryServiceCB=CLOSED;order:sharedDbCB=CLOSED;inventory:paymentServiceCB=CLOSED;inventory:sharedDbCB=CLOSED;payment:notificationServiceCB=CLOSED;payment:sharedDbCB=CLOSED;notification:sharedDbCB=CLOSED,gateway:orderServiceCB=0;gateway:inventoryServiceCB=0;gateway:paymentServiceCB=0;order:inventoryServiceCB=0;order:sharedDbCB=0;inventory:paymentServiceCB=0;inventory:sharedDbCB=0;payment:notificationServiceCB=0;payment:sharedDbCB=0;notification:sharedDbCB=0,200,20.043,1952289563,137,45,10.0,9.9413,0.0042,False,5.0,codespace,
FAN-LAT-CNT-T30-W10-D15,FANOUT,LATENCY,COUNT_BASED,30,10,15,5,LOCAL,full,2,2026-09-02T21:04:54Z,0.25,3.272,16.017,0.175,0.7687,0.0,order-service:0.0875;inventory-service:0.0000;payment-service:0.0000;notification-service:0.0000,True,,29.89,gateway:orderServiceCB=CLOSED;gateway:inventoryServiceCB=CLOSED;gateway:paymentServiceCB=CLOSED;order:inventoryServiceCB=CLOSED;order:sharedDbCB=CLOSED;inventory:paymentServiceCB=CLOSED;inventory:sharedDbCB=CLOSED;payment:notificationServiceCB=CLOSED;payment:sharedDbCB=CLOSED;notification:sharedDbCB=CLOSED,gateway:orderServiceCB=0;gateway:inventoryServiceCB=0;gateway:paymentServiceCB=0;order:inventoryServiceCB=0;order:sharedDbCB=0;inventory:paymentServiceCB=0;inventory:sharedDbCB=0;payment:notificationServiceCB=0;payment:sharedDbCB=0;notification:sharedDbCB=0,200,20.037,1952289563,138,45,10.0,9.9524,0.0019,False,10.0,codespace,
FAN-LAT-CNT-T30-W20-D5,FANOUT,LATENCY,COUNT_BASED,30,20,5,5,LOCAL,full,3,2026-09-02T21:06:28Z,0.25,3.741,7.304,0.4,0.8034,0.0,order-service:0.2000;inventory-service:0.0000;payment-service:0.0000;notification-service:0.0000,True,,29.905,gateway:orderServiceCB=CLOSED;gateway:inventoryServiceCB=CLOSED;gateway:paymentServiceCB=CLOSED;order:inventoryServiceCB=CLOSED;order:sharedDbCB=CLOSED;inventory:paymentServiceCB=CLOSED;inventory:sharedDbCB=CLOSED;payment:notificationServiceCB=CLOSED;payment:sharedDbCB=CLOSED;notification:sharedDbCB=CLOSED,gateway:orderServiceCB=0;gateway:inventoryServiceCB=0;gateway:paymentServiceCB=0;order:inventoryServiceCB=0;order:sharedDbCB=0;inventory:paymentServiceCB=0;inventory:sharedDbCB=0;payment:notificationServiceCB=0;payment:sharedDbCB=0;notification:sharedDbCB=0,200,20.036,1952289563,139,45,10.0,9.9584,0.0043,False,20.0,codespace,
FAN-LAT-TIM-T50-W5-D15,FANOUT,LATENCY,TIME_BASED,50,5,15,5,LOCAL,full,2,2026-09-02T21:08:31Z,0.25,4.112,35.062,0.8467,0.9306,0.0,order-service:0.4233;inventory-service:0.0000;payment-service:0.0000;notification-service:0.0000,True,,29.977,gateway:orderServiceCB=CLOSED;gateway:inventoryServiceCB=CLOSED;gateway:paymentServiceCB=CLOSED;order:inventoryServiceCB=CLOSED;order:sharedDbCB=CLOSED;inventory:paymentServiceCB=CLOSED;inventory:sharedDbCB=CLOSED;payment:notificationServiceCB=CLOSED;payment:sharedDbCB=CLOSED;notification:sharedDbCB=CLOSED,gateway:orderServiceCB=0;gateway:inventoryServiceCB=0;gateway:paymentServiceCB=0;order:inventoryServiceCB=0;order:sharedDbCB=0;inventory:paymentServiceCB=0;inventory:sharedDbCB=0;payment:notificationServiceCB=0;payment:sharedDbCB=0;notification:sharedDbCB=0,200,20.035,1952289563,140,45,10.0,9.9808,0.0031,False,49.9041,codespace,
FAN-LAT-CNT-T30-W10-D15,FANOUT,LATENCY,COUNT_BASED,30,10,15,5,LOCAL,full,1,2026-09-02T21:10:13Z,0.25,3.282,16.033,0.175,0.7688,0.0,order-service:0.0875;inventory-service:0.0000;payment-service:0.0000;notification-service:0.0000,True,,29.026,gateway:orderServiceCB=CLOSED;gateway:inventoryServiceCB=CLOSED;gateway:paymentServiceCB=CLOSED;order:inventoryServiceCB=CLOSED;order:sharedDbCB=CLOSED;inventory:paymentServiceCB=CLOSED;inventory:sharedDbCB=CLOSED;payment:notificationServiceCB=CLOSED;payment:sharedDbCB=CLOSED;notification:sharedDbCB=CLOSED,gateway:orderServiceCB=0;gateway:inventoryServiceCB=0;gateway:paymentServiceCB=0;order:inventoryServiceCB=0;order:sharedDbCB=0;inventory:paymentServiceCB=0;inventory:sharedDbCB=0;payment:notificationServiceCB=0;payment:sharedDbCB=0;notification:sharedDbCB=0,200,20.04,1952289563,141,45,10.0,9.9525,0.002,False,10.0,codespace,
FAN-LAT-CNT-T30-W5-D5,FANOUT,LATENCY,COUNT_BASED,30,5,5,5,LOCAL,full,2,2026-09-02T21:11:45Z,0.25,3.296,6.77,0.2,0.7761,0.0,order-service:0.1000;inventory-service:0.0000;payment-service:0.0000;notification-service:0.0000,True,,28.166,gateway:orderServiceCB=CLOSED;gateway:inventoryServiceCB=CLOSED;gateway:paymentServiceCB=CLOSED;order:inventoryServiceCB=CLOSED;order:sharedDbCB=CLOSED;inventory:paymentServiceCB=CLOSED;inventory:sharedDbCB=CLOSED;payment:notificationServiceCB=CLOSED;payment:sharedDbCB=CLOSED;notification:sharedDbCB=CLOSED,gateway:orderServiceCB=0;gateway:inventoryServiceCB=0;gateway:paymentServiceCB=0;order:inventoryServiceCB=0;order:sharedDbCB=0;inventory:paymentServiceCB=0;inventory:sharedDbCB=0;payment:notificationServiceCB=0;payment:sharedDbCB=0;notification:sharedDbCB=0,200,20.034,1952289563,142,45,10.0,9.9529,0.0018,False,5.0,codespace,
FAN-LAT-TIM-T30-W5-D30,FANOUT,LATENCY,TIME_BASED,30,5,30,5,LOCAL,full,2,2026-09-02T21:14:16Z,0.25,3.709,64.765,0.9089,0.9582,0.0,order-service:0.4544;inventory-service:0.0000;payment-service:0.0000;notification-service:0.0000,True,,28.503,gateway:orderServiceCB=CLOSED;gateway:inventoryServiceCB=CLOSED;gateway:paymentServiceCB=CLOSED;order:inventoryServiceCB=CLOSED;order:sharedDbCB=CLOSED;inventory:paymentServiceCB=CLOSED;inventory:sharedDbCB=CLOSED;payment:notificationServiceCB=CLOSED;payment:sharedDbCB=CLOSED;notification:sharedDbCB=CLOSED,gateway:orderServiceCB=0;gateway:inventoryServiceCB=0;gateway:paymentServiceCB=0;order:inventoryServiceCB=0;order:sharedDbCB=0;inventory:paymentServiceCB=0;inventory:sharedDbCB=0;payment:notificationServiceCB=0;payment:sharedDbCB=0;notification:sharedDbCB=0,200,20.04,1952289563,143,45,10.0,9.9822,0.0022,False,49.9108,codespace,
FAN-LAT-TIM-T70-W10-D30,FANOUT,LATENCY,TIME_BASED,70,10,30,5,LOCAL,full,1,2026-09-02T21:16:53Z,0.25,8.265,65.24,0.826,0.9204,0.0,order-service:0.4130;inventory-service:0.0000;payment-service:0.0000;notification-service:0.0000,True,,29.377,gateway:orderServiceCB=CLOSED;gateway:inventoryServiceCB=CLOSED;gateway:paymentServiceCB=CLOSED;order:inventoryServiceCB=CLOSED;order:sharedDbCB=CLOSED;inventory:paymentServiceCB=CLOSED;inventory:sharedDbCB=CLOSED;payment:notificationServiceCB=CLOSED;payment:sharedDbCB=CLOSED;notification:sharedDbCB=CLOSED,gateway:orderServiceCB=0;gateway:inventoryServiceCB=0;gateway:paymentServiceCB=0;order:inventoryServiceCB=0;order:sharedDbCB=0;inventory:paymentServiceCB=0;inventory:sharedDbCB=0;payment:notificationServiceCB=0;payment:sharedDbCB=0;notification:sharedDbCB=0,200,20.034,1952289563,144,45,10.0,9.9823,0.002,False,99.8234,codespace,
FAN-LAT-CNT-T70-W10-D30,FANOUT,LATENCY,COUNT_BASED,70,10,30,5,LOCAL,full,3,2026-09-02T21:18:50Z,0.25,3.717,30.955,0.075,0.7405,0.0,order-service:0.0375;inventory-service:0.0000;payment-service:0.0000;notification-service:0.0000,True,,28.557,gateway:orderServiceCB=CLOSED;gateway:inventoryServiceCB=CLOSED;gateway:paymentServiceCB=CLOSED;order:inventoryServiceCB=CLOSED;order:sharedDbCB=CLOSED;inventory:paymentServiceCB=CLOSED;inventory:sharedDbCB=CLOSED;payment:notificationServiceCB=CLOSED;payment:sharedDbCB=CLOSED;notification:sharedDbCB=CLOSED,gateway:orderServiceCB=0;gateway:inventoryServiceCB=0;gateway:paymentServiceCB=0;order:inventoryServiceCB=0;order:sharedDbCB=0;inventory:paymentServiceCB=0;inventory:sharedDbCB=0;payment:notificationServiceCB=0;payment:sharedDbCB=0;notification:sharedDbCB=0,200,20.036,1952289563,145,45,10.0,9.9497,0.0023,False,10.0,codespace,
FAN-LAT-CNT-T70-W10-D5,FANOUT,LATENCY,COUNT_BASED,70,10,5,5,LOCAL,full,3,2026-09-02T21:20:24Z,0.25,3.694,6.378,0.075,0.7397,0.0,order-service:0.0375;inventory-service:0.0000;payment-service:0.0000;notification-service:0.0000,True,,30.22,gateway:orderServiceCB=CLOSED;gateway:inventoryServiceCB=CLOSED;gateway:paymentServiceCB=CLOSED;order:inventoryServiceCB=CLOSED;order:sharedDbCB=CLOSED;inventory:paymentServiceCB=CLOSED;inventory:sharedDbCB=CLOSED;payment:notificationServiceCB=CLOSED;payment:sharedDbCB=CLOSED;notification:sharedDbCB=CLOSED,gateway:orderServiceCB=0;gateway:inventoryServiceCB=0;gateway:paymentServiceCB=0;order:inventoryServiceCB=0;order:sharedDbCB=0;inventory:paymentServiceCB=0;inventory:sharedDbCB=0;payment:notificationServiceCB=0;payment:sharedDbCB=0;notification:sharedDbCB=0,200,20.038,1952289563,146,45,10.0,9.9555,0.0017,False,10.0,codespace,
FAN-LAT-TIM-T70-W10-D5,FANOUT,LATENCY,TIME_BASED,70,10,5,5,LOCAL,full,3,2026-09-02T21:22:18Z,0.25,8.212,22.856,0.636,0.8423,0.0,order-service:0.3180;inventory-service:0.0000;payment-service:0.0000;notification-service:0.0000,True,,29.438,gateway:orderServiceCB=CLOSED;gateway:inventoryServiceCB=CLOSED;gateway:paymentServiceCB=CLOSED;order:inventoryServiceCB=CLOSED;order:sharedDbCB=CLOSED;inventory:paymentServiceCB=CLOSED;inventory:sharedDbCB=CLOSED;payment:notificationServiceCB=CLOSED;payment:sharedDbCB=CLOSED;notification:sharedDbCB=CLOSED,gateway:orderServiceCB=0;gateway:inventoryServiceCB=0;gateway:paymentServiceCB=0;order:inventoryServiceCB=0;order:sharedDbCB=0;inventory:paymentServiceCB=0;inventory:sharedDbCB=0;payment:notificationServiceCB=0;payment:sharedDbCB=0;notification:sharedDbCB=0,200,20.047,1952289563,147,45,10.0,9.9803,0.0018,False,99.8028,codespace,
FAN-LAT-CNT-T30-W20-D15,FANOUT,LATENCY,COUNT_BASED,30,20,15,5,LOCAL,full,1,2026-09-02T21:24:00Z,0.25,3.563,16.721,0.4,0.8004,0.0,order-service:0.2000;inventory-service:0.0000;payment-service:0.0000;notification-service:0.0000,True,,27.719,gateway:orderServiceCB=CLOSED;gateway:inventoryServiceCB=CLOSED;gateway:paymentServiceCB=CLOSED;order:inventoryServiceCB=CLOSED;order:sharedDbCB=CLOSED;inventory:paymentServiceCB=CLOSED;inventory:sharedDbCB=CLOSED;payment:notificationServiceCB=CLOSED;payment:sharedDbCB=CLOSED;notification:sharedDbCB=CLOSED,gateway:orderServiceCB=0;gateway:inventoryServiceCB=0;gateway:paymentServiceCB=0;order:inventoryServiceCB=0;order:sharedDbCB=0;inventory:paymentServiceCB=0;inventory:sharedDbCB=0;payment:notificationServiceCB=0;payment:sharedDbCB=0;notification:sharedDbCB=0,200,20.036,1952289563,148,45,10.0,9.9622,0.0029,False,20.0,codespace,
FAN-LAT-TIM-T50-W20-D30,FANOUT,LATENCY,TIME_BASED,50,20,30,5,LOCAL,full,2,2026-09-02T21:26:40Z,0.25,11.55,64.761,0.8017,0.9078,0.0,order-service:0.4008;inventory-service:0.0000;payment-service:0.0000;notification-service:0.0000,True,,29.795,gateway:orderServiceCB=CLOSED;gateway:inventoryServiceCB=CLOSED;gateway:paymentServiceCB=CLOSED;order:inventoryServiceCB=CLOSED;order:sharedDbCB=CLOSED;inventory:paymentServiceCB=CLOSED;inventory:sharedDbCB=CLOSED;payment:notificationServiceCB=CLOSED;payment:sharedDbCB=CLOSED;notification:sharedDbCB=CLOSED,gateway:orderServiceCB=0;gateway:inventoryServiceCB=0;gateway:paymentServiceCB=0;order:inventoryServiceCB=0;order:sharedDbCB=0;inventory:paymentServiceCB=0;inventory:sharedDbCB=0;payment:notificationServiceCB=0;payment:sharedDbCB=0;notification:sharedDbCB=0,200,20.033,1952289563,149,45,10.0,9.9838,0.0009,False,199.6753,codespace,
FAN-LAT-TIM-T50-W5-D5,FANOUT,LATENCY,TIME_BASED,50,5,5,5,LOCAL,full,2,2026-09-02T21:28:30Z,0.25,4.168,22.991,0.75,0.8926,0.0,order-service:0.3750;inventory-service:0.0000;payment-service:0.0000;notification-service:0.0000,True,,29.373,gateway:orderServiceCB=CLOSED;gateway:inventoryServiceCB=CLOSED;gateway:paymentServiceCB=CLOSED;order:inventoryServiceCB=CLOSED;order:sharedDbCB=CLOSED;inventory:paymentServiceCB=CLOSED;inventory:sharedDbCB=CLOSED;payment:notificationServiceCB=CLOSED;payment:sharedDbCB=CLOSED;notification:sharedDbCB=CLOSED,gateway:orderServiceCB=0;gateway:inventoryServiceCB=0;gateway:paymentServiceCB=0;order:inventoryServiceCB=0;order:sharedDbCB=0;inventory:paymentServiceCB=0;inventory:sharedDbCB=0;payment:notificationServiceCB=0;payment:sharedDbCB=0;notification:sharedDbCB=0,200,20.032,1952289563,150,45,10.0,9.9771,0.0024,False,49.8855,codespace,
FAN-LAT-TIM-T50-W10-D15,FANOUT,LATENCY,TIME_BASED,50,10,15,5,LOCAL,full,1,2026-09-02T21:30:35Z,0.25,6.984,35.116,0.7886,0.905,0.0,order-service:0.3943;inventory-service:0.0000;payment-service:0.0000;notification-service:0.0000,True,,29.372,gateway:orderServiceCB=CLOSED;gateway:inventoryServiceCB=CLOSED;gateway:paymentServiceCB=CLOSED;order:inventoryServiceCB=CLOSED;order:sharedDbCB=CLOSED;inventory:paymentServiceCB=CLOSED;inventory:sharedDbCB=CLOSED;payment:notificationServiceCB=CLOSED;payment:sharedDbCB=CLOSED;notification:sharedDbCB=CLOSED,gateway:orderServiceCB=0;gateway:inventoryServiceCB=0;gateway:paymentServiceCB=0;order:inventoryServiceCB=0;order:sharedDbCB=0;inventory:paymentServiceCB=0;inventory:sharedDbCB=0;payment:notificationServiceCB=0;payment:sharedDbCB=0;notification:sharedDbCB=0,200,20.038,1952289563,151,45,10.0,9.9813,0.0018,False,99.8129,codespace,
FAN-LAT-CNT-T70-W5-D30,FANOUT,LATENCY,COUNT_BASED,70,5,30,5,LOCAL,full,3,2026-09-02T21:32:32Z,0.25,3.472,31.135,0.15,0.7608,0.0,order-service:0.0750;inventory-service:0.0000;payment-service:0.0000;notification-service:0.0000,True,,28.357,gateway:orderServiceCB=CLOSED;gateway:inventoryServiceCB=CLOSED;gateway:paymentServiceCB=CLOSED;order:inventoryServiceCB=CLOSED;order:sharedDbCB=CLOSED;inventory:paymentServiceCB=CLOSED;inventory:sharedDbCB=CLOSED;payment:notificationServiceCB=CLOSED;payment:sharedDbCB=CLOSED;notification:sharedDbCB=CLOSED,gateway:orderServiceCB=0;gateway:inventoryServiceCB=0;gateway:paymentServiceCB=0;order:inventoryServiceCB=0;order:sharedDbCB=0;inventory:paymentServiceCB=0;inventory:sharedDbCB=0;payment:notificationServiceCB=0;payment:sharedDbCB=0;notification:sharedDbCB=0,200,20.034,1952289563,152,45,10.0,9.951,0.0023,False,5.0,codespace,
FAN-LAT-TIM-T50-W20-D5,FANOUT,LATENCY,TIME_BASED,50,20,5,5,LOCAL,full,3,2026-09-02T21:34:38Z,0.25,11.644,31.49,0.6257,0.8326,0.0,order-service:0.3129;inventory-service:0.0000;payment-service:0.0000;notification-service:0.0000,True,,28.04,gateway:orderServiceCB=CLOSED;gateway:inventoryServiceCB=CLOSED;gateway:paymentServiceCB=CLOSED;order:inventoryServiceCB=CLOSED;order:sharedDbCB=CLOSED;inventory:paymentServiceCB=CLOSED;inventory:sharedDbCB=CLOSED;payment:notificationServiceCB=CLOSED;payment:sharedDbCB=CLOSED;notification:sharedDbCB=CLOSED,gateway:orderServiceCB=0;gateway:inventoryServiceCB=0;gateway:paymentServiceCB=0;order:inventoryServiceCB=0;order:sharedDbCB=0;inventory:paymentServiceCB=0;inventory:sharedDbCB=0;payment:notificationServiceCB=0;payment:sharedDbCB=0;notification:sharedDbCB=0,200,20.04,1952289563,153,45,10.0,9.9817,0.002,False,199.6336,codespace,
FAN-LAT-TIM-T30-W20-D30,FANOUT,LATENCY,TIME_BASED,30,20,30,5,LOCAL,full,1,2026-09-02T21:37:14Z,0.25,8.194,65.046,0.855,0.933,0.0,order-service:0.4275;inventory-service:0.0000;payment-service:0.0000;notification-service:0.0000,True,,30.051,gateway:orderServiceCB=CLOSED;gateway:inventoryServiceCB=CLOSED;gateway:paymentServiceCB=CLOSED;order:inventoryServiceCB=CLOSED;order:sharedDbCB=CLOSED;inventory:paymentServiceCB=CLOSED;inventory:sharedDbCB=CLOSED;payment:notificationServiceCB=CLOSED;payment:sharedDbCB=CLOSED;notification:sharedDbCB=CLOSED,gateway:orderServiceCB=0;gateway:inventoryServiceCB=0;gateway:paymentServiceCB=0;order:inventoryServiceCB=0;order:sharedDbCB=0;inventory:paymentServiceCB=0;inventory:sharedDbCB=0;payment:notificationServiceCB=0;payment:sharedDbCB=0;notification:sharedDbCB=0,200,20.035,1952289563,154,45,10.0,9.9827,0.0018,False,199.6544,codespace,
FAN-LAT-TIM-T50-W10-D15,FANOUT,LATENCY,TIME_BASED,50,10,15,5,LOCAL,full,2,2026-09-02T21:39:19Z,0.25,6.535,34.56,0.8,0.9108,0.0,order-service:0.4000;inventory-service:0.0000;payment-service:0.0000;notification-service:0.0000,True,,29.543,gateway:orderServiceCB=CLOSED;gateway:inventoryServiceCB=CLOSED;gateway:paymentServiceCB=CLOSED;order:inventoryServiceCB=CLOSED;order:sharedDbCB=CLOSED;inventory:paymentServiceCB=CLOSED;inventory:sharedDbCB=CLOSED;payment:notificationServiceCB=CLOSED;payment:sharedDbCB=CLOSED;notification:sharedDbCB=CLOSED,gateway:orderServiceCB=0;gateway:inventoryServiceCB=0;gateway:paymentServiceCB=0;order:inventoryServiceCB=0;order:sharedDbCB=0;inventory:paymentServiceCB=0;inventory:sharedDbCB=0;payment:notificationServiceCB=0;payment:sharedDbCB=0;notification:sharedDbCB=0,200,20.04,1952289563,155,45,10.0,9.9812,0.0033,False,99.8117,codespace,
FAN-LAT-CNT-T50-W20-D15,FANOUT,LATENCY,COUNT_BASED,50,20,15,5,LOCAL,full,2,2026-09-02T21:41:03Z,0.25,3.953,16.334,0.3333,0.7826,0.0,order-service:0.1667;inventory-service:0.0000;payment-service:0.0000;notification-service:0.0000,True,,30.027,gateway:orderServiceCB=CLOSED;gateway:inventoryServiceCB=CLOSED;gateway:paymentServiceCB=CLOSED;order:inventoryServiceCB=CLOSED;order:sharedDbCB=CLOSED;inventory:paymentServiceCB=CLOSED;inventory:sharedDbCB=CLOSED;payment:notificationServiceCB=CLOSED;payment:sharedDbCB=CLOSED;notification:sharedDbCB=CLOSED,gateway:orderServiceCB=0;gateway:inventoryServiceCB=0;gateway:paymentServiceCB=0;order:inventoryServiceCB=0;order:sharedDbCB=0;inventory:paymentServiceCB=0;inventory:sharedDbCB=0;payment:notificationServiceCB=0;payment:sharedDbCB=0;notification:sharedDbCB=0,200,20.039,1952289563,156,45,10.0,9.9585,0.0031,False,20.0,codespace,
FAN-LAT-TIM-T30-W10-D30,FANOUT,LATENCY,TIME_BASED,30,10,30,5,LOCAL,full,3,2026-09-02T21:43:37Z,0.25,5.204,65.182,0.886,0.9479,0.0,order-service:0.4430;inventory-service:0.0000;payment-service:0.0000;notification-service:0.0000,True,,30.063,gateway:orderServiceCB=CLOSED;gateway:inventoryServiceCB=CLOSED;gateway:paymentServiceCB=CLOSED;order:inventoryServiceCB=CLOSED;order:sharedDbCB=CLOSED;inventory:paymentServiceCB=CLOSED;inventory:sharedDbCB=CLOSED;payment:notificationServiceCB=CLOSED;payment:sharedDbCB=CLOSED;notification:sharedDbCB=CLOSED,gateway:orderServiceCB=0;gateway:inventoryServiceCB=0;gateway:paymentServiceCB=0;order:inventoryServiceCB=0;order:sharedDbCB=0;inventory:paymentServiceCB=0;inventory:sharedDbCB=0;payment:notificationServiceCB=0;payment:sharedDbCB=0;notification:sharedDbCB=0,200,20.036,1952289563,157,45,10.0,9.9833,0.0011,False,99.8327,codespace,
FAN-LAT-TIM-T50-W10-D5,FANOUT,LATENCY,TIME_BASED,50,10,5,5,LOCAL,full,3,2026-09-02T21:45:31Z,0.25,6.485,23.576,0.7,0.8699,0.0,order-service:0.3500;inventory-service:0.0000;payment-service:0.0000;notification-service:0.0000,True,,29.813,gateway:orderServiceCB=CLOSED;gateway:inventoryServiceCB=CLOSED;gateway:paymentServiceCB=CLOSED;order:inventoryServiceCB=CLOSED;order:sharedDbCB=CLOSED;inventory:paymentServiceCB=CLOSED;inventory:sharedDbCB=CLOSED;payment:notificationServiceCB=CLOSED;payment:sharedDbCB=CLOSED;notification:sharedDbCB=CLOSED,gateway:orderServiceCB=0;gateway:inventoryServiceCB=0;gateway:paymentServiceCB=0;order:inventoryServiceCB=0;order:sharedDbCB=0;inventory:paymentServiceCB=0;inventory:sharedDbCB=0;payment:notificationServiceCB=0;payment:sharedDbCB=0;notification:sharedDbCB=0,200,20.033,1952289563,158,45,10.0,9.9776,0.0039,False,99.7764,codespace,
FAN-LAT-TIM-T30-W10-D5,FANOUT,LATENCY,TIME_BASED,30,10,5,5,LOCAL,full,2,2026-09-02T21:47:23Z,0.25,5.399,24.653,0.744,0.8886,0.0,order-service:0.3720;inventory-service:0.0000;payment-service:0.0000;notification-service:0.0000,True,,27.7,gateway:orderServiceCB=CLOSED;gateway:inventoryServiceCB=CLOSED;gateway:paymentServiceCB=CLOSED;order:inventoryServiceCB=CLOSED;order:sharedDbCB=CLOSED;inventory:paymentServiceCB=CLOSED;inventory:sharedDbCB=CLOSED;payment:notificationServiceCB=CLOSED;payment:sharedDbCB=CLOSED;notification:sharedDbCB=CLOSED,gateway:orderServiceCB=0;gateway:inventoryServiceCB=0;gateway:paymentServiceCB=0;order:inventoryServiceCB=0;order:sharedDbCB=0;inventory:paymentServiceCB=0;inventory:sharedDbCB=0;payment:notificationServiceCB=0;payment:sharedDbCB=0;notification:sharedDbCB=0,200,20.039,1952289563,159,45,10.0,9.9787,0.002,False,99.7872,codespace,
FAN-LAT-CNT-T70-W20-D30,FANOUT,LATENCY,COUNT_BASED,70,20,30,5,LOCAL,full,3,2026-09-02T21:49:21Z,0.25,4.358,31.333,0.2667,0.761,0.0,order-service:0.1333;inventory-service:0.0000;payment-service:0.0000;notification-service:0.0000,True,,28.141,gateway:orderServiceCB=CLOSED;gateway:inventoryServiceCB=CLOSED;gateway:paymentServiceCB=CLOSED;order:inventoryServiceCB=CLOSED;order:sharedDbCB=CLOSED;inventory:paymentServiceCB=CLOSED;inventory:sharedDbCB=CLOSED;payment:notificationServiceCB=CLOSED;payment:sharedDbCB=CLOSED;notification:sharedDbCB=CLOSED,gateway:orderServiceCB=0;gateway:inventoryServiceCB=0;gateway:paymentServiceCB=0;order:inventoryServiceCB=0;order:sharedDbCB=0;inventory:paymentServiceCB=0;inventory:sharedDbCB=0;payment:notificationServiceCB=0;payment:sharedDbCB=0;notification:sharedDbCB=0,200,20.036,1952289563,160,45,10.0,9.9599,0.0037,False,20.0,codespace,
FAN-LAT-CNT-T70-W10-D15,FANOUT,LATENCY,COUNT_BASED,70,10,15,5,LOCAL,full,2,2026-09-02T21:51:05Z,0.25,3.787,16.555,0.075,0.739,0.0,order-service:0.0375;inventory-service:0.0000;payment-service:0.0000;notification-service:0.0000,True,,30.274,gateway:orderServiceCB=CLOSED;gateway:inventoryServiceCB=CLOSED;gateway:paymentServiceCB=CLOSED;order:inventoryServiceCB=CLOSED;order:sharedDbCB=CLOSED;inventory:paymentServiceCB=CLOSED;inventory:sharedDbCB=CLOSED;payment:notificationServiceCB=CLOSED;payment:sharedDbCB=CLOSED;notification:sharedDbCB=CLOSED,gateway:orderServiceCB=0;gateway:inventoryServiceCB=0;gateway:paymentServiceCB=0;order:inventoryServiceCB=0;order:sharedDbCB=0;inventory:paymentServiceCB=0;inventory:sharedDbCB=0;payment:notificationServiceCB=0;payment:sharedDbCB=0;notification:sharedDbCB=0,200,20.038,1952289563,161,45,10.0,9.9487,0.0026,False,10.0,codespace,
FAN-LAT-TIM-T70-W5-D5,FANOUT,LATENCY,TIME_BASED,70,5,5,5,LOCAL,full,1,2026-09-02T21:52:54Z,0.25,3.969,23.153,0.755,0.8967,0.0,order-service:0.3775;inventory-service:0.0000;payment-service:0.0000;notification-service:0.0000,True,,28.301,gateway:orderServiceCB=CLOSED;gateway:inventoryServiceCB=CLOSED;gateway:paymentServiceCB=CLOSED;order:inventoryServiceCB=CLOSED;order:sharedDbCB=CLOSED;inventory:paymentServiceCB=CLOSED;inventory:sharedDbCB=CLOSED;payment:notificationServiceCB=CLOSED;payment:sharedDbCB=CLOSED;notification:sharedDbCB=CLOSED,gateway:orderServiceCB=0;gateway:inventoryServiceCB=0;gateway:paymentServiceCB=0;order:inventoryServiceCB=0;order:sharedDbCB=0;inventory:paymentServiceCB=0;inventory:sharedDbCB=0;payment:notificationServiceCB=0;payment:sharedDbCB=0;notification:sharedDbCB=0,200,20.032,1952289563,162,45,10.0,9.9773,0.0023,False,49.8864,codespace,
