experiment_id,topology,fault_type,window_type,threshold,window_size,wait_duration,permitted_calls_half_open,environment,mode,replicate,run_timestamp,blast_radius,time_to_open,time_to_recover,error_rate,throughput_loss,real_blast_radius,leg_failure_rates,precondition_ok,precondition_fail_reason,readiness_wait_s,cb_state_pre,buffered_calls_pre,warmup_requests,warmup_duration_s,run_order_seed,run_index,load_concurrency,lambda_target,lambda_achieved,lambda_cv,lambda_deviation_flag,effective_horizon,machine_id,occupancy_ratio,inert,excluded_reason
LIN-LAT-TIM-T50-W10-D15-M100-L5,LINEAR,LATENCY,TIME_BASED,50,10,15,5,LOCAL,occupancy,2,2026-09-03T20:13:08Z,0.0000,,,0.0000,0.7622,0.0000,order-service:0.0000;inventory-service:0.0000;payment-service:0.0000;notification-service:0.0000,True,,30.466,gateway:orderServiceCB=CLOSED;gateway:inventoryServiceCB=CLOSED;gateway:paymentServiceCB=CLOSED;order:inventoryServiceCB=CLOSED;order:sharedDbCB=CLOSED;inventory:paymentServiceCB=CLOSED;inventory:sharedDbCB=CLOSED;payment:notificationServiceCB=CLOSED;payment:sharedDbCB=CLOSED;notification:sharedDbCB=CLOSED,gateway:orderServiceCB=0;gateway:inventoryServiceCB=0;gateway:paymentServiceCB=0;order:inventoryServiceCB=0;order:sharedDbCB=0;inventory:paymentServiceCB=0;inventory:sharedDbCB=0;payment:notificationServiceCB=0;payment:sharedDbCB=0;notification:sharedDbCB=0,200,20.035,930460910,1,23,5.0000,4.9961,0.0007,False,49.9611,codespace,0.4996,True,
LIN-LAT-TIM-T50-W5-D15-M200-L5,LINEAR,LATENCY,TIME_BASED,50,5,15,5,LOCAL,occupancy,2,2026-09-03T20:17:37Z,0.0000,,,0.0000,0.7660,0.0000,order-service:0.0000;inventory-service:0.0000;payment-service:0.0000;notification-service:0.0000,True,,27.061,gateway:orderServiceCB=CLOSED;gateway:inventoryServiceCB=CLOSED;gateway:paymentServiceCB=CLOSED;order:inventoryServiceCB=CLOSED;order:sharedDbCB=CLOSED;inventory:paymentServiceCB=CLOSED;inventory:sharedDbCB=CLOSED;payment:notificationServiceCB=CLOSED;payment:sharedDbCB=CLOSED;notification:sharedDbCB=CLOSED,gateway:orderServiceCB=0;gateway:inventoryServiceCB=0;gateway:paymentServiceCB=0;order:inventoryServiceCB=0;order:sharedDbCB=0;inventory:paymentServiceCB=0;inventory:sharedDbCB=0;payment:notificationServiceCB=0;payment:sharedDbCB=0;notification:sharedDbCB=0,200,20.034,1378963677,1,23,5.0000,4.9959,0.0005,False,24.9797,codespace,0.1249,True,
LIN-LAT-TIM-T50-W20-D15-M5-L10,LINEAR,LATENCY,TIME_BASED,50,20,15,5,LOCAL,occupancy,1,2026-09-03T20:22:49Z,0.2500,11.652,218.85,0.9240,0.9630,0.0000,order-service:0.4620;inventory-service:0.0000;payment-service:0.0000;notification-service:0.0000,True,,27.037,gateway:orderServiceCB=CLOSED;gateway:inventoryServiceCB=CLOSED;gateway:paymentServiceCB=CLOSED;order:inventoryServiceCB=CLOSED;order:sharedDbCB=CLOSED;inventory:paymentServiceCB=CLOSED;inventory:sharedDbCB=CLOSED;payment:notificationServiceCB=CLOSED;payment:sharedDbCB=CLOSED;notification:sharedDbCB=CLOSED,gateway:orderServiceCB=0;gateway:inventoryServiceCB=0;gateway:paymentServiceCB=0;order:inventoryServiceCB=0;order:sharedDbCB=0;inventory:paymentServiceCB=0;inventory:sharedDbCB=0;payment:notificationServiceCB=0;payment:sharedDbCB=0;notification:sharedDbCB=0,200,20.036,1378963677,2,45,10.0000,9.9837,0.0011,False,199.6741,codespace,39.9348,False,
LIN-LAT-TIM-T50-W20-D15-M100-L10,LINEAR,LATENCY,TIME_BASED,50,20,15,5,LOCAL,occupancy,2,2026-09-03T20:28:03Z,0.2500,11.642,218.86,0.9244,0.9633,0.0000,order-service:0.4622;inventory-service:0.0000;payment-service:0.0000;notification-service:0.0000,True,,29.442,gateway:orderServiceCB=CLOSED;gateway:inventoryServiceCB=CLOSED;gateway:paymentServiceCB=CLOSED;order:inventoryServiceCB=CLOSED;order:sharedDbCB=CLOSED;inventory:paymentServiceCB=CLOSED;inventory:sharedDbCB=CLOSED;payment:notificationServiceCB=CLOSED;payment:sharedDbCB=CLOSED;notification:sharedDbCB=CLOSED,gateway:orderServiceCB=0;gateway:inventoryServiceCB=0;gateway:paymentServiceCB=0;order:inventoryServiceCB=0;order:sharedDbCB=0;inventory:paymentServiceCB=0;inventory:sharedDbCB=0;payment:notificationServiceCB=0;payment:sharedDbCB=0;notification:sharedDbCB=0,200,20.036,1378963677,3,45,10.0000,9.9839,0.0010,False,199.6773,codespace,1.9968,False,
LIN-LAT-CNT-T50-W10-D15-M50-L5,LINEAR,LATENCY,COUNT_BASED,50,10,15,5,LOCAL,occupancy,1,2026-09-03T20:30:10Z,0.2500,3.93,40.416,0.8333,0.9592,0.0000,order-service:0.2917;inventory-service:0.0000;payment-service:0.0000;notification-service:0.0000,True,,27.807,gateway:orderServiceCB=CLOSED;gateway:inventoryServiceCB=CLOSED;gateway:paymentServiceCB=CLOSED;order:inventoryServiceCB=CLOSED;order:sharedDbCB=CLOSED;inventory:paymentServiceCB=CLOSED;inventory:sharedDbCB=CLOSED;payment:notificationServiceCB=CLOSED;payment:sharedDbCB=CLOSED;notification:sharedDbCB=CLOSED,gateway:orderServiceCB=0;gateway:inventoryServiceCB=0;gateway:paymentServiceCB=0;order:inventoryServiceCB=0;order:sharedDbCB=0;inventory:paymentServiceCB=0;inventory:sharedDbCB=0;payment:notificationServiceCB=0;payment:sharedDbCB=0;notification:sharedDbCB=0,200,20.038,1378963677,4,23,5.0000,4.9947,0.0007,False,10.0000,codespace,0.2000,False,
LIN-LAT-TIM-T50-W20-D15-M100-L5,LINEAR,LATENCY,TIME_BASED,50,20,15,5,LOCAL,occupancy,3,2026-09-03T20:35:31Z,0.2500,14.646,223.778,0.8862,0.9723,0.0000,order-service:0.4431;inventory-service:0.0000;payment-service:0.0000;notification-service:0.0000,True,,28.401,gateway:orderServiceCB=CLOSED;gateway:inventoryServiceCB=CLOSED;gateway:paymentServiceCB=CLOSED;order:inventoryServiceCB=CLOSED;order:sharedDbCB=CLOSED;inventory:paymentServiceCB=CLOSED;inventory:sharedDbCB=CLOSED;payment:notificationServiceCB=CLOSED;payment:sharedDbCB=CLOSED;notification:sharedDbCB=CLOSED,gateway:orderServiceCB=0;gateway:inventoryServiceCB=0;gateway:paymentServiceCB=0;order:inventoryServiceCB=0;order:sharedDbCB=0;inventory:paymentServiceCB=0;inventory:sharedDbCB=0;payment:notificationServiceCB=0;payment:sharedDbCB=0;notification:sharedDbCB=0,200,20.036,1378963677,5,23,5.0000,4.9959,0.0004,False,99.9184,codespace,0.9992,False,
LIN-LAT-CNT-T50-W5-D15-M50-L5,LINEAR,LATENCY,COUNT_BASED,50,5,15,5,LOCAL,occupancy,3,2026-09-03T20:37:38Z,0.2500,3.499,38.816,0.8467,0.9624,0.0000,order-service:0.2604;inventory-service:0.0000;payment-service:0.0000;notification-service:0.0000,True,,30.793,gateway:orderServiceCB=CLOSED;gateway:inventoryServiceCB=CLOSED;gateway:paymentServiceCB=CLOSED;order:inventoryServiceCB=CLOSED;order:sharedDbCB=CLOSED;inventory:paymentServiceCB=CLOSED;inventory:sharedDbCB=CLOSED;payment:notificationServiceCB=CLOSED;payment:sharedDbCB=CLOSED;notification:sharedDbCB=CLOSED,gateway:orderServiceCB=0;gateway:inventoryServiceCB=0;gateway:paymentServiceCB=0;order:inventoryServiceCB=0;order:sharedDbCB=0;inventory:paymentServiceCB=0;inventory:sharedDbCB=0;payment:notificationServiceCB=0;payment:sharedDbCB=0;notification:sharedDbCB=0,200,20.040,1378963677,6,23,5.0000,4.9946,0.0007,False,5.0000,codespace,0.1000,False,
LIN-LAT-TIM-T50-W5-D15-M100-L10,LINEAR,LATENCY,TIME_BASED,50,5,15,5,LOCAL,occupancy,1,2026-09-03T20:40:29Z,0.0000,,,0.0000,0.5299,0.0000,order-service:0.0000;inventory-service:0.0000;payment-service:0.0000;notification-service:0.0000,True,,30.941,gateway:orderServiceCB=CLOSED;gateway:inventoryServiceCB=CLOSED;gateway:paymentServiceCB=CLOSED;order:inventoryServiceCB=CLOSED;order:sharedDbCB=CLOSED;inventory:paymentServiceCB=CLOSED;inventory:sharedDbCB=CLOSED;payment:notificationServiceCB=CLOSED;payment:sharedDbCB=CLOSED;notification:sharedDbCB=CLOSED,gateway:orderServiceCB=0;gateway:inventoryServiceCB=0;gateway:paymentServiceCB=0;order:inventoryServiceCB=0;order:sharedDbCB=0;inventory:paymentServiceCB=0;inventory:sharedDbCB=0;payment:notificationServiceCB=0;payment:sharedDbCB=0;notification:sharedDbCB=0,200,20.038,1378963677,7,45,10.0000,9.9838,0.0013,False,49.9189,codespace,0.4992,True,
LIN-LAT-TIM-T50-W10-D15-M5-L20,LINEAR,LATENCY,TIME_BASED,50,10,15,5,LOCAL,occupancy,2,2026-09-03T20:44:04Z,0.2500,5.488,126.035,0.9460,0.9470,0.0000,order-service:0.4730;inventory-service:0.0000;payment-service:0.0000;notification-service:0.0000,True,,29.823,gateway:orderServiceCB=CLOSED;gateway:inventoryServiceCB=CLOSED;gateway:paymentServiceCB=CLOSED;order:inventoryServiceCB=CLOSED;order:sharedDbCB=CLOSED;inventory:paymentServiceCB=CLOSED;inventory:sharedDbCB=CLOSED;payment:notificationServiceCB=CLOSED;payment:sharedDbCB=CLOSED;notification:sharedDbCB=CLOSED,gateway:orderServiceCB=0;gateway:inventoryServiceCB=0;gateway:paymentServiceCB=0;order:inventoryServiceCB=0;order:sharedDbCB=0;inventory:paymentServiceCB=0;inventory:sharedDbCB=0;payment:notificationServiceCB=0;payment:sharedDbCB=0;notification:sharedDbCB=0,200,20.034,1378963677,8,90,20.0000,19.9409,0.0036,False,199.4091,codespace,39.8818,False,
LIN-LAT-TIM-T50-W5-D15-M5-L10,LINEAR,LATENCY,TIME_BASED,50,5,15,5,LOCAL,occupancy,2,2026-09-03T20:47:00Z,0.2500,3.688,89.986,0.9240,0.9643,0.0000,order-service:0.4620;inventory-service:0.0000;payment-service:0.0000;notification-service:0.0000,True,,27.972,gateway:orderServiceCB=CLOSED;gateway:inventoryServiceCB=CLOSED;gateway:paymentServiceCB=CLOSED;order:inventoryServiceCB=CLOSED;order:sharedDbCB=CLOSED;inventory:paymentServiceCB=CLOSED;inventory:sharedDbCB=CLOSED;payment:notificationServiceCB=CLOSED;payment:sharedDbCB=CLOSED;notification:sharedDbCB=CLOSED,gateway:orderServiceCB=0;gateway:inventoryServiceCB=0;gateway:paymentServiceCB=0;order:inventoryServiceCB=0;order:sharedDbCB=0;inventory:paymentServiceCB=0;inventory:sharedDbCB=0;payment:notificationServiceCB=0;payment:sharedDbCB=0;notification:sharedDbCB=0,200,20.035,1378963677,9,45,10.0000,9.9852,0.0011,False,49.9258,codespace,9.9852,False,
LIN-LAT-CNT-T50-W5-D15-M200-L5,LINEAR,LATENCY,COUNT_BASED,50,5,15,5,LOCAL,occupancy,1,2026-09-03T20:50:24Z,0.2500,3.462,118.713,0.9283,0.9826,0.0000,order-service:0.2557;inventory-service:0.0000;payment-service:0.0000;notification-service:0.0000,True,,28.363,gateway:orderServiceCB=CLOSED;gateway:inventoryServiceCB=CLOSED;gateway:paymentServiceCB=CLOSED;order:inventoryServiceCB=CLOSED;order:sharedDbCB=CLOSED;inventory:paymentServiceCB=CLOSED;inventory:sharedDbCB=CLOSED;payment:notificationServiceCB=CLOSED;payment:sharedDbCB=CLOSED;notification:sharedDbCB=CLOSED,gateway:orderServiceCB=0;gateway:inventoryServiceCB=0;gateway:paymentServiceCB=0;order:inventoryServiceCB=0;order:sharedDbCB=0;inventory:paymentServiceCB=0;inventory:sharedDbCB=0;payment:notificationServiceCB=0;payment:sharedDbCB=0;notification:sharedDbCB=0,200,20.031,1378963677,10,23,5.0000,4.9962,0.0005,False,5.0000,codespace,0.0250,False,
LIN-LAT-TIM-T50-W10-D15-M50-L5,LINEAR,LATENCY,TIME_BASED,50,10,15,5,LOCAL,occupancy,1,2026-09-03T20:54:09Z,0.2500,12.85,129.616,0.8480,0.9634,0.0000,order-service:0.4240;inventory-service:0.0000;payment-service:0.0000;notification-service:0.0000,True,,29.094,gateway:orderServiceCB=CLOSED;gateway:inventoryServiceCB=CLOSED;gateway:paymentServiceCB=CLOSED;order:inventoryServiceCB=CLOSED;order:sharedDbCB=CLOSED;inventory:paymentServiceCB=CLOSED;inventory:sharedDbCB=CLOSED;payment:notificationServiceCB=CLOSED;payment:sharedDbCB=CLOSED;notification:sharedDbCB=CLOSED,gateway:orderServiceCB=0;gateway:inventoryServiceCB=0;gateway:paymentServiceCB=0;order:inventoryServiceCB=0;order:sharedDbCB=0;inventory:paymentServiceCB=0;inventory:sharedDbCB=0;payment:notificationServiceCB=0;payment:sharedDbCB=0;notification:sharedDbCB=0,200,20.033,1378963677,11,23,5.0000,4.9959,0.0003,False,49.9589,codespace,0.9992,False,
LIN-LAT-TIM-T50-W10-D15-M100-L5,LINEAR,LATENCY,TIME_BASED,50,10,15,5,LOCAL,occupancy,1,2026-09-03T20:57:46Z,0.0000,,,0.0000,0.7616,0.0000,order-service:0.0000;inventory-service:0.0000;payment-service:0.0000;notification-service:0.0000,True,,30.815,gateway:orderServiceCB=CLOSED;gateway:inventoryServiceCB=CLOSED;gateway:paymentServiceCB=CLOSED;order:inventoryServiceCB=CLOSED;order:sharedDbCB=CLOSED;inventory:paymentServiceCB=CLOSED;inventory:sharedDbCB=CLOSED;payment:notificationServiceCB=CLOSED;payment:sharedDbCB=CLOSED;notification:sharedDbCB=CLOSED,gateway:orderServiceCB=0;gateway:inventoryServiceCB=0;gateway:paymentServiceCB=0;order:inventoryServiceCB=0;order:sharedDbCB=0;inventory:paymentServiceCB=0;inventory:sharedDbCB=0;payment:notificationServiceCB=0;payment:sharedDbCB=0;notification:sharedDbCB=0,200,20.042,1378963677,12,23,5.0000,4.9957,0.0006,False,49.9574,codespace,0.4996,True,
LIN-LAT-CNT-T50-W5-D15-M50-L20,LINEAR,LATENCY,COUNT_BASED,50,5,15,5,LOCAL,occupancy,2,2026-09-03T20:59:28Z,0.2500,3.298,16.476,0.5867,0.5984,0.0000,order-service:0.2559;inventory-service:0.0000;payment-service:0.0000;notification-service:0.0000,True,,29.057,gateway:orderServiceCB=CLOSED;gateway:inventoryServiceCB=CLOSED;gateway:paymentServiceCB=CLOSED;order:inventoryServiceCB=CLOSED;order:sharedDbCB=CLOSED;inventory:paymentServiceCB=CLOSED;inventory:sharedDbCB=CLOSED;payment:notificationServiceCB=CLOSED;payment:sharedDbCB=CLOSED;notification:sharedDbCB=CLOSED,gateway:orderServiceCB=0;gateway:inventoryServiceCB=0;gateway:paymentServiceCB=0;order:inventoryServiceCB=0;order:sharedDbCB=0;inventory:paymentServiceCB=0;inventory:sharedDbCB=0;payment:notificationServiceCB=0;payment:sharedDbCB=0;notification:sharedDbCB=0,200,20.032,1378963677,13,90,20.0000,19.8777,0.0045,False,5.0000,codespace,0.1000,False,
LIN-LAT-CNT-T50-W20-D15-M200-L20,LINEAR,LATENCY,COUNT_BASED,50,20,15,5,LOCAL,occupancy,3,2026-09-03T21:01:32Z,0.2500,3.522,38.838,0.8767,0.8805,0.0000,order-service:0.2874;inventory-service:0.0000;payment-service:0.0000;notification-service:0.0000,True,,27.115,gateway:orderServiceCB=CLOSED;gateway:inventoryServiceCB=CLOSED;gateway:paymentServiceCB=CLOSED;order:inventoryServiceCB=CLOSED;order:sharedDbCB=CLOSED;inventory:paymentServiceCB=CLOSED;inventory:sharedDbCB=CLOSED;payment:notificationServiceCB=CLOSED;payment:sharedDbCB=CLOSED;notification:sharedDbCB=CLOSED,gateway:orderServiceCB=0;gateway:inventoryServiceCB=0;gateway:paymentServiceCB=0;order:inventoryServiceCB=0;order:sharedDbCB=0;inventory:paymentServiceCB=0;inventory:sharedDbCB=0;payment:notificationServiceCB=0;payment:sharedDbCB=0;notification:sharedDbCB=0,200,20.036,1378963677,14,90,20.0000,19.9234,0.0045,False,20.0000,codespace,0.1000,False,
LIN-LAT-TIM-T50-W10-D15-M200-L10,LINEAR,LATENCY,TIME_BASED,50,10,15,5,LOCAL,occupancy,1,2026-09-03T21:05:10Z,0.0000,,,0.0000,0.5235,0.0000,order-service:0.0000;inventory-service:0.0000;payment-service:0.0000;notification-service:0.0000,True,,33.719,gateway:orderServiceCB=CLOSED;gateway:inventoryServiceCB=CLOSED;gateway:paymentServiceCB=CLOSED;order:inventoryServiceCB=CLOSED;order:sharedDbCB=CLOSED;inventory:paymentServiceCB=CLOSED;inventory:sharedDbCB=CLOSED;payment:notificationServiceCB=CLOSED;payment:sharedDbCB=CLOSED;notification:sharedDbCB=CLOSED,gateway:orderServiceCB=0;gateway:inventoryServiceCB=0;gateway:paymentServiceCB=0;order:inventoryServiceCB=0;order:sharedDbCB=0;inventory:paymentServiceCB=0;inventory:sharedDbCB=0;payment:notificationServiceCB=0;payment:sharedDbCB=0;notification:sharedDbCB=0,200,20.039,1378963677,15,45,10.0000,9.9837,0.0015,False,99.8372,codespace,0.4992,True,
LIN-LAT-TIM-T50-W5-D15-M5-L10,LINEAR,LATENCY,TIME_BASED,50,5,15,5,LOCAL,occupancy,1,2026-09-04T12:17:48Z,0.2500,4.105,90.005,0.9187,0.9619,0.0000,order-service:0.4593;inventory-service:0.0000;payment-service:0.0000;notification-service:0.0000,True,,29.602,gateway:orderServiceCB=CLOSED;gateway:inventoryServiceCB=CLOSED;gateway:paymentServiceCB=CLOSED;order:inventoryServiceCB=CLOSED;order:sharedDbCB=CLOSED;inventory:paymentServiceCB=CLOSED;inventory:sharedDbCB=CLOSED;payment:notificationServiceCB=CLOSED;payment:sharedDbCB=CLOSED;notification:sharedDbCB=CLOSED,gateway:orderServiceCB=0;gateway:inventoryServiceCB=0;gateway:paymentServiceCB=0;order:inventoryServiceCB=0;order:sharedDbCB=0;inventory:paymentServiceCB=0;inventory:sharedDbCB=0;payment:notificationServiceCB=0;payment:sharedDbCB=0;notification:sharedDbCB=0,200,20.035,731575707,1,45,10.0000,9.9824,0.0015,False,49.9118,codespace,9.9824,False,
LIN-LAT-TIM-T50-W5-D15-M100-L5,LINEAR,LATENCY,TIME_BASED,50,5,15,5,LOCAL,occupancy,2,2026-09-04T12:20:32Z,0.0000,,,0.0000,0.7659,0.0000,order-service:0.0000;inventory-service:0.0000;payment-service:0.0000;notification-service:0.0000,True,,29.325,gateway:orderServiceCB=CLOSED;gateway:inventoryServiceCB=CLOSED;gateway:paymentServiceCB=CLOSED;order:inventoryServiceCB=CLOSED;order:sharedDbCB=CLOSED;inventory:paymentServiceCB=CLOSED;inventory:sharedDbCB=CLOSED;payment:notificationServiceCB=CLOSED;payment:sharedDbCB=CLOSED;notification:sharedDbCB=CLOSED,gateway:orderServiceCB=0;gateway:inventoryServiceCB=0;gateway:paymentServiceCB=0;order:inventoryServiceCB=0;order:sharedDbCB=0;inventory:paymentServiceCB=0;inventory:sharedDbCB=0;payment:notificationServiceCB=0;payment:sharedDbCB=0;notification:sharedDbCB=0,200,20.032,731575707,2,23,5.0000,4.9959,0.0007,False,24.9793,codespace,0.2498,True,
LIN-LAT-CNT-T50-W5-D15-M200-L20,LINEAR,LATENCY,COUNT_BASED,50,5,15,5,LOCAL,occupancy,1,2026-09-04T12:22:35Z,0.2500,3.298,38.05,0.8883,0.8914,0.0000,order-service:0.2555;inventory-service:0.0000;payment-service:0.0000;notification-service:0.0000,True,,27.241,gateway:orderServiceCB=CLOSED;gateway:inventoryServiceCB=CLOSED;gateway:paymentServiceCB=CLOSED;order:inventoryServiceCB=CLOSED;order:sharedDbCB=CLOSED;inventory:paymentServiceCB=CLOSED;inventory:sharedDbCB=CLOSED;payment:notificationServiceCB=CLOSED;payment:sharedDbCB=CLOSED;notification:sharedDbCB=CLOSED,gateway:orderServiceCB=0;gateway:inventoryServiceCB=0;gateway:paymentServiceCB=0;order:inventoryServiceCB=0;order:sharedDbCB=0;inventory:paymentServiceCB=0;inventory:sharedDbCB=0;payment:notificationServiceCB=0;payment:sharedDbCB=0;notification:sharedDbCB=0,200,20.037,731575707,3,90,20.0000,19.9249,0.0037,False,5.0000,codespace,0.0250,False,
LIN-LAT-TIM-T50-W20-D15-M200-L20,LINEAR,LATENCY,TIME_BASED,50,20,15,5,LOCAL,occupancy,1,2026-09-04T12:28:00Z,0.2500,8.896,235.086,0.9480,0.9501,0.0000,order-service:0.4740;inventory-service:0.0000;payment-service:0.0000;notification-service:0.0000,True,,27.741,gateway:orderServiceCB=CLOSED;gateway:inventoryServiceCB=CLOSED;gateway:paymentServiceCB=CLOSED;order:inventoryServiceCB=CLOSED;order:sharedDbCB=CLOSED;inventory:paymentServiceCB=CLOSED;inventory:sharedDbCB=CLOSED;payment:notificationServiceCB=CLOSED;payment:sharedDbCB=CLOSED;notification:sharedDbCB=CLOSED,gateway:orderServiceCB=0;gateway:inventoryServiceCB=0;gateway:paymentServiceCB=0;order:inventoryServiceCB=0;order:sharedDbCB=0;inventory:paymentServiceCB=0;inventory:sharedDbCB=0;payment:notificationServiceCB=0;payment:sharedDbCB=0;notification:sharedDbCB=0,200,20.034,731575707,4,90,20.0000,19.9422,0.0021,False,398.8447,codespace,1.9942,False,
LIN-LAT-TIM-T50-W5-D15-M5-L5,LINEAR,LATENCY,TIME_BASED,50,5,15,5,LOCAL,occupancy,3,2026-09-04T12:30:41Z,0.2500,4.343,72.83,0.9013,0.9758,0.0000,order-service:0.4507;inventory-service:0.0000;payment-service:0.0000;notification-service:0.0000,True,,29.210,gateway:orderServiceCB=CLOSED;gateway:inventoryServiceCB=CLOSED;gateway:paymentServiceCB=CLOSED;order:inventoryServiceCB=CLOSED;order:sharedDbCB=CLOSED;inventory:paymentServiceCB=CLOSED;inventory:sharedDbCB=CLOSED;payment:notificationServiceCB=CLOSED;payment:sharedDbCB=CLOSED;notification:sharedDbCB=CLOSED,gateway:orderServiceCB=0;gateway:inventoryServiceCB=0;gateway:paymentServiceCB=0;order:inventoryServiceCB=0;order:sharedDbCB=0;inventory:paymentServiceCB=0;inventory:sharedDbCB=0;payment:notificationServiceCB=0;payment:sharedDbCB=0;notification:sharedDbCB=0,200,20.035,731575707,5,23,5.0000,4.9955,0.0012,False,24.9774,codespace,4.9955,False,
LIN-LAT-CNT-T50-W10-D15-M200-L20,LINEAR,LATENCY,COUNT_BASED,50,10,15,5,LOCAL,occupancy,2,2026-09-04T12:32:44Z,0.2500,3.329,38.032,0.8850,0.8884,0.0000,order-service:0.2685;inventory-service:0.0000;payment-service:0.0000;notification-service:0.0000,True,,27.225,gateway:orderServiceCB=CLOSED;gateway:inventoryServiceCB=CLOSED;gateway:paymentServiceCB=CLOSED;order:inventoryServiceCB=CLOSED;order:sharedDbCB=CLOSED;inventory:paymentServiceCB=CLOSED;inventory:sharedDbCB=CLOSED;payment:notificationServiceCB=CLOSED;payment:sharedDbCB=CLOSED;notification:sharedDbCB=CLOSED,gateway:orderServiceCB=0;gateway:inventoryServiceCB=0;gateway:paymentServiceCB=0;order:inventoryServiceCB=0;order:sharedDbCB=0;inventory:paymentServiceCB=0;inventory:sharedDbCB=0;payment:notificationServiceCB=0;payment:sharedDbCB=0;notification:sharedDbCB=0,200,20.035,731575707,6,90,20.0000,19.9222,0.0043,False,10.0000,codespace,0.0500,False,
LIN-LAT-TIM-T50-W20-D15-M100-L20,LINEAR,LATENCY,TIME_BASED,50,20,15,5,LOCAL,occupancy,2,2026-09-04T12:38:10Z,0.2500,8.907,235.05,0.9480,0.9498,0.0000,order-service:0.4740;inventory-service:0.0000;payment-service:0.0000;notification-service:0.0000,True,,27.887,gateway:orderServiceCB=CLOSED;gateway:inventoryServiceCB=CLOSED;gateway:paymentServiceCB=CLOSED;order:inventoryServiceCB=CLOSED;order:sharedDbCB=CLOSED;inventory:paymentServiceCB=CLOSED;inventory:sharedDbCB=CLOSED;payment:notificationServiceCB=CLOSED;payment:sharedDbCB=CLOSED;notification:sharedDbCB=CLOSED,gateway:orderServiceCB=0;gateway:inventoryServiceCB=0;gateway:paymentServiceCB=0;order:inventoryServiceCB=0;order:sharedDbCB=0;inventory:paymentServiceCB=0;inventory:sharedDbCB=0;payment:notificationServiceCB=0;payment:sharedDbCB=0;notification:sharedDbCB=0,200,20.035,731575707,7,90,20.0000,19.9433,0.0019,False,398.8668,codespace,3.9887,False,
LIN-LAT-TIM-T50-W5-D15-M100-L20,LINEAR,LATENCY,TIME_BASED,50,5,15,5,LOCAL,occupancy,2,2026-09-04T12:40:55Z,0.2500,12.373,71.075,0.8273,0.8314,0.0000,order-service:0.4137;inventory-service:0.0000;payment-service:0.0000;notification-service:0.0000,True,,27.774,gateway:orderServiceCB=CLOSED;gateway:inventoryServiceCB=CLOSED;gateway:paymentServiceCB=CLOSED;order:inventoryServiceCB=CLOSED;order:sharedDbCB=CLOSED;inventory:paymentServiceCB=CLOSED;inventory:sharedDbCB=CLOSED;payment:notificationServiceCB=CLOSED;payment:sharedDbCB=CLOSED;notification:sharedDbCB=CLOSED,gateway:orderServiceCB=0;gateway:inventoryServiceCB=0;gateway:paymentServiceCB=0;order:inventoryServiceCB=0;order:sharedDbCB=0;inventory:paymentServiceCB=0;inventory:sharedDbCB=0;payment:notificationServiceCB=0;payment:sharedDbCB=0;notification:sharedDbCB=0,200,20.035,731575707,8,90,20.0000,19.9370,0.0031,False,99.6849,codespace,0.9968,False,
LIN-LAT-TIM-T50-W10-D15-M100-L10,LINEAR,LATENCY,TIME_BASED,50,10,15,5,LOCAL,occupancy,3,2026-09-04T12:44:39Z,0.2500,13.352,127.153,0.8696,0.9365,0.0000,order-service:0.4348;inventory-service:0.0000;payment-service:0.0000;notification-service:0.0000,True,,29.393,gateway:orderServiceCB=CLOSED;gateway:inventoryServiceCB=CLOSED;gateway:paymentServiceCB=CLOSED;order:inventoryServiceCB=CLOSED;order:sharedDbCB=CLOSED;inventory:paymentServiceCB=CLOSED;inventory:sharedDbCB=CLOSED;payment:notificationServiceCB=CLOSED;payment:sharedDbCB=CLOSED;notification:sharedDbCB=CLOSED,gateway:orderServiceCB=0;gateway:inventoryServiceCB=0;gateway:paymentServiceCB=0;order:inventoryServiceCB=0;order:sharedDbCB=0;inventory:paymentServiceCB=0;inventory:sharedDbCB=0;payment:notificationServiceCB=0;payment:sharedDbCB=0;notification:sharedDbCB=0,200,20.039,731575707,9,45,10.0000,9.9833,0.0011,False,99.8334,codespace,0.9983,False,
LIN-LAT-TIM-T50-W20-D15-M50-L20,LINEAR,LATENCY,TIME_BASED,50,20,15,5,LOCAL,occupancy,2,2026-09-04T12:50:05Z,0.2500,8.721,235.238,0.9484,0.9502,0.0000,order-service:0.4742;inventory-service:0.0000;payment-service:0.0000;notification-service:0.0000,True,,27.971,gateway:orderServiceCB=CLOSED;gateway:inventoryServiceCB=CLOSED;gateway:paymentServiceCB=CLOSED;order:inventoryServiceCB=CLOSED;order:sharedDbCB=CLOSED;inventory:paymentServiceCB=CLOSED;inventory:sharedDbCB=CLOSED;payment:notificationServiceCB=CLOSED;payment:sharedDbCB=CLOSED;notification:sharedDbCB=CLOSED,gateway:orderServiceCB=0;gateway:inventoryServiceCB=0;gateway:paymentServiceCB=0;order:inventoryServiceCB=0;order:sharedDbCB=0;inventory:paymentServiceCB=0;inventory:sharedDbCB=0;payment:notificationServiceCB=0;payment:sharedDbCB=0;notification:sharedDbCB=0,200,20.035,731575707,10,90,20.0000,19.9366,0.0033,False,398.7314,codespace,7.9746,False,
LIN-LAT-TIM-T50-W5-D15-M50-L10,LINEAR,LATENCY,TIME_BASED,50,5,15,5,LOCAL,occupancy,3,2026-09-04T12:52:50Z,0.2500,8.924,71.377,0.8627,0.9331,0.0000,order-service:0.4313;inventory-service:0.0000;payment-service:0.0000;notification-service:0.0000,True,,30.076,gateway:orderServiceCB=CLOSED;gateway:inventoryServiceCB=CLOSED;gateway:paymentServiceCB=CLOSED;order:inventoryServiceCB=CLOSED;order:sharedDbCB=CLOSED;inventory:paymentServiceCB=CLOSED;inventory:sharedDbCB=CLOSED;payment:notificationServiceCB=CLOSED;payment:sharedDbCB=CLOSED;notification:sharedDbCB=CLOSED,gateway:orderServiceCB=0;gateway:inventoryServiceCB=0;gateway:paymentServiceCB=0;order:inventoryServiceCB=0;order:sharedDbCB=0;inventory:paymentServiceCB=0;inventory:sharedDbCB=0;payment:notificationServiceCB=0;payment:sharedDbCB=0;notification:sharedDbCB=0,200,20.037,731575707,11,45,10.0000,9.9825,0.0011,False,49.9127,codespace,0.9983,False,
LIN-LAT-CNT-T50-W10-D15-M50-L5,LINEAR,LATENCY,COUNT_BASED,50,10,15,5,LOCAL,occupancy,2,2026-09-04T12:54:58Z,0.2500,3.927,40.37,0.8333,0.9592,0.0000,order-service:0.2917;inventory-service:0.0000;payment-service:0.0000;notification-service:0.0000,True,,29.891,gateway:orderServiceCB=CLOSED;gateway:inventoryServiceCB=CLOSED;gateway:paymentServiceCB=CLOSED;order:inventoryServiceCB=CLOSED;order:sharedDbCB=CLOSED;inventory:paymentServiceCB=CLOSED;inventory:sharedDbCB=CLOSED;payment:notificationServiceCB=CLOSED;payment:sharedDbCB=CLOSED;notification:sharedDbCB=CLOSED,gateway:orderServiceCB=0;gateway:inventoryServiceCB=0;gateway:paymentServiceCB=0;order:inventoryServiceCB=0;order:sharedDbCB=0;inventory:paymentServiceCB=0;inventory:sharedDbCB=0;payment:notificationServiceCB=0;payment:sharedDbCB=0;notification:sharedDbCB=0,200,20.039,731575707,12,23,5.0000,4.9951,0.0007,False,10.0000,codespace,0.2000,False,
LIN-LAT-TIM-T50-W5-D15-M50-L10,LINEAR,LATENCY,TIME_BASED,50,5,15,5,LOCAL,occupancy,1,2026-09-04T12:57:42Z,0.2500,8.261,72.066,0.8720,0.9378,0.0000,order-service:0.4360;inventory-service:0.0000;payment-service:0.0000;notification-service:0.0000,True,,29.833,gateway:orderServiceCB=CLOSED;gateway:inventoryServiceCB=CLOSED;gateway:paymentServiceCB=CLOSED;order:inventoryServiceCB=CLOSED;order:sharedDbCB=CLOSED;inventory:paymentServiceCB=CLOSED;inventory:sharedDbCB=CLOSED;payment:notificationServiceCB=CLOSED;payment:sharedDbCB=CLOSED;notification:sharedDbCB=CLOSED,gateway:orderServiceCB=0;gateway:inventoryServiceCB=0;gateway:paymentServiceCB=0;order:inventoryServiceCB=0;order:sharedDbCB=0;inventory:paymentServiceCB=0;inventory:sharedDbCB=0;payment:notificationServiceCB=0;payment:sharedDbCB=0;notification:sharedDbCB=0,200,20.045,731575707,13,45,10.0000,9.9821,0.0014,False,49.9107,codespace,0.9982,False,
LIN-LAT-CNT-T50-W10-D15-M50-L5,LINEAR,LATENCY,COUNT_BASED,50,10,15,5,LOCAL,occupancy,3,2026-09-04T12:59:52Z,0.2500,3.897,40.429,0.8333,0.9592,0.0000,order-service:0.2917;inventory-service:0.0000;payment-service:0.0000;notification-service:0.0000,True,,31.267,gateway:orderServiceCB=CLOSED;gateway:inventoryServiceCB=CLOSED;gateway:paymentServiceCB=CLOSED;order:inventoryServiceCB=CLOSED;order:sharedDbCB=CLOSED;inventory:paymentServiceCB=CLOSED;inventory:sharedDbCB=CLOSED;payment:notificationServiceCB=CLOSED;payment:sharedDbCB=CLOSED;notification:sharedDbCB=CLOSED,gateway:orderServiceCB=0;gateway:inventoryServiceCB=0;gateway:paymentServiceCB=0;order:inventoryServiceCB=0;order:sharedDbCB=0;inventory:paymentServiceCB=0;inventory:sharedDbCB=0;payment:notificationServiceCB=0;payment:sharedDbCB=0;notification:sharedDbCB=0,200,20.040,731575707,14,23,5.0000,4.9948,0.0010,False,10.0000,codespace,0.2000,False,
LIN-LAT-CNT-T50-W5-D15-M5-L5,LINEAR,LATENCY,COUNT_BASED,50,5,15,5,LOCAL,occupancy,1,2026-09-04T13:01:35Z,0.2500,3.502,16.753,0.5500,0.8867,0.0000,order-service:0.2632;inventory-service:0.0000;payment-service:0.0000;notification-service:0.0000,True,,29.451,gateway:orderServiceCB=CLOSED;gateway:inventoryServiceCB=CLOSED;gateway:paymentServiceCB=CLOSED;order:inventoryServiceCB=CLOSED;order:sharedDbCB=CLOSED;inventory:paymentServiceCB=CLOSED;inventory:sharedDbCB=CLOSED;payment:notificationServiceCB=CLOSED;payment:sharedDbCB=CLOSED;notification:sharedDbCB=CLOSED,gateway:orderServiceCB=0;gateway:inventoryServiceCB=0;gateway:paymentServiceCB=0;order:inventoryServiceCB=0;order:sharedDbCB=0;inventory:paymentServiceCB=0;inventory:sharedDbCB=0;payment:notificationServiceCB=0;payment:sharedDbCB=0;notification:sharedDbCB=0,200,20.038,731575707,15,23,5.0000,4.9898,0.0025,False,5.0000,codespace,1.0000,False,
LIN-LAT-TIM-T50-W5-D15-M50-L5,LINEAR,LATENCY,TIME_BASED,50,5,15,5,LOCAL,occupancy,1,2026-09-04T13:04:17Z,0.0000,,,0.0000,0.7664,0.0000,order-service:0.0000;inventory-service:0.0000;payment-service:0.0000;notification-service:0.0000,True,,27.034,gateway:orderServiceCB=CLOSED;gateway:inventoryServiceCB=CLOSED;gateway:paymentServiceCB=CLOSED;order:inventoryServiceCB=CLOSED;order:sharedDbCB=CLOSED;inventory:paymentServiceCB=CLOSED;inventory:sharedDbCB=CLOSED;payment:notificationServiceCB=CLOSED;payment:sharedDbCB=CLOSED;notification:sharedDbCB=CLOSED,gateway:orderServiceCB=0;gateway:inventoryServiceCB=0;gateway:paymentServiceCB=0;order:inventoryServiceCB=0;order:sharedDbCB=0;inventory:paymentServiceCB=0;inventory:sharedDbCB=0;payment:notificationServiceCB=0;payment:sharedDbCB=0;notification:sharedDbCB=0,200,20.037,731575707,16,23,5.0000,4.9958,0.0006,False,24.9792,codespace,0.4996,True,
LIN-LAT-TIM-T50-W10-D15-M50-L10,LINEAR,LATENCY,TIME_BASED,50,10,15,5,LOCAL,occupancy,2,2026-09-04T13:07:53Z,0.2500,6.732,126.663,0.9224,0.9623,0.0000,order-service:0.4612;inventory-service:0.0000;payment-service:0.0000;notification-service:0.0000,True,,28.028,gateway:orderServiceCB=CLOSED;gateway:inventoryServiceCB=CLOSED;gateway:paymentServiceCB=CLOSED;order:inventoryServiceCB=CLOSED;order:sharedDbCB=CLOSED;inventory:paymentServiceCB=CLOSED;inventory:sharedDbCB=CLOSED;payment:notificationServiceCB=CLOSED;payment:sharedDbCB=CLOSED;notification:sharedDbCB=CLOSED,gateway:orderServiceCB=0;gateway:inventoryServiceCB=0;gateway:paymentServiceCB=0;order:inventoryServiceCB=0;order:sharedDbCB=0;inventory:paymentServiceCB=0;inventory:sharedDbCB=0;payment:notificationServiceCB=0;payment:sharedDbCB=0;notification:sharedDbCB=0,200,20.039,731575707,17,45,10.0000,9.9843,0.0013,False,99.8428,codespace,1.9969,False,
LIN-LAT-CNT-T50-W20-D15-M5-L20,LINEAR,LATENCY,COUNT_BASED,50,20,15,5,LOCAL,occupancy,2,2026-09-04T13:09:39Z,0.2500,3.618,16.784,0.0000,0.5138,0.0000,order-service:0.0000;inventory-service:0.0000;payment-service:0.0000;notification-service:0.0000,True,,30.553,gateway:orderServiceCB=CLOSED;gateway:inventoryServiceCB=CLOSED;gateway:paymentServiceCB=CLOSED;order:inventoryServiceCB=CLOSED;order:sharedDbCB=CLOSED;inventory:paymentServiceCB=CLOSED;inventory:sharedDbCB=CLOSED;payment:notificationServiceCB=CLOSED;payment:sharedDbCB=CLOSED;notification:sharedDbCB=CLOSED,gateway:orderServiceCB=0;gateway:inventoryServiceCB=0;gateway:paymentServiceCB=0;order:inventoryServiceCB=0;order:sharedDbCB=0;inventory:paymentServiceCB=0;inventory:sharedDbCB=0;payment:notificationServiceCB=0;payment:sharedDbCB=0;notification:sharedDbCB=0,200,20.041,731575707,18,90,20.0000,19.7283,0.0109,False,20.0000,codespace,4.0000,False,
LIN-LAT-CNT-T50-W10-D15-M5-L5,LINEAR,LATENCY,COUNT_BASED,50,10,15,5,LOCAL,occupancy,1,2026-09-04T13:11:23Z,0.2500,3.919,16.41,0.5000,0.8759,0.0000,order-service:0.2500;inventory-service:0.0000;payment-service:0.0000;notification-service:0.0000,True,,29.082,gateway:orderServiceCB=CLOSED;gateway:inventoryServiceCB=CLOSED;gateway:paymentServiceCB=CLOSED;order:inventoryServiceCB=CLOSED;order:sharedDbCB=CLOSED;inventory:paymentServiceCB=CLOSED;inventory:sharedDbCB=CLOSED;payment:notificationServiceCB=CLOSED;payment:sharedDbCB=CLOSED;notification:sharedDbCB=CLOSED,gateway:orderServiceCB=0;gateway:inventoryServiceCB=0;gateway:paymentServiceCB=0;order:inventoryServiceCB=0;order:sharedDbCB=0;inventory:paymentServiceCB=0;inventory:sharedDbCB=0;payment:notificationServiceCB=0;payment:sharedDbCB=0;notification:sharedDbCB=0,200,20.037,731575707,19,23,5.0000,4.9920,0.0011,False,10.0000,codespace,2.0000,False,
LIN-LAT-TIM-T50-W20-D15-M5-L5,LINEAR,LATENCY,TIME_BASED,50,20,15,5,LOCAL,occupancy,3,2026-09-04T13:16:45Z,0.2500,14.847,223.606,0.8853,0.9719,0.0000,order-service:0.4427;inventory-service:0.0000;payment-service:0.0000;notification-service:0.0000,True,,29.878,gateway:orderServiceCB=CLOSED;gateway:inventoryServiceCB=CLOSED;gateway:paymentServiceCB=CLOSED;order:inventoryServiceCB=CLOSED;order:sharedDbCB=CLOSED;inventory:paymentServiceCB=CLOSED;inventory:sharedDbCB=CLOSED;payment:notificationServiceCB=CLOSED;payment:sharedDbCB=CLOSED;notification:sharedDbCB=CLOSED,gateway:orderServiceCB=0;gateway:inventoryServiceCB=0;gateway:paymentServiceCB=0;order:inventoryServiceCB=0;order:sharedDbCB=0;inventory:paymentServiceCB=0;inventory:sharedDbCB=0;payment:notificationServiceCB=0;payment:sharedDbCB=0;notification:sharedDbCB=0,200,20.037,731575707,20,23,5.0000,4.9960,0.0004,False,99.9201,codespace,19.9840,False,
LIN-LAT-TIM-T50-W10-D15-M200-L5,LINEAR,LATENCY,TIME_BASED,50,10,15,5,LOCAL,occupancy,3,2026-09-04T13:20:27Z,0.0000,,,0.0000,0.7618,0.0000,order-service:0.0000;inventory-service:0.0000;payment-service:0.0000;notification-service:0.0000,True,,31.690,gateway:orderServiceCB=CLOSED;gateway:inventoryServiceCB=CLOSED;gateway:paymentServiceCB=CLOSED;order:inventoryServiceCB=CLOSED;order:sharedDbCB=CLOSED;inventory:paymentServiceCB=CLOSED;inventory:sharedDbCB=CLOSED;payment:notificationServiceCB=CLOSED;payment:sharedDbCB=CLOSED;notification:sharedDbCB=CLOSED,gateway:orderServiceCB=0;gateway:inventoryServiceCB=0;gateway:paymentServiceCB=0;order:inventoryServiceCB=0;order:sharedDbCB=0;inventory:paymentServiceCB=0;inventory:sharedDbCB=0;payment:notificationServiceCB=0;payment:sharedDbCB=0;notification:sharedDbCB=0,200,20.035,731575707,21,23,5.0000,4.9956,0.0013,False,49.9561,codespace,0.2498,True,
LIN-LAT-CNT-T50-W10-D15-M5-L5,LINEAR,LATENCY,COUNT_BASED,50,10,15,5,LOCAL,occupancy,2,2026-09-04T13:22:11Z,0.2500,3.912,16.412,0.5000,0.8752,0.0000,order-service:0.2500;inventory-service:0.0000;payment-service:0.0000;notification-service:0.0000,True,,29.229,gateway:orderServiceCB=CLOSED;gateway:inventoryServiceCB=CLOSED;gateway:paymentServiceCB=CLOSED;order:inventoryServiceCB=CLOSED;order:sharedDbCB=CLOSED;inventory:paymentServiceCB=CLOSED;inventory:sharedDbCB=CLOSED;payment:notificationServiceCB=CLOSED;payment:sharedDbCB=CLOSED;notification:sharedDbCB=CLOSED,gateway:orderServiceCB=0;gateway:inventoryServiceCB=0;gateway:paymentServiceCB=0;order:inventoryServiceCB=0;order:sharedDbCB=0;inventory:paymentServiceCB=0;inventory:sharedDbCB=0;payment:notificationServiceCB=0;payment:sharedDbCB=0;notification:sharedDbCB=0,200,20.031,731575707,22,23,5.0000,4.9919,0.0011,False,10.0000,codespace,2.0000,False,
LIN-LAT-TIM-T50-W5-D15-M100-L5,LINEAR,LATENCY,TIME_BASED,50,5,15,5,LOCAL,occupancy,1,2026-09-04T13:24:55Z,0.0000,,,0.0000,0.7656,0.0000,order-service:0.0000;inventory-service:0.0000;payment-service:0.0000;notification-service:0.0000,True,,29.608,gateway:orderServiceCB=CLOSED;gateway:inventoryServiceCB=CLOSED;gateway:paymentServiceCB=CLOSED;order:inventoryServiceCB=CLOSED;order:sharedDbCB=CLOSED;inventory:paymentServiceCB=CLOSED;inventory:sharedDbCB=CLOSED;payment:notificationServiceCB=CLOSED;payment:sharedDbCB=CLOSED;notification:sharedDbCB=CLOSED,gateway:orderServiceCB=0;gateway:inventoryServiceCB=0;gateway:paymentServiceCB=0;order:inventoryServiceCB=0;order:sharedDbCB=0;inventory:paymentServiceCB=0;inventory:sharedDbCB=0;payment:notificationServiceCB=0;payment:sharedDbCB=0;notification:sharedDbCB=0,200,20.037,731575707,23,23,5.0000,4.9958,0.0011,False,24.9789,codespace,0.2498,True,
LIN-LAT-CNT-T50-W20-D15-M50-L20,LINEAR,LATENCY,COUNT_BASED,50,20,15,5,LOCAL,occupancy,1,2026-09-04T13:26:38Z,0.2500,3.567,16.234,0.5400,0.5454,0.0000,order-service:0.2669;inventory-service:0.0000;payment-service:0.0000;notification-service:0.0000,True,,29.747,gateway:orderServiceCB=CLOSED;gateway:inventoryServiceCB=CLOSED;gateway:paymentServiceCB=CLOSED;order:inventoryServiceCB=CLOSED;order:sharedDbCB=CLOSED;inventory:paymentServiceCB=CLOSED;inventory:sharedDbCB=CLOSED;payment:notificationServiceCB=CLOSED;payment:sharedDbCB=CLOSED;notification:sharedDbCB=CLOSED,gateway:orderServiceCB=0;gateway:inventoryServiceCB=0;gateway:paymentServiceCB=0;order:inventoryServiceCB=0;order:sharedDbCB=0;inventory:paymentServiceCB=0;inventory:sharedDbCB=0;payment:notificationServiceCB=0;payment:sharedDbCB=0;notification:sharedDbCB=0,200,20.036,731575707,24,90,20.0000,19.8508,0.0074,False,20.0000,codespace,0.4000,False,
LIN-LAT-TIM-T50-W5-D15-M200-L10,LINEAR,LATENCY,TIME_BASED,50,5,15,5,LOCAL,occupancy,3,2026-09-04T13:29:24Z,0.0000,,,0.0000,0.5330,0.0000,order-service:0.0000;inventory-service:0.0000;payment-service:0.0000;notification-service:0.0000,True,,30.596,gateway:orderServiceCB=CLOSED;gateway:inventoryServiceCB=CLOSED;gateway:paymentServiceCB=CLOSED;order:inventoryServiceCB=CLOSED;order:sharedDbCB=CLOSED;inventory:paymentServiceCB=CLOSED;inventory:sharedDbCB=CLOSED;payment:notificationServiceCB=CLOSED;payment:sharedDbCB=CLOSED;notification:sharedDbCB=CLOSED,gateway:orderServiceCB=0;gateway:inventoryServiceCB=0;gateway:paymentServiceCB=0;order:inventoryServiceCB=0;order:sharedDbCB=0;inventory:paymentServiceCB=0;inventory:sharedDbCB=0;payment:notificationServiceCB=0;payment:sharedDbCB=0;notification:sharedDbCB=0,200,20.038,731575707,25,45,10.0000,9.9824,0.0024,False,49.9119,codespace,0.2496,True,
LIN-LAT-TIM-T50-W20-D15-M5-L5,LINEAR,LATENCY,TIME_BASED,50,20,15,5,LOCAL,occupancy,1,2026-09-04T13:34:44Z,0.2500,14.81,223.637,0.8853,0.9721,0.0000,order-service:0.4427;inventory-service:0.0000;payment-service:0.0000;notification-service:0.0000,True,,27.166,gateway:orderServiceCB=CLOSED;gateway:inventoryServiceCB=CLOSED;gateway:paymentServiceCB=CLOSED;order:inventoryServiceCB=CLOSED;order:sharedDbCB=CLOSED;inventory:paymentServiceCB=CLOSED;inventory:sharedDbCB=CLOSED;payment:notificationServiceCB=CLOSED;payment:sharedDbCB=CLOSED;notification:sharedDbCB=CLOSED,gateway:orderServiceCB=0;gateway:inventoryServiceCB=0;gateway:paymentServiceCB=0;order:inventoryServiceCB=0;order:sharedDbCB=0;inventory:paymentServiceCB=0;inventory:sharedDbCB=0;payment:notificationServiceCB=0;payment:sharedDbCB=0;notification:sharedDbCB=0,200,20.046,731575707,26,23,5.0000,4.9959,0.0006,False,99.9190,codespace,19.9838,False,
LIN-LAT-TIM-T50-W20-D15-M100-L5,LINEAR,LATENCY,TIME_BASED,50,20,15,5,LOCAL,occupancy,1,2026-09-04T13:40:04Z,0.2500,14.59,223.848,0.8862,0.9724,0.0000,order-service:0.4431;inventory-service:0.0000;payment-service:0.0000;notification-service:0.0000,True,,27.523,gateway:orderServiceCB=CLOSED;gateway:inventoryServiceCB=CLOSED;gateway:paymentServiceCB=CLOSED;order:inventoryServiceCB=CLOSED;order:sharedDbCB=CLOSED;inventory:paymentServiceCB=CLOSED;inventory:sharedDbCB=CLOSED;payment:notificationServiceCB=CLOSED;payment:sharedDbCB=CLOSED;notification:sharedDbCB=CLOSED,gateway:orderServiceCB=0;gateway:inventoryServiceCB=0;gateway:paymentServiceCB=0;order:inventoryServiceCB=0;order:sharedDbCB=0;inventory:paymentServiceCB=0;inventory:sharedDbCB=0;payment:notificationServiceCB=0;payment:sharedDbCB=0;notification:sharedDbCB=0,200,20.035,731575707,27,23,5.0000,4.9960,0.0006,False,99.9210,codespace,0.9992,False,
LIN-LAT-CNT-T50-W20-D15-M50-L5,LINEAR,LATENCY,COUNT_BASED,50,20,15,5,LOCAL,occupancy,3,2026-09-04T13:42:21Z,0.2500,4.98,42.152,0.8000,0.9521,0.0000,order-service:0.2692;inventory-service:0.0000;payment-service:0.0000;notification-service:0.0000,True,,30.437,gateway:orderServiceCB=CLOSED;gateway:inventoryServiceCB=CLOSED;gateway:paymentServiceCB=CLOSED;order:inventoryServiceCB=CLOSED;order:sharedDbCB=CLOSED;inventory:paymentServiceCB=CLOSED;inventory:sharedDbCB=CLOSED;payment:notificationServiceCB=CLOSED;payment:sharedDbCB=CLOSED;notification:sharedDbCB=CLOSED,gateway:orderServiceCB=0;gateway:inventoryServiceCB=0;gateway:paymentServiceCB=0;order:inventoryServiceCB=0;order:sharedDbCB=0;inventory:paymentServiceCB=0;inventory:sharedDbCB=0;payment:notificationServiceCB=0;payment:sharedDbCB=0;notification:sharedDbCB=0,200,20.044,731575707,28,23,5.0000,4.9953,0.0007,False,20.0000,codespace,0.4000,False,
LIN-LAT-TIM-T50-W5-D15-M5-L20,LINEAR,LATENCY,TIME_BASED,50,5,15,5,LOCAL,occupancy,2,2026-09-04T13:45:18Z,0.2500,3.993,89.167,0.9360,0.9392,0.0000,order-service:0.4680;inventory-service:0.0000;payment-service:0.0000;notification-service:0.0000,True,,30.298,gateway:orderServiceCB=CLOSED;gateway:inventoryServiceCB=CLOSED;gateway:paymentServiceCB=CLOSED;order:inventoryServiceCB=CLOSED;order:sharedDbCB=CLOSED;inventory:paymentServiceCB=CLOSED;inventory:sharedDbCB=CLOSED;payment:notificationServiceCB=CLOSED;payment:sharedDbCB=CLOSED;notification:sharedDbCB=CLOSED,gateway:orderServiceCB=0;gateway:inventoryServiceCB=0;gateway:paymentServiceCB=0;order:inventoryServiceCB=0;order:sharedDbCB=0;inventory:paymentServiceCB=0;inventory:sharedDbCB=0;payment:notificationServiceCB=0;payment:sharedDbCB=0;notification:sharedDbCB=0,200,20.046,731575707,29,90,20.0000,19.9332,0.0045,False,99.6658,codespace,19.9332,False,
LIN-LAT-TIM-T50-W10-D15-M200-L20,LINEAR,LATENCY,TIME_BASED,50,10,15,5,LOCAL,occupancy,2,2026-09-04T13:49:05Z,0.2500,16.761,125.782,0.8544,0.8584,0.0000,order-service:0.4272;inventory-service:0.0000;payment-service:0.0000;notification-service:0.0000,True,,29.781,gateway:orderServiceCB=CLOSED;gateway:inventoryServiceCB=CLOSED;gateway:paymentServiceCB=CLOSED;order:inventoryServiceCB=CLOSED;order:sharedDbCB=CLOSED;inventory:paymentServiceCB=CLOSED;inventory:sharedDbCB=CLOSED;payment:notificationServiceCB=CLOSED;payment:sharedDbCB=CLOSED;notification:sharedDbCB=CLOSED,gateway:orderServiceCB=0;gateway:inventoryServiceCB=0;gateway:paymentServiceCB=0;order:inventoryServiceCB=0;order:sharedDbCB=0;inventory:paymentServiceCB=0;inventory:sharedDbCB=0;payment:notificationServiceCB=0;payment:sharedDbCB=0;notification:sharedDbCB=0,200,20.038,731575707,30,90,20.0000,19.9364,0.0034,False,199.3640,codespace,0.9968,False,
LIN-LAT-TIM-T50-W10-D15-M50-L5,LINEAR,LATENCY,TIME_BASED,50,10,15,5,LOCAL,occupancy,2,2026-09-04T13:52:45Z,0.2500,8.227,129.178,0.8864,0.9721,0.0000,order-service:0.4432;inventory-service:0.0000;payment-service:0.0000;notification-service:0.0000,True,,28.404,gateway:orderServiceCB=CLOSED;gateway:inventoryServiceCB=CLOSED;gateway:paymentServiceCB=CLOSED;order:inventoryServiceCB=CLOSED;order:sharedDbCB=CLOSED;inventory:paymentServiceCB=CLOSED;inventory:sharedDbCB=CLOSED;payment:notificationServiceCB=CLOSED;payment:sharedDbCB=CLOSED;notification:sharedDbCB=CLOSED,gateway:orderServiceCB=0;gateway:inventoryServiceCB=0;gateway:paymentServiceCB=0;order:inventoryServiceCB=0;order:sharedDbCB=0;inventory:paymentServiceCB=0;inventory:sharedDbCB=0;payment:notificationServiceCB=0;payment:sharedDbCB=0;notification:sharedDbCB=0,200,20.039,731575707,31,23,5.0000,4.9958,0.0008,False,49.9584,codespace,0.9992,False,
LIN-LAT-TIM-T50-W20-D15-M200-L5,LINEAR,LATENCY,TIME_BASED,50,20,15,5,LOCAL,occupancy,1,2026-09-04T13:58:00Z,0.0000,,,0.0000,0.7587,0.0000,order-service:0.0000;inventory-service:0.0000;payment-service:0.0000;notification-service:0.0000,True,,29.993,gateway:orderServiceCB=CLOSED;gateway:inventoryServiceCB=CLOSED;gateway:paymentServiceCB=CLOSED;order:inventoryServiceCB=CLOSED;order:sharedDbCB=CLOSED;inventory:paymentServiceCB=CLOSED;inventory:sharedDbCB=CLOSED;payment:notificationServiceCB=CLOSED;payment:sharedDbCB=CLOSED;notification:sharedDbCB=CLOSED,gateway:orderServiceCB=0;gateway:inventoryServiceCB=0;gateway:paymentServiceCB=0;order:inventoryServiceCB=0;order:sharedDbCB=0;inventory:paymentServiceCB=0;inventory:sharedDbCB=0;payment:notificationServiceCB=0;payment:sharedDbCB=0;notification:sharedDbCB=0,200,20.035,731575707,32,23,5.0000,4.9960,0.0008,False,99.9202,codespace,0.4996,True,
LIN-LAT-TIM-T50-W5-D15-M100-L10,LINEAR,LATENCY,TIME_BASED,50,5,15,5,LOCAL,occupancy,3,2026-09-04T14:00:50Z,0.0000,,,0.0000,0.5308,0.0000,order-service:0.0000;inventory-service:0.0000;payment-service:0.0000;notification-service:0.0000,True,,29.801,gateway:orderServiceCB=CLOSED;gateway:inventoryServiceCB=CLOSED;gateway:paymentServiceCB=CLOSED;order:inventoryServiceCB=CLOSED;order:sharedDbCB=CLOSED;inventory:paymentServiceCB=CLOSED;inventory:sharedDbCB=CLOSED;payment:notificationServiceCB=CLOSED;payment:sharedDbCB=CLOSED;notification:sharedDbCB=CLOSED,gateway:orderServiceCB=0;gateway:inventoryServiceCB=0;gateway:paymentServiceCB=0;order:inventoryServiceCB=0;order:sharedDbCB=0;inventory:paymentServiceCB=0;inventory:sharedDbCB=0;payment:notificationServiceCB=0;payment:sharedDbCB=0;notification:sharedDbCB=0,200,20.040,731575707,33,45,10.0000,9.9832,0.0021,False,49.9158,codespace,0.4992,True,
LIN-LAT-CNT-T50-W10-D15-M200-L20,LINEAR,LATENCY,COUNT_BASED,50,10,15,5,LOCAL,occupancy,1,2026-09-04T14:02:53Z,0.2500,3.353,38.013,0.8850,0.8884,0.0000,order-service:0.2685;inventory-service:0.0000;payment-service:0.0000;notification-service:0.0000,True,,27.187,gateway:orderServiceCB=CLOSED;gateway:inventoryServiceCB=CLOSED;gateway:paymentServiceCB=CLOSED;order:inventoryServiceCB=CLOSED;order:sharedDbCB=CLOSED;inventory:paymentServiceCB=CLOSED;inventory:sharedDbCB=CLOSED;payment:notificationServiceCB=CLOSED;payment:sharedDbCB=CLOSED;notification:sharedDbCB=CLOSED,gateway:orderServiceCB=0;gateway:inventoryServiceCB=0;gateway:paymentServiceCB=0;order:inventoryServiceCB=0;order:sharedDbCB=0;inventory:paymentServiceCB=0;inventory:sharedDbCB=0;payment:notificationServiceCB=0;payment:sharedDbCB=0;notification:sharedDbCB=0,200,20.035,731575707,34,90,20.0000,19.9233,0.0043,False,10.0000,codespace,0.0500,False,
LIN-LAT-CNT-T50-W5-D15-M5-L5,LINEAR,LATENCY,COUNT_BASED,50,5,15,5,LOCAL,occupancy,2,2026-09-04T14:04:36Z,0.2500,3.483,16.782,0.5500,0.8872,0.0000,order-service:0.2632;inventory-service:0.0000;payment-service:0.0000;notification-service:0.0000,True,,29.611,gateway:orderServiceCB=CLOSED;gateway:inventoryServiceCB=CLOSED;gateway:paymentServiceCB=CLOSED;order:inventoryServiceCB=CLOSED;order:sharedDbCB=CLOSED;inventory:paymentServiceCB=CLOSED;inventory:sharedDbCB=CLOSED;payment:notificationServiceCB=CLOSED;payment:sharedDbCB=CLOSED;notification:sharedDbCB=CLOSED,gateway:orderServiceCB=0;gateway:inventoryServiceCB=0;gateway:paymentServiceCB=0;order:inventoryServiceCB=0;order:sharedDbCB=0;inventory:paymentServiceCB=0;inventory:sharedDbCB=0;payment:notificationServiceCB=0;payment:sharedDbCB=0;notification:sharedDbCB=0,200,20.037,731575707,35,23,5.0000,4.9908,0.0019,False,5.0000,codespace,1.0000,False,
LIN-LAT-TIM-T50-W20-D15-M100-L5,LINEAR,LATENCY,TIME_BASED,50,20,15,5,LOCAL,occupancy,2,2026-09-04T14:09:57Z,0.2500,14.397,224.032,0.8871,0.9725,0.0000,order-service:0.4436;inventory-service:0.0000;payment-service:0.0000;notification-service:0.0000,True,,28.527,gateway:orderServiceCB=CLOSED;gateway:inventoryServiceCB=CLOSED;gateway:paymentServiceCB=CLOSED;order:inventoryServiceCB=CLOSED;order:sharedDbCB=CLOSED;inventory:paymentServiceCB=CLOSED;inventory:sharedDbCB=CLOSED;payment:notificationServiceCB=CLOSED;payment:sharedDbCB=CLOSED;notification:sharedDbCB=CLOSED,gateway:orderServiceCB=0;gateway:inventoryServiceCB=0;gateway:paymentServiceCB=0;order:inventoryServiceCB=0;order:sharedDbCB=0;inventory:paymentServiceCB=0;inventory:sharedDbCB=0;payment:notificationServiceCB=0;payment:sharedDbCB=0;notification:sharedDbCB=0,200,20.041,731575707,36,23,5.0000,4.9961,0.0005,False,99.9212,codespace,0.9992,False,
LIN-LAT-CNT-T50-W5-D15-M50-L20,LINEAR,LATENCY,COUNT_BASED,50,5,15,5,LOCAL,occupancy,1,2026-09-04T14:11:41Z,0.2500,3.29,16.508,0.5867,0.5980,0.0000,order-service:0.2540;inventory-service:0.0000;payment-service:0.0000;notification-service:0.0000,True,,29.767,gateway:orderServiceCB=CLOSED;gateway:inventoryServiceCB=CLOSED;gateway:paymentServiceCB=CLOSED;order:inventoryServiceCB=CLOSED;order:sharedDbCB=CLOSED;inventory:paymentServiceCB=CLOSED;inventory:sharedDbCB=CLOSED;payment:notificationServiceCB=CLOSED;payment:sharedDbCB=CLOSED;notification:sharedDbCB=CLOSED,gateway:orderServiceCB=0;gateway:inventoryServiceCB=0;gateway:paymentServiceCB=0;order:inventoryServiceCB=0;order:sharedDbCB=0;inventory:paymentServiceCB=0;inventory:sharedDbCB=0;payment:notificationServiceCB=0;payment:sharedDbCB=0;notification:sharedDbCB=0,200,20.036,731575707,37,90,20.0000,19.8653,0.0071,False,5.0000,codespace,0.1000,False,
LIN-LAT-TIM-T50-W5-D15-M5-L5,LINEAR,LATENCY,TIME_BASED,50,5,15,5,LOCAL,occupancy,2,2026-09-04T14:14:21Z,0.2500,3.904,73.285,0.9067,0.9772,0.0000,order-service:0.4533;inventory-service:0.0000;payment-service:0.0000;notification-service:0.0000,True,,29.295,gateway:orderServiceCB=CLOSED;gateway:inventoryServiceCB=CLOSED;gateway:paymentServiceCB=CLOSED;order:inventoryServiceCB=CLOSED;order:sharedDbCB=CLOSED;inventory:paymentServiceCB=CLOSED;inventory:sharedDbCB=CLOSED;payment:notificationServiceCB=CLOSED;payment:sharedDbCB=CLOSED;notification:sharedDbCB=CLOSED,gateway:orderServiceCB=0;gateway:inventoryServiceCB=0;gateway:paymentServiceCB=0;order:inventoryServiceCB=0;order:sharedDbCB=0;inventory:paymentServiceCB=0;inventory:sharedDbCB=0;payment:notificationServiceCB=0;payment:sharedDbCB=0;notification:sharedDbCB=0,200,20.038,731575707,38,23,5.0000,4.9957,0.0006,False,24.9785,codespace,4.9957,False,
LIN-LAT-TIM-T50-W5-D15-M5-L20,LINEAR,LATENCY,TIME_BASED,50,5,15,5,LOCAL,occupancy,3,2026-09-04T14:17:15Z,0.2500,3.554,89.246,0.9407,0.9435,0.0000,order-service:0.4703;inventory-service:0.0000;payment-service:0.0000;notification-service:0.0000,True,,27.898,gateway:orderServiceCB=CLOSED;gateway:inventoryServiceCB=CLOSED;gateway:paymentServiceCB=CLOSED;order:inventoryServiceCB=CLOSED;order:sharedDbCB=CLOSED;inventory:paymentServiceCB=CLOSED;inventory:sharedDbCB=CLOSED;payment:notificationServiceCB=CLOSED;payment:sharedDbCB=CLOSED;notification:sharedDbCB=CLOSED,gateway:orderServiceCB=0;gateway:inventoryServiceCB=0;gateway:paymentServiceCB=0;order:inventoryServiceCB=0;order:sharedDbCB=0;inventory:paymentServiceCB=0;inventory:sharedDbCB=0;payment:notificationServiceCB=0;payment:sharedDbCB=0;notification:sharedDbCB=0,200,20.034,731575707,39,90,20.0000,19.9342,0.0045,False,99.6709,codespace,19.9342,False,
LIN-LAT-CNT-T50-W5-D15-M5-L20,LINEAR,LATENCY,COUNT_BASED,50,5,15,5,LOCAL,occupancy,3,2026-09-04T14:18:58Z,0.2500,3.293,16.074,0.0000,0.6104,0.0000,order-service:0.0000;inventory-service:0.0000;payment-service:0.0000;notification-service:0.0000,True,,28.598,gateway:orderServiceCB=CLOSED;gateway:inventoryServiceCB=CLOSED;gateway:paymentServiceCB=CLOSED;order:inventoryServiceCB=CLOSED;order:sharedDbCB=CLOSED;inventory:paymentServiceCB=CLOSED;inventory:sharedDbCB=CLOSED;payment:notificationServiceCB=CLOSED;payment:sharedDbCB=CLOSED;notification:sharedDbCB=CLOSED,gateway:orderServiceCB=0;gateway:inventoryServiceCB=0;gateway:paymentServiceCB=0;order:inventoryServiceCB=0;order:sharedDbCB=0;inventory:paymentServiceCB=0;inventory:sharedDbCB=0;payment:notificationServiceCB=0;payment:sharedDbCB=0;notification:sharedDbCB=0,200,20.042,731575707,40,90,20.0000,19.7080,0.0091,False,5.0000,codespace,1.0000,False,
LIN-LAT-TIM-T50-W5-D15-M50-L20,LINEAR,LATENCY,TIME_BASED,50,5,15,5,LOCAL,occupancy,3,2026-09-04T14:21:37Z,0.2500,5.764,71.601,0.9167,0.9172,0.0000,order-service:0.4583;inventory-service:0.0000;payment-service:0.0000;notification-service:0.0000,True,,27.486,gateway:orderServiceCB=CLOSED;gateway:inventoryServiceCB=CLOSED;gateway:paymentServiceCB=CLOSED;order:inventoryServiceCB=CLOSED;order:sharedDbCB=CLOSED;inventory:paymentServiceCB=CLOSED;inventory:sharedDbCB=CLOSED;payment:notificationServiceCB=CLOSED;payment:sharedDbCB=CLOSED;notification:sharedDbCB=CLOSED,gateway:orderServiceCB=0;gateway:inventoryServiceCB=0;gateway:paymentServiceCB=0;order:inventoryServiceCB=0;order:sharedDbCB=0;inventory:paymentServiceCB=0;inventory:sharedDbCB=0;payment:notificationServiceCB=0;payment:sharedDbCB=0;notification:sharedDbCB=0,200,20.040,731575707,41,90,20.0000,19.9361,0.0039,False,99.6805,codespace,1.9936,False,
LIN-LAT-CNT-T50-W10-D15-M5-L20,LINEAR,LATENCY,COUNT_BASED,50,10,15,5,LOCAL,occupancy,3,2026-09-04T14:23:20Z,0.2500,3.267,16.091,0.0000,0.6099,0.0000,order-service:0.0000;inventory-service:0.0000;payment-service:0.0000;notification-service:0.0000,True,,29.420,gateway:orderServiceCB=CLOSED;gateway:inventoryServiceCB=CLOSED;gateway:paymentServiceCB=CLOSED;order:inventoryServiceCB=CLOSED;order:sharedDbCB=CLOSED;inventory:paymentServiceCB=CLOSED;inventory:sharedDbCB=CLOSED;payment:notificationServiceCB=CLOSED;payment:sharedDbCB=CLOSED;notification:sharedDbCB=CLOSED,gateway:orderServiceCB=0;gateway:inventoryServiceCB=0;gateway:paymentServiceCB=0;order:inventoryServiceCB=0;order:sharedDbCB=0;inventory:paymentServiceCB=0;inventory:sharedDbCB=0;payment:notificationServiceCB=0;payment:sharedDbCB=0;notification:sharedDbCB=0,200,20.042,731575707,42,90,20.0000,19.7785,0.0028,False,10.0000,codespace,2.0000,False,
LIN-LAT-TIM-T50-W20-D15-M5-L20,LINEAR,LATENCY,TIME_BASED,50,20,15,5,LOCAL,occupancy,2,2026-09-04T14:28:46Z,0.2500,8.792,235.203,0.9480,0.9498,0.0000,order-service:0.4740;inventory-service:0.0000;payment-service:0.0000;notification-service:0.0000,True,,27.878,gateway:orderServiceCB=CLOSED;gateway:inventoryServiceCB=CLOSED;gateway:paymentServiceCB=CLOSED;order:inventoryServiceCB=CLOSED;order:sharedDbCB=CLOSED;inventory:paymentServiceCB=CLOSED;inventory:sharedDbCB=CLOSED;payment:notificationServiceCB=CLOSED;payment:sharedDbCB=CLOSED;notification:sharedDbCB=CLOSED,gateway:orderServiceCB=0;gateway:inventoryServiceCB=0;gateway:paymentServiceCB=0;order:inventoryServiceCB=0;order:sharedDbCB=0;inventory:paymentServiceCB=0;inventory:sharedDbCB=0;payment:notificationServiceCB=0;payment:sharedDbCB=0;notification:sharedDbCB=0,200,20.049,731575707,43,90,20.0000,19.9414,0.0038,False,398.8272,codespace,79.7654,False,
LIN-LAT-CNT-T50-W10-D15-M50-L20,LINEAR,LATENCY,COUNT_BASED,50,10,15,5,LOCAL,occupancy,2,2026-09-04T14:30:29Z,0.2500,3.318,16.479,0.5733,0.5855,0.0000,order-service:0.2612;inventory-service:0.0000;payment-service:0.0000;notification-service:0.0000,True,,29.604,gateway:orderServiceCB=CLOSED;gateway:inventoryServiceCB=CLOSED;gateway:paymentServiceCB=CLOSED;order:inventoryServiceCB=CLOSED;order:sharedDbCB=CLOSED;inventory:paymentServiceCB=CLOSED;inventory:sharedDbCB=CLOSED;payment:notificationServiceCB=CLOSED;payment:sharedDbCB=CLOSED;notification:sharedDbCB=CLOSED,gateway:orderServiceCB=0;gateway:inventoryServiceCB=0;gateway:paymentServiceCB=0;order:inventoryServiceCB=0;order:sharedDbCB=0;inventory:paymentServiceCB=0;inventory:sharedDbCB=0;payment:notificationServiceCB=0;payment:sharedDbCB=0;notification:sharedDbCB=0,200,20.042,731575707,44,90,20.0000,19.8587,0.0087,False,10.0000,codespace,0.2000,False,
LIN-LAT-TIM-T50-W5-D15-M50-L5,LINEAR,LATENCY,TIME_BASED,50,5,15,5,LOCAL,occupancy,3,2026-09-04T14:33:12Z,0.0000,,,0.0000,0.7657,0.0000,order-service:0.0000;inventory-service:0.0000;payment-service:0.0000;notification-service:0.0000,True,,27.120,gateway:orderServiceCB=CLOSED;gateway:inventoryServiceCB=CLOSED;gateway:paymentServiceCB=CLOSED;order:inventoryServiceCB=CLOSED;order:sharedDbCB=CLOSED;inventory:paymentServiceCB=CLOSED;inventory:sharedDbCB=CLOSED;payment:notificationServiceCB=CLOSED;payment:sharedDbCB=CLOSED;notification:sharedDbCB=CLOSED,gateway:orderServiceCB=0;gateway:inventoryServiceCB=0;gateway:paymentServiceCB=0;order:inventoryServiceCB=0;order:sharedDbCB=0;inventory:paymentServiceCB=0;inventory:sharedDbCB=0;payment:notificationServiceCB=0;payment:sharedDbCB=0;notification:sharedDbCB=0,200,20.036,731575707,45,23,5.0000,4.9958,0.0009,False,24.9792,codespace,0.4996,True,
LIN-LAT-TIM-T50-W10-D15-M50-L10,LINEAR,LATENCY,TIME_BASED,50,10,15,5,LOCAL,occupancy,3,2026-09-04T14:36:46Z,0.2500,6.926,126.487,0.9216,0.9619,0.0000,order-service:0.4608;inventory-service:0.0000;payment-service:0.0000;notification-service:0.0000,True,,27.120,gateway:orderServiceCB=CLOSED;gateway:inventoryServiceCB=CLOSED;gateway:paymentServiceCB=CLOSED;order:inventoryServiceCB=CLOSED;order:sharedDbCB=CLOSED;inventory:paymentServiceCB=CLOSED;inventory:sharedDbCB=CLOSED;payment:notificationServiceCB=CLOSED;payment:sharedDbCB=CLOSED;notification:sharedDbCB=CLOSED,gateway:orderServiceCB=0;gateway:inventoryServiceCB=0;gateway:paymentServiceCB=0;order:inventoryServiceCB=0;order:sharedDbCB=0;inventory:paymentServiceCB=0;inventory:sharedDbCB=0;payment:notificationServiceCB=0;payment:sharedDbCB=0;notification:sharedDbCB=0,200,20.035,731575707,46,45,10.0000,9.9838,0.0019,False,99.8383,codespace,1.9968,False,
LIN-LAT-CNT-T50-W20-D15-M200-L5,LINEAR,LATENCY,COUNT_BASED,50,20,15,5,LOCAL,occupancy,2,2026-09-04T14:40:26Z,0.2500,5.002,133.287,0.9167,0.9799,0.0000,order-service:0.3485;inventory-service:0.0000;payment-service:0.0000;notification-service:0.0000,True,,27.146,gateway:orderServiceCB=CLOSED;gateway:inventoryServiceCB=CLOSED;gateway:paymentServiceCB=CLOSED;order:inventoryServiceCB=CLOSED;order:sharedDbCB=CLOSED;inventory:paymentServiceCB=CLOSED;inventory:sharedDbCB=CLOSED;payment:notificationServiceCB=CLOSED;payment:sharedDbCB=CLOSED;notification:sharedDbCB=CLOSED,gateway:orderServiceCB=0;gateway:inventoryServiceCB=0;gateway:paymentServiceCB=0;order:inventoryServiceCB=0;order:sharedDbCB=0;inventory:paymentServiceCB=0;inventory:sharedDbCB=0;payment:notificationServiceCB=0;payment:sharedDbCB=0;notification:sharedDbCB=0,200,20.037,731575707,47,23,5.0000,4.9960,0.0009,False,20.0000,codespace,0.1000,False,
LIN-LAT-TIM-T50-W20-D15-M50-L20,LINEAR,LATENCY,TIME_BASED,50,20,15,5,LOCAL,occupancy,1,2026-09-04T14:45:53Z,0.2500,8.766,235.168,0.9482,0.9498,0.0000,order-service:0.4741;inventory-service:0.0000;payment-service:0.0000;notification-service:0.0000,True,,29.378,gateway:orderServiceCB=CLOSED;gateway:inventoryServiceCB=CLOSED;gateway:paymentServiceCB=CLOSED;order:inventoryServiceCB=CLOSED;order:sharedDbCB=CLOSED;inventory:paymentServiceCB=CLOSED;inventory:sharedDbCB=CLOSED;payment:notificationServiceCB=CLOSED;payment:sharedDbCB=CLOSED;notification:sharedDbCB=CLOSED,gateway:orderServiceCB=0;gateway:inventoryServiceCB=0;gateway:paymentServiceCB=0;order:inventoryServiceCB=0;order:sharedDbCB=0;inventory:paymentServiceCB=0;inventory:sharedDbCB=0;payment:notificationServiceCB=0;payment:sharedDbCB=0;notification:sharedDbCB=0,200,20.033,731575707,48,90,20.0000,19.9428,0.0025,False,398.8557,codespace,7.9771,False,
LIN-LAT-TIM-T50-W10-D15-M200-L10,LINEAR,LATENCY,TIME_BASED,50,10,15,5,LOCAL,occupancy,2,2026-09-04T14:49:26Z,0.0000,,,0.0000,0.5255,0.0000,order-service:0.0000;inventory-service:0.0000;payment-service:0.0000;notification-service:0.0000,True,,27.427,gateway:orderServiceCB=CLOSED;gateway:inventoryServiceCB=CLOSED;gateway:paymentServiceCB=CLOSED;order:inventoryServiceCB=CLOSED;order:sharedDbCB=CLOSED;inventory:paymentServiceCB=CLOSED;inventory:sharedDbCB=CLOSED;payment:notificationServiceCB=CLOSED;payment:sharedDbCB=CLOSED;notification:sharedDbCB=CLOSED,gateway:orderServiceCB=0;gateway:inventoryServiceCB=0;gateway:paymentServiceCB=0;order:inventoryServiceCB=0;order:sharedDbCB=0;inventory:paymentServiceCB=0;inventory:sharedDbCB=0;payment:notificationServiceCB=0;payment:sharedDbCB=0;notification:sharedDbCB=0,200,20.036,731575707,49,45,10.0000,9.9847,0.0014,False,99.8471,codespace,0.4992,True,
LIN-LAT-TIM-T50-W10-D15-M200-L20,LINEAR,LATENCY,TIME_BASED,50,10,15,5,LOCAL,occupancy,3,2026-09-04T14:53:12Z,0.2500,15.542,126.119,0.8644,0.8679,0.0000,order-service:0.4322;inventory-service:0.0000;payment-service:0.0000;notification-service:0.0000,True,,30.398,gateway:orderServiceCB=CLOSED;gateway:inventoryServiceCB=CLOSED;gateway:paymentServiceCB=CLOSED;order:inventoryServiceCB=CLOSED;order:sharedDbCB=CLOSED;inventory:paymentServiceCB=CLOSED;inventory:sharedDbCB=CLOSED;payment:notificationServiceCB=CLOSED;payment:sharedDbCB=CLOSED;notification:sharedDbCB=CLOSED,gateway:orderServiceCB=0;gateway:inventoryServiceCB=0;gateway:paymentServiceCB=0;order:inventoryServiceCB=0;order:sharedDbCB=0;inventory:paymentServiceCB=0;inventory:sharedDbCB=0;payment:notificationServiceCB=0;payment:sharedDbCB=0;notification:sharedDbCB=0,200,20.047,731575707,50,90,20.0000,19.9384,0.0039,False,199.3841,codespace,0.9969,False,
LIN-LAT-CNT-T50-W20-D15-M5-L5,LINEAR,LATENCY,COUNT_BASED,50,20,15,5,LOCAL,occupancy,2,2026-09-04T14:54:57Z,0.2500,4.985,16.241,0.5833,0.8973,0.0000,order-service:0.2917;inventory-service:0.0000;payment-service:0.0000;notification-service:0.0000,True,,29.283,gateway:orderServiceCB=CLOSED;gateway:inventoryServiceCB=CLOSED;gateway:paymentServiceCB=CLOSED;order:inventoryServiceCB=CLOSED;order:sharedDbCB=CLOSED;inventory:paymentServiceCB=CLOSED;inventory:sharedDbCB=CLOSED;payment:notificationServiceCB=CLOSED;payment:sharedDbCB=CLOSED;notification:sharedDbCB=CLOSED,gateway:orderServiceCB=0;gateway:inventoryServiceCB=0;gateway:paymentServiceCB=0;order:inventoryServiceCB=0;order:sharedDbCB=0;inventory:paymentServiceCB=0;inventory:sharedDbCB=0;payment:notificationServiceCB=0;payment:sharedDbCB=0;notification:sharedDbCB=0,200,20.033,731575707,51,23,5.0000,4.9935,0.0009,False,20.0000,codespace,4.0000,False,
LIN-LAT-CNT-T50-W5-D15-M200-L20,LINEAR,LATENCY,COUNT_BASED,50,5,15,5,LOCAL,occupancy,2,2026-09-04T14:57:07Z,0.2500,3.301,38.088,0.8883,0.8914,0.0000,order-service:0.2537;inventory-service:0.0000;payment-service:0.0000;notification-service:0.0000,True,,30.359,gateway:orderServiceCB=CLOSED;gateway:inventoryServiceCB=CLOSED;gateway:paymentServiceCB=CLOSED;order:inventoryServiceCB=CLOSED;order:sharedDbCB=CLOSED;inventory:paymentServiceCB=CLOSED;inventory:sharedDbCB=CLOSED;payment:notificationServiceCB=CLOSED;payment:sharedDbCB=CLOSED;notification:sharedDbCB=CLOSED,gateway:orderServiceCB=0;gateway:inventoryServiceCB=0;gateway:paymentServiceCB=0;order:inventoryServiceCB=0;order:sharedDbCB=0;inventory:paymentServiceCB=0;inventory:sharedDbCB=0;payment:notificationServiceCB=0;payment:sharedDbCB=0;notification:sharedDbCB=0,200,20.037,731575707,52,90,20.0000,19.9243,0.0051,False,5.0000,codespace,0.0250,False,
LIN-LAT-TIM-T50-W20-D15-M200-L10,LINEAR,LATENCY,TIME_BASED,50,20,15,5,LOCAL,occupancy,1,2026-09-04T15:02:18Z,0.2500,26.32,201.13,0.8618,0.9330,0.0000,order-service:0.4309;inventory-service:0.0000;payment-service:0.0000;notification-service:0.0000,True,,29.665,gateway:orderServiceCB=CLOSED;gateway:inventoryServiceCB=CLOSED;gateway:paymentServiceCB=CLOSED;order:inventoryServiceCB=CLOSED;order:sharedDbCB=CLOSED;inventory:paymentServiceCB=CLOSED;inventory:sharedDbCB=CLOSED;payment:notificationServiceCB=CLOSED;payment:sharedDbCB=CLOSED;notification:sharedDbCB=CLOSED,gateway:orderServiceCB=0;gateway:inventoryServiceCB=0;gateway:paymentServiceCB=0;order:inventoryServiceCB=0;order:sharedDbCB=0;inventory:paymentServiceCB=0;inventory:sharedDbCB=0;payment:notificationServiceCB=0;payment:sharedDbCB=0;notification:sharedDbCB=0,200,20.043,731575707,53,45,10.0000,9.9846,0.0011,False,199.6913,codespace,0.9985,False,
LIN-LAT-CNT-T50-W20-D15-M50-L5,LINEAR,LATENCY,COUNT_BASED,50,20,15,5,LOCAL,occupancy,1,2026-09-04T15:04:27Z,0.2500,4.982,42.117,0.8000,0.9523,0.0000,order-service:0.2692;inventory-service:0.0000;payment-service:0.0000;notification-service:0.0000,True,,26.930,gateway:orderServiceCB=CLOSED;gateway:inventoryServiceCB=CLOSED;gateway:paymentServiceCB=CLOSED;order:inventoryServiceCB=CLOSED;order:sharedDbCB=CLOSED;inventory:paymentServiceCB=CLOSED;inventory:sharedDbCB=CLOSED;payment:notificationServiceCB=CLOSED;payment:sharedDbCB=CLOSED;notification:sharedDbCB=CLOSED,gateway:orderServiceCB=0;gateway:inventoryServiceCB=0;gateway:paymentServiceCB=0;order:inventoryServiceCB=0;order:sharedDbCB=0;inventory:paymentServiceCB=0;inventory:sharedDbCB=0;payment:notificationServiceCB=0;payment:sharedDbCB=0;notification:sharedDbCB=0,200,20.041,731575707,54,23,5.0000,4.9954,0.0006,False,20.0000,codespace,0.4000,False,
LIN-LAT-CNT-T50-W20-D15-M200-L20,LINEAR,LATENCY,COUNT_BASED,50,20,15,5,LOCAL,occupancy,2,2026-09-04T15:06:32Z,0.2500,3.54,38.814,0.8767,0.8802,0.0000,order-service:0.2874;inventory-service:0.0000;payment-service:0.0000;notification-service:0.0000,True,,28.753,gateway:orderServiceCB=CLOSED;gateway:inventoryServiceCB=CLOSED;gateway:paymentServiceCB=CLOSED;order:inventoryServiceCB=CLOSED;order:sharedDbCB=CLOSED;inventory:paymentServiceCB=CLOSED;inventory:sharedDbCB=CLOSED;payment:notificationServiceCB=CLOSED;payment:sharedDbCB=CLOSED;notification:sharedDbCB=CLOSED,gateway:orderServiceCB=0;gateway:inventoryServiceCB=0;gateway:paymentServiceCB=0;order:inventoryServiceCB=0;order:sharedDbCB=0;inventory:paymentServiceCB=0;inventory:sharedDbCB=0;payment:notificationServiceCB=0;payment:sharedDbCB=0;notification:sharedDbCB=0,200,20.032,731575707,55,90,20.0000,19.9251,0.0039,False,20.0000,codespace,0.1000,False,
LIN-LAT-TIM-T50-W5-D15-M50-L20,LINEAR,LATENCY,TIME_BASED,50,5,15,5,LOCAL,occupancy,2,2026-09-04T15:09:13Z,0.2500,5.534,71.81,0.9167,0.9193,0.0000,order-service:0.4583;inventory-service:0.0000;payment-service:0.0000;notification-service:0.0000,True,,30.184,gateway:orderServiceCB=CLOSED;gateway:inventoryServiceCB=CLOSED;gateway:paymentServiceCB=CLOSED;order:inventoryServiceCB=CLOSED;order:sharedDbCB=CLOSED;inventory:paymentServiceCB=CLOSED;inventory:sharedDbCB=CLOSED;payment:notificationServiceCB=CLOSED;payment:sharedDbCB=CLOSED;notification:sharedDbCB=CLOSED,gateway:orderServiceCB=0;gateway:inventoryServiceCB=0;gateway:paymentServiceCB=0;order:inventoryServiceCB=0;order:sharedDbCB=0;inventory:paymentServiceCB=0;inventory:sharedDbCB=0;payment:notificationServiceCB=0;payment:sharedDbCB=0;notification:sharedDbCB=0,200,20.038,731575707,56,90,20.0000,19.9355,0.0040,False,99.6773,codespace,1.9935,False,
LIN-LAT-TIM-T50-W20-D15-M200-L10,LINEAR,LATENCY,TIME_BASED,50,20,15,5,LOCAL,occupancy,3,2026-09-04T15:14:38Z,0.2500,23.536,218.884,0.8711,0.9374,0.0000,order-service:0.4356;inventory-service:0.0000;payment-service:0.0000;notification-service:0.0000,True,,27.973,gateway:orderServiceCB=CLOSED;gateway:inventoryServiceCB=CLOSED;gateway:paymentServiceCB=CLOSED;order:inventoryServiceCB=CLOSED;order:sharedDbCB=CLOSED;inventory:paymentServiceCB=CLOSED;inventory:sharedDbCB=CLOSED;payment:notificationServiceCB=CLOSED;payment:sharedDbCB=CLOSED;notification:sharedDbCB=CLOSED,gateway:orderServiceCB=0;gateway:inventoryServiceCB=0;gateway:paymentServiceCB=0;order:inventoryServiceCB=0;order:sharedDbCB=0;inventory:paymentServiceCB=0;inventory:sharedDbCB=0;payment:notificationServiceCB=0;payment:sharedDbCB=0;notification:sharedDbCB=0,200,20.038,731575707,57,45,10.0000,9.9845,0.0018,False,199.6894,codespace,0.9984,False,
LIN-LAT-CNT-T50-W20-D15-M5-L20,LINEAR,LATENCY,COUNT_BASED,50,20,15,5,LOCAL,occupancy,1,2026-09-04T15:16:21Z,0.2500,3.515,16.89,0.0000,0.5142,0.0000,order-service:0.0000;inventory-service:0.0000;payment-service:0.0000;notification-service:0.0000,True,,28.921,gateway:orderServiceCB=CLOSED;gateway:inventoryServiceCB=CLOSED;gateway:paymentServiceCB=CLOSED;order:inventoryServiceCB=CLOSED;order:sharedDbCB=CLOSED;inventory:paymentServiceCB=CLOSED;inventory:sharedDbCB=CLOSED;payment:notificationServiceCB=CLOSED;payment:sharedDbCB=CLOSED;notification:sharedDbCB=CLOSED,gateway:orderServiceCB=0;gateway:inventoryServiceCB=0;gateway:paymentServiceCB=0;order:inventoryServiceCB=0;order:sharedDbCB=0;inventory:paymentServiceCB=0;inventory:sharedDbCB=0;payment:notificationServiceCB=0;payment:sharedDbCB=0;notification:sharedDbCB=0,200,20.035,731575707,58,90,20.0000,19.7602,0.0055,False,20.0000,codespace,4.0000,False,
LIN-LAT-TIM-T50-W10-D15-M5-L10,LINEAR,LATENCY,TIME_BASED,50,10,15,5,LOCAL,occupancy,1,2026-09-04T15:19:59Z,0.2500,6.901,127.507,0.9216,0.9618,0.0000,order-service:0.4608;inventory-service:0.0000;payment-service:0.0000;notification-service:0.0000,True,,28.858,gateway:orderServiceCB=CLOSED;gateway:inventoryServiceCB=CLOSED;gateway:paymentServiceCB=CLOSED;order:inventoryServiceCB=CLOSED;order:sharedDbCB=CLOSED;inventory:paymentServiceCB=CLOSED;inventory:sharedDbCB=CLOSED;payment:notificationServiceCB=CLOSED;payment:sharedDbCB=CLOSED;notification:sharedDbCB=CLOSED,gateway:orderServiceCB=0;gateway:inventoryServiceCB=0;gateway:paymentServiceCB=0;order:inventoryServiceCB=0;order:sharedDbCB=0;inventory:paymentServiceCB=0;inventory:sharedDbCB=0;payment:notificationServiceCB=0;payment:sharedDbCB=0;notification:sharedDbCB=0,200,20.037,731575707,59,45,10.0000,9.9841,0.0011,False,99.8412,codespace,19.9682,False,
LIN-LAT-TIM-T50-W5-D15-M200-L10,LINEAR,LATENCY,TIME_BASED,50,5,15,5,LOCAL,occupancy,2,2026-09-04T15:22:44Z,0.0000,,,0.0000,0.5293,0.0000,order-service:0.0000;inventory-service:0.0000;payment-service:0.0000;notification-service:0.0000,True,,30.319,gateway:orderServiceCB=CLOSED;gateway:inventoryServiceCB=CLOSED;gateway:paymentServiceCB=CLOSED;order:inventoryServiceCB=CLOSED;order:sharedDbCB=CLOSED;inventory:paymentServiceCB=CLOSED;inventory:sharedDbCB=CLOSED;payment:notificationServiceCB=CLOSED;payment:sharedDbCB=CLOSED;notification:sharedDbCB=CLOSED,gateway:orderServiceCB=0;gateway:inventoryServiceCB=0;gateway:paymentServiceCB=0;order:inventoryServiceCB=0;order:sharedDbCB=0;inventory:paymentServiceCB=0;inventory:sharedDbCB=0;payment:notificationServiceCB=0;payment:sharedDbCB=0;notification:sharedDbCB=0,200,20.036,731575707,60,45,10.0000,9.9839,0.0019,False,49.9194,codespace,0.2496,True,
LIN-LAT-TIM-T50-W10-D15-M100-L10,LINEAR,LATENCY,TIME_BASED,50,10,15,5,LOCAL,occupancy,2,2026-09-04T15:26:26Z,0.2500,13.376,127.131,0.8688,0.9359,0.0000,order-service:0.4344;inventory-service:0.0000;payment-service:0.0000;notification-service:0.0000,True,,27.504,gateway:orderServiceCB=CLOSED;gateway:inventoryServiceCB=CLOSED;gateway:paymentServiceCB=CLOSED;order:inventoryServiceCB=CLOSED;order:sharedDbCB=CLOSED;inventory:paymentServiceCB=CLOSED;inventory:sharedDbCB=CLOSED;payment:notificationServiceCB=CLOSED;payment:sharedDbCB=CLOSED;notification:sharedDbCB=CLOSED,gateway:orderServiceCB=0;gateway:inventoryServiceCB=0;gateway:paymentServiceCB=0;order:inventoryServiceCB=0;order:sharedDbCB=0;inventory:paymentServiceCB=0;inventory:sharedDbCB=0;payment:notificationServiceCB=0;payment:sharedDbCB=0;notification:sharedDbCB=0,200,20.037,731575707,61,45,10.0000,9.9835,0.0018,False,99.8354,codespace,0.9984,False,
LIN-LAT-CNT-T50-W10-D15-M200-L5,LINEAR,LATENCY,COUNT_BASED,50,10,15,5,LOCAL,occupancy,2,2026-09-04T15:29:56Z,0.2500,3.919,123.336,0.9250,0.9817,0.0000,order-service:0.3125;inventory-service:0.0000;payment-service:0.0000;notification-service:0.0000,True,,27.855,gateway:orderServiceCB=CLOSED;gateway:inventoryServiceCB=CLOSED;gateway:paymentServiceCB=CLOSED;order:inventoryServiceCB=CLOSED;order:sharedDbCB=CLOSED;inventory:paymentServiceCB=CLOSED;inventory:sharedDbCB=CLOSED;payment:notificationServiceCB=CLOSED;payment:sharedDbCB=CLOSED;notification:sharedDbCB=CLOSED,gateway:orderServiceCB=0;gateway:inventoryServiceCB=0;gateway:paymentServiceCB=0;order:inventoryServiceCB=0;order:sharedDbCB=0;inventory:paymentServiceCB=0;inventory:sharedDbCB=0;payment:notificationServiceCB=0;payment:sharedDbCB=0;notification:sharedDbCB=0,200,20.038,731575707,62,23,5.0000,4.9959,0.0008,False,10.0000,codespace,0.0500,False,
LIN-LAT-TIM-T50-W5-D15-M50-L20,LINEAR,LATENCY,TIME_BASED,50,5,15,5,LOCAL,occupancy,1,2026-09-04T15:32:35Z,0.2500,5.71,71.646,0.9167,0.9179,0.0000,order-service:0.4583;inventory-service:0.0000;payment-service:0.0000;notification-service:0.0000,True,,27.842,gateway:orderServiceCB=CLOSED;gateway:inventoryServiceCB=CLOSED;gateway:paymentServiceCB=CLOSED;order:inventoryServiceCB=CLOSED;order:sharedDbCB=CLOSED;inventory:paymentServiceCB=CLOSED;inventory:sharedDbCB=CLOSED;payment:notificationServiceCB=CLOSED;payment:sharedDbCB=CLOSED;notification:sharedDbCB=CLOSED,gateway:orderServiceCB=0;gateway:inventoryServiceCB=0;gateway:paymentServiceCB=0;order:inventoryServiceCB=0;order:sharedDbCB=0;inventory:paymentServiceCB=0;inventory:sharedDbCB=0;payment:notificationServiceCB=0;payment:sharedDbCB=0;notification:sharedDbCB=0,200,20.035,731575707,63,90,20.0000,19.9368,0.0035,False,99.6839,codespace,1.9937,False,
LIN-LAT-CNT-T50-W10-D15-M5-L20,LINEAR,LATENCY,COUNT_BASED,50,10,15,5,LOCAL,occupancy,2,2026-09-04T15:34:19Z,0.2500,3.268,16.079,0.0000,0.6092,0.0000,order-service:0.0000;inventory-service:0.0000;payment-service:0.0000;notification-service:0.0000,True,,30.237,gateway:orderServiceCB=CLOSED;gateway:inventoryServiceCB=CLOSED;gateway:paymentServiceCB=CLOSED;order:inventoryServiceCB=CLOSED;order:sharedDbCB=CLOSED;inventory:paymentServiceCB=CLOSED;inventory:sharedDbCB=CLOSED;payment:notificationServiceCB=CLOSED;payment:sharedDbCB=CLOSED;notification:sharedDbCB=CLOSED,gateway:orderServiceCB=0;gateway:inventoryServiceCB=0;gateway:paymentServiceCB=0;order:inventoryServiceCB=0;order:sharedDbCB=0;inventory:paymentServiceCB=0;inventory:sharedDbCB=0;payment:notificationServiceCB=0;payment:sharedDbCB=0;notification:sharedDbCB=0,200,20.043,731575707,64,90,20.0000,19.7231,0.0120,False,10.0000,codespace,2.0000,False,
LIN-LAT-CNT-T50-W5-D15-M200-L5,LINEAR,LATENCY,COUNT_BASED,50,5,15,5,LOCAL,occupancy,2,2026-09-04T15:37:44Z,0.2500,3.475,118.717,0.9283,0.9825,0.0000,order-service:0.2557;inventory-service:0.0000;payment-service:0.0000;notification-service:0.0000,True,,29.807,gateway:orderServiceCB=CLOSED;gateway:inventoryServiceCB=CLOSED;gateway:paymentServiceCB=CLOSED;order:inventoryServiceCB=CLOSED;order:sharedDbCB=CLOSED;inventory:paymentServiceCB=CLOSED;inventory:sharedDbCB=CLOSED;payment:notificationServiceCB=CLOSED;payment:sharedDbCB=CLOSED;notification:sharedDbCB=CLOSED,gateway:orderServiceCB=0;gateway:inventoryServiceCB=0;gateway:paymentServiceCB=0;order:inventoryServiceCB=0;order:sharedDbCB=0;inventory:paymentServiceCB=0;inventory:sharedDbCB=0;payment:notificationServiceCB=0;payment:sharedDbCB=0;notification:sharedDbCB=0,200,20.037,731575707,65,23,5.0000,4.9960,0.0004,False,5.0000,codespace,0.0250,False,
LIN-LAT-TIM-T50-W10-D15-M50-L20,LINEAR,LATENCY,TIME_BASED,50,10,15,5,LOCAL,occupancy,2,2026-09-04T15:41:18Z,0.2500,5.689,125.85,0.9436,0.9453,0.0000,order-service:0.4718;inventory-service:0.0000;payment-service:0.0000;notification-service:0.0000,True,,27.962,gateway:orderServiceCB=CLOSED;gateway:inventoryServiceCB=CLOSED;gateway:paymentServiceCB=CLOSED;order:inventoryServiceCB=CLOSED;order:sharedDbCB=CLOSED;inventory:paymentServiceCB=CLOSED;inventory:sharedDbCB=CLOSED;payment:notificationServiceCB=CLOSED;payment:sharedDbCB=CLOSED;notification:sharedDbCB=CLOSED,gateway:orderServiceCB=0;gateway:inventoryServiceCB=0;gateway:paymentServiceCB=0;order:inventoryServiceCB=0;order:sharedDbCB=0;inventory:paymentServiceCB=0;inventory:sharedDbCB=0;payment:notificationServiceCB=0;payment:sharedDbCB=0;notification:sharedDbCB=0,200,20.037,731575707,66,90,20.0000,19.9414,0.0031,False,199.4137,codespace,3.9883,False,
LIN-LAT-CNT-T50-W20-D15-M5-L5,LINEAR,LATENCY,COUNT_BASED,50,20,15,5,LOCAL,occupancy,3,2026-09-04T15:43:04Z,0.2500,4.96,16.259,0.5833,0.8970,0.0000,order-service:0.2917;inventory-service:0.0000;payment-service:0.0000;notification-service:0.0000,True,,30.875,gateway:orderServiceCB=CLOSED;gateway:inventoryServiceCB=CLOSED;gateway:paymentServiceCB=CLOSED;order:inventoryServiceCB=CLOSED;order:sharedDbCB=CLOSED;inventory:paymentServiceCB=CLOSED;inventory:sharedDbCB=CLOSED;payment:notificationServiceCB=CLOSED;payment:sharedDbCB=CLOSED;notification:sharedDbCB=CLOSED,gateway:orderServiceCB=0;gateway:inventoryServiceCB=0;gateway:paymentServiceCB=0;order:inventoryServiceCB=0;order:sharedDbCB=0;inventory:paymentServiceCB=0;inventory:sharedDbCB=0;payment:notificationServiceCB=0;payment:sharedDbCB=0;notification:sharedDbCB=0,200,20.035,731575707,67,23,5.0000,4.9939,0.0009,False,20.0000,codespace,4.0000,False,
LIN-LAT-TIM-T50-W5-D15-M100-L5,LINEAR,LATENCY,TIME_BASED,50,5,15,5,LOCAL,occupancy,3,2026-09-04T15:45:47Z,0.0000,,,0.0000,0.7648,0.0000,order-service:0.0000;inventory-service:0.0000;payment-service:0.0000;notification-service:0.0000,True,,27.149,gateway:orderServiceCB=CLOSED;gateway:inventoryServiceCB=CLOSED;gateway:paymentServiceCB=CLOSED;order:inventoryServiceCB=CLOSED;order:sharedDbCB=CLOSED;inventory:paymentServiceCB=CLOSED;inventory:sharedDbCB=CLOSED;payment:notificationServiceCB=CLOSED;payment:sharedDbCB=CLOSED;notification:sharedDbCB=CLOSED,gateway:orderServiceCB=0;gateway:inventoryServiceCB=0;gateway:paymentServiceCB=0;order:inventoryServiceCB=0;order:sharedDbCB=0;inventory:paymentServiceCB=0;inventory:sharedDbCB=0;payment:notificationServiceCB=0;payment:sharedDbCB=0;notification:sharedDbCB=0,200,20.041,731575707,68,23,5.0000,4.9960,0.0005,False,24.9800,codespace,0.2498,True,
LIN-LAT-TIM-T50-W5-D15-M100-L20,LINEAR,LATENCY,TIME_BASED,50,5,15,5,LOCAL,occupancy,1,2026-09-04T15:48:30Z,0.2500,10.275,71.129,0.8560,0.8602,0.0000,order-service:0.4280;inventory-service:0.0000;payment-service:0.0000;notification-service:0.0000,True,,27.790,gateway:orderServiceCB=CLOSED;gateway:inventoryServiceCB=CLOSED;gateway:paymentServiceCB=CLOSED;order:inventoryServiceCB=CLOSED;order:sharedDbCB=CLOSED;inventory:paymentServiceCB=CLOSED;inventory:sharedDbCB=CLOSED;payment:notificationServiceCB=CLOSED;payment:sharedDbCB=CLOSED;notification:sharedDbCB=CLOSED,gateway:orderServiceCB=0;gateway:inventoryServiceCB=0;gateway:paymentServiceCB=0;order:inventoryServiceCB=0;order:sharedDbCB=0;inventory:paymentServiceCB=0;inventory:sharedDbCB=0;payment:notificationServiceCB=0;payment:sharedDbCB=0;notification:sharedDbCB=0,200,20.038,731575707,69,90,20.0000,19.9349,0.0047,False,99.6747,codespace,0.9967,False,
LIN-LAT-TIM-T50-W5-D15-M5-L5,LINEAR,LATENCY,TIME_BASED,50,5,15,5,LOCAL,occupancy,1,2026-09-04T15:51:10Z,0.2500,4.336,72.859,0.9013,0.9759,0.0000,order-service:0.4507;inventory-service:0.0000;payment-service:0.0000;notification-service:0.0000,True,,28.098,gateway:orderServiceCB=CLOSED;gateway:inventoryServiceCB=CLOSED;gateway:paymentServiceCB=CLOSED;order:inventoryServiceCB=CLOSED;order:sharedDbCB=CLOSED;inventory:paymentServiceCB=CLOSED;inventory:sharedDbCB=CLOSED;payment:notificationServiceCB=CLOSED;payment:sharedDbCB=CLOSED;notification:sharedDbCB=CLOSED,gateway:orderServiceCB=0;gateway:inventoryServiceCB=0;gateway:paymentServiceCB=0;order:inventoryServiceCB=0;order:sharedDbCB=0;inventory:paymentServiceCB=0;inventory:sharedDbCB=0;payment:notificationServiceCB=0;payment:sharedDbCB=0;notification:sharedDbCB=0,200,20.035,731575707,70,23,5.0000,4.9955,0.0011,False,24.9777,codespace,4.9955,False,
LIN-LAT-TIM-T50-W5-D15-M200-L5,LINEAR,LATENCY,TIME_BASED,50,5,15,5,LOCAL,occupancy,3,2026-09-04T15:53:53Z,0.0000,,,0.0000,0.7654,0.0000,order-service:0.0000;inventory-service:0.0000;payment-service:0.0000;notification-service:0.0000,True,,27.939,gateway:orderServiceCB=CLOSED;gateway:inventoryServiceCB=CLOSED;gateway:paymentServiceCB=CLOSED;order:inventoryServiceCB=CLOSED;order:sharedDbCB=CLOSED;inventory:paymentServiceCB=CLOSED;inventory:sharedDbCB=CLOSED;payment:notificationServiceCB=CLOSED;payment:sharedDbCB=CLOSED;notification:sharedDbCB=CLOSED,gateway:orderServiceCB=0;gateway:inventoryServiceCB=0;gateway:paymentServiceCB=0;order:inventoryServiceCB=0;order:sharedDbCB=0;inventory:paymentServiceCB=0;inventory:sharedDbCB=0;payment:notificationServiceCB=0;payment:sharedDbCB=0;notification:sharedDbCB=0,200,20.041,731575707,71,23,5.0000,4.9959,0.0015,False,24.9793,codespace,0.1249,True,
LIN-LAT-TIM-T50-W20-D15-M50-L5,LINEAR,LATENCY,TIME_BASED,50,20,15,5,LOCAL,occupancy,1,2026-09-04T15:59:13Z,0.2500,14.639,223.811,0.8862,0.9723,0.0000,order-service:0.4431;inventory-service:0.0000;payment-service:0.0000;notification-service:0.0000,True,,27.251,gateway:orderServiceCB=CLOSED;gateway:inventoryServiceCB=CLOSED;gateway:paymentServiceCB=CLOSED;order:inventoryServiceCB=CLOSED;order:sharedDbCB=CLOSED;inventory:paymentServiceCB=CLOSED;inventory:sharedDbCB=CLOSED;payment:notificationServiceCB=CLOSED;payment:sharedDbCB=CLOSED;notification:sharedDbCB=CLOSED,gateway:orderServiceCB=0;gateway:inventoryServiceCB=0;gateway:paymentServiceCB=0;order:inventoryServiceCB=0;order:sharedDbCB=0;inventory:paymentServiceCB=0;inventory:sharedDbCB=0;payment:notificationServiceCB=0;payment:sharedDbCB=0;notification:sharedDbCB=0,200,20.033,731575707,72,23,5.0000,4.9961,0.0007,False,99.9213,codespace,1.9984,False,
LIN-LAT-TIM-T50-W20-D15-M50-L5,LINEAR,LATENCY,TIME_BASED,50,20,15,5,LOCAL,occupancy,2,2026-09-04T16:04:34Z,0.2500,14.601,223.835,0.8862,0.9722,0.0000,order-service:0.4431;inventory-service:0.0000;payment-service:0.0000;notification-service:0.0000,True,,27.873,gateway:orderServiceCB=CLOSED;gateway:inventoryServiceCB=CLOSED;gateway:paymentServiceCB=CLOSED;order:inventoryServiceCB=CLOSED;order:sharedDbCB=CLOSED;inventory:paymentServiceCB=CLOSED;inventory:sharedDbCB=CLOSED;payment:notificationServiceCB=CLOSED;payment:sharedDbCB=CLOSED;notification:sharedDbCB=CLOSED,gateway:orderServiceCB=0;gateway:inventoryServiceCB=0;gateway:paymentServiceCB=0;order:inventoryServiceCB=0;order:sharedDbCB=0;inventory:paymentServiceCB=0;inventory:sharedDbCB=0;payment:notificationServiceCB=0;payment:sharedDbCB=0;notification:sharedDbCB=0,200,20.037,731575707,73,23,5.0000,4.9961,0.0006,False,99.9213,codespace,1.9984,False,
LIN-LAT-TIM-T50-W5-D15-M200-L20,LINEAR,LATENCY,TIME_BASED,50,5,15,5,LOCAL,occupancy,3,2026-09-04T16:07:16Z,0.0000,,,0.0000,0.0681,0.0000,order-service:0.0000;inventory-service:0.0000;payment-service:0.0000;notification-service:0.0000,True,,27.003,gateway:orderServiceCB=CLOSED;gateway:inventoryServiceCB=CLOSED;gateway:paymentServiceCB=CLOSED;order:inventoryServiceCB=CLOSED;order:sharedDbCB=CLOSED;inventory:paymentServiceCB=CLOSED;inventory:sharedDbCB=CLOSED;payment:notificationServiceCB=CLOSED;payment:sharedDbCB=CLOSED;notification:sharedDbCB=CLOSED,gateway:orderServiceCB=0;gateway:inventoryServiceCB=0;gateway:paymentServiceCB=0;order:inventoryServiceCB=0;order:sharedDbCB=0;inventory:paymentServiceCB=0;inventory:sharedDbCB=0;payment:notificationServiceCB=0;payment:sharedDbCB=0;notification:sharedDbCB=0,200,20.036,731575707,74,90,20.0000,19.9298,0.0051,False,99.6489,codespace,0.4982,True,
LIN-LAT-CNT-T50-W5-D15-M5-L20,LINEAR,LATENCY,COUNT_BASED,50,5,15,5,LOCAL,occupancy,1,2026-09-04T16:08:58Z,0.2500,3.259,16.047,0.0000,0.6102,0.0000,order-service:0.0000;inventory-service:0.0000;payment-service:0.0000;notification-service:0.0000,True,,27.248,gateway:orderServiceCB=CLOSED;gateway:inventoryServiceCB=CLOSED;gateway:paymentServiceCB=CLOSED;order:inventoryServiceCB=CLOSED;order:sharedDbCB=CLOSED;inventory:paymentServiceCB=CLOSED;inventory:sharedDbCB=CLOSED;payment:notificationServiceCB=CLOSED;payment:sharedDbCB=CLOSED;notification:sharedDbCB=CLOSED,gateway:orderServiceCB=0;gateway:inventoryServiceCB=0;gateway:paymentServiceCB=0;order:inventoryServiceCB=0;order:sharedDbCB=0;inventory:paymentServiceCB=0;inventory:sharedDbCB=0;payment:notificationServiceCB=0;payment:sharedDbCB=0;notification:sharedDbCB=0,200,20.036,731575707,75,90,20.0000,19.7865,0.0020,False,5.0000,codespace,1.0000,False,
LIN-LAT-TIM-T50-W5-D15-M5-L20,LINEAR,LATENCY,TIME_BASED,50,5,15,5,LOCAL,occupancy,1,2026-09-04T16:11:53Z,0.2500,3.604,89.169,0.9407,0.9434,0.0000,order-service:0.4703;inventory-service:0.0000;payment-service:0.0000;notification-service:0.0000,True,,29.172,gateway:orderServiceCB=CLOSED;gateway:inventoryServiceCB=CLOSED;gateway:paymentServiceCB=CLOSED;order:inventoryServiceCB=CLOSED;order:sharedDbCB=CLOSED;inventory:paymentServiceCB=CLOSED;inventory:sharedDbCB=CLOSED;payment:notificationServiceCB=CLOSED;payment:sharedDbCB=CLOSED;notification:sharedDbCB=CLOSED,gateway:orderServiceCB=0;gateway:inventoryServiceCB=0;gateway:paymentServiceCB=0;order:inventoryServiceCB=0;order:sharedDbCB=0;inventory:paymentServiceCB=0;inventory:sharedDbCB=0;payment:notificationServiceCB=0;payment:sharedDbCB=0;notification:sharedDbCB=0,200,20.043,731575707,76,90,20.0000,19.9367,0.0043,False,99.6834,codespace,19.9367,False,
LIN-LAT-TIM-T50-W5-D15-M100-L20,LINEAR,LATENCY,TIME_BASED,50,5,15,5,LOCAL,occupancy,3,2026-09-04T16:14:40Z,0.2500,14.107,71.35,0.8053,0.8112,0.0000,order-service:0.4027;inventory-service:0.0000;payment-service:0.0000;notification-service:0.0000,True,,27.125,gateway:orderServiceCB=CLOSED;gateway:inventoryServiceCB=CLOSED;gateway:paymentServiceCB=CLOSED;order:inventoryServiceCB=CLOSED;order:sharedDbCB=CLOSED;inventory:paymentServiceCB=CLOSED;inventory:sharedDbCB=CLOSED;payment:notificationServiceCB=CLOSED;payment:sharedDbCB=CLOSED;notification:sharedDbCB=CLOSED,gateway:orderServiceCB=0;gateway:inventoryServiceCB=0;gateway:paymentServiceCB=0;order:inventoryServiceCB=0;order:sharedDbCB=0;inventory:paymentServiceCB=0;inventory:sharedDbCB=0;payment:notificationServiceCB=0;payment:sharedDbCB=0;notification:sharedDbCB=0,200,20.039,731575707,77,90,20.0000,19.9375,0.0036,False,99.6877,codespace,0.9969,False,
LIN-LAT-CNT-T50-W20-D15-M5-L5,LINEAR,LATENCY,COUNT_BASED,50,20,15,5,LOCAL,occupancy,1,2026-09-04T16:16:25Z,0.2500,4.961,16.253,0.5833,0.8974,0.0000,order-service:0.2917;inventory-service:0.0000;payment-service:0.0000;notification-service:0.0000,True,,29.285,gateway:orderServiceCB=CLOSED;gateway:inventoryServiceCB=CLOSED;gateway:paymentServiceCB=CLOSED;order:inventoryServiceCB=CLOSED;order:sharedDbCB=CLOSED;inventory:paymentServiceCB=CLOSED;inventory:sharedDbCB=CLOSED;payment:notificationServiceCB=CLOSED;payment:sharedDbCB=CLOSED;notification:sharedDbCB=CLOSED,gateway:orderServiceCB=0;gateway:inventoryServiceCB=0;gateway:paymentServiceCB=0;order:inventoryServiceCB=0;order:sharedDbCB=0;inventory:paymentServiceCB=0;inventory:sharedDbCB=0;payment:notificationServiceCB=0;payment:sharedDbCB=0;notification:sharedDbCB=0,200,20.038,731575707,78,23,5.0000,4.9938,0.0009,False,20.0000,codespace,4.0000,False,
LIN-LAT-CNT-T50-W5-D15-M200-L20,LINEAR,LATENCY,COUNT_BASED,50,5,15,5,LOCAL,occupancy,3,2026-09-04T16:18:28Z,0.2500,3.16,38.202,0.8883,0.8915,0.0000,order-service:0.2555;inventory-service:0.0000;payment-service:0.0000;notification-service:0.0000,True,,27.699,gateway:orderServiceCB=CLOSED;gateway:inventoryServiceCB=CLOSED;gateway:paymentServiceCB=CLOSED;order:inventoryServiceCB=CLOSED;order:sharedDbCB=CLOSED;inventory:paymentServiceCB=CLOSED;inventory:sharedDbCB=CLOSED;payment:notificationServiceCB=CLOSED;payment:sharedDbCB=CLOSED;notification:sharedDbCB=CLOSED,gateway:orderServiceCB=0;gateway:inventoryServiceCB=0;gateway:paymentServiceCB=0;order:inventoryServiceCB=0;order:sharedDbCB=0;inventory:paymentServiceCB=0;inventory:sharedDbCB=0;payment:notificationServiceCB=0;payment:sharedDbCB=0;notification:sharedDbCB=0,200,20.039,731575707,79,90,20.0000,19.9281,0.0037,False,5.0000,codespace,0.0250,False,
LIN-LAT-CNT-T50-W5-D15-M5-L20,LINEAR,LATENCY,COUNT_BASED,50,5,15,5,LOCAL,occupancy,2,2026-09-04T16:20:09Z,0.2500,3.286,16.048,0.0000,0.6116,0.0000,order-service:0.0000;inventory-service:0.0000;payment-service:0.0000;notification-service:0.0000,True,,27.955,gateway:orderServiceCB=CLOSED;gateway:inventoryServiceCB=CLOSED;gateway:paymentServiceCB=CLOSED;order:inventoryServiceCB=CLOSED;order:sharedDbCB=CLOSED;inventory:paymentServiceCB=CLOSED;inventory:sharedDbCB=CLOSED;payment:notificationServiceCB=CLOSED;payment:sharedDbCB=CLOSED;notification:sharedDbCB=CLOSED,gateway:orderServiceCB=0;gateway:inventoryServiceCB=0;gateway:paymentServiceCB=0;order:inventoryServiceCB=0;order:sharedDbCB=0;inventory:paymentServiceCB=0;inventory:sharedDbCB=0;payment:notificationServiceCB=0;payment:sharedDbCB=0;notification:sharedDbCB=0,200,20.036,731575707,80,90,20.0000,19.7620,0.0047,False,5.0000,codespace,1.0000,False,
LIN-LAT-TIM-T50-W20-D15-M200-L5,LINEAR,LATENCY,TIME_BASED,50,20,15,5,LOCAL,occupancy,3,2026-09-04T16:25:24Z,0.0000,,,0.0000,0.7595,0.0000,order-service:0.0000;inventory-service:0.0000;payment-service:0.0000;notification-service:0.0000,True,,30.764,gateway:orderServiceCB=CLOSED;gateway:inventoryServiceCB=CLOSED;gateway:paymentServiceCB=CLOSED;order:inventoryServiceCB=CLOSED;order:sharedDbCB=CLOSED;inventory:paymentServiceCB=CLOSED;inventory:sharedDbCB=CLOSED;payment:notificationServiceCB=CLOSED;payment:sharedDbCB=CLOSED;notification:sharedDbCB=CLOSED,gateway:orderServiceCB=0;gateway:inventoryServiceCB=0;gateway:paymentServiceCB=0;order:inventoryServiceCB=0;order:sharedDbCB=0;inventory:paymentServiceCB=0;inventory:sharedDbCB=0;payment:notificationServiceCB=0;payment:sharedDbCB=0;notification:sharedDbCB=0,200,20.053,731575707,81,23,5.0000,4.9962,0.0005,False,99.9238,codespace,0.4996,True,
LIN-LAT-CNT-T50-W5-D15-M50-L20,LINEAR,LATENCY,COUNT_BASED,50,5,15,5,LOCAL,occupancy,3,2026-09-04T16:27:05Z,0.2500,3.315,16.471,0.5867,0.5982,0.0000,order-service:0.2559;inventory-service:0.0000;payment-service:0.0000;notification-service:0.0000,True,,27.159,gateway:orderServiceCB=CLOSED;gateway:inventoryServiceCB=CLOSED;gateway:paymentServiceCB=CLOSED;order:inventoryServiceCB=CLOSED;order:sharedDbCB=CLOSED;inventory:paymentServiceCB=CLOSED;inventory:sharedDbCB=CLOSED;payment:notificationServiceCB=CLOSED;payment:sharedDbCB=CLOSED;notification:sharedDbCB=CLOSED,gateway:orderServiceCB=0;gateway:inventoryServiceCB=0;gateway:paymentServiceCB=0;order:inventoryServiceCB=0;order:sharedDbCB=0;inventory:paymentServiceCB=0;inventory:sharedDbCB=0;payment:notificationServiceCB=0;payment:sharedDbCB=0;notification:sharedDbCB=0,200,20.037,731575707,82,90,20.0000,19.8786,0.0065,False,5.0000,codespace,0.1000,False,
LIN-LAT-TIM-T50-W20-D15-M5-L5,LINEAR,LATENCY,TIME_BASED,50,20,15,5,LOCAL,occupancy,2,2026-09-04T16:32:25Z,0.2500,14.378,223.056,0.8871,0.9725,0.0000,order-service:0.4436;inventory-service:0.0000;payment-service:0.0000;notification-service:0.0000,True,,28.758,gateway:orderServiceCB=CLOSED;gateway:inventoryServiceCB=CLOSED;gateway:paymentServiceCB=CLOSED;order:inventoryServiceCB=CLOSED;order:sharedDbCB=CLOSED;inventory:paymentServiceCB=CLOSED;inventory:sharedDbCB=CLOSED;payment:notificationServiceCB=CLOSED;payment:sharedDbCB=CLOSED;notification:sharedDbCB=CLOSED,gateway:orderServiceCB=0;gateway:inventoryServiceCB=0;gateway:paymentServiceCB=0;order:inventoryServiceCB=0;order:sharedDbCB=0;inventory:paymentServiceCB=0;inventory:sharedDbCB=0;payment:notificationServiceCB=0;payment:sharedDbCB=0;notification:sharedDbCB=0,200,20.032,731575707,83,23,5.0000,4.9961,0.0005,False,99.9218,codespace,19.9844,False,
LIN-LAT-CNT-T50-W5-D15-M50-L5,LINEAR,LATENCY,COUNT_BASED,50,5,15,5,LOCAL,occupancy,1,2026-09-04T16:34:30Z,0.2500,3.496,38.81,0.8467,0.9624,0.0000,order-service:0.2604;inventory-service:0.0000;payment-service:0.0000;notification-service:0.0000,True,,28.347,gateway:orderServiceCB=CLOSED;gateway:inventoryServiceCB=CLOSED;gateway:paymentServiceCB=CLOSED;order:inventoryServiceCB=CLOSED;order:sharedDbCB=CLOSED;inventory:paymentServiceCB=CLOSED;inventory:sharedDbCB=CLOSED;payment:notificationServiceCB=CLOSED;payment:sharedDbCB=CLOSED;notification:sharedDbCB=CLOSED,gateway:orderServiceCB=0;gateway:inventoryServiceCB=0;gateway:paymentServiceCB=0;order:inventoryServiceCB=0;order:sharedDbCB=0;inventory:paymentServiceCB=0;inventory:sharedDbCB=0;payment:notificationServiceCB=0;payment:sharedDbCB=0;notification:sharedDbCB=0,200,20.035,731575707,84,23,5.0000,4.9949,0.0008,False,5.0000,codespace,0.1000,False,
LIN-LAT-TIM-T50-W10-D15-M200-L10,LINEAR,LATENCY,TIME_BASED,50,10,15,5,LOCAL,occupancy,3,2026-09-04T16:38:04Z,0.0000,,,0.0000,0.5268,0.0000,order-service:0.0000;inventory-service:0.0000;payment-service:0.0000;notification-service:0.0000,True,,29.246,gateway:orderServiceCB=CLOSED;gateway:inventoryServiceCB=CLOSED;gateway:paymentServiceCB=CLOSED;order:inventoryServiceCB=CLOSED;order:sharedDbCB=CLOSED;inventory:paymentServiceCB=CLOSED;inventory:sharedDbCB=CLOSED;payment:notificationServiceCB=CLOSED;payment:sharedDbCB=CLOSED;notification:sharedDbCB=CLOSED,gateway:orderServiceCB=0;gateway:inventoryServiceCB=0;gateway:paymentServiceCB=0;order:inventoryServiceCB=0;order:sharedDbCB=0;inventory:paymentServiceCB=0;inventory:sharedDbCB=0;payment:notificationServiceCB=0;payment:sharedDbCB=0;notification:sharedDbCB=0,200,20.036,731575707,85,45,10.0000,9.9847,0.0021,False,99.8472,codespace,0.4992,True,
LIN-LAT-TIM-T50-W20-D15-M50-L10,LINEAR,LATENCY,TIME_BASED,50,20,15,5,LOCAL,occupancy,2,2026-09-04T16:43:16Z,0.2500,11.649,218.849,0.9244,0.9633,0.0000,order-service:0.4622;inventory-service:0.0000;payment-service:0.0000;notification-service:0.0000,True,,27.812,gateway:orderServiceCB=CLOSED;gateway:inventoryServiceCB=CLOSED;gateway:paymentServiceCB=CLOSED;order:inventoryServiceCB=CLOSED;order:sharedDbCB=CLOSED;inventory:paymentServiceCB=CLOSED;inventory:sharedDbCB=CLOSED;payment:notificationServiceCB=CLOSED;payment:sharedDbCB=CLOSED;notification:sharedDbCB=CLOSED,gateway:orderServiceCB=0;gateway:inventoryServiceCB=0;gateway:paymentServiceCB=0;order:inventoryServiceCB=0;order:sharedDbCB=0;inventory:paymentServiceCB=0;inventory:sharedDbCB=0;payment:notificationServiceCB=0;payment:sharedDbCB=0;notification:sharedDbCB=0,200,20.037,731575707,86,45,10.0000,9.9844,0.0016,False,199.6873,codespace,3.9937,False,
LIN-LAT-TIM-T50-W20-D15-M200-L20,LINEAR,LATENCY,TIME_BASED,50,20,15,5,LOCAL,occupancy,3,2026-09-04T16:48:43Z,0.2500,8.715,235.125,0.9487,0.9501,0.0000,order-service:0.4743;inventory-service:0.0000;payment-service:0.0000;notification-service:0.0000,True,,29.325,gateway:orderServiceCB=CLOSED;gateway:inventoryServiceCB=CLOSED;gateway:paymentServiceCB=CLOSED;order:inventoryServiceCB=CLOSED;order:sharedDbCB=CLOSED;inventory:paymentServiceCB=CLOSED;inventory:sharedDbCB=CLOSED;payment:notificationServiceCB=CLOSED;payment:sharedDbCB=CLOSED;notification:sharedDbCB=CLOSED,gateway:orderServiceCB=0;gateway:inventoryServiceCB=0;gateway:paymentServiceCB=0;order:inventoryServiceCB=0;order:sharedDbCB=0;inventory:paymentServiceCB=0;inventory:sharedDbCB=0;payment:notificationServiceCB=0;payment:sharedDbCB=0;notification:sharedDbCB=0,200,20.036,731575707,87,90,20.0000,19.9413,0.0028,False,398.8263,codespace,1.9941,False,
LIN-LAT-TIM-T50-W10-D15-M100-L20,LINEAR,LATENCY,TIME_BASED,50,10,15,5,LOCAL,occupancy,1,2026-09-04T16:52:18Z,0.2500,5.673,125.855,0.9440,0.9456,0.0000,order-service:0.4720;inventory-service:0.0000;payment-service:0.0000;notification-service:0.0000,True,,28.716,gateway:orderServiceCB=CLOSED;gateway:inventoryServiceCB=CLOSED;gateway:paymentServiceCB=CLOSED;order:inventoryServiceCB=CLOSED;order:sharedDbCB=CLOSED;inventory:paymentServiceCB=CLOSED;inventory:sharedDbCB=CLOSED;payment:notificationServiceCB=CLOSED;payment:sharedDbCB=CLOSED;notification:sharedDbCB=CLOSED,gateway:orderServiceCB=0;gateway:inventoryServiceCB=0;gateway:paymentServiceCB=0;order:inventoryServiceCB=0;order:sharedDbCB=0;inventory:paymentServiceCB=0;inventory:sharedDbCB=0;payment:notificationServiceCB=0;payment:sharedDbCB=0;notification:sharedDbCB=0,200,20.037,731575707,88,90,20.0000,19.9402,0.0030,False,199.4023,codespace,1.9940,False,
LIN-LAT-TIM-T50-W10-D15-M5-L5,LINEAR,LATENCY,TIME_BASED,50,10,15,5,LOCAL,occupancy,3,2026-09-04T16:55:57Z,0.2500,7.991,129.395,0.8880,0.9728,0.0000,order-service:0.4440;inventory-service:0.0000;payment-service:0.0000;notification-service:0.0000,True,,27.368,gateway:orderServiceCB=CLOSED;gateway:inventoryServiceCB=CLOSED;gateway:paymentServiceCB=CLOSED;order:inventoryServiceCB=CLOSED;order:sharedDbCB=CLOSED;inventory:paymentServiceCB=CLOSED;inventory:sharedDbCB=CLOSED;payment:notificationServiceCB=CLOSED;payment:sharedDbCB=CLOSED;notification:sharedDbCB=CLOSED,gateway:orderServiceCB=0;gateway:inventoryServiceCB=0;gateway:paymentServiceCB=0;order:inventoryServiceCB=0;order:sharedDbCB=0;inventory:paymentServiceCB=0;inventory:sharedDbCB=0;payment:notificationServiceCB=0;payment:sharedDbCB=0;notification:sharedDbCB=0,200,20.037,731575707,89,23,5.0000,4.9957,0.0012,False,49.9569,codespace,9.9914,False,
LIN-LAT-CNT-T50-W5-D15-M200-L5,LINEAR,LATENCY,COUNT_BASED,50,5,15,5,LOCAL,occupancy,3,2026-09-04T16:59:21Z,0.2500,3.472,118.746,0.9283,0.9826,0.0000,order-service:0.2557;inventory-service:0.0000;payment-service:0.0000;notification-service:0.0000,True,,27.689,gateway:orderServiceCB=CLOSED;gateway:inventoryServiceCB=CLOSED;gateway:paymentServiceCB=CLOSED;order:inventoryServiceCB=CLOSED;order:sharedDbCB=CLOSED;inventory:paymentServiceCB=CLOSED;inventory:sharedDbCB=CLOSED;payment:notificationServiceCB=CLOSED;payment:sharedDbCB=CLOSED;notification:sharedDbCB=CLOSED,gateway:orderServiceCB=0;gateway:inventoryServiceCB=0;gateway:paymentServiceCB=0;order:inventoryServiceCB=0;order:sharedDbCB=0;inventory:paymentServiceCB=0;inventory:sharedDbCB=0;payment:notificationServiceCB=0;payment:sharedDbCB=0;notification:sharedDbCB=0,200,20.037,731575707,90,23,5.0000,4.9954,0.0017,False,5.0000,codespace,0.0250,False,
LIN-LAT-TIM-T50-W5-D15-M50-L10,LINEAR,LATENCY,TIME_BASED,50,5,15,5,LOCAL,occupancy,2,2026-09-04T17:02:03Z,0.2500,8.419,71.86,0.8693,0.9362,0.0000,order-service:0.4347;inventory-service:0.0000;payment-service:0.0000;notification-service:0.0000,True,,27.269,gateway:orderServiceCB=CLOSED;gateway:inventoryServiceCB=CLOSED;gateway:paymentServiceCB=CLOSED;order:inventoryServiceCB=CLOSED;order:sharedDbCB=CLOSED;inventory:paymentServiceCB=CLOSED;inventory:sharedDbCB=CLOSED;payment:notificationServiceCB=CLOSED;payment:sharedDbCB=CLOSED;notification:sharedDbCB=CLOSED,gateway:orderServiceCB=0;gateway:inventoryServiceCB=0;gateway:paymentServiceCB=0;order:inventoryServiceCB=0;order:sharedDbCB=0;inventory:paymentServiceCB=0;inventory:sharedDbCB=0;payment:notificationServiceCB=0;payment:sharedDbCB=0;notification:sharedDbCB=0,200,20.036,731575707,91,45,10.0000,9.9829,0.0019,False,49.9146,codespace,0.9983,False,
LIN-LAT-TIM-T50-W20-D15-M5-L10,LINEAR,LATENCY,TIME_BASED,50,20,15,5,LOCAL,occupancy,3,2026-09-04T17:07:15Z,0.2500,11.837,218.673,0.9236,0.9629,0.0000,order-service:0.4618;inventory-service:0.0000;payment-service:0.0000;notification-service:0.0000,True,,27.256,gateway:orderServiceCB=CLOSED;gateway:inventoryServiceCB=CLOSED;gateway:paymentServiceCB=CLOSED;order:inventoryServiceCB=CLOSED;order:sharedDbCB=CLOSED;inventory:paymentServiceCB=CLOSED;inventory:sharedDbCB=CLOSED;payment:notificationServiceCB=CLOSED;payment:sharedDbCB=CLOSED;notification:sharedDbCB=CLOSED,gateway:orderServiceCB=0;gateway:inventoryServiceCB=0;gateway:paymentServiceCB=0;order:inventoryServiceCB=0;order:sharedDbCB=0;inventory:paymentServiceCB=0;inventory:sharedDbCB=0;payment:notificationServiceCB=0;payment:sharedDbCB=0;notification:sharedDbCB=0,200,20.035,731575707,92,45,10.0000,9.9838,0.0012,False,199.6767,codespace,39.9353,False,
LIN-LAT-TIM-T50-W10-D15-M50-L20,LINEAR,LATENCY,TIME_BASED,50,10,15,5,LOCAL,occupancy,1,2026-09-04T17:10:49Z,0.2500,5.659,125.871,0.9440,0.9456,0.0000,order-service:0.4720;inventory-service:0.0000;payment-service:0.0000;notification-service:0.0000,True,,28.581,gateway:orderServiceCB=CLOSED;gateway:inventoryServiceCB=CLOSED;gateway:paymentServiceCB=CLOSED;order:inventoryServiceCB=CLOSED;order:sharedDbCB=CLOSED;inventory:paymentServiceCB=CLOSED;inventory:sharedDbCB=CLOSED;payment:notificationServiceCB=CLOSED;payment:sharedDbCB=CLOSED;notification:sharedDbCB=CLOSED,gateway:orderServiceCB=0;gateway:inventoryServiceCB=0;gateway:paymentServiceCB=0;order:inventoryServiceCB=0;order:sharedDbCB=0;inventory:paymentServiceCB=0;inventory:sharedDbCB=0;payment:notificationServiceCB=0;payment:sharedDbCB=0;notification:sharedDbCB=0,200,20.030,731575707,93,90,20.0000,19.9431,0.0022,False,199.4307,codespace,3.9886,False,
LIN-LAT-TIM-T50-W10-D15-M100-L20,LINEAR,LATENCY,TIME_BASED,50,10,15,5,LOCAL,occupancy,3,2026-09-04T17:14:23Z,0.2500,5.896,125.612,0.9412,0.9430,0.0000,order-service:0.4706;inventory-service:0.0000;payment-service:0.0000;notification-service:0.0000,True,,27.777,gateway:orderServiceCB=CLOSED;gateway:inventoryServiceCB=CLOSED;gateway:paymentServiceCB=CLOSED;order:inventoryServiceCB=CLOSED;order:sharedDbCB=CLOSED;inventory:paymentServiceCB=CLOSED;inventory:sharedDbCB=CLOSED;payment:notificationServiceCB=CLOSED;payment:sharedDbCB=CLOSED;notification:sharedDbCB=CLOSED,gateway:orderServiceCB=0;gateway:inventoryServiceCB=0;gateway:paymentServiceCB=0;order:inventoryServiceCB=0;order:sharedDbCB=0;inventory:paymentServiceCB=0;inventory:sharedDbCB=0;payment:notificationServiceCB=0;payment:sharedDbCB=0;notification:sharedDbCB=0,200,20.037,731575707,94,90,20.0000,19.9435,0.0032,False,199.4349,codespace,1.9943,False,
LIN-LAT-TIM-T50-W5-D15-M5-L10,LINEAR,LATENCY,TIME_BASED,50,5,15,5,LOCAL,occupancy,3,2026-09-04T17:17:19Z,0.2500,4.105,89.994,0.9187,0.9618,0.0000,order-service:0.4593;inventory-service:0.0000;payment-service:0.0000;notification-service:0.0000,True,,27.382,gateway:orderServiceCB=CLOSED;gateway:inventoryServiceCB=CLOSED;gateway:paymentServiceCB=CLOSED;order:inventoryServiceCB=CLOSED;order:sharedDbCB=CLOSED;inventory:paymentServiceCB=CLOSED;inventory:sharedDbCB=CLOSED;payment:notificationServiceCB=CLOSED;payment:sharedDbCB=CLOSED;notification:sharedDbCB=CLOSED,gateway:orderServiceCB=0;gateway:inventoryServiceCB=0;gateway:paymentServiceCB=0;order:inventoryServiceCB=0;order:sharedDbCB=0;inventory:paymentServiceCB=0;inventory:sharedDbCB=0;payment:notificationServiceCB=0;payment:sharedDbCB=0;notification:sharedDbCB=0,200,20.035,731575707,95,45,10.0000,9.9833,0.0014,False,49.9165,codespace,9.9833,False,
LIN-LAT-TIM-T50-W20-D15-M50-L5,LINEAR,LATENCY,TIME_BASED,50,20,15,5,LOCAL,occupancy,3,2026-09-04T17:22:39Z,0.2500,14.379,224.055,0.8871,0.9725,0.0000,order-service:0.4436;inventory-service:0.0000;payment-service:0.0000;notification-service:0.0000,True,,27.858,gateway:orderServiceCB=CLOSED;gateway:inventoryServiceCB=CLOSED;gateway:paymentServiceCB=CLOSED;order:inventoryServiceCB=CLOSED;order:sharedDbCB=CLOSED;inventory:paymentServiceCB=CLOSED;inventory:sharedDbCB=CLOSED;payment:notificationServiceCB=CLOSED;payment:sharedDbCB=CLOSED;notification:sharedDbCB=CLOSED,gateway:orderServiceCB=0;gateway:inventoryServiceCB=0;gateway:paymentServiceCB=0;order:inventoryServiceCB=0;order:sharedDbCB=0;inventory:paymentServiceCB=0;inventory:sharedDbCB=0;payment:notificationServiceCB=0;payment:sharedDbCB=0;notification:sharedDbCB=0,200,20.035,731575707,96,23,5.0000,4.9958,0.0005,False,99.9160,codespace,1.9983,False,
LIN-LAT-TIM-T50-W20-D15-M200-L20,LINEAR,LATENCY,TIME_BASED,50,20,15,5,LOCAL,occupancy,2,2026-09-04T17:28:06Z,0.2500,8.934,235.09,0.9478,0.9498,0.0000,order-service:0.4739;inventory-service:0.0000;payment-service:0.0000;notification-service:0.0000,True,,29.132,gateway:orderServiceCB=CLOSED;gateway:inventoryServiceCB=CLOSED;gateway:paymentServiceCB=CLOSED;order:inventoryServiceCB=CLOSED;order:sharedDbCB=CLOSED;inventory:paymentServiceCB=CLOSED;inventory:sharedDbCB=CLOSED;payment:notificationServiceCB=CLOSED;payment:sharedDbCB=CLOSED;notification:sharedDbCB=CLOSED,gateway:orderServiceCB=0;gateway:inventoryServiceCB=0;gateway:paymentServiceCB=0;order:inventoryServiceCB=0;order:sharedDbCB=0;inventory:paymentServiceCB=0;inventory:sharedDbCB=0;payment:notificationServiceCB=0;payment:sharedDbCB=0;notification:sharedDbCB=0,200,20.034,731575707,97,90,20.0000,19.9426,0.0024,False,398.8524,codespace,1.9943,False,
LIN-LAT-TIM-T50-W20-D15-M200-L10,LINEAR,LATENCY,TIME_BASED,50,20,15,5,LOCAL,occupancy,2,2026-09-04T17:33:31Z,0.2500,23.915,218.903,0.8693,0.9369,0.0000,order-service:0.4347;inventory-service:0.0000;payment-service:0.0000;notification-service:0.0000,True,,27.500,gateway:orderServiceCB=CLOSED;gateway:inventoryServiceCB=CLOSED;gateway:paymentServiceCB=CLOSED;order:inventoryServiceCB=CLOSED;order:sharedDbCB=CLOSED;inventory:paymentServiceCB=CLOSED;inventory:sharedDbCB=CLOSED;payment:notificationServiceCB=CLOSED;payment:sharedDbCB=CLOSED;notification:sharedDbCB=CLOSED,gateway:orderServiceCB=0;gateway:inventoryServiceCB=0;gateway:paymentServiceCB=0;order:inventoryServiceCB=0;order:sharedDbCB=0;inventory:paymentServiceCB=0;inventory:sharedDbCB=0;payment:notificationServiceCB=0;payment:sharedDbCB=0;notification:sharedDbCB=0,200,20.037,731575707,98,45,10.0000,9.9843,0.0010,False,199.6860,codespace,0.9984,False,
LIN-LAT-TIM-T50-W5-D15-M50-L5,LINEAR,LATENCY,TIME_BASED,50,5,15,5,LOCAL,occupancy,2,2026-09-04T17:36:14Z,0.0000,,,0.0000,0.7654,0.0000,order-service:0.0000;inventory-service:0.0000;payment-service:0.0000;notification-service:0.0000,True,,27.911,gateway:orderServiceCB=CLOSED;gateway:inventoryServiceCB=CLOSED;gateway:paymentServiceCB=CLOSED;order:inventoryServiceCB=CLOSED;order:sharedDbCB=CLOSED;inventory:paymentServiceCB=CLOSED;inventory:sharedDbCB=CLOSED;payment:notificationServiceCB=CLOSED;payment:sharedDbCB=CLOSED;notification:sharedDbCB=CLOSED,gateway:orderServiceCB=0;gateway:inventoryServiceCB=0;gateway:paymentServiceCB=0;order:inventoryServiceCB=0;order:sharedDbCB=0;inventory:paymentServiceCB=0;inventory:sharedDbCB=0;payment:notificationServiceCB=0;payment:sharedDbCB=0;notification:sharedDbCB=0,200,20.035,731575707,99,23,5.0000,4.9958,0.0008,False,24.9790,codespace,0.4996,True,
LIN-LAT-TIM-T50-W10-D15-M50-L5,LINEAR,LATENCY,TIME_BASED,50,10,15,5,LOCAL,occupancy,3,2026-09-04T17:39:57Z,0.2500,12.872,129.155,0.8480,0.9633,0.0000,order-service:0.4240;inventory-service:0.0000;payment-service:0.0000;notification-service:0.0000,True,,27.111,gateway:orderServiceCB=CLOSED;gateway:inventoryServiceCB=CLOSED;gateway:paymentServiceCB=CLOSED;order:inventoryServiceCB=CLOSED;order:sharedDbCB=CLOSED;inventory:paymentServiceCB=CLOSED;inventory:sharedDbCB=CLOSED;payment:notificationServiceCB=CLOSED;payment:sharedDbCB=CLOSED;notification:sharedDbCB=CLOSED,gateway:orderServiceCB=0;gateway:inventoryServiceCB=0;gateway:paymentServiceCB=0;order:inventoryServiceCB=0;order:sharedDbCB=0;inventory:paymentServiceCB=0;inventory:sharedDbCB=0;payment:notificationServiceCB=0;payment:sharedDbCB=0;notification:sharedDbCB=0,200,20.034,731575707,100,23,5.0000,4.9958,0.0004,False,49.9580,codespace,0.9992,False,
LIN-LAT-CNT-T50-W20-D15-M50-L20,LINEAR,LATENCY,COUNT_BASED,50,20,15,5,LOCAL,occupancy,2,2026-09-04T17:41:38Z,0.2500,3.572,16.257,0.5333,0.5473,0.0000,order-service:0.2667;inventory-service:0.0000;payment-service:0.0000;notification-service:0.0000,True,,27.152,gateway:orderServiceCB=CLOSED;gateway:inventoryServiceCB=CLOSED;gateway:paymentServiceCB=CLOSED;order:inventoryServiceCB=CLOSED;order:sharedDbCB=CLOSED;inventory:paymentServiceCB=CLOSED;inventory:sharedDbCB=CLOSED;payment:notificationServiceCB=CLOSED;payment:sharedDbCB=CLOSED;notification:sharedDbCB=CLOSED,gateway:orderServiceCB=0;gateway:inventoryServiceCB=0;gateway:paymentServiceCB=0;order:inventoryServiceCB=0;order:sharedDbCB=0;inventory:paymentServiceCB=0;inventory:sharedDbCB=0;payment:notificationServiceCB=0;payment:sharedDbCB=0;notification:sharedDbCB=0,200,20.033,731575707,101,90,20.0000,19.8476,0.0094,False,20.0000,codespace,0.4000,False,
LIN-LAT-TIM-T50-W10-D15-M100-L10,LINEAR,LATENCY,TIME_BASED,50,10,15,5,LOCAL,occupancy,1,2026-09-04T17:45:21Z,0.2500,13.749,126.744,0.8664,0.9351,0.0000,order-service:0.4332;inventory-service:0.0000;payment-service:0.0000;notification-service:0.0000,True,,29.037,gateway:orderServiceCB=CLOSED;gateway:inventoryServiceCB=CLOSED;gateway:paymentServiceCB=CLOSED;order:inventoryServiceCB=CLOSED;order:sharedDbCB=CLOSED;inventory:paymentServiceCB=CLOSED;inventory:sharedDbCB=CLOSED;payment:notificationServiceCB=CLOSED;payment:sharedDbCB=CLOSED;notification:sharedDbCB=CLOSED,gateway:orderServiceCB=0;gateway:inventoryServiceCB=0;gateway:paymentServiceCB=0;order:inventoryServiceCB=0;order:sharedDbCB=0;inventory:paymentServiceCB=0;inventory:sharedDbCB=0;payment:notificationServiceCB=0;payment:sharedDbCB=0;notification:sharedDbCB=0,200,20.032,731575707,102,45,10.0000,9.9836,0.0014,False,99.8364,codespace,0.9984,False,
LIN-LAT-CNT-T50-W5-D15-M50-L5,LINEAR,LATENCY,COUNT_BASED,50,5,15,5,LOCAL,occupancy,2,2026-09-04T17:47:26Z,0.2500,3.471,39.856,0.8467,0.9626,0.0000,order-service:0.2604;inventory-service:0.0000;payment-service:0.0000;notification-service:0.0000,True,,28.075,gateway:orderServiceCB=CLOSED;gateway:inventoryServiceCB=CLOSED;gateway:paymentServiceCB=CLOSED;order:inventoryServiceCB=CLOSED;order:sharedDbCB=CLOSED;inventory:paymentServiceCB=CLOSED;inventory:sharedDbCB=CLOSED;payment:notificationServiceCB=CLOSED;payment:sharedDbCB=CLOSED;notification:sharedDbCB=CLOSED,gateway:orderServiceCB=0;gateway:inventoryServiceCB=0;gateway:paymentServiceCB=0;order:inventoryServiceCB=0;order:sharedDbCB=0;inventory:paymentServiceCB=0;inventory:sharedDbCB=0;payment:notificationServiceCB=0;payment:sharedDbCB=0;notification:sharedDbCB=0,200,20.031,731575707,103,23,5.0000,4.9950,0.0006,False,5.0000,codespace,0.1000,False,
LIN-LAT-CNT-T50-W20-D15-M50-L5,LINEAR,LATENCY,COUNT_BASED,50,20,15,5,LOCAL,occupancy,2,2026-09-04T17:49:35Z,0.2500,4.965,42.095,0.8000,0.9525,0.0000,order-service:0.2692;inventory-service:0.0000;payment-service:0.0000;notification-service:0.0000,True,,27.713,gateway:orderServiceCB=CLOSED;gateway:inventoryServiceCB=CLOSED;gateway:paymentServiceCB=CLOSED;order:inventoryServiceCB=CLOSED;order:sharedDbCB=CLOSED;inventory:paymentServiceCB=CLOSED;inventory:sharedDbCB=CLOSED;payment:notificationServiceCB=CLOSED;payment:sharedDbCB=CLOSED;notification:sharedDbCB=CLOSED,gateway:orderServiceCB=0;gateway:inventoryServiceCB=0;gateway:paymentServiceCB=0;order:inventoryServiceCB=0;order:sharedDbCB=0;inventory:paymentServiceCB=0;inventory:sharedDbCB=0;payment:notificationServiceCB=0;payment:sharedDbCB=0;notification:sharedDbCB=0,200,20.034,731575707,104,23,5.0000,4.9951,0.0006,False,20.0000,codespace,0.4000,False,
LIN-LAT-TIM-T50-W20-D15-M200-L5,LINEAR,LATENCY,TIME_BASED,50,20,15,5,LOCAL,occupancy,2,2026-09-04T17:54:47Z,0.0000,,,0.0000,0.7602,0.0000,order-service:0.0000;inventory-service:0.0000;payment-service:0.0000;notification-service:0.0000,True,,27.427,gateway:orderServiceCB=CLOSED;gateway:inventoryServiceCB=CLOSED;gateway:paymentServiceCB=CLOSED;order:inventoryServiceCB=CLOSED;order:sharedDbCB=CLOSED;inventory:paymentServiceCB=CLOSED;inventory:sharedDbCB=CLOSED;payment:notificationServiceCB=CLOSED;payment:sharedDbCB=CLOSED;notification:sharedDbCB=CLOSED,gateway:orderServiceCB=0;gateway:inventoryServiceCB=0;gateway:paymentServiceCB=0;order:inventoryServiceCB=0;order:sharedDbCB=0;inventory:paymentServiceCB=0;inventory:sharedDbCB=0;payment:notificationServiceCB=0;payment:sharedDbCB=0;notification:sharedDbCB=0,200,20.036,731575707,105,23,5.0000,4.9962,0.0007,False,99.9248,codespace,0.4996,True,
LIN-LAT-CNT-T50-W20-D15-M200-L20,LINEAR,LATENCY,COUNT_BASED,50,20,15,5,LOCAL,occupancy,1,2026-09-04T17:56:51Z,0.2500,3.711,38.631,0.8767,0.8800,0.0000,order-service:0.2874;inventory-service:0.0000;payment-service:0.0000;notification-service:0.0000,True,,27.178,gateway:orderServiceCB=CLOSED;gateway:inventoryServiceCB=CLOSED;gateway:paymentServiceCB=CLOSED;order:inventoryServiceCB=CLOSED;order:sharedDbCB=CLOSED;inventory:paymentServiceCB=CLOSED;inventory:sharedDbCB=CLOSED;payment:notificationServiceCB=CLOSED;payment:sharedDbCB=CLOSED;notification:sharedDbCB=CLOSED,gateway:orderServiceCB=0;gateway:inventoryServiceCB=0;gateway:paymentServiceCB=0;order:inventoryServiceCB=0;order:sharedDbCB=0;inventory:paymentServiceCB=0;inventory:sharedDbCB=0;payment:notificationServiceCB=0;payment:sharedDbCB=0;notification:sharedDbCB=0,200,20.032,731575707,106,90,20.0000,19.9296,0.0040,False,20.0000,codespace,0.1000,False,
LIN-LAT-TIM-T50-W10-D15-M200-L20,LINEAR,LATENCY,TIME_BASED,50,10,15,5,LOCAL,occupancy,1,2026-09-04T18:00:36Z,0.2500,17.449,125.598,0.8496,0.8561,0.0000,order-service:0.4248;inventory-service:0.0000;payment-service:0.0000;notification-service:0.0000,True,,27.446,gateway:orderServiceCB=CLOSED;gateway:inventoryServiceCB=CLOSED;gateway:paymentServiceCB=CLOSED;order:inventoryServiceCB=CLOSED;order:sharedDbCB=CLOSED;inventory:paymentServiceCB=CLOSED;inventory:sharedDbCB=CLOSED;payment:notificationServiceCB=CLOSED;payment:sharedDbCB=CLOSED;notification:sharedDbCB=CLOSED,gateway:orderServiceCB=0;gateway:inventoryServiceCB=0;gateway:paymentServiceCB=0;order:inventoryServiceCB=0;order:sharedDbCB=0;inventory:paymentServiceCB=0;inventory:sharedDbCB=0;payment:notificationServiceCB=0;payment:sharedDbCB=0;notification:sharedDbCB=0,200,20.033,731575707,107,90,20.0000,19.9468,0.0025,False,199.4679,codespace,0.9973,False,
LIN-LAT-TIM-T50-W5-D15-M200-L20,LINEAR,LATENCY,TIME_BASED,50,5,15,5,LOCAL,occupancy,2,2026-09-04T18:03:18Z,0.0000,,,0.0000,0.0691,0.0000,order-service:0.0000;inventory-service:0.0000;payment-service:0.0000;notification-service:0.0000,True,,27.157,gateway:orderServiceCB=CLOSED;gateway:inventoryServiceCB=CLOSED;gateway:paymentServiceCB=CLOSED;order:inventoryServiceCB=CLOSED;order:sharedDbCB=CLOSED;inventory:paymentServiceCB=CLOSED;inventory:sharedDbCB=CLOSED;payment:notificationServiceCB=CLOSED;payment:sharedDbCB=CLOSED;notification:sharedDbCB=CLOSED,gateway:orderServiceCB=0;gateway:inventoryServiceCB=0;gateway:paymentServiceCB=0;order:inventoryServiceCB=0;order:sharedDbCB=0;inventory:paymentServiceCB=0;inventory:sharedDbCB=0;payment:notificationServiceCB=0;payment:sharedDbCB=0;notification:sharedDbCB=0,200,20.033,731575707,108,90,20.0000,19.9354,0.0042,False,99.6772,codespace,0.4984,True,
LIN-LAT-TIM-T50-W20-D15-M50-L10,LINEAR,LATENCY,TIME_BASED,50,20,15,5,LOCAL,occupancy,1,2026-09-04T18:08:31Z,0.2500,11.799,218.667,0.9231,0.9626,0.0000,order-service:0.4616;inventory-service:0.0000;payment-service:0.0000;notification-service:0.0000,True,,28.430,gateway:orderServiceCB=CLOSED;gateway:inventoryServiceCB=CLOSED;gateway:paymentServiceCB=CLOSED;order:inventoryServiceCB=CLOSED;order:sharedDbCB=CLOSED;inventory:paymentServiceCB=CLOSED;inventory:sharedDbCB=CLOSED;payment:notificationServiceCB=CLOSED;payment:sharedDbCB=CLOSED;notification:sharedDbCB=CLOSED,gateway:orderServiceCB=0;gateway:inventoryServiceCB=0;gateway:paymentServiceCB=0;order:inventoryServiceCB=0;order:sharedDbCB=0;inventory:paymentServiceCB=0;inventory:sharedDbCB=0;payment:notificationServiceCB=0;payment:sharedDbCB=0;notification:sharedDbCB=0,200,20.031,731575707,109,45,10.0000,9.9853,0.0010,False,199.7068,codespace,3.9941,False,
LIN-LAT-CNT-T50-W20-D15-M5-L20,LINEAR,LATENCY,COUNT_BASED,50,20,15,5,LOCAL,occupancy,3,2026-09-04T18:10:12Z,0.2500,3.71,16.661,0.0000,0.5094,0.0000,order-service:0.0000;inventory-service:0.0000;payment-service:0.0000;notification-service:0.0000,True,,27.036,gateway:orderServiceCB=CLOSED;gateway:inventoryServiceCB=CLOSED;gateway:paymentServiceCB=CLOSED;order:inventoryServiceCB=CLOSED;order:sharedDbCB=CLOSED;inventory:paymentServiceCB=CLOSED;inventory:sharedDbCB=CLOSED;payment:notificationServiceCB=CLOSED;payment:sharedDbCB=CLOSED;notification:sharedDbCB=CLOSED,gateway:orderServiceCB=0;gateway:inventoryServiceCB=0;gateway:paymentServiceCB=0;order:inventoryServiceCB=0;order:sharedDbCB=0;inventory:paymentServiceCB=0;inventory:sharedDbCB=0;payment:notificationServiceCB=0;payment:sharedDbCB=0;notification:sharedDbCB=0,200,20.033,731575707,110,90,20.0000,19.7866,0.0031,False,20.0000,codespace,4.0000,False,
LIN-LAT-TIM-T50-W10-D15-M100-L5,LINEAR,LATENCY,TIME_BASED,50,10,15,5,LOCAL,occupancy,3,2026-09-04T18:13:44Z,0.0000,,,0.0000,0.7629,0.0000,order-service:0.0000;inventory-service:0.0000;payment-service:0.0000;notification-service:0.0000,True,,27.558,gateway:orderServiceCB=CLOSED;gateway:inventoryServiceCB=CLOSED;gateway:paymentServiceCB=CLOSED;order:inventoryServiceCB=CLOSED;order:sharedDbCB=CLOSED;inventory:paymentServiceCB=CLOSED;inventory:sharedDbCB=CLOSED;payment:notificationServiceCB=CLOSED;payment:sharedDbCB=CLOSED;notification:sharedDbCB=CLOSED,gateway:orderServiceCB=0;gateway:inventoryServiceCB=0;gateway:paymentServiceCB=0;order:inventoryServiceCB=0;order:sharedDbCB=0;inventory:paymentServiceCB=0;inventory:sharedDbCB=0;payment:notificationServiceCB=0;payment:sharedDbCB=0;notification:sharedDbCB=0,200,20.038,731575707,111,23,5.0000,4.9962,0.0007,False,49.9622,codespace,0.4996,True,
LIN-LAT-TIM-T50-W10-D15-M5-L20,LINEAR,LATENCY,TIME_BASED,50,10,15,5,LOCAL,occupancy,1,2026-09-04T18:17:17Z,0.2500,5.693,125.809,0.9444,0.9461,0.0000,order-service:0.4722;inventory-service:0.0000;payment-service:0.0000;notification-service:0.0000,True,,27.152,gateway:orderServiceCB=CLOSED;gateway:inventoryServiceCB=CLOSED;gateway:paymentServiceCB=CLOSED;order:inventoryServiceCB=CLOSED;order:sharedDbCB=CLOSED;inventory:paymentServiceCB=CLOSED;inventory:sharedDbCB=CLOSED;payment:notificationServiceCB=CLOSED;payment:sharedDbCB=CLOSED;notification:sharedDbCB=CLOSED,gateway:orderServiceCB=0;gateway:inventoryServiceCB=0;gateway:paymentServiceCB=0;order:inventoryServiceCB=0;order:sharedDbCB=0;inventory:paymentServiceCB=0;inventory:sharedDbCB=0;payment:notificationServiceCB=0;payment:sharedDbCB=0;notification:sharedDbCB=0,200,20.034,731575707,112,90,20.0000,19.9463,0.0041,False,199.4633,codespace,39.8927,False,
LIN-LAT-TIM-T50-W10-D15-M50-L10,LINEAR,LATENCY,TIME_BASED,50,10,15,5,LOCAL,occupancy,1,2026-09-04T18:20:52Z,0.2500,6.492,126.9,0.9248,0.9636,0.0000,order-service:0.4624;inventory-service:0.0000;payment-service:0.0000;notification-service:0.0000,True,,27.293,gateway:orderServiceCB=CLOSED;gateway:inventoryServiceCB=CLOSED;gateway:paymentServiceCB=CLOSED;order:inventoryServiceCB=CLOSED;order:sharedDbCB=CLOSED;inventory:paymentServiceCB=CLOSED;inventory:sharedDbCB=CLOSED;payment:notificationServiceCB=CLOSED;payment:sharedDbCB=CLOSED;notification:sharedDbCB=CLOSED,gateway:orderServiceCB=0;gateway:inventoryServiceCB=0;gateway:paymentServiceCB=0;order:inventoryServiceCB=0;order:sharedDbCB=0;inventory:paymentServiceCB=0;inventory:sharedDbCB=0;payment:notificationServiceCB=0;payment:sharedDbCB=0;notification:sharedDbCB=0,200,20.035,731575707,113,45,10.0000,9.9850,0.0010,False,99.8500,codespace,1.9970,False,
LIN-LAT-CNT-T50-W10-D15-M200-L20,LINEAR,LATENCY,COUNT_BASED,50,10,15,5,LOCAL,occupancy,3,2026-09-04T18:22:56Z,0.2500,3.317,38.015,0.8850,0.8885,0.0000,order-service:0.2685;inventory-service:0.0000;payment-service:0.0000;notification-service:0.0000,True,,27.720,gateway:orderServiceCB=CLOSED;gateway:inventoryServiceCB=CLOSED;gateway:paymentServiceCB=CLOSED;order:inventoryServiceCB=CLOSED;order:sharedDbCB=CLOSED;inventory:paymentServiceCB=CLOSED;inventory:sharedDbCB=CLOSED;payment:notificationServiceCB=CLOSED;payment:sharedDbCB=CLOSED;notification:sharedDbCB=CLOSED,gateway:orderServiceCB=0;gateway:inventoryServiceCB=0;gateway:paymentServiceCB=0;order:inventoryServiceCB=0;order:sharedDbCB=0;inventory:paymentServiceCB=0;inventory:sharedDbCB=0;payment:notificationServiceCB=0;payment:sharedDbCB=0;notification:sharedDbCB=0,200,20.041,731575707,114,90,20.0000,19.9292,0.0041,False,10.0000,codespace,0.0500,False,
LIN-LAT-CNT-T50-W10-D15-M200-L5,LINEAR,LATENCY,COUNT_BASED,50,10,15,5,LOCAL,occupancy,1,2026-09-04T18:26:24Z,0.2500,3.886,123.358,0.9250,0.9815,0.0000,order-service:0.3125;inventory-service:0.0000;payment-service:0.0000;notification-service:0.0000,True,,27.906,gateway:orderServiceCB=CLOSED;gateway:inventoryServiceCB=CLOSED;gateway:paymentServiceCB=CLOSED;order:inventoryServiceCB=CLOSED;order:sharedDbCB=CLOSED;inventory:paymentServiceCB=CLOSED;inventory:sharedDbCB=CLOSED;payment:notificationServiceCB=CLOSED;payment:sharedDbCB=CLOSED;notification:sharedDbCB=CLOSED,gateway:orderServiceCB=0;gateway:inventoryServiceCB=0;gateway:paymentServiceCB=0;order:inventoryServiceCB=0;order:sharedDbCB=0;inventory:paymentServiceCB=0;inventory:sharedDbCB=0;payment:notificationServiceCB=0;payment:sharedDbCB=0;notification:sharedDbCB=0,200,20.031,731575707,115,23,5.0000,4.9959,0.0003,False,10.0000,codespace,0.0500,False,
LIN-LAT-CNT-T50-W10-D15-M5-L20,LINEAR,LATENCY,COUNT_BASED,50,10,15,5,LOCAL,occupancy,1,2026-09-04T18:28:05Z,0.2500,3.291,16.064,0.0000,0.6117,0.0000,order-service:0.0000;inventory-service:0.0000;payment-service:0.0000;notification-service:0.0000,True,,27.052,gateway:orderServiceCB=CLOSED;gateway:inventoryServiceCB=CLOSED;gateway:paymentServiceCB=CLOSED;order:inventoryServiceCB=CLOSED;order:sharedDbCB=CLOSED;inventory:paymentServiceCB=CLOSED;inventory:sharedDbCB=CLOSED;payment:notificationServiceCB=CLOSED;payment:sharedDbCB=CLOSED;notification:sharedDbCB=CLOSED,gateway:orderServiceCB=0;gateway:inventoryServiceCB=0;gateway:paymentServiceCB=0;order:inventoryServiceCB=0;order:sharedDbCB=0;inventory:paymentServiceCB=0;inventory:sharedDbCB=0;payment:notificationServiceCB=0;payment:sharedDbCB=0;notification:sharedDbCB=0,200,20.038,731575707,116,90,20.0000,19.7602,0.0054,False,10.0000,codespace,2.0000,False,
LIN-LAT-TIM-T50-W20-D15-M50-L10,LINEAR,LATENCY,TIME_BASED,50,20,15,5,LOCAL,occupancy,3,2026-09-04T18:33:16Z,0.2500,11.606,218.885,0.9240,0.9631,0.0000,order-service:0.4620;inventory-service:0.0000;payment-service:0.0000;notification-service:0.0000,True,,27.106,gateway:orderServiceCB=CLOSED;gateway:inventoryServiceCB=CLOSED;gateway:paymentServiceCB=CLOSED;order:inventoryServiceCB=CLOSED;order:sharedDbCB=CLOSED;inventory:paymentServiceCB=CLOSED;inventory:sharedDbCB=CLOSED;payment:notificationServiceCB=CLOSED;payment:sharedDbCB=CLOSED;notification:sharedDbCB=CLOSED,gateway:orderServiceCB=0;gateway:inventoryServiceCB=0;gateway:paymentServiceCB=0;order:inventoryServiceCB=0;order:sharedDbCB=0;inventory:paymentServiceCB=0;inventory:sharedDbCB=0;payment:notificationServiceCB=0;payment:sharedDbCB=0;notification:sharedDbCB=0,200,20.035,731575707,117,45,10.0000,9.9845,0.0016,False,199.6896,codespace,3.9938,False,
LIN-LAT-TIM-T50-W20-D15-M100-L10,LINEAR,LATENCY,TIME_BASED,50,20,15,5,LOCAL,occupancy,3,2026-09-04T18:38:30Z,0.2500,11.793,218.674,0.9236,0.9630,0.0000,order-service:0.4618;inventory-service:0.0000;payment-service:0.0000;notification-service:0.0000,True,,29.106,gateway:orderServiceCB=CLOSED;gateway:inventoryServiceCB=CLOSED;gateway:paymentServiceCB=CLOSED;order:inventoryServiceCB=CLOSED;order:sharedDbCB=CLOSED;inventory:paymentServiceCB=CLOSED;inventory:sharedDbCB=CLOSED;payment:notificationServiceCB=CLOSED;payment:sharedDbCB=CLOSED;notification:sharedDbCB=CLOSED,gateway:orderServiceCB=0;gateway:inventoryServiceCB=0;gateway:paymentServiceCB=0;order:inventoryServiceCB=0;order:sharedDbCB=0;inventory:paymentServiceCB=0;inventory:sharedDbCB=0;payment:notificationServiceCB=0;payment:sharedDbCB=0;notification:sharedDbCB=0,200,20.037,731575707,118,45,10.0000,9.9853,0.0009,False,199.7059,codespace,1.9971,False,
LIN-LAT-CNT-T50-W10-D15-M50-L20,LINEAR,LATENCY,COUNT_BASED,50,10,15,5,LOCAL,occupancy,1,2026-09-04T18:40:11Z,0.2500,3.318,16.464,0.5667,0.5786,0.0000,order-service:0.2593;inventory-service:0.0000;payment-service:0.0000;notification-service:0.0000,True,,27.203,gateway:orderServiceCB=CLOSED;gateway:inventoryServiceCB=CLOSED;gateway:paymentServiceCB=CLOSED;order:inventoryServiceCB=CLOSED;order:sharedDbCB=CLOSED;inventory:paymentServiceCB=CLOSED;inventory:sharedDbCB=CLOSED;payment:notificationServiceCB=CLOSED;payment:sharedDbCB=CLOSED;notification:sharedDbCB=CLOSED,gateway:orderServiceCB=0;gateway:inventoryServiceCB=0;gateway:paymentServiceCB=0;order:inventoryServiceCB=0;order:sharedDbCB=0;inventory:paymentServiceCB=0;inventory:sharedDbCB=0;payment:notificationServiceCB=0;payment:sharedDbCB=0;notification:sharedDbCB=0,200,20.035,731575707,119,90,20.0000,19.8675,0.0063,False,10.0000,codespace,0.2000,False,
LIN-LAT-TIM-T50-W10-D15-M200-L5,LINEAR,LATENCY,TIME_BASED,50,10,15,5,LOCAL,occupancy,2,2026-09-04T18:43:43Z,0.0000,,,0.0000,0.7630,0.0000,order-service:0.0000;inventory-service:0.0000;payment-service:0.0000;notification-service:0.0000,True,,27.228,gateway:orderServiceCB=CLOSED;gateway:inventoryServiceCB=CLOSED;gateway:paymentServiceCB=CLOSED;order:inventoryServiceCB=CLOSED;order:sharedDbCB=CLOSED;inventory:paymentServiceCB=CLOSED;inventory:sharedDbCB=CLOSED;payment:notificationServiceCB=CLOSED;payment:sharedDbCB=CLOSED;notification:sharedDbCB=CLOSED,gateway:orderServiceCB=0;gateway:inventoryServiceCB=0;gateway:paymentServiceCB=0;order:inventoryServiceCB=0;order:sharedDbCB=0;inventory:paymentServiceCB=0;inventory:sharedDbCB=0;payment:notificationServiceCB=0;payment:sharedDbCB=0;notification:sharedDbCB=0,200,20.034,731575707,120,23,5.0000,4.9960,0.0007,False,49.9603,codespace,0.2498,True,
LIN-LAT-TIM-T50-W20-D15-M5-L20,LINEAR,LATENCY,TIME_BASED,50,20,15,5,LOCAL,occupancy,1,2026-09-04T18:49:09Z,0.2500,8.684,235.121,0.9484,0.9505,0.0000,order-service:0.4742;inventory-service:0.0000;payment-service:0.0000;notification-service:0.0000,True,,28.563,gateway:orderServiceCB=CLOSED;gateway:inventoryServiceCB=CLOSED;gateway:paymentServiceCB=CLOSED;order:inventoryServiceCB=CLOSED;order:sharedDbCB=CLOSED;inventory:paymentServiceCB=CLOSED;inventory:sharedDbCB=CLOSED;payment:notificationServiceCB=CLOSED;payment:sharedDbCB=CLOSED;notification:sharedDbCB=CLOSED,gateway:orderServiceCB=0;gateway:inventoryServiceCB=0;gateway:paymentServiceCB=0;order:inventoryServiceCB=0;order:sharedDbCB=0;inventory:paymentServiceCB=0;inventory:sharedDbCB=0;payment:notificationServiceCB=0;payment:sharedDbCB=0;notification:sharedDbCB=0,200,20.030,731575707,121,90,20.0000,19.9483,0.0024,False,398.9651,codespace,79.7930,False,
LIN-LAT-CNT-T50-W10-D15-M200-L5,LINEAR,LATENCY,COUNT_BASED,50,10,15,5,LOCAL,occupancy,3,2026-09-04T18:52:38Z,0.2500,3.901,123.347,0.9250,0.9818,0.0000,order-service:0.3125;inventory-service:0.0000;payment-service:0.0000;notification-service:0.0000,True,,27.698,gateway:orderServiceCB=CLOSED;gateway:inventoryServiceCB=CLOSED;gateway:paymentServiceCB=CLOSED;order:inventoryServiceCB=CLOSED;order:sharedDbCB=CLOSED;inventory:paymentServiceCB=CLOSED;inventory:sharedDbCB=CLOSED;payment:notificationServiceCB=CLOSED;payment:sharedDbCB=CLOSED;notification:sharedDbCB=CLOSED,gateway:orderServiceCB=0;gateway:inventoryServiceCB=0;gateway:paymentServiceCB=0;order:inventoryServiceCB=0;order:sharedDbCB=0;inventory:paymentServiceCB=0;inventory:sharedDbCB=0;payment:notificationServiceCB=0;payment:sharedDbCB=0;notification:sharedDbCB=0,200,20.031,731575707,122,23,5.0000,4.9958,0.0006,False,10.0000,codespace,0.0500,False,
LIN-LAT-TIM-T50-W20-D15-M5-L20,LINEAR,LATENCY,TIME_BASED,50,20,15,5,LOCAL,occupancy,3,2026-09-04T18:58:05Z,0.2500,8.982,235.084,0.9473,0.9491,0.0000,order-service:0.4737;inventory-service:0.0000;payment-service:0.0000;notification-service:0.0000,True,,29.153,gateway:orderServiceCB=CLOSED;gateway:inventoryServiceCB=CLOSED;gateway:paymentServiceCB=CLOSED;order:inventoryServiceCB=CLOSED;order:sharedDbCB=CLOSED;inventory:paymentServiceCB=CLOSED;inventory:sharedDbCB=CLOSED;payment:notificationServiceCB=CLOSED;payment:sharedDbCB=CLOSED;notification:sharedDbCB=CLOSED,gateway:orderServiceCB=0;gateway:inventoryServiceCB=0;gateway:paymentServiceCB=0;order:inventoryServiceCB=0;order:sharedDbCB=0;inventory:paymentServiceCB=0;inventory:sharedDbCB=0;payment:notificationServiceCB=0;payment:sharedDbCB=0;notification:sharedDbCB=0,200,20.036,731575707,123,90,20.0000,19.9480,0.0025,False,398.9603,codespace,79.7921,False,
LIN-LAT-TIM-T50-W10-D15-M5-L5,LINEAR,LATENCY,TIME_BASED,50,10,15,5,LOCAL,occupancy,2,2026-09-04T19:01:44Z,0.2500,7.943,129.421,0.8880,0.9727,0.0000,order-service:0.4440;inventory-service:0.0000;payment-service:0.0000;notification-service:0.0000,True,,27.971,gateway:orderServiceCB=CLOSED;gateway:inventoryServiceCB=CLOSED;gateway:paymentServiceCB=CLOSED;order:inventoryServiceCB=CLOSED;order:sharedDbCB=CLOSED;inventory:paymentServiceCB=CLOSED;inventory:sharedDbCB=CLOSED;payment:notificationServiceCB=CLOSED;payment:sharedDbCB=CLOSED;notification:sharedDbCB=CLOSED,gateway:orderServiceCB=0;gateway:inventoryServiceCB=0;gateway:paymentServiceCB=0;order:inventoryServiceCB=0;order:sharedDbCB=0;inventory:paymentServiceCB=0;inventory:sharedDbCB=0;payment:notificationServiceCB=0;payment:sharedDbCB=0;notification:sharedDbCB=0,200,20.036,731575707,124,23,5.0000,4.9960,0.0004,False,49.9600,codespace,9.9920,False,
LIN-LAT-CNT-T50-W20-D15-M50-L20,LINEAR,LATENCY,COUNT_BASED,50,20,15,5,LOCAL,occupancy,3,2026-09-04T19:03:26Z,0.2500,3.498,16.272,0.5400,0.5513,0.0000,order-service:0.2685;inventory-service:0.0000;payment-service:0.0000;notification-service:0.0000,True,,27.670,gateway:orderServiceCB=CLOSED;gateway:inventoryServiceCB=CLOSED;gateway:paymentServiceCB=CLOSED;order:inventoryServiceCB=CLOSED;order:sharedDbCB=CLOSED;inventory:paymentServiceCB=CLOSED;inventory:sharedDbCB=CLOSED;payment:notificationServiceCB=CLOSED;payment:sharedDbCB=CLOSED;notification:sharedDbCB=CLOSED,gateway:orderServiceCB=0;gateway:inventoryServiceCB=0;gateway:paymentServiceCB=0;order:inventoryServiceCB=0;order:sharedDbCB=0;inventory:paymentServiceCB=0;inventory:sharedDbCB=0;payment:notificationServiceCB=0;payment:sharedDbCB=0;notification:sharedDbCB=0,200,20.041,731575707,125,90,20.0000,19.8756,0.0063,False,20.0000,codespace,0.4000,False,
LIN-LAT-TIM-T50-W5-D15-M200-L10,LINEAR,LATENCY,TIME_BASED,50,5,15,5,LOCAL,occupancy,1,2026-09-04T19:06:08Z,0.0000,,,0.0000,0.5336,0.0000,order-service:0.0000;inventory-service:0.0000;payment-service:0.0000;notification-service:0.0000,True,,27.019,gateway:orderServiceCB=CLOSED;gateway:inventoryServiceCB=CLOSED;gateway:paymentServiceCB=CLOSED;order:inventoryServiceCB=CLOSED;order:sharedDbCB=CLOSED;inventory:paymentServiceCB=CLOSED;inventory:sharedDbCB=CLOSED;payment:notificationServiceCB=CLOSED;payment:sharedDbCB=CLOSED;notification:sharedDbCB=CLOSED,gateway:orderServiceCB=0;gateway:inventoryServiceCB=0;gateway:paymentServiceCB=0;order:inventoryServiceCB=0;order:sharedDbCB=0;inventory:paymentServiceCB=0;inventory:sharedDbCB=0;payment:notificationServiceCB=0;payment:sharedDbCB=0;notification:sharedDbCB=0,200,20.031,731575707,126,45,10.0000,9.9853,0.0030,False,49.9263,codespace,0.2496,True,
LIN-LAT-CNT-T50-W20-D15-M200-L5,LINEAR,LATENCY,COUNT_BASED,50,20,15,5,LOCAL,occupancy,3,2026-09-04T19:09:48Z,0.2500,4.957,133.31,0.9167,0.9801,0.0000,order-service:0.3485;inventory-service:0.0000;payment-service:0.0000;notification-service:0.0000,True,,28.383,gateway:orderServiceCB=CLOSED;gateway:inventoryServiceCB=CLOSED;gateway:paymentServiceCB=CLOSED;order:inventoryServiceCB=CLOSED;order:sharedDbCB=CLOSED;inventory:paymentServiceCB=CLOSED;inventory:sharedDbCB=CLOSED;payment:notificationServiceCB=CLOSED;payment:sharedDbCB=CLOSED;notification:sharedDbCB=CLOSED,gateway:orderServiceCB=0;gateway:inventoryServiceCB=0;gateway:paymentServiceCB=0;order:inventoryServiceCB=0;order:sharedDbCB=0;inventory:paymentServiceCB=0;inventory:sharedDbCB=0;payment:notificationServiceCB=0;payment:sharedDbCB=0;notification:sharedDbCB=0,200,20.034,731575707,127,23,5.0000,4.9960,0.0007,False,20.0000,codespace,0.1000,False,
LIN-LAT-CNT-T50-W10-D15-M50-L20,LINEAR,LATENCY,COUNT_BASED,50,10,15,5,LOCAL,occupancy,3,2026-09-04T19:11:28Z,0.2500,3.329,16.442,0.5733,0.5847,0.0000,order-service:0.2612;inventory-service:0.0000;payment-service:0.0000;notification-service:0.0000,True,,27.034,gateway:orderServiceCB=CLOSED;gateway:inventoryServiceCB=CLOSED;gateway:paymentServiceCB=CLOSED;order:inventoryServiceCB=CLOSED;order:sharedDbCB=CLOSED;inventory:paymentServiceCB=CLOSED;inventory:sharedDbCB=CLOSED;payment:notificationServiceCB=CLOSED;payment:sharedDbCB=CLOSED;notification:sharedDbCB=CLOSED,gateway:orderServiceCB=0;gateway:inventoryServiceCB=0;gateway:paymentServiceCB=0;order:inventoryServiceCB=0;order:sharedDbCB=0;inventory:paymentServiceCB=0;inventory:sharedDbCB=0;payment:notificationServiceCB=0;payment:sharedDbCB=0;notification:sharedDbCB=0,200,20.034,731575707,128,90,20.0000,19.8777,0.0069,False,10.0000,codespace,0.2000,False,
LIN-LAT-TIM-T50-W5-D15-M200-L20,LINEAR,LATENCY,TIME_BASED,50,5,15,5,LOCAL,occupancy,1,2026-09-04T19:14:10Z,0.0000,,,0.0000,0.0570,0.0000,order-service:0.0000;inventory-service:0.0000;payment-service:0.0000;notification-service:0.0000,True,,26.793,gateway:orderServiceCB=CLOSED;gateway:inventoryServiceCB=CLOSED;gateway:paymentServiceCB=CLOSED;order:inventoryServiceCB=CLOSED;order:sharedDbCB=CLOSED;inventory:paymentServiceCB=CLOSED;inventory:sharedDbCB=CLOSED;payment:notificationServiceCB=CLOSED;payment:sharedDbCB=CLOSED;notification:sharedDbCB=CLOSED,gateway:orderServiceCB=0;gateway:inventoryServiceCB=0;gateway:paymentServiceCB=0;order:inventoryServiceCB=0;order:sharedDbCB=0;inventory:paymentServiceCB=0;inventory:sharedDbCB=0;payment:notificationServiceCB=0;payment:sharedDbCB=0;notification:sharedDbCB=0,200,20.033,731575707,129,90,20.0000,19.9356,0.0046,False,99.6779,codespace,0.4984,True,
LIN-LAT-TIM-T50-W5-D15-M200-L5,LINEAR,LATENCY,TIME_BASED,50,5,15,5,LOCAL,occupancy,1,2026-09-04T19:16:54Z,0.0000,,,0.0000,0.7664,0.0000,order-service:0.0000;inventory-service:0.0000;payment-service:0.0000;notification-service:0.0000,True,,28.589,gateway:orderServiceCB=CLOSED;gateway:inventoryServiceCB=CLOSED;gateway:paymentServiceCB=CLOSED;order:inventoryServiceCB=CLOSED;order:sharedDbCB=CLOSED;inventory:paymentServiceCB=CLOSED;inventory:sharedDbCB=CLOSED;payment:notificationServiceCB=CLOSED;payment:sharedDbCB=CLOSED;notification:sharedDbCB=CLOSED,gateway:orderServiceCB=0;gateway:inventoryServiceCB=0;gateway:paymentServiceCB=0;order:inventoryServiceCB=0;order:sharedDbCB=0;inventory:paymentServiceCB=0;inventory:sharedDbCB=0;payment:notificationServiceCB=0;payment:sharedDbCB=0;notification:sharedDbCB=0,200,20.030,731575707,130,23,5.0000,4.9961,0.0009,False,24.9805,codespace,0.1249,True,
LIN-LAT-CNT-T50-W5-D15-M5-L5,LINEAR,LATENCY,COUNT_BASED,50,5,15,5,LOCAL,occupancy,3,2026-09-04T19:18:35Z,0.2500,3.48,16.755,0.5500,0.8861,0.0000,order-service:0.2632;inventory-service:0.0000;payment-service:0.0000;notification-service:0.0000,True,,26.928,gateway:orderServiceCB=CLOSED;gateway:inventoryServiceCB=CLOSED;gateway:paymentServiceCB=CLOSED;order:inventoryServiceCB=CLOSED;order:sharedDbCB=CLOSED;inventory:paymentServiceCB=CLOSED;inventory:sharedDbCB=CLOSED;payment:notificationServiceCB=CLOSED;payment:sharedDbCB=CLOSED;notification:sharedDbCB=CLOSED,gateway:orderServiceCB=0;gateway:inventoryServiceCB=0;gateway:paymentServiceCB=0;order:inventoryServiceCB=0;order:sharedDbCB=0;inventory:paymentServiceCB=0;inventory:sharedDbCB=0;payment:notificationServiceCB=0;payment:sharedDbCB=0;notification:sharedDbCB=0,200,20.032,731575707,131,23,5.0000,4.9922,0.0011,False,5.0000,codespace,1.0000,False,
LIN-LAT-TIM-T50-W10-D15-M5-L20,LINEAR,LATENCY,TIME_BASED,50,10,15,5,LOCAL,occupancy,3,2026-09-04T19:22:08Z,0.2500,5.667,125.841,0.9440,0.9457,0.0000,order-service:0.4720;inventory-service:0.0000;payment-service:0.0000;notification-service:0.0000,True,,27.495,gateway:orderServiceCB=CLOSED;gateway:inventoryServiceCB=CLOSED;gateway:paymentServiceCB=CLOSED;order:inventoryServiceCB=CLOSED;order:sharedDbCB=CLOSED;inventory:paymentServiceCB=CLOSED;inventory:sharedDbCB=CLOSED;payment:notificationServiceCB=CLOSED;payment:sharedDbCB=CLOSED;notification:sharedDbCB=CLOSED,gateway:orderServiceCB=0;gateway:inventoryServiceCB=0;gateway:paymentServiceCB=0;order:inventoryServiceCB=0;order:sharedDbCB=0;inventory:paymentServiceCB=0;inventory:sharedDbCB=0;payment:notificationServiceCB=0;payment:sharedDbCB=0;notification:sharedDbCB=0,200,20.037,731575707,132,90,20.0000,19.9460,0.0030,False,199.4595,codespace,39.8919,False,
LIN-LAT-TIM-T50-W10-D15-M5-L10,LINEAR,LATENCY,TIME_BASED,50,10,15,5,LOCAL,occupancy,2,2026-09-04T19:25:44Z,0.2500,6.458,126.906,0.9248,0.9634,0.0000,order-service:0.4624;inventory-service:0.0000;payment-service:0.0000;notification-service:0.0000,True,,28.518,gateway:orderServiceCB=CLOSED;gateway:inventoryServiceCB=CLOSED;gateway:paymentServiceCB=CLOSED;order:inventoryServiceCB=CLOSED;order:sharedDbCB=CLOSED;inventory:paymentServiceCB=CLOSED;inventory:sharedDbCB=CLOSED;payment:notificationServiceCB=CLOSED;payment:sharedDbCB=CLOSED;notification:sharedDbCB=CLOSED,gateway:orderServiceCB=0;gateway:inventoryServiceCB=0;gateway:paymentServiceCB=0;order:inventoryServiceCB=0;order:sharedDbCB=0;inventory:paymentServiceCB=0;inventory:sharedDbCB=0;payment:notificationServiceCB=0;payment:sharedDbCB=0;notification:sharedDbCB=0,200,20.030,731575707,133,45,10.0000,9.9852,0.0012,False,99.8519,codespace,19.9704,False,
LIN-LAT-TIM-T50-W10-D15-M50-L20,LINEAR,LATENCY,TIME_BASED,50,10,15,5,LOCAL,occupancy,3,2026-09-04T19:29:17Z,0.2500,5.443,126.048,0.9460,0.9476,0.0000,order-service:0.4730;inventory-service:0.0000;payment-service:0.0000;notification-service:0.0000,True,,27.619,gateway:orderServiceCB=CLOSED;gateway:inventoryServiceCB=CLOSED;gateway:paymentServiceCB=CLOSED;order:inventoryServiceCB=CLOSED;order:sharedDbCB=CLOSED;inventory:paymentServiceCB=CLOSED;inventory:sharedDbCB=CLOSED;payment:notificationServiceCB=CLOSED;payment:sharedDbCB=CLOSED;notification:sharedDbCB=CLOSED,gateway:orderServiceCB=0;gateway:inventoryServiceCB=0;gateway:paymentServiceCB=0;order:inventoryServiceCB=0;order:sharedDbCB=0;inventory:paymentServiceCB=0;inventory:sharedDbCB=0;payment:notificationServiceCB=0;payment:sharedDbCB=0;notification:sharedDbCB=0,200,20.034,731575707,134,90,20.0000,19.9474,0.0030,False,199.4744,codespace,3.9895,False,
LIN-LAT-TIM-T50-W10-D15-M5-L10,LINEAR,LATENCY,TIME_BASED,50,10,15,5,LOCAL,occupancy,3,2026-09-04T19:32:52Z,0.2500,6.463,126.92,0.9248,0.9635,0.0000,order-service:0.4624;inventory-service:0.0000;payment-service:0.0000;notification-service:0.0000,True,,26.885,gateway:orderServiceCB=CLOSED;gateway:inventoryServiceCB=CLOSED;gateway:paymentServiceCB=CLOSED;order:inventoryServiceCB=CLOSED;order:sharedDbCB=CLOSED;inventory:paymentServiceCB=CLOSED;inventory:sharedDbCB=CLOSED;payment:notificationServiceCB=CLOSED;payment:sharedDbCB=CLOSED;notification:sharedDbCB=CLOSED,gateway:orderServiceCB=0;gateway:inventoryServiceCB=0;gateway:paymentServiceCB=0;order:inventoryServiceCB=0;order:sharedDbCB=0;inventory:paymentServiceCB=0;inventory:sharedDbCB=0;payment:notificationServiceCB=0;payment:sharedDbCB=0;notification:sharedDbCB=0,200,20.031,731575707,135,45,10.0000,9.9855,0.0008,False,99.8554,codespace,19.9711,False,
LIN-LAT-TIM-T50-W10-D15-M5-L5,LINEAR,LATENCY,TIME_BASED,50,10,15,5,LOCAL,occupancy,1,2026-09-04T19:36:31Z,0.2500,7.951,129.414,0.8880,0.9728,0.0000,order-service:0.4440;inventory-service:0.0000;payment-service:0.0000;notification-service:0.0000,True,,26.806,gateway:orderServiceCB=CLOSED;gateway:inventoryServiceCB=CLOSED;gateway:paymentServiceCB=CLOSED;order:inventoryServiceCB=CLOSED;order:sharedDbCB=CLOSED;inventory:paymentServiceCB=CLOSED;inventory:sharedDbCB=CLOSED;payment:notificationServiceCB=CLOSED;payment:sharedDbCB=CLOSED;notification:sharedDbCB=CLOSED,gateway:orderServiceCB=0;gateway:inventoryServiceCB=0;gateway:paymentServiceCB=0;order:inventoryServiceCB=0;order:sharedDbCB=0;inventory:paymentServiceCB=0;inventory:sharedDbCB=0;payment:notificationServiceCB=0;payment:sharedDbCB=0;notification:sharedDbCB=0,200,20.029,731575707,136,23,5.0000,4.9960,0.0004,False,49.9598,codespace,9.9920,False,
LIN-LAT-TIM-T50-W20-D15-M100-L20,LINEAR,LATENCY,TIME_BASED,50,20,15,5,LOCAL,occupancy,3,2026-09-04T19:41:56Z,0.2500,8.845,235.142,0.9476,0.9497,0.0000,order-service:0.4738;inventory-service:0.0000;payment-service:0.0000;notification-service:0.0000,True,,27.203,gateway:orderServiceCB=CLOSED;gateway:inventoryServiceCB=CLOSED;gateway:paymentServiceCB=CLOSED;order:inventoryServiceCB=CLOSED;order:sharedDbCB=CLOSED;inventory:paymentServiceCB=CLOSED;inventory:sharedDbCB=CLOSED;payment:notificationServiceCB=CLOSED;payment:sharedDbCB=CLOSED;notification:sharedDbCB=CLOSED,gateway:orderServiceCB=0;gateway:inventoryServiceCB=0;gateway:paymentServiceCB=0;order:inventoryServiceCB=0;order:sharedDbCB=0;inventory:paymentServiceCB=0;inventory:sharedDbCB=0;payment:notificationServiceCB=0;payment:sharedDbCB=0;notification:sharedDbCB=0,200,20.031,731575707,137,90,20.0000,19.9496,0.0023,False,398.9925,codespace,3.9899,False,
LIN-LAT-TIM-T50-W10-D15-M200-L5,LINEAR,LATENCY,TIME_BASED,50,10,15,5,LOCAL,occupancy,1,2026-09-04T19:45:28Z,0.0000,,,0.0000,0.7626,0.0000,order-service:0.0000;inventory-service:0.0000;payment-service:0.0000;notification-service:0.0000,True,,27.140,gateway:orderServiceCB=CLOSED;gateway:inventoryServiceCB=CLOSED;gateway:paymentServiceCB=CLOSED;order:inventoryServiceCB=CLOSED;order:sharedDbCB=CLOSED;inventory:paymentServiceCB=CLOSED;inventory:sharedDbCB=CLOSED;payment:notificationServiceCB=CLOSED;payment:sharedDbCB=CLOSED;notification:sharedDbCB=CLOSED,gateway:orderServiceCB=0;gateway:inventoryServiceCB=0;gateway:paymentServiceCB=0;order:inventoryServiceCB=0;order:sharedDbCB=0;inventory:paymentServiceCB=0;inventory:sharedDbCB=0;payment:notificationServiceCB=0;payment:sharedDbCB=0;notification:sharedDbCB=0,200,20.034,731575707,138,23,5.0000,4.9964,0.0005,False,49.9636,codespace,0.2498,True,
LIN-LAT-TIM-T50-W10-D15-M100-L20,LINEAR,LATENCY,TIME_BASED,50,10,15,5,LOCAL,occupancy,2,2026-09-04T19:49:02Z,0.2500,5.883,125.605,0.9420,0.9439,0.0000,order-service:0.4710;inventory-service:0.0000;payment-service:0.0000;notification-service:0.0000,True,,28.698,gateway:orderServiceCB=CLOSED;gateway:inventoryServiceCB=CLOSED;gateway:paymentServiceCB=CLOSED;order:inventoryServiceCB=CLOSED;order:sharedDbCB=CLOSED;inventory:paymentServiceCB=CLOSED;inventory:sharedDbCB=CLOSED;payment:notificationServiceCB=CLOSED;payment:sharedDbCB=CLOSED;notification:sharedDbCB=CLOSED,gateway:orderServiceCB=0;gateway:inventoryServiceCB=0;gateway:paymentServiceCB=0;order:inventoryServiceCB=0;order:sharedDbCB=0;inventory:paymentServiceCB=0;inventory:sharedDbCB=0;payment:notificationServiceCB=0;payment:sharedDbCB=0;notification:sharedDbCB=0,200,20.029,731575707,139,90,20.0000,19.9475,0.0028,False,199.4748,codespace,1.9947,False,
LIN-LAT-TIM-T50-W20-D15-M100-L20,LINEAR,LATENCY,TIME_BASED,50,20,15,5,LOCAL,occupancy,1,2026-09-04T19:54:27Z,0.2500,8.885,235.04,0.9478,0.9498,0.0000,order-service:0.4739;inventory-service:0.0000;payment-service:0.0000;notification-service:0.0000,True,,26.637,gateway:orderServiceCB=CLOSED;gateway:inventoryServiceCB=CLOSED;gateway:paymentServiceCB=CLOSED;order:inventoryServiceCB=CLOSED;order:sharedDbCB=CLOSED;inventory:paymentServiceCB=CLOSED;inventory:sharedDbCB=CLOSED;payment:notificationServiceCB=CLOSED;payment:sharedDbCB=CLOSED;notification:sharedDbCB=CLOSED,gateway:orderServiceCB=0;gateway:inventoryServiceCB=0;gateway:paymentServiceCB=0;order:inventoryServiceCB=0;order:sharedDbCB=0;inventory:paymentServiceCB=0;inventory:sharedDbCB=0;payment:notificationServiceCB=0;payment:sharedDbCB=0;notification:sharedDbCB=0,200,20.031,731575707,140,90,20.0000,19.9495,0.0026,False,398.9908,codespace,3.9899,False,
LIN-LAT-CNT-T50-W20-D15-M200-L5,LINEAR,LATENCY,COUNT_BASED,50,20,15,5,LOCAL,occupancy,1,2026-09-04T19:58:07Z,0.2500,4.96,133.302,0.9167,0.9801,0.0000,order-service:0.3485;inventory-service:0.0000;payment-service:0.0000;notification-service:0.0000,True,,27.653,gateway:orderServiceCB=CLOSED;gateway:inventoryServiceCB=CLOSED;gateway:paymentServiceCB=CLOSED;order:inventoryServiceCB=CLOSED;order:sharedDbCB=CLOSED;inventory:paymentServiceCB=CLOSED;inventory:sharedDbCB=CLOSED;payment:notificationServiceCB=CLOSED;payment:sharedDbCB=CLOSED;notification:sharedDbCB=CLOSED,gateway:orderServiceCB=0;gateway:inventoryServiceCB=0;gateway:paymentServiceCB=0;order:inventoryServiceCB=0;order:sharedDbCB=0;inventory:paymentServiceCB=0;inventory:sharedDbCB=0;payment:notificationServiceCB=0;payment:sharedDbCB=0;notification:sharedDbCB=0,200,20.031,731575707,141,23,5.0000,4.9961,0.0007,False,20.0000,codespace,0.1000,False,
LIN-LAT-TIM-T50-W5-D15-M100-L10,LINEAR,LATENCY,TIME_BASED,50,5,15,5,LOCAL,occupancy,2,2026-09-04T20:00:49Z,0.0000,,,0.0000,0.5325,0.0000,order-service:0.0000;inventory-service:0.0000;payment-service:0.0000;notification-service:0.0000,True,,26.679,gateway:orderServiceCB=CLOSED;gateway:inventoryServiceCB=CLOSED;gateway:paymentServiceCB=CLOSED;order:inventoryServiceCB=CLOSED;order:sharedDbCB=CLOSED;inventory:paymentServiceCB=CLOSED;inventory:sharedDbCB=CLOSED;payment:notificationServiceCB=CLOSED;payment:sharedDbCB=CLOSED;notification:sharedDbCB=CLOSED,gateway:orderServiceCB=0;gateway:inventoryServiceCB=0;gateway:paymentServiceCB=0;order:inventoryServiceCB=0;order:sharedDbCB=0;inventory:paymentServiceCB=0;inventory:sharedDbCB=0;payment:notificationServiceCB=0;payment:sharedDbCB=0;notification:sharedDbCB=0,200,20.034,731575707,142,45,10.0000,9.9858,0.0011,False,49.9290,codespace,0.4993,True,
LIN-LAT-CNT-T50-W10-D15-M5-L5,LINEAR,LATENCY,COUNT_BASED,50,10,15,5,LOCAL,occupancy,3,2026-09-04T20:02:30Z,0.2500,3.913,16.362,0.5000,0.8758,0.0000,order-service:0.2500;inventory-service:0.0000;payment-service:0.0000;notification-service:0.0000,True,,27.292,gateway:orderServiceCB=CLOSED;gateway:inventoryServiceCB=CLOSED;gateway:paymentServiceCB=CLOSED;order:inventoryServiceCB=CLOSED;order:sharedDbCB=CLOSED;inventory:paymentServiceCB=CLOSED;inventory:sharedDbCB=CLOSED;payment:notificationServiceCB=CLOSED;payment:sharedDbCB=CLOSED;notification:sharedDbCB=CLOSED,gateway:orderServiceCB=0;gateway:inventoryServiceCB=0;gateway:paymentServiceCB=0;order:inventoryServiceCB=0;order:sharedDbCB=0;inventory:paymentServiceCB=0;inventory:sharedDbCB=0;payment:notificationServiceCB=0;payment:sharedDbCB=0;notification:sharedDbCB=0,200,20.032,731575707,143,23,5.0000,4.9924,0.0010,False,10.0000,codespace,2.0000,False,
LIN-LAT-TIM-T50-W20-D15-M50-L20,LINEAR,LATENCY,TIME_BASED,50,20,15,5,LOCAL,occupancy,3,2026-09-04T20:07:55Z,0.2500,8.916,235.072,0.9476,0.9497,0.0000,order-service:0.4738;inventory-service:0.0000;payment-service:0.0000;notification-service:0.0000,True,,26.485,gateway:orderServiceCB=CLOSED;gateway:inventoryServiceCB=CLOSED;gateway:paymentServiceCB=CLOSED;order:inventoryServiceCB=CLOSED;order:sharedDbCB=CLOSED;inventory:paymentServiceCB=CLOSED;inventory:sharedDbCB=CLOSED;payment:notificationServiceCB=CLOSED;payment:sharedDbCB=CLOSED;notification:sharedDbCB=CLOSED,gateway:orderServiceCB=0;gateway:inventoryServiceCB=0;gateway:paymentServiceCB=0;order:inventoryServiceCB=0;order:sharedDbCB=0;inventory:paymentServiceCB=0;inventory:sharedDbCB=0;payment:notificationServiceCB=0;payment:sharedDbCB=0;notification:sharedDbCB=0,200,20.032,731575707,144,90,20.0000,19.9496,0.0020,False,398.9916,codespace,7.9798,False,
LIN-LAT-TIM-T50-W20-D15-M100-L10,LINEAR,LATENCY,TIME_BASED,50,20,15,5,LOCAL,occupancy,1,2026-09-04T20:13:10Z,0.2500,11.996,219.463,0.9227,0.9624,0.0000,order-service:0.4613;inventory-service:0.0000;payment-service:0.0000;notification-service:0.0000,True,,28.378,gateway:orderServiceCB=CLOSED;gateway:inventoryServiceCB=CLOSED;gateway:paymentServiceCB=CLOSED;order:inventoryServiceCB=CLOSED;order:sharedDbCB=CLOSED;inventory:paymentServiceCB=CLOSED;inventory:sharedDbCB=CLOSED;payment:notificationServiceCB=CLOSED;payment:sharedDbCB=CLOSED;notification:sharedDbCB=CLOSED,gateway:orderServiceCB=0;gateway:inventoryServiceCB=0;gateway:paymentServiceCB=0;order:inventoryServiceCB=0;order:sharedDbCB=0;inventory:paymentServiceCB=0;inventory:sharedDbCB=0;payment:notificationServiceCB=0;payment:sharedDbCB=0;notification:sharedDbCB=0,200,20.037,731575707,145,45,10.0000,9.9859,0.0009,False,199.7174,codespace,1.9972,False,
LIN-LAT-TIM-T50-W20-D15-M5-L10,LINEAR,LATENCY,TIME_BASED,50,20,15,5,LOCAL,occupancy,2,2026-09-04T20:18:22Z,0.2500,11.839,218.616,0.9231,0.9628,0.0000,order-service:0.4616;inventory-service:0.0000;payment-service:0.0000;notification-service:0.0000,True,,26.942,gateway:orderServiceCB=CLOSED;gateway:inventoryServiceCB=CLOSED;gateway:paymentServiceCB=CLOSED;order:inventoryServiceCB=CLOSED;order:sharedDbCB=CLOSED;inventory:paymentServiceCB=CLOSED;inventory:sharedDbCB=CLOSED;payment:notificationServiceCB=CLOSED;payment:sharedDbCB=CLOSED;notification:sharedDbCB=CLOSED,gateway:orderServiceCB=0;gateway:inventoryServiceCB=0;gateway:paymentServiceCB=0;order:inventoryServiceCB=0;order:sharedDbCB=0;inventory:paymentServiceCB=0;inventory:sharedDbCB=0;payment:notificationServiceCB=0;payment:sharedDbCB=0;notification:sharedDbCB=0,200,20.031,731575707,146,45,10.0000,9.9859,0.0008,False,199.7180,codespace,39.9436,False,
