dv,varying_factor,held,level_a,mean_a,sd_a,n_a,level_b,mean_b,sd_b,n_b,experiment_id_a,experiment_id_b,noise_stratum,observed_effect,raw_mde,effect_to_mde_ratio,status
time_to_open,window_type,"{'topology': 'FAN', 'fault': 'CRS', 'threshold': '30', 'window_size': '10', 'wait': '15'}",window_type=CNT,0.29860000000000003,0.014876155417311283,5,window_type=TIM,3.097,0.06919537556802463,3,FAN-CRS-CNT-T30-W10-D15,FAN-CRS-TIM-T30-W10-D15,main,-2.7984,0.6093459778325645,4.592464875133617,POWERED
time_to_open,window_type,"{'topology': 'FAN', 'fault': 'CRS', 'threshold': '30', 'window_size': '10', 'wait': '30'}",window_type=CNT,0.287,0.0069999999999999785,3,window_type=TIM,3.1956666666666664,0.21038377630733157,3,FAN-CRS-CNT-T30-W10-D30,FAN-CRS-TIM-T30-W10-D30,main,-2.9086666666666665,0.6088209573395158,4.777540312306654,POWERED
time_to_open,window_type,"{'topology': 'FAN', 'fault': 'CRS', 'threshold': '30', 'window_size': '10', 'wait': '5'}",window_type=CNT,0.29466666666666663,0.006506407098647718,3,window_type=TIM,3.0513333333333335,0.10984231121627643,3,FAN-CRS-CNT-T30-W10-D5,FAN-CRS-TIM-T30-W10-D5,main,-2.756666666666667,0.6088209573395158,4.527877421817102,POWERED
time_to_open,window_type,"{'topology': 'FAN', 'fault': 'CRS', 'threshold': '30', 'window_size': '20', 'wait': '15'}",window_type=CNT,0.40259999999999996,0.11932644300405508,5,window_type=TIM,6.126,0.14405554484295277,3,FAN-CRS-CNT-T30-W20-D15,FAN-CRS-TIM-T30-W20-D15,main,-5.723400000000001,0.6093459778325645,9.39269349140214,POWERED
time_to_open,window_type,"{'topology': 'FAN', 'fault': 'CRS', 'threshold': '30', 'window_size': '20', 'wait': '30'}",window_type=CNT,0.30033333333333334,0.006110100926607792,3,window_type=TIM,5.985666666666667,0.13479366948537783,3,FAN-CRS-CNT-T30-W20-D30,FAN-CRS-TIM-T30-W20-D30,main,-5.685333333333333,0.6088209573395158,9.33826811445133,POWERED
time_to_open,window_type,"{'topology': 'FAN', 'fault': 'CRS', 'threshold': '30', 'window_size': '20', 'wait': '5'}",window_type=CNT,0.36600000000000005,0.13683566786477863,3,window_type=TIM,6.1323333333333325,0.15124263067446747,3,FAN-CRS-CNT-T30-W20-D5,FAN-CRS-TIM-T30-W20-D5,main,-5.766333333333333,0.6088209573395158,9.471312154777998,POWERED
time_to_open,window_type,"{'topology': 'FAN', 'fault': 'CRS', 'threshold': '30', 'window_size': '5', 'wait': '15'}",window_type=CNT,0.3102,0.019537144110642186,5,window_type=TIM,1.587,0.10636493783197541,5,FAN-CRS-CNT-T30-W5-D15,FAN-CRS-TIM-T30-W5-D15,tim_w5,-1.2768,4.942600930300111,0.25832552900896927,UNDERPOWERED
time_to_open,window_type,"{'topology': 'FAN', 'fault': 'CRS', 'threshold': '30', 'window_size': '5', 'wait': '30'}",window_type=CNT,0.2972,0.0097313925005623,5,window_type=TIM,1.5470000000000002,0.029899832775452127,5,FAN-CRS-CNT-T30-W5-D30,FAN-CRS-TIM-T30-W5-D30,tim_w5,-1.2498,4.942600930300111,0.2528628181041744,UNDERPOWERED
time_to_open,window_type,"{'topology': 'FAN', 'fault': 'CRS', 'threshold': '30', 'window_size': '5', 'wait': '5'}",window_type=CNT,0.2868,0.00511859355682788,5,window_type=TIM,1.6398,0.13589407639775913,5,FAN-CRS-CNT-T30-W5-D5,FAN-CRS-TIM-T30-W5-D5,tim_w5,-1.353,4.942600930300111,0.2737425131180572,UNDERPOWERED
time_to_open,window_type,"{'topology': 'FAN', 'fault': 'CRS', 'threshold': '50', 'window_size': '10', 'wait': '15'}",window_type=CNT,0.3508,0.1069845783279067,5,window_type=TIM,5.062,0.2873168982151938,3,FAN-CRS-CNT-T50-W10-D15,FAN-CRS-TIM-T50-W10-D15,main,-4.7112,0.6093459778325645,7.731568224603165,POWERED
time_to_open,window_type,"{'topology': 'FAN', 'fault': 'CRS', 'threshold': '50', 'window_size': '10', 'wait': '30'}",window_type=CNT,0.295,0.006000000000000005,3,window_type=TIM,4.820666666666667,0.12239825706820051,3,FAN-CRS-CNT-T50-W10-D30,FAN-CRS-TIM-T50-W10-D30,main,-4.525666666666667,0.6088209573395158,7.433493561790907,POWERED
time_to_open,window_type,"{'topology': 'FAN', 'fault': 'CRS', 'threshold': '50', 'window_size': '10', 'wait': '5'}",window_type=CNT,0.38166666666666665,0.1475138411584938,3,window_type=TIM,4.9033999999999995,0.20314477596039726,5,FAN-CRS-CNT-T50-W10-D5,FAN-CRS-TIM-T50-W10-D5,main,-4.521733333333333,0.6093459778325645,7.420633757880995,POWERED
time_to_open,window_type,"{'topology': 'FAN', 'fault': 'CRS', 'threshold': '50', 'window_size': '20', 'wait': '15'}",window_type=CNT,0.556,0.03517101079013792,3,window_type=TIM,10.142000000000001,0.0987724657989261,3,FAN-CRS-CNT-T50-W20-D15,FAN-CRS-TIM-T50-W20-D15,main,-9.586000000000002,0.6088209573395158,15.745187291005593,POWERED
time_to_open,window_type,"{'topology': 'FAN', 'fault': 'CRS', 'threshold': '50', 'window_size': '20', 'wait': '30'}",window_type=CNT,0.5486666666666667,0.008962886439832509,3,window_type=TIM,9.935,0.1922420349455338,3,FAN-CRS-CNT-T50-W20-D30,FAN-CRS-TIM-T50-W20-D30,main,-9.386333333333333,0.6088209573395158,15.417230994068655,POWERED
time_to_open,window_type,"{'topology': 'FAN', 'fault': 'CRS', 'threshold': '50', 'window_size': '20', 'wait': '5'}",window_type=CNT,0.5413333333333333,0.011590225767142482,3,window_type=TIM,10.1618,0.10212100665387175,5,FAN-CRS-CNT-T50-W20-D5,FAN-CRS-TIM-T50-W20-D5,main,-9.620466666666665,0.6093459778325645,15.788184408612224,POWERED
time_to_open,window_type,"{'topology': 'FAN', 'fault': 'CRS', 'threshold': '50', 'window_size': '5', 'wait': '15'}",window_type=CNT,0.29519999999999996,0.011233877335986905,5,window_type=TIM,2.368,0.1796329591138551,3,FAN-CRS-CNT-T50-W5-D15,FAN-CRS-TIM-T50-W5-D15,tim_w5,-2.0728,4.502367769439337,0.4603799836320608,UNDERPOWERED
time_to_open,window_type,"{'topology': 'FAN', 'fault': 'CRS', 'threshold': '50', 'window_size': '5', 'wait': '30'}",window_type=CNT,0.31,0.022538855339169307,3,window_type=TIM,2.5029999999999997,0.18874586088176876,3,FAN-CRS-CNT-T50-W5-D30,FAN-CRS-TIM-T50-W5-D30,tim_w5,-2.1929999999999996,4.498488470269092,0.48749708140717274,UNDERPOWERED
time_to_open,window_type,"{'topology': 'FAN', 'fault': 'CRS', 'threshold': '50', 'window_size': '5', 'wait': '5'}",window_type=CNT,0.30066666666666664,0.021548395145192,3,window_type=TIM,2.5393333333333334,0.12040071982066126,3,FAN-CRS-CNT-T50-W5-D5,FAN-CRS-TIM-T50-W5-D5,tim_w5,-2.238666666666667,4.498488470269092,0.4976486394179318,UNDERPOWERED
time_to_open,window_type,"{'topology': 'FAN', 'fault': 'CRS', 'threshold': '70', 'window_size': '10', 'wait': '15'}",window_type=CNT,0.546,0.012903487900563915,5,window_type=TIM,7.063666666666666,0.3265154411866812,3,FAN-CRS-CNT-T70-W10-D15,FAN-CRS-TIM-T70-W10-D15,main,-6.517666666666666,0.6093459778325645,10.696167536626596,POWERED
time_to_open,window_type,"{'topology': 'FAN', 'fault': 'CRS', 'threshold': '70', 'window_size': '10', 'wait': '30'}",window_type=CNT,0.5670000000000001,0.041581245772583555,3,window_type=TIM,7.116666666666667,0.12861700250485272,3,FAN-CRS-CNT-T70-W10-D30,FAN-CRS-TIM-T70-W10-D30,main,-6.549666666666667,0.6088209573395158,10.757952050941263,POWERED
time_to_open,window_type,"{'topology': 'FAN', 'fault': 'CRS', 'threshold': '70', 'window_size': '10', 'wait': '5'}",window_type=CNT,0.547,0.010583005244258372,3,window_type=TIM,6.916333333333334,0.28136512458606744,3,FAN-CRS-CNT-T70-W10-D5,FAN-CRS-TIM-T70-W10-D5,main,-6.369333333333334,0.6088209573395158,10.461751121654316,POWERED
time_to_open,window_type,"{'topology': 'FAN', 'fault': 'CRS', 'threshold': '70', 'window_size': '20', 'wait': '15'}",window_type=CNT,0.8306666666666667,0.032347076117221665,3,window_type=TIM,14.189333333333332,0.1400761697553627,3,FAN-CRS-CNT-T70-W20-D15,FAN-CRS-TIM-T70-W20-D15,main,-13.358666666666664,0.6088209573395158,21.94186403346338,POWERED
time_to_open,window_type,"{'topology': 'FAN', 'fault': 'CRS', 'threshold': '70', 'window_size': '20', 'wait': '30'}",window_type=CNT,0.7943333333333333,0.014011899704655814,3,window_type=TIM,14.050333333333333,0.26263345813763606,3,FAN-CRS-CNT-T70-W20-D30,FAN-CRS-TIM-T70-W20-D30,main,-13.256,0.6088209573395158,21.77323208111518,POWERED
time_to_open,window_type,"{'topology': 'FAN', 'fault': 'CRS', 'threshold': '70', 'window_size': '20', 'wait': '5'}",window_type=CNT,0.7936666666666667,0.01950213663508006,3,window_type=TIM,14.0752,0.2328662706361747,5,FAN-CRS-CNT-T70-W20-D5,FAN-CRS-TIM-T70-W20-D5,main,-13.281533333333334,0.6093459778325645,21.79637482891997,POWERED
time_to_open,window_type,"{'topology': 'FAN', 'fault': 'CRS', 'threshold': '70', 'window_size': '5', 'wait': '15'}",window_type=CNT,0.296,0.008031189202104513,5,window_type=TIM,3.3303333333333334,0.16508280750378995,3,FAN-CRS-CNT-T70-W5-D15,FAN-CRS-TIM-T70-W5-D15,tim_w5,-3.0343333333333335,4.502367769439337,0.6739416877336051,UNDERPOWERED
time_to_open,window_type,"{'topology': 'FAN', 'fault': 'CRS', 'threshold': '70', 'window_size': '5', 'wait': '30'}",window_type=CNT,0.2913333333333333,0.0023094010767585054,3,window_type=TIM,3.432,0.10396634070698084,3,FAN-CRS-CNT-T70-W5-D30,FAN-CRS-TIM-T70-W5-D30,tim_w5,-3.1406666666666667,4.498488470269092,0.6981604348713152,UNDERPOWERED
time_to_open,window_type,"{'topology': 'FAN', 'fault': 'CRS', 'threshold': '70', 'window_size': '5', 'wait': '5'}",window_type=CNT,0.301,0.020518284528683182,3,window_type=TIM,3.1153333333333335,0.23678963941298892,3,FAN-CRS-CNT-T70-W5-D5,FAN-CRS-TIM-T70-W5-D5,tim_w5,-2.8143333333333334,4.498488470269092,0.6256175495243593,UNDERPOWERED
time_to_open,window_type,"{'topology': 'FAN', 'fault': 'LAT', 'threshold': '30', 'window_size': '10', 'wait': '15'}",window_type=CNT,3.4659999999999997,0.07129516112612408,5,window_type=TIM,9.336666666666668,0.07748763342194248,3,FAN-LAT-CNT-T30-W10-D15,FAN-LAT-TIM-T30-W10-D15,main,-5.8706666666666685,0.6093459778325645,9.634373377746007,POWERED
time_to_open,window_type,"{'topology': 'FAN', 'fault': 'LAT', 'threshold': '30', 'window_size': '10', 'wait': '30'}",window_type=CNT,3.4539999999999997,0.08358528578643488,5,window_type=TIM,9.342,0.11775822688882491,3,FAN-LAT-CNT-T30-W10-D30,FAN-LAT-TIM-T30-W10-D30,main,-5.888000000000001,0.6093459778325645,9.662819176953523,POWERED
time_to_open,window_type,"{'topology': 'FAN', 'fault': 'LAT', 'threshold': '30', 'window_size': '10', 'wait': '5'}",window_type=CNT,3.4766,0.09395371200756251,5,window_type=TIM,9.347666666666667,0.025929391302792634,3,FAN-LAT-CNT-T30-W10-D5,FAN-LAT-TIM-T30-W10-D5,main,-5.8710666666666675,0.6093459778325645,9.63502981926618,POWERED
time_to_open,window_type,"{'topology': 'FAN', 'fault': 'LAT', 'threshold': '30', 'window_size': '20', 'wait': '15'}",window_type=CNT,6.2316666666666665,0.025166114784235766,3,window_type=TIM,15.305666666666667,0.05167526810122364,3,FAN-LAT-CNT-T30-W20-D15,FAN-LAT-TIM-T30-W20-D15,main,-9.074000000000002,0.6088209573395158,14.90421755461973,POWERED
time_to_open,window_type,"{'topology': 'FAN', 'fault': 'LAT', 'threshold': '30', 'window_size': '20', 'wait': '30'}",window_type=CNT,6.243666666666666,0.020526405757787497,3,window_type=TIM,15.293666666666667,0.018823743871327122,3,FAN-LAT-CNT-T30-W20-D30,FAN-LAT-TIM-T30-W20-D30,main,-9.05,0.6088209573395158,14.864797098226642,POWERED
time_to_open,window_type,"{'topology': 'FAN', 'fault': 'LAT', 'threshold': '30', 'window_size': '20', 'wait': '5'}",window_type=CNT,6.225666666666666,0.015821925715074667,3,window_type=TIM,15.450333333333333,0.057761001838032885,3,FAN-LAT-CNT-T30-W20-D5,FAN-LAT-TIM-T30-W20-D5,main,-9.224666666666668,0.6088209573395158,15.151690419754111,POWERED
time_to_open,window_type,"{'topology': 'FAN', 'fault': 'LAT', 'threshold': '30', 'window_size': '5', 'wait': '15'}",window_type=CNT,3.412333333333333,0.1385003008420319,3,window_type=TIM,4.6129999999999995,1.4835651317013354,5,FAN-LAT-CNT-T30-W5-D15,FAN-LAT-TIM-T30-W5-D15,tim_w5,-1.2006666666666663,4.502367769439337,0.2666744984308958,UNDERPOWERED
time_to_open,window_type,"{'topology': 'FAN', 'fault': 'LAT', 'threshold': '30', 'window_size': '5', 'wait': '30'}",window_type=CNT,3.2622,0.037771682514815184,5,window_type=TIM,4.111,1.2098371791278362,5,FAN-LAT-CNT-T30-W5-D30,FAN-LAT-TIM-T30-W5-D30,tim_w5,-0.8487999999999998,4.942600930300111,0.17173144503666438,UNDERPOWERED
time_to_open,window_type,"{'topology': 'FAN', 'fault': 'LAT', 'threshold': '30', 'window_size': '5', 'wait': '5'}",window_type=CNT,3.2725999999999997,0.02780827215056692,5,window_type=TIM,4.0526,1.2010648608630592,5,FAN-LAT-CNT-T30-W5-D5,FAN-LAT-TIM-T30-W5-D5,tim_w5,-0.7800000000000002,4.942600930300111,0.15781164836074257,UNDERPOWERED
time_to_open,window_type,"{'topology': 'FAN', 'fault': 'LAT', 'threshold': '50', 'window_size': '10', 'wait': '15'}",window_type=CNT,3.654,0.10731495701904753,5,window_type=TIM,9.327666666666667,0.11278445519367174,3,FAN-LAT-CNT-T50-W10-D15,FAN-LAT-TIM-T50-W10-D15,main,-5.6736666666666675,0.6093459778325645,9.311075929060571,POWERED
time_to_open,window_type,"{'topology': 'FAN', 'fault': 'LAT', 'threshold': '50', 'window_size': '10', 'wait': '30'}",window_type=CNT,3.6643999999999997,0.13168067436036318,5,window_type=TIM,9.260333333333334,0.05008326400438918,3,FAN-LAT-CNT-T50-W10-D30,FAN-LAT-TIM-T50-W10-D30,main,-5.595933333333334,0.6093459778325645,9.183507460306858,POWERED
time_to_open,window_type,"{'topology': 'FAN', 'fault': 'LAT', 'threshold': '50', 'window_size': '10', 'wait': '5'}",window_type=CNT,3.692,0.0986534337973089,5,window_type=TIM,9.198666666666668,0.04705670338361342,3,FAN-LAT-CNT-T50-W10-D5,FAN-LAT-TIM-T50-W10-D5,main,-5.506666666666668,0.6093459778325645,9.037011594388145,POWERED
time_to_open,window_type,"{'topology': 'FAN', 'fault': 'LAT', 'threshold': '50', 'window_size': '20', 'wait': '15'}",window_type=CNT,6.654333333333333,0.025026652459594536,3,window_type=TIM,18.464666666666666,0.12164017976529506,3,FAN-LAT-CNT-T50-W20-D15,FAN-LAT-TIM-T50-W20-D15,main,-11.810333333333332,0.6088209573395158,19.39869708977046,POWERED
time_to_open,window_type,"{'topology': 'FAN', 'fault': 'LAT', 'threshold': '50', 'window_size': '20', 'wait': '30'}",window_type=CNT,6.7139999999999995,0.017521415467935304,3,window_type=TIM,18.43133333333333,0.08503136676152796,3,FAN-LAT-CNT-T50-W20-D30,FAN-LAT-TIM-T50-W20-D30,main,-11.717333333333332,0.6088209573395158,19.24594282124725,POWERED
time_to_open,window_type,"{'topology': 'FAN', 'fault': 'LAT', 'threshold': '50', 'window_size': '20', 'wait': '5'}",window_type=CNT,6.706666666666667,0.031085902485424838,3,window_type=TIM,18.46466666666667,0.08899625460283987,3,FAN-LAT-CNT-T50-W20-D5,FAN-LAT-TIM-T50-W20-D5,main,-11.758000000000003,0.6088209573395158,19.312738594579987,POWERED
time_to_open,window_type,"{'topology': 'FAN', 'fault': 'LAT', 'threshold': '50', 'window_size': '5', 'wait': '15'}",window_type=CNT,3.4284,0.0712481578709233,5,window_type=TIM,6.218666666666667,0.042477444995353934,3,FAN-LAT-CNT-T50-W5-D15,FAN-LAT-TIM-T50-W5-D15,tim_w5,-2.7902666666666667,4.502367769439337,0.6197331736439043,UNDERPOWERED
time_to_open,window_type,"{'topology': 'FAN', 'fault': 'LAT', 'threshold': '50', 'window_size': '5', 'wait': '30'}",window_type=CNT,3.3808,0.10857117481173358,5,window_type=TIM,4.6854,1.505225331968606,5,FAN-LAT-CNT-T50-W5-D30,FAN-LAT-TIM-T50-W5-D30,tim_w5,-1.3045999999999998,4.942600930300111,0.26395009801464697,UNDERPOWERED
time_to_open,window_type,"{'topology': 'FAN', 'fault': 'LAT', 'threshold': '50', 'window_size': '5', 'wait': '5'}",window_type=CNT,3.4956000000000005,0.019165072397462894,5,window_type=TIM,5.205399999999999,1.4210671342339882,5,FAN-LAT-CNT-T50-W5-D5,FAN-LAT-TIM-T50-W5-D5,tim_w5,-1.7097999999999987,4.942600930300111,0.34593122611179145,UNDERPOWERED
time_to_open,window_type,"{'topology': 'FAN', 'fault': 'LAT', 'threshold': '70', 'window_size': '10', 'wait': '15'}",window_type=CNT,6.3398,0.1053883295246677,5,window_type=TIM,9.335666666666667,0.11403654385035222,3,FAN-LAT-CNT-T70-W10-D15,FAN-LAT-TIM-T70-W10-D15,main,-2.9958666666666662,0.6093459778325645,4.9165281722592535,POWERED
time_to_open,window_type,"{'topology': 'FAN', 'fault': 'LAT', 'threshold': '70', 'window_size': '10', 'wait': '30'}",window_type=CNT,6.3132,0.10158592422181323,5,window_type=TIM,9.231666666666667,0.002516611478423953,3,FAN-LAT-CNT-T70-W10-D30,FAN-LAT-TIM-T70-W10-D30,main,-2.918466666666667,0.6093459778325645,4.789506738105689,POWERED
time_to_open,window_type,"{'topology': 'FAN', 'fault': 'LAT', 'threshold': '70', 'window_size': '10', 'wait': '5'}",window_type=CNT,6.3676,0.09343607440384054,5,window_type=TIM,9.328666666666665,0.1505135652801206,3,FAN-LAT-CNT-T70-W10-D5,FAN-LAT-TIM-T70-W10-D5,main,-2.9610666666666647,0.6093459778325645,4.85941776000416,POWERED
time_to_open,window_type,"{'topology': 'FAN', 'fault': 'LAT', 'threshold': '70', 'window_size': '20', 'wait': '15'}",window_type=CNT,9.6494,0.07110063290857567,5,window_type=TIM,18.591666666666665,0.1312148365594889,3,FAN-LAT-CNT-T70-W20-D15,FAN-LAT-TIM-T70-W20-D15,main,-8.942266666666665,0.6093459778325645,14.675187811158102,POWERED
time_to_open,window_type,"{'topology': 'FAN', 'fault': 'LAT', 'threshold': '70', 'window_size': '20', 'wait': '30'}",window_type=CNT,9.5992,0.04306042266397313,5,window_type=TIM,18.506,0.1132210227828739,3,FAN-LAT-CNT-T70-W20-D30,FAN-LAT-TIM-T70-W20-D30,main,-8.9068,0.6093459778325645,14.616983329702723,POWERED
time_to_open,window_type,"{'topology': 'FAN', 'fault': 'LAT', 'threshold': '70', 'window_size': '20', 'wait': '5'}",window_type=CNT,9.648666666666665,0.05310681061157137,3,window_type=TIM,18.550666666666668,0.05412331598612103,3,FAN-LAT-CNT-T70-W20-D5,FAN-LAT-TIM-T70-W20-D5,main,-8.902000000000003,0.6088209573395158,14.621704283802607,POWERED
time_to_open,window_type,"{'topology': 'FAN', 'fault': 'LAT', 'threshold': '70', 'window_size': '5', 'wait': '15'}",window_type=CNT,3.5123999999999995,0.032913523056640394,5,window_type=TIM,5.6582,1.1982919927964133,5,FAN-LAT-CNT-T70-W5-D15,FAN-LAT-TIM-T70-W5-D15,tim_w5,-2.1458000000000004,4.942600930300111,0.43414389109292484,UNDERPOWERED
time_to_open,window_type,"{'topology': 'FAN', 'fault': 'LAT', 'threshold': '70', 'window_size': '5', 'wait': '30'}",window_type=CNT,3.5314,0.04668297334146576,5,window_type=TIM,5.586666666666667,1.024817219475421,3,FAN-LAT-CNT-T70-W5-D30,FAN-LAT-TIM-T70-W5-D30,tim_w5,-2.055266666666667,4.502367769439337,0.4564857363756852,UNDERPOWERED
time_to_open,window_type,"{'topology': 'FAN', 'fault': 'LAT', 'threshold': '70', 'window_size': '5', 'wait': '5'}",window_type=CNT,3.4949999999999997,0.02511971337416099,5,window_type=TIM,5.156000000000001,1.476325844791725,5,FAN-LAT-CNT-T70-W5-D5,FAN-LAT-TIM-T70-W5-D5,tim_w5,-1.661000000000001,4.942600930300111,0.33605788195794034,UNDERPOWERED
time_to_open,window_type,"{'topology': 'LIN', 'fault': 'CRS', 'threshold': '30', 'window_size': '10', 'wait': '15'}",window_type=CNT,0.40599999999999997,0.091,3,window_type=TIM,3.005333333333333,0.04301550108197424,3,LIN-CRS-CNT-T30-W10-D15,LIN-CRS-TIM-T30-W10-D15,main,-2.599333333333333,0.6088209573395158,4.2694544299068635,POWERED
time_to_open,window_type,"{'topology': 'LIN', 'fault': 'CRS', 'threshold': '30', 'window_size': '10', 'wait': '30'}",window_type=CNT,0.4126666666666667,0.04875790534193747,3,window_type=TIM,2.9586666666666663,0.08544783984006468,3,LIN-CRS-CNT-T30-W10-D30,LIN-CRS-TIM-T30-W10-D30,main,-2.546,0.6088209573395158,4.181853415700003,POWERED
time_to_open,window_type,"{'topology': 'LIN', 'fault': 'CRS', 'threshold': '30', 'window_size': '10', 'wait': '5'}",window_type=CNT,0.389,0.07464583042608607,3,window_type=TIM,3.066,0.11491736161259536,5,LIN-CRS-CNT-T30-W10-D5,LIN-CRS-TIM-T30-W10-D5,main,-2.6769999999999996,0.6093459778325645,4.393234873760967,POWERED
time_to_open,window_type,"{'topology': 'LIN', 'fault': 'CRS', 'threshold': '30', 'window_size': '20', 'wait': '15'}",window_type=CNT,0.7184,0.06310546727503093,5,window_type=TIM,6.072333333333333,0.1836418616038656,3,LIN-CRS-CNT-T30-W20-D15,LIN-CRS-TIM-T30-W20-D15,main,-5.353933333333333,0.6093459778325645,8.786360340601906,POWERED
time_to_open,window_type,"{'topology': 'LIN', 'fault': 'CRS', 'threshold': '30', 'window_size': '20', 'wait': '30'}",window_type=CNT,0.8446666666666666,0.13678572050229992,3,window_type=TIM,6.201333333333333,0.09889556781440408,3,LIN-CRS-CNT-T30-W20-D30,LIN-CRS-TIM-T30-W20-D30,main,-5.3566666666666665,0.6088209573395158,8.79842686440155,POWERED
time_to_open,window_type,"{'topology': 'LIN', 'fault': 'CRS', 'threshold': '30', 'window_size': '20', 'wait': '5'}",window_type=CNT,0.723,0.08637708029332776,3,window_type=TIM,6.166,0.10948972554536772,3,LIN-CRS-CNT-T30-W20-D5,LIN-CRS-TIM-T30-W20-D5,main,-5.4430000000000005,0.6088209573395158,8.940231006148908,POWERED
time_to_open,window_type,"{'topology': 'LIN', 'fault': 'CRS', 'threshold': '30', 'window_size': '5', 'wait': '15'}",window_type=CNT,0.4098,0.09158984659884524,5,window_type=TIM,1.4356,0.21211624171665874,5,LIN-CRS-CNT-T30-W5-D15,LIN-CRS-TIM-T30-W5-D15,tim_w5,-1.0258,4.942600930300111,0.20754254985698678,UNDERPOWERED
time_to_open,window_type,"{'topology': 'LIN', 'fault': 'CRS', 'threshold': '30', 'window_size': '5', 'wait': '30'}",window_type=CNT,0.40499999999999997,0.18797473234453613,5,window_type=TIM,1.5338,0.11406664718488042,5,LIN-CRS-CNT-T30-W5-D30,LIN-CRS-TIM-T30-W5-D30,tim_w5,-1.1288,4.942600930300111,0.22838178034564893,UNDERPOWERED
time_to_open,window_type,"{'topology': 'LIN', 'fault': 'CRS', 'threshold': '30', 'window_size': '5', 'wait': '5'}",window_type=CNT,0.3318,0.11600301720214007,5,window_type=TIM,1.5021999999999998,0.12935107266659984,5,LIN-CRS-CNT-T30-W5-D5,LIN-CRS-TIM-T30-W5-D5,tim_w5,-1.1703999999999999,4.942600930300111,0.23679840159155516,UNDERPOWERED
time_to_open,window_type,"{'topology': 'LIN', 'fault': 'CRS', 'threshold': '50', 'window_size': '10', 'wait': '15'}",window_type=CNT,0.6003333333333334,0.0884439558892146,3,window_type=TIM,4.453666666666667,1.0602831382858702,3,LIN-CRS-CNT-T50-W10-D15,LIN-CRS-TIM-T50-W10-D15,main,-3.8533333333333335,0.6088209573395158,6.329173276445672,POWERED
time_to_open,window_type,"{'topology': 'LIN', 'fault': 'CRS', 'threshold': '50', 'window_size': '10', 'wait': '30'}",window_type=CNT,0.5416666666666666,0.06232442004008809,3,window_type=TIM,5.056333333333334,0.11537908533756604,3,LIN-CRS-CNT-T50-W10-D30,LIN-CRS-TIM-T50-W10-D30,main,-4.514666666666667,0.6088209573395158,7.415425852610741,POWERED
time_to_open,window_type,"{'topology': 'LIN', 'fault': 'CRS', 'threshold': '50', 'window_size': '10', 'wait': '5'}",window_type=CNT,0.7090000000000001,0.0816639455328972,3,window_type=TIM,5.0506,0.3306021778512658,5,LIN-CRS-CNT-T50-W10-D5,LIN-CRS-TIM-T50-W10-D5,main,-4.3416,0.6093459778325645,7.125016259962875,POWERED
time_to_open,window_type,"{'topology': 'LIN', 'fault': 'CRS', 'threshold': '50', 'window_size': '20', 'wait': '15'}",window_type=CNT,1.014,0.05524490926773259,3,window_type=TIM,9.951,0.11557248807566632,3,LIN-CRS-CNT-T50-W20-D15,LIN-CRS-TIM-T50-W20-D15,main,-8.937000000000001,0.6088209573395158,14.679192449375858,POWERED
time_to_open,window_type,"{'topology': 'LIN', 'fault': 'CRS', 'threshold': '50', 'window_size': '20', 'wait': '30'}",window_type=CNT,1.093,0.07351190379795648,3,window_type=TIM,9.975333333333332,0.17609751086637557,3,LIN-CRS-CNT-T50-W20-D30,LIN-CRS-TIM-T50-W20-D30,main,-8.882333333333332,0.6088209573395158,14.58940140981382,POWERED
time_to_open,window_type,"{'topology': 'LIN', 'fault': 'CRS', 'threshold': '50', 'window_size': '20', 'wait': '5'}",window_type=CNT,1.1123333333333332,0.06469415223444343,3,window_type=TIM,9.941199999999998,0.15783757474061783,5,LIN-CRS-CNT-T50-W20-D5,LIN-CRS-TIM-T50-W20-D5,main,-8.828866666666665,0.6093459778325645,14.489086640188921,POWERED
time_to_open,window_type,"{'topology': 'LIN', 'fault': 'CRS', 'threshold': '50', 'window_size': '5', 'wait': '15'}",window_type=CNT,0.4703333333333333,0.03818813079129867,3,window_type=TIM,2.3924,0.10219001908210013,5,LIN-CRS-CNT-T50-W5-D15,LIN-CRS-TIM-T50-W5-D15,tim_w5,-1.9220666666666666,4.502367769439337,0.42690130284626093,UNDERPOWERED
time_to_open,window_type,"{'topology': 'LIN', 'fault': 'CRS', 'threshold': '50', 'window_size': '5', 'wait': '30'}",window_type=CNT,0.3343333333333333,0.08200812967830284,3,window_type=TIM,2.1753333333333336,0.15910478727346117,3,LIN-CRS-CNT-T50-W5-D30,LIN-CRS-TIM-T50-W5-D30,tim_w5,-1.8410000000000002,4.498488470269092,0.40924857586438906,UNDERPOWERED
time_to_open,window_type,"{'topology': 'LIN', 'fault': 'CRS', 'threshold': '50', 'window_size': '5', 'wait': '5'}",window_type=CNT,0.47333333333333333,0.16017906646417107,3,window_type=TIM,2.4753333333333334,0.21729319670282668,3,LIN-CRS-CNT-T50-W5-D5,LIN-CRS-TIM-T50-W5-D5,tim_w5,-2.0020000000000002,4.498488470269092,0.44503837527458284,UNDERPOWERED
time_to_open,window_type,"{'topology': 'LIN', 'fault': 'CRS', 'threshold': '70', 'window_size': '10', 'wait': '15'}",window_type=CNT,0.9713333333333334,0.0711149304529881,3,window_type=TIM,7.079666666666667,0.13254936187448535,3,LIN-CRS-CNT-T70-W10-D15,LIN-CRS-TIM-T70-W10-D15,main,-6.108333333333334,0.6088209573395158,10.033053658379494,POWERED
time_to_open,window_type,"{'topology': 'LIN', 'fault': 'CRS', 'threshold': '70', 'window_size': '10', 'wait': '30'}",window_type=CNT,0.852,0.02128379665379278,3,window_type=TIM,6.729666666666667,0.12850810609970628,3,LIN-CRS-CNT-T70-W10-D30,LIN-CRS-TIM-T70-W10-D30,main,-5.877666666666666,0.6088209573395158,9.654179271934819,POWERED
time_to_open,window_type,"{'topology': 'LIN', 'fault': 'CRS', 'threshold': '70', 'window_size': '10', 'wait': '5'}",window_type=CNT,0.9466666666666667,0.08986842233695513,3,window_type=TIM,6.927666666666667,0.15332427509475893,3,LIN-CRS-CNT-T70-W10-D5,LIN-CRS-TIM-T70-W10-D5,main,-5.981000000000001,0.6088209573395158,9.823906236960614,POWERED
time_to_open,window_type,"{'topology': 'LIN', 'fault': 'CRS', 'threshold': '70', 'window_size': '20', 'wait': '15'}",window_type=CNT,1.5586666666666666,0.02695057204092963,3,window_type=TIM,14.009666666666666,0.23873904861445125,3,LIN-CRS-CNT-T70-W20-D15,LIN-CRS-TIM-T70-W20-D15,main,-12.450999999999999,0.6088209573395158,20.451004272930373,POWERED
time_to_open,window_type,"{'topology': 'LIN', 'fault': 'CRS', 'threshold': '70', 'window_size': '20', 'wait': '30'}",window_type=CNT,1.507,0.025059928172283242,3,window_type=TIM,13.790999999999999,0.3697526200042399,3,LIN-CRS-CNT-T70-W20-D30,LIN-CRS-TIM-T70-W20-D30,main,-12.283999999999999,0.6088209573395158,20.176703597195143,POWERED
time_to_open,window_type,"{'topology': 'LIN', 'fault': 'CRS', 'threshold': '70', 'window_size': '20', 'wait': '5'}",window_type=CNT,1.4416666666666667,0.03312602199681294,3,window_type=TIM,14.0428,0.3235849193024915,5,LIN-CRS-CNT-T70-W20-D5,LIN-CRS-TIM-T70-W20-D5,main,-12.601133333333333,0.6093459778325645,20.67976780310489,POWERED
time_to_open,window_type,"{'topology': 'LIN', 'fault': 'CRS', 'threshold': '70', 'window_size': '5', 'wait': '15'}",window_type=CNT,0.6853333333333333,0.1055098731557068,3,window_type=TIM,3.0092,0.4458365171225885,5,LIN-CRS-CNT-T70-W5-D15,LIN-CRS-TIM-T70-W5-D15,tim_w5,-2.3238666666666665,4.502367769439337,0.5161432352195541,UNDERPOWERED
time_to_open,window_type,"{'topology': 'LIN', 'fault': 'CRS', 'threshold': '70', 'window_size': '5', 'wait': '30'}",window_type=CNT,0.668,0.09159148432032317,3,window_type=TIM,3.3366666666666664,0.11323132664299822,3,LIN-CRS-CNT-T70-W5-D30,LIN-CRS-TIM-T70-W5-D30,tim_w5,-2.6686666666666663,4.498488470269092,0.5932363024389459,UNDERPOWERED
time_to_open,window_type,"{'topology': 'LIN', 'fault': 'CRS', 'threshold': '70', 'window_size': '5', 'wait': '5'}",window_type=CNT,0.7376666666666667,0.1546264315482102,3,window_type=TIM,2.798666666666667,0.3262289584530062,3,LIN-CRS-CNT-T70-W5-D5,LIN-CRS-TIM-T70-W5-D5,tim_w5,-2.0610000000000004,4.498488470269092,0.458153891828629,UNDERPOWERED
time_to_open,window_type,"{'topology': 'LIN', 'fault': 'LAT', 'threshold': '30', 'window_size': '10', 'wait': '15'}",window_type=CNT,3.4454000000000002,0.0860976190146974,5,window_type=TIM,9.32,0.050566787519081675,3,LIN-LAT-CNT-T30-W10-D15,LIN-LAT-TIM-T30-W10-D15,main,-5.8746,0.6093459778325645,9.64082838602771,POWERED
time_to_open,window_type,"{'topology': 'LIN', 'fault': 'LAT', 'threshold': '30', 'window_size': '10', 'wait': '30'}",window_type=CNT,3.484,0.10331989159885895,3,window_type=TIM,9.406666666666668,0.13328665849714105,3,LIN-LAT-CNT-T30-W10-D30,LIN-LAT-TIM-T30-W10-D30,main,-5.922666666666668,0.6088209573395158,9.728092627671861,POWERED
time_to_open,window_type,"{'topology': 'LIN', 'fault': 'LAT', 'threshold': '30', 'window_size': '10', 'wait': '5'}",window_type=CNT,3.4313333333333333,0.07300228306932154,3,window_type=TIM,9.3348,0.04681559569203428,5,LIN-LAT-CNT-T30-W10-D5,LIN-LAT-TIM-T30-W10-D5,main,-5.903466666666667,0.6093459778325645,9.688201582400229,POWERED
time_to_open,window_type,"{'topology': 'LIN', 'fault': 'LAT', 'threshold': '30', 'window_size': '20', 'wait': '15'}",window_type=CNT,6.276000000000001,0.05833952348108447,5,window_type=TIM,15.430000000000001,0.1013854032886389,3,LIN-LAT-CNT-T30-W20-D15,LIN-LAT-TIM-T30-W20-D15,main,-9.154,0.6093459778325645,15.022664189169928,POWERED
time_to_open,window_type,"{'topology': 'LIN', 'fault': 'LAT', 'threshold': '30', 'window_size': '20', 'wait': '30'}",window_type=CNT,6.335000000000001,0.06618912297349133,3,window_type=TIM,15.421666666666667,0.15580222505899405,3,LIN-LAT-CNT-T30-W20-D30,LIN-LAT-TIM-T30-W20-D30,main,-9.086666666666666,0.6088209573395158,14.925022795493856,POWERED
time_to_open,window_type,"{'topology': 'LIN', 'fault': 'LAT', 'threshold': '30', 'window_size': '20', 'wait': '5'}",window_type=CNT,6.260000000000001,0.06322183167229503,3,window_type=TIM,15.489666666666666,0.15487199015100606,3,LIN-LAT-CNT-T30-W20-D5,LIN-LAT-TIM-T30-W20-D5,main,-9.229666666666667,0.6088209573395158,15.159903014836003,POWERED
time_to_open,window_type,"{'topology': 'LIN', 'fault': 'LAT', 'threshold': '30', 'window_size': '5', 'wait': '15'}",window_type=CNT,3.469,0.10966084077737133,5,window_type=TIM,4.0834,1.2062619118582827,5,LIN-LAT-CNT-T30-W5-D15,LIN-LAT-TIM-T30-W5-D15,tim_w5,-0.6144000000000003,4.942600930300111,0.12430702147800032,UNDERPOWERED
time_to_open,window_type,"{'topology': 'LIN', 'fault': 'LAT', 'threshold': '30', 'window_size': '5', 'wait': '30'}",window_type=CNT,3.372666666666666,0.05463820397243443,3,window_type=TIM,3.6406,0.13364243338101858,5,LIN-LAT-CNT-T30-W5-D30,LIN-LAT-TIM-T30-W5-D30,tim_w5,-0.267933333333334,4.502367769439337,0.059509428605984085,UNDERPOWERED
time_to_open,window_type,"{'topology': 'LIN', 'fault': 'LAT', 'threshold': '30', 'window_size': '5', 'wait': '5'}",window_type=CNT,3.3522,0.04745208109240319,5,window_type=TIM,4.143800000000001,1.2891686080571463,5,LIN-LAT-CNT-T30-W5-D5,LIN-LAT-TIM-T30-W5-D5,tim_w5,-0.7916000000000007,4.942600930300111,0.16015859082354345,UNDERPOWERED
time_to_open,window_type,"{'topology': 'LIN', 'fault': 'LAT', 'threshold': '50', 'window_size': '10', 'wait': '15'}",window_type=CNT,3.6548000000000003,0.09785550572144625,5,window_type=TIM,9.300333333333333,0.16023836411213513,3,LIN-LAT-CNT-T50-W10-D15,LIN-LAT-TIM-T50-W10-D15,main,-5.645533333333333,0.6093459778325645,9.264906208808368,POWERED
time_to_open,window_type,"{'topology': 'LIN', 'fault': 'LAT', 'threshold': '50', 'window_size': '10', 'wait': '30'}",window_type=CNT,3.6353333333333335,0.09377810689779018,3,window_type=TIM,9.280666666666667,0.0692122339860036,3,LIN-LAT-CNT-T50-W10-D30,LIN-LAT-TIM-T50-W10-D30,main,-5.645333333333333,0.6088209573395158,9.272567353796184,POWERED
time_to_open,window_type,"{'topology': 'LIN', 'fault': 'LAT', 'threshold': '50', 'window_size': '10', 'wait': '5'}",window_type=CNT,3.6006666666666667,0.045796651988255,3,window_type=TIM,9.402666666666667,0.0776938435999489,3,LIN-LAT-CNT-T50-W10-D5,LIN-LAT-TIM-T50-W10-D5,main,-5.802,0.6088209573395158,9.529895333028836,POWERED
time_to_open,window_type,"{'topology': 'LIN', 'fault': 'LAT', 'threshold': '50', 'window_size': '20', 'wait': '15'}",window_type=CNT,6.772333333333333,0.22311506747266813,3,window_type=TIM,18.397666666666666,0.09144579450873337,3,LIN-LAT-CNT-T50-W20-D15,LIN-LAT-TIM-T50-W20-D15,main,-11.625333333333334,0.6088209573395158,19.09483107174042,POWERED
time_to_open,window_type,"{'topology': 'LIN', 'fault': 'LAT', 'threshold': '50', 'window_size': '20', 'wait': '30'}",window_type=CNT,6.696333333333333,0.04760602202803079,3,window_type=TIM,18.396333333333335,0.03403429642776946,3,LIN-LAT-CNT-T50-W20-D30,LIN-LAT-TIM-T50-W20-D30,main,-11.700000000000003,0.6088209573395158,19.217472491630026,POWERED
time_to_open,window_type,"{'topology': 'LIN', 'fault': 'LAT', 'threshold': '50', 'window_size': '20', 'wait': '5'}",window_type=CNT,6.708333333333333,0.04244211744639239,3,window_type=TIM,18.4316,0.09923860136055912,5,LIN-LAT-CNT-T50-W20-D5,LIN-LAT-TIM-T50-W20-D5,main,-11.723266666666667,0.6093459778325645,19.239097480164176,POWERED
time_to_open,window_type,"{'topology': 'LIN', 'fault': 'LAT', 'threshold': '50', 'window_size': '5', 'wait': '15'}",window_type=CNT,3.4730000000000003,0.09936800289831732,5,window_type=TIM,4.686,1.536631543344077,5,LIN-LAT-CNT-T50-W5-D15,LIN-LAT-TIM-T50-W5-D15,tim_w5,-1.2129999999999996,4.942600930300111,0.2454173454635649,UNDERPOWERED
time_to_open,window_type,"{'topology': 'LIN', 'fault': 'LAT', 'threshold': '50', 'window_size': '5', 'wait': '30'}",window_type=CNT,3.468,0.10633672930836263,5,window_type=TIM,4.667999999999999,1.5063108908854108,5,LIN-LAT-CNT-T50-W5-D30,LIN-LAT-TIM-T50-W5-D30,tim_w5,-1.1999999999999993,4.942600930300111,0.2427871513242191,UNDERPOWERED
time_to_open,window_type,"{'topology': 'LIN', 'fault': 'LAT', 'threshold': '50', 'window_size': '5', 'wait': '5'}",window_type=CNT,3.4698,0.044319296023289836,5,window_type=TIM,4.658799999999999,1.4313503065287685,5,LIN-LAT-CNT-T50-W5-D5,LIN-LAT-TIM-T50-W5-D5,tim_w5,-1.1889999999999992,4.942600930300111,0.2405616024370804,UNDERPOWERED
time_to_open,window_type,"{'topology': 'LIN', 'fault': 'LAT', 'threshold': '70', 'window_size': '10', 'wait': '15'}",window_type=CNT,6.400200000000001,0.1603892141011982,5,window_type=TIM,9.294666666666666,0.04742713709821948,3,LIN-LAT-CNT-T70-W10-D15,LIN-LAT-TIM-T70-W10-D15,main,-2.8944666666666654,0.6093459778325645,4.7501202468952775,POWERED
time_to_open,window_type,"{'topology': 'LIN', 'fault': 'LAT', 'threshold': '70', 'window_size': '10', 'wait': '30'}",window_type=CNT,6.396333333333334,0.10756548393110743,3,window_type=TIM,9.307,0.09142756695876884,3,LIN-LAT-CNT-T70-W10-D30,LIN-LAT-TIM-T70-W10-D30,main,-2.9106666666666667,0.6088209573395158,4.780825350339412,POWERED
time_to_open,window_type,"{'topology': 'LIN', 'fault': 'LAT', 'threshold': '70', 'window_size': '10', 'wait': '5'}",window_type=CNT,6.368333333333333,0.05063924696649165,3,window_type=TIM,9.237666666666668,0.012897028081435646,3,LIN-LAT-CNT-T70-W10-D5,LIN-LAT-TIM-T70-W10-D5,main,-2.8693333333333344,0.6088209573395158,4.712934564329097,POWERED
time_to_open,window_type,"{'topology': 'LIN', 'fault': 'LAT', 'threshold': '70', 'window_size': '20', 'wait': '15'}",window_type=CNT,9.646666666666667,0.06375996654118793,3,window_type=TIM,18.451333333333334,0.008082903768654384,3,LIN-LAT-CNT-T70-W20-D15,LIN-LAT-TIM-T70-W20-D15,main,-8.804666666666668,0.6088209573395158,14.461832432875084,POWERED
time_to_open,window_type,"{'topology': 'LIN', 'fault': 'LAT', 'threshold': '70', 'window_size': '20', 'wait': '30'}",window_type=CNT,9.650333333333334,0.0840376899571456,3,window_type=TIM,18.373666666666665,0.06902415036299535,3,LIN-LAT-CNT-T70-W20-D30,LIN-LAT-TIM-T70-W20-D30,main,-8.723333333333331,0.6088209573395158,14.328240886209617,POWERED
time_to_open,window_type,"{'topology': 'LIN', 'fault': 'LAT', 'threshold': '70', 'window_size': '20', 'wait': '5'}",window_type=CNT,9.62,0.0495681349255741,3,window_type=TIM,18.420666666666666,0.09187128677303567,3,LIN-LAT-CNT-T70-W20-D5,LIN-LAT-TIM-T70-W20-D5,main,-8.800666666666666,0.6088209573395158,14.455262356809568,POWERED
time_to_open,window_type,"{'topology': 'LIN', 'fault': 'LAT', 'threshold': '70', 'window_size': '5', 'wait': '15'}",window_type=CNT,3.479,0.026419689627245904,5,window_type=TIM,4.2484,1.1521259913742072,5,LIN-LAT-CNT-T70-W5-D15,LIN-LAT-TIM-T70-W5-D15,tim_w5,-0.7694000000000001,4.942600930300111,0.15566702852404526,UNDERPOWERED
time_to_open,window_type,"{'topology': 'LIN', 'fault': 'LAT', 'threshold': '70', 'window_size': '5', 'wait': '30'}",window_type=CNT,3.564,0.042508822613664635,3,window_type=TIM,5.643199999999999,1.1980916909819548,5,LIN-LAT-CNT-T70-W5-D30,LIN-LAT-TIM-T70-W5-D30,tim_w5,-2.0791999999999993,4.502367769439337,0.4618014579157567,UNDERPOWERED
time_to_open,window_type,"{'topology': 'LIN', 'fault': 'LAT', 'threshold': '70', 'window_size': '5', 'wait': '5'}",window_type=CNT,3.637333333333333,0.052766782480395104,3,window_type=TIM,5.292,1.415048939083027,5,LIN-LAT-CNT-T70-W5-D5,LIN-LAT-TIM-T70-W5-D5,tim_w5,-1.654666666666667,4.502367769439337,0.36751033043058506,UNDERPOWERED
time_to_open,fault,"{'topology': 'FAN', 'window_type': 'CNT', 'threshold': '30', 'window_size': '10', 'wait': '15'}",fault=CRS,0.29860000000000003,0.014876155417311283,5,fault=LAT,3.4659999999999997,0.07129516112612408,5,FAN-CRS-CNT-T30-W10-D15,FAN-LAT-CNT-T30-W10-D15,main,-3.1673999999999998,0.6689266961603422,4.7350479778740535,POWERED
time_to_open,fault,"{'topology': 'FAN', 'window_type': 'CNT', 'threshold': '30', 'window_size': '10', 'wait': '30'}",fault=CRS,0.287,0.0069999999999999785,3,fault=LAT,3.4539999999999997,0.08358528578643488,5,FAN-CRS-CNT-T30-W10-D30,FAN-LAT-CNT-T30-W10-D30,main,-3.167,0.6093459778325645,5.197375735973472,POWERED
time_to_open,fault,"{'topology': 'FAN', 'window_type': 'CNT', 'threshold': '30', 'window_size': '10', 'wait': '5'}",fault=CRS,0.29466666666666663,0.006506407098647718,3,fault=LAT,3.4766,0.09395371200756251,5,FAN-CRS-CNT-T30-W10-D5,FAN-LAT-CNT-T30-W10-D5,main,-3.1819333333333333,0.6093459778325645,5.221882886059949,POWERED
time_to_open,fault,"{'topology': 'FAN', 'window_type': 'CNT', 'threshold': '30', 'window_size': '20', 'wait': '15'}",fault=CRS,0.40259999999999996,0.11932644300405508,5,fault=LAT,6.2316666666666665,0.025166114784235766,3,FAN-CRS-CNT-T30-W20-D15,FAN-LAT-CNT-T30-W20-D15,main,-5.829066666666667,0.6093459778325645,9.566103459647964,POWERED
time_to_open,fault,"{'topology': 'FAN', 'window_type': 'CNT', 'threshold': '30', 'window_size': '20', 'wait': '30'}",fault=CRS,0.30033333333333334,0.006110100926607792,3,fault=LAT,6.243666666666666,0.020526405757787497,3,FAN-CRS-CNT-T30-W20-D30,FAN-LAT-CNT-T30-W20-D30,main,-5.9433333333333325,0.6088209573395158,9.762038020677016,POWERED
time_to_open,fault,"{'topology': 'FAN', 'window_type': 'CNT', 'threshold': '30', 'window_size': '20', 'wait': '5'}",fault=CRS,0.36600000000000005,0.13683566786477863,3,fault=LAT,6.225666666666666,0.015821925715074667,3,FAN-CRS-CNT-T30-W20-D5,FAN-LAT-CNT-T30-W20-D5,main,-5.859666666666667,0.6088209573395158,9.624613929640004,POWERED
time_to_open,fault,"{'topology': 'FAN', 'window_type': 'CNT', 'threshold': '30', 'window_size': '5', 'wait': '15'}",fault=CRS,0.3102,0.019537144110642186,5,fault=LAT,3.412333333333333,0.1385003008420319,3,FAN-CRS-CNT-T30-W5-D15,FAN-LAT-CNT-T30-W5-D15,main,-3.102133333333333,0.6093459778325645,5.09092280278534,POWERED
time_to_open,fault,"{'topology': 'FAN', 'window_type': 'CNT', 'threshold': '30', 'window_size': '5', 'wait': '30'}",fault=CRS,0.2972,0.0097313925005623,5,fault=LAT,3.2622,0.037771682514815184,5,FAN-CRS-CNT-T30-W5-D30,FAN-LAT-CNT-T30-W5-D30,main,-2.965,0.6689266961603422,4.432473718001064,POWERED
time_to_open,fault,"{'topology': 'FAN', 'window_type': 'CNT', 'threshold': '30', 'window_size': '5', 'wait': '5'}",fault=CRS,0.2868,0.00511859355682788,5,fault=LAT,3.2725999999999997,0.02780827215056692,5,FAN-CRS-CNT-T30-W5-D5,FAN-LAT-CNT-T30-W5-D5,main,-2.9858,0.6689266961603422,4.463568305972201,POWERED
time_to_open,fault,"{'topology': 'FAN', 'window_type': 'CNT', 'threshold': '50', 'window_size': '10', 'wait': '15'}",fault=CRS,0.3508,0.1069845783279067,5,fault=LAT,3.654,0.10731495701904753,5,FAN-CRS-CNT-T50-W10-D15,FAN-LAT-CNT-T50-W10-D15,main,-3.3032,0.6689266961603422,4.938059758954845,POWERED
time_to_open,fault,"{'topology': 'FAN', 'window_type': 'CNT', 'threshold': '50', 'window_size': '10', 'wait': '30'}",fault=CRS,0.295,0.006000000000000005,3,fault=LAT,3.6643999999999997,0.13168067436036318,5,FAN-CRS-CNT-T50-W10-D30,FAN-LAT-CNT-T50-W10-D30,main,-3.3693999999999997,0.6093459778325645,5.529535145181249,POWERED
time_to_open,fault,"{'topology': 'FAN', 'window_type': 'CNT', 'threshold': '50', 'window_size': '10', 'wait': '5'}",fault=CRS,0.38166666666666665,0.1475138411584938,3,fault=LAT,3.692,0.0986534337973089,5,FAN-CRS-CNT-T50-W10-D5,FAN-LAT-CNT-T50-W10-D5,main,-3.3103333333333333,0.6093459778325645,5.432600614035634,POWERED
time_to_open,fault,"{'topology': 'FAN', 'window_type': 'CNT', 'threshold': '50', 'window_size': '20', 'wait': '15'}",fault=CRS,0.556,0.03517101079013792,3,fault=LAT,6.654333333333333,0.025026652459594536,3,FAN-CRS-CNT-T50-W20-D15,FAN-LAT-CNT-T50-W20-D15,main,-6.098333333333333,0.6088209573395158,10.016628468215703,POWERED
time_to_open,fault,"{'topology': 'FAN', 'window_type': 'CNT', 'threshold': '50', 'window_size': '20', 'wait': '30'}",fault=CRS,0.5486666666666667,0.008962886439832509,3,fault=LAT,6.7139999999999995,0.017521415467935304,3,FAN-CRS-CNT-T50-W20-D30,FAN-LAT-CNT-T50-W20-D30,main,-6.165333333333333,0.6088209573395158,10.126677242313074,POWERED
time_to_open,fault,"{'topology': 'FAN', 'window_type': 'CNT', 'threshold': '50', 'window_size': '20', 'wait': '5'}",fault=CRS,0.5413333333333333,0.011590225767142482,3,fault=LAT,6.706666666666667,0.031085902485424838,3,FAN-CRS-CNT-T50-W20-D5,FAN-LAT-CNT-T50-W20-D5,main,-6.165333333333334,0.6088209573395158,10.126677242313074,POWERED
time_to_open,fault,"{'topology': 'FAN', 'window_type': 'CNT', 'threshold': '50', 'window_size': '5', 'wait': '15'}",fault=CRS,0.29519999999999996,0.011233877335986905,5,fault=LAT,3.4284,0.0712481578709233,5,FAN-CRS-CNT-T50-W5-D15,FAN-LAT-CNT-T50-W5-D15,main,-3.1332,0.6689266961603422,4.683921299575357,POWERED
time_to_open,fault,"{'topology': 'FAN', 'window_type': 'CNT', 'threshold': '50', 'window_size': '5', 'wait': '30'}",fault=CRS,0.31,0.022538855339169307,3,fault=LAT,3.3808,0.10857117481173358,5,FAN-CRS-CNT-T50-W5-D30,FAN-LAT-CNT-T50-W5-D30,main,-3.0707999999999998,0.6093459778325645,5.039501550371751,POWERED
time_to_open,fault,"{'topology': 'FAN', 'window_type': 'CNT', 'threshold': '50', 'window_size': '5', 'wait': '5'}",fault=CRS,0.30066666666666664,0.021548395145192,3,fault=LAT,3.4956000000000005,0.019165072397462894,5,FAN-CRS-CNT-T50-W5-D5,FAN-LAT-CNT-T50-W5-D5,main,-3.194933333333334,0.6093459778325645,5.243217235465588,POWERED
time_to_open,fault,"{'topology': 'FAN', 'window_type': 'CNT', 'threshold': '70', 'window_size': '10', 'wait': '15'}",fault=CRS,0.546,0.012903487900563915,5,fault=LAT,6.3398,0.1053883295246677,5,FAN-CRS-CNT-T70-W10-D15,FAN-LAT-CNT-T70-W10-D15,main,-5.7938,0.6689266961603422,8.66133768207574,POWERED
time_to_open,fault,"{'topology': 'FAN', 'window_type': 'CNT', 'threshold': '70', 'window_size': '10', 'wait': '30'}",fault=CRS,0.5670000000000001,0.041581245772583555,3,fault=LAT,6.3132,0.10158592422181323,5,FAN-CRS-CNT-T70-W10-D30,FAN-LAT-CNT-T70-W10-D30,main,-5.7462,0.6093459778325645,9.430110658052026,POWERED
time_to_open,fault,"{'topology': 'FAN', 'window_type': 'CNT', 'threshold': '70', 'window_size': '10', 'wait': '5'}",fault=CRS,0.547,0.010583005244258372,3,fault=LAT,6.3676,0.09343607440384054,5,FAN-CRS-CNT-T70-W10-D5,FAN-LAT-CNT-T70-W10-D5,main,-5.820600000000001,0.6093459778325645,9.552208780804293,POWERED
time_to_open,fault,"{'topology': 'FAN', 'window_type': 'CNT', 'threshold': '70', 'window_size': '20', 'wait': '15'}",fault=CRS,0.8306666666666667,0.032347076117221665,3,fault=LAT,9.6494,0.07110063290857567,5,FAN-CRS-CNT-T70-W20-D15,FAN-LAT-CNT-T70-W20-D15,main,-8.818733333333334,0.6093459778325645,14.47245678834453,POWERED
time_to_open,fault,"{'topology': 'FAN', 'window_type': 'CNT', 'threshold': '70', 'window_size': '20', 'wait': '30'}",fault=CRS,0.7943333333333333,0.014011899704655814,3,fault=LAT,9.5992,0.04306042266397313,5,FAN-CRS-CNT-T70-W20-D30,FAN-LAT-CNT-T70-W20-D30,main,-8.804866666666666,0.6093459778325645,14.449700148978513,POWERED
time_to_open,fault,"{'topology': 'FAN', 'window_type': 'CNT', 'threshold': '70', 'window_size': '20', 'wait': '5'}",fault=CRS,0.7936666666666667,0.01950213663508006,3,fault=LAT,9.648666666666665,0.05310681061157137,3,FAN-CRS-CNT-T70-W20-D5,FAN-LAT-CNT-T70-W20-D5,main,-8.854999999999999,0.6088209573395158,14.544505890032806,POWERED
time_to_open,fault,"{'topology': 'FAN', 'window_type': 'CNT', 'threshold': '70', 'window_size': '5', 'wait': '15'}",fault=CRS,0.296,0.008031189202104513,5,fault=LAT,3.5123999999999995,0.032913523056640394,5,FAN-CRS-CNT-T70-W5-D15,FAN-LAT-CNT-T70-W5-D15,main,-3.2163999999999997,0.6689266961603422,4.808299651459906,POWERED
time_to_open,fault,"{'topology': 'FAN', 'window_type': 'CNT', 'threshold': '70', 'window_size': '5', 'wait': '30'}",fault=CRS,0.2913333333333333,0.0023094010767585054,3,fault=LAT,3.5314,0.04668297334146576,5,FAN-CRS-CNT-T70-W5-D30,FAN-LAT-CNT-T70-W5-D30,main,-3.240066666666667,0.6093459778325645,5.3172857203251604,POWERED
time_to_open,fault,"{'topology': 'FAN', 'window_type': 'CNT', 'threshold': '70', 'window_size': '5', 'wait': '5'}",fault=CRS,0.301,0.020518284528683182,3,fault=LAT,3.4949999999999997,0.02511971337416099,5,FAN-CRS-CNT-T70-W5-D5,FAN-LAT-CNT-T70-W5-D5,main,-3.1939999999999995,0.6093459778325645,5.24168553858518,POWERED
time_to_open,fault,"{'topology': 'FAN', 'window_type': 'TIM', 'threshold': '30', 'window_size': '10', 'wait': '15'}",fault=CRS,3.097,0.06919537556802463,3,fault=LAT,9.336666666666668,0.07748763342194248,3,FAN-CRS-TIM-T30-W10-D15,FAN-LAT-TIM-T30-W10-D15,main,-6.239666666666668,0.6088209573395158,10.248771155863889,POWERED
time_to_open,fault,"{'topology': 'FAN', 'window_type': 'TIM', 'threshold': '30', 'window_size': '10', 'wait': '30'}",fault=CRS,3.1956666666666664,0.21038377630733157,3,fault=LAT,9.342,0.11775822688882491,3,FAN-CRS-TIM-T30-W10-D30,FAN-LAT-TIM-T30-W10-D30,main,-6.1463333333333345,0.6088209573395158,10.095469381001882,POWERED
time_to_open,fault,"{'topology': 'FAN', 'window_type': 'TIM', 'threshold': '30', 'window_size': '10', 'wait': '5'}",fault=CRS,3.0513333333333335,0.10984231121627643,3,fault=LAT,9.347666666666667,0.025929391302792634,3,FAN-CRS-TIM-T30-W10-D5,FAN-LAT-TIM-T30-W10-D5,main,-6.296333333333333,0.6088209573395158,10.341847233458674,POWERED
time_to_open,fault,"{'topology': 'FAN', 'window_type': 'TIM', 'threshold': '30', 'window_size': '20', 'wait': '15'}",fault=CRS,6.126,0.14405554484295277,3,fault=LAT,15.305666666666667,0.05167526810122364,3,FAN-CRS-TIM-T30-W20-D15,FAN-LAT-TIM-T30-W20-D15,main,-9.179666666666666,0.6088209573395158,15.07777706401707,POWERED
time_to_open,fault,"{'topology': 'FAN', 'window_type': 'TIM', 'threshold': '30', 'window_size': '20', 'wait': '30'}",fault=CRS,5.985666666666667,0.13479366948537783,3,fault=LAT,15.293666666666667,0.018823743871327122,3,FAN-CRS-TIM-T30-W20-D30,FAN-LAT-TIM-T30-W20-D30,main,-9.308,0.6088209573395158,15.288567004452329,POWERED
time_to_open,fault,"{'topology': 'FAN', 'window_type': 'TIM', 'threshold': '30', 'window_size': '20', 'wait': '5'}",fault=CRS,6.1323333333333325,0.15124263067446747,3,fault=LAT,15.450333333333333,0.057761001838032885,3,FAN-CRS-TIM-T30-W20-D5,FAN-LAT-TIM-T30-W20-D5,main,-9.318000000000001,0.6088209573395158,15.304992194616117,POWERED
time_to_open,fault,"{'topology': 'FAN', 'window_type': 'TIM', 'threshold': '30', 'window_size': '5', 'wait': '15'}",fault=CRS,1.587,0.10636493783197541,5,fault=LAT,4.6129999999999995,1.4835651317013354,5,FAN-CRS-TIM-T30-W5-D15,FAN-LAT-TIM-T30-W5-D15,tim_w5,-3.026,4.942600930300111,0.6122282665892396,UNDERPOWERED
time_to_open,fault,"{'topology': 'FAN', 'window_type': 'TIM', 'threshold': '30', 'window_size': '5', 'wait': '30'}",fault=CRS,1.5470000000000002,0.029899832775452127,5,fault=LAT,4.111,1.2098371791278362,5,FAN-CRS-TIM-T30-W5-D30,FAN-LAT-TIM-T30-W5-D30,tim_w5,-2.5639999999999996,4.942600930300111,0.5187552133294151,UNDERPOWERED
time_to_open,fault,"{'topology': 'FAN', 'window_type': 'TIM', 'threshold': '30', 'window_size': '5', 'wait': '5'}",fault=CRS,1.6398,0.13589407639775913,5,fault=LAT,4.0526,1.2010648608630592,5,FAN-CRS-TIM-T30-W5-D5,FAN-LAT-TIM-T30-W5-D5,tim_w5,-2.4128,4.942600930300111,0.4881640322625635,UNDERPOWERED
time_to_open,fault,"{'topology': 'FAN', 'window_type': 'TIM', 'threshold': '50', 'window_size': '10', 'wait': '15'}",fault=CRS,5.062,0.2873168982151938,3,fault=LAT,9.327666666666667,0.11278445519367174,3,FAN-CRS-TIM-T50-W10-D15,FAN-LAT-TIM-T50-W10-D15,main,-4.265666666666667,0.6088209573395158,7.006438617532462,POWERED
time_to_open,fault,"{'topology': 'FAN', 'window_type': 'TIM', 'threshold': '50', 'window_size': '10', 'wait': '30'}",fault=CRS,4.820666666666667,0.12239825706820051,3,fault=LAT,9.260333333333334,0.05008326400438918,3,FAN-CRS-TIM-T50-W10-D30,FAN-LAT-TIM-T50-W10-D30,main,-4.439666666666667,0.6088209573395158,7.292236926382343,POWERED
time_to_open,fault,"{'topology': 'FAN', 'window_type': 'TIM', 'threshold': '50', 'window_size': '10', 'wait': '5'}",fault=CRS,4.9033999999999995,0.20314477596039726,5,fault=LAT,9.198666666666668,0.04705670338361342,3,FAN-CRS-TIM-T50-W10-D5,FAN-LAT-TIM-T50-W10-D5,main,-4.295266666666668,0.6093459778325645,7.048978450542784,POWERED
time_to_open,fault,"{'topology': 'FAN', 'window_type': 'TIM', 'threshold': '50', 'window_size': '20', 'wait': '15'}",fault=CRS,10.142000000000001,0.0987724657989261,3,fault=LAT,18.464666666666666,0.12164017976529506,3,FAN-CRS-TIM-T50-W20-D15,FAN-LAT-TIM-T50-W20-D15,main,-8.322666666666665,0.6088209573395158,13.670138266980578,POWERED
time_to_open,fault,"{'topology': 'FAN', 'window_type': 'TIM', 'threshold': '50', 'window_size': '20', 'wait': '30'}",fault=CRS,9.935,0.1922420349455338,3,fault=LAT,18.43133333333333,0.08503136676152796,3,FAN-CRS-TIM-T50-W20-D30,FAN-LAT-TIM-T50-W20-D30,main,-8.49633333333333,0.6088209573395158,13.955389069491666,POWERED
time_to_open,fault,"{'topology': 'FAN', 'window_type': 'TIM', 'threshold': '50', 'window_size': '20', 'wait': '5'}",fault=CRS,10.1618,0.10212100665387175,5,fault=LAT,18.46466666666667,0.08899625460283987,3,FAN-CRS-TIM-T50-W20-D5,FAN-LAT-TIM-T50-W20-D5,main,-8.30286666666667,0.6093459778325645,13.625866041160814,POWERED
time_to_open,fault,"{'topology': 'FAN', 'window_type': 'TIM', 'threshold': '50', 'window_size': '5', 'wait': '15'}",fault=CRS,2.368,0.1796329591138551,3,fault=LAT,6.218666666666667,0.042477444995353934,3,FAN-CRS-TIM-T50-W5-D15,FAN-LAT-TIM-T50-W5-D15,tim_w5,-3.8506666666666667,4.498488470269092,0.855991227301362,BORDERLINE
time_to_open,fault,"{'topology': 'FAN', 'window_type': 'TIM', 'threshold': '50', 'window_size': '5', 'wait': '30'}",fault=CRS,2.5029999999999997,0.18874586088176876,3,fault=LAT,4.6854,1.505225331968606,5,FAN-CRS-TIM-T50-W5-D30,FAN-LAT-TIM-T50-W5-D30,tim_w5,-2.1824,4.502367769439337,0.48472273074035577,UNDERPOWERED
time_to_open,fault,"{'topology': 'FAN', 'window_type': 'TIM', 'threshold': '50', 'window_size': '5', 'wait': '5'}",fault=CRS,2.5393333333333334,0.12040071982066126,3,fault=LAT,5.205399999999999,1.4210671342339882,5,FAN-CRS-TIM-T50-W5-D5,FAN-LAT-TIM-T50-W5-D5,tim_w5,-2.6660666666666657,4.502367769439337,0.5921476883259275,UNDERPOWERED
time_to_open,fault,"{'topology': 'FAN', 'window_type': 'TIM', 'threshold': '70', 'window_size': '10', 'wait': '15'}",fault=CRS,7.063666666666666,0.3265154411866812,3,fault=LAT,9.335666666666667,0.11403654385035222,3,FAN-CRS-TIM-T70-W10-D15,FAN-LAT-TIM-T70-W10-D15,main,-2.2720000000000002,0.6088209573395158,3.7318032052122576,POWERED
time_to_open,fault,"{'topology': 'FAN', 'window_type': 'TIM', 'threshold': '70', 'window_size': '10', 'wait': '30'}",fault=CRS,7.116666666666667,0.12861700250485272,3,fault=LAT,9.231666666666667,0.002516611478423953,3,FAN-CRS-TIM-T70-W10-D30,FAN-LAT-TIM-T70-W10-D30,main,-2.115,0.6088209573395158,3.473927719640812,POWERED
time_to_open,fault,"{'topology': 'FAN', 'window_type': 'TIM', 'threshold': '70', 'window_size': '10', 'wait': '5'}",fault=CRS,6.916333333333334,0.28136512458606744,3,fault=LAT,9.328666666666665,0.1505135652801206,3,FAN-CRS-TIM-T70-W10-D5,FAN-LAT-TIM-T70-W10-D5,main,-2.412333333333331,0.6088209573395158,3.962303373844055,POWERED
time_to_open,fault,"{'topology': 'FAN', 'window_type': 'TIM', 'threshold': '70', 'window_size': '20', 'wait': '15'}",fault=CRS,14.189333333333332,0.1400761697553627,3,fault=LAT,18.591666666666665,0.1312148365594889,3,FAN-CRS-TIM-T70-W20-D15,FAN-LAT-TIM-T70-W20-D15,main,-4.402333333333333,0.6088209573395158,7.2309162164375405,POWERED
time_to_open,fault,"{'topology': 'FAN', 'window_type': 'TIM', 'threshold': '70', 'window_size': '20', 'wait': '30'}",fault=CRS,14.050333333333333,0.26263345813763606,3,fault=LAT,18.506,0.1132210227828739,3,FAN-CRS-TIM-T70-W20-D30,FAN-LAT-TIM-T70-W20-D30,main,-4.4556666666666676,0.6088209573395158,7.318517230644403,POWERED
time_to_open,fault,"{'topology': 'FAN', 'window_type': 'TIM', 'threshold': '70', 'window_size': '20', 'wait': '5'}",fault=CRS,14.0752,0.2328662706361747,5,fault=LAT,18.550666666666668,0.05412331598612103,3,FAN-CRS-TIM-T70-W20-D5,FAN-LAT-TIM-T70-W20-D5,main,-4.475466666666668,0.6093459778325645,7.344705355380933,POWERED
time_to_open,fault,"{'topology': 'FAN', 'window_type': 'TIM', 'threshold': '70', 'window_size': '5', 'wait': '15'}",fault=CRS,3.3303333333333334,0.16508280750378995,3,fault=LAT,5.6582,1.1982919927964133,5,FAN-CRS-TIM-T70-W5-D15,FAN-LAT-TIM-T70-W5-D15,tim_w5,-2.3278666666666665,4.502367769439337,0.5170316566468641,UNDERPOWERED
time_to_open,fault,"{'topology': 'FAN', 'window_type': 'TIM', 'threshold': '70', 'window_size': '5', 'wait': '30'}",fault=CRS,3.432,0.10396634070698084,3,fault=LAT,5.586666666666667,1.024817219475421,3,FAN-CRS-TIM-T70-W5-D30,FAN-LAT-TIM-T70-W5-D30,tim_w5,-2.154666666666667,4.498488470269092,0.478975700595222,UNDERPOWERED
time_to_open,fault,"{'topology': 'FAN', 'window_type': 'TIM', 'threshold': '70', 'window_size': '5', 'wait': '5'}",fault=CRS,3.1153333333333335,0.23678963941298892,3,fault=LAT,5.156000000000001,1.476325844791725,5,FAN-CRS-TIM-T70-W5-D5,FAN-LAT-TIM-T70-W5-D5,tim_w5,-2.040666666666667,4.502367769439337,0.4532429981660036,UNDERPOWERED
time_to_open,fault,"{'topology': 'LIN', 'window_type': 'CNT', 'threshold': '30', 'window_size': '10', 'wait': '15'}",fault=CRS,0.40599999999999997,0.091,3,fault=LAT,3.4454000000000002,0.0860976190146974,5,LIN-CRS-CNT-T30-W10-D15,LIN-LAT-CNT-T30-W10-D15,main,-3.0394,0.6093459778325645,4.987970891038135,POWERED
time_to_open,fault,"{'topology': 'LIN', 'window_type': 'CNT', 'threshold': '30', 'window_size': '10', 'wait': '30'}",fault=CRS,0.4126666666666667,0.04875790534193747,3,fault=LAT,3.484,0.10331989159885895,3,LIN-CRS-CNT-T30-W10-D30,LIN-LAT-CNT-T30-W10-D30,main,-3.0713333333333335,0.6088209573395158,5.044723405637579,POWERED
time_to_open,fault,"{'topology': 'LIN', 'window_type': 'CNT', 'threshold': '30', 'window_size': '10', 'wait': '5'}",fault=CRS,0.389,0.07464583042608607,3,fault=LAT,3.4313333333333333,0.07300228306932154,3,LIN-CRS-CNT-T30-W10-D5,LIN-LAT-CNT-T30-W10-D5,main,-3.0423333333333336,0.6088209573395158,4.997090354162599,POWERED
time_to_open,fault,"{'topology': 'LIN', 'window_type': 'CNT', 'threshold': '30', 'window_size': '20', 'wait': '15'}",fault=CRS,0.7184,0.06310546727503093,5,fault=LAT,6.276000000000001,0.05833952348108447,5,LIN-CRS-CNT-T30-W20-D15,LIN-LAT-CNT-T30-W20-D15,main,-5.557600000000001,0.6689266961603422,8.308234716749652,POWERED
time_to_open,fault,"{'topology': 'LIN', 'window_type': 'CNT', 'threshold': '30', 'window_size': '20', 'wait': '30'}",fault=CRS,0.8446666666666666,0.13678572050229992,3,fault=LAT,6.335000000000001,0.06618912297349133,3,LIN-CRS-CNT-T30-W20-D30,LIN-LAT-CNT-T30-W20-D30,main,-5.490333333333334,0.6088209573395158,9.017976906257497,POWERED
time_to_open,fault,"{'topology': 'LIN', 'window_type': 'CNT', 'threshold': '30', 'window_size': '20', 'wait': '5'}",fault=CRS,0.723,0.08637708029332776,3,fault=LAT,6.260000000000001,0.06322183167229503,3,LIN-CRS-CNT-T30-W20-D5,LIN-LAT-CNT-T30-W20-D5,main,-5.537000000000001,0.6088209573395158,9.094627793688499,POWERED
time_to_open,fault,"{'topology': 'LIN', 'window_type': 'CNT', 'threshold': '30', 'window_size': '5', 'wait': '15'}",fault=CRS,0.4098,0.09158984659884524,5,fault=LAT,3.469,0.10966084077737133,5,LIN-CRS-CNT-T30-W5-D15,LIN-LAT-CNT-T30-W5-D15,main,-3.0591999999999997,0.6689266961603422,4.57329632313958,POWERED
time_to_open,fault,"{'topology': 'LIN', 'window_type': 'CNT', 'threshold': '30', 'window_size': '5', 'wait': '30'}",fault=CRS,0.40499999999999997,0.18797473234453613,5,fault=LAT,3.372666666666666,0.05463820397243443,3,LIN-CRS-CNT-T30-W5-D30,LIN-LAT-CNT-T30-W5-D30,main,-2.9676666666666662,0.6093459778325645,4.870249045087024,POWERED
time_to_open,fault,"{'topology': 'LIN', 'window_type': 'CNT', 'threshold': '30', 'window_size': '5', 'wait': '5'}",fault=CRS,0.3318,0.11600301720214007,5,fault=LAT,3.3522,0.04745208109240319,5,LIN-CRS-CNT-T30-W5-D5,LIN-LAT-CNT-T30-W5-D5,main,-3.0204,0.6689266961603422,4.515292957116497,POWERED
time_to_open,fault,"{'topology': 'LIN', 'window_type': 'CNT', 'threshold': '50', 'window_size': '10', 'wait': '15'}",fault=CRS,0.6003333333333334,0.0884439558892146,3,fault=LAT,3.6548000000000003,0.09785550572144625,5,LIN-CRS-CNT-T50-W10-D15,LIN-LAT-CNT-T50-W10-D15,main,-3.054466666666667,0.6093459778325645,5.012696854964669,POWERED
time_to_open,fault,"{'topology': 'LIN', 'window_type': 'CNT', 'threshold': '50', 'window_size': '10', 'wait': '30'}",fault=CRS,0.5416666666666666,0.06232442004008809,3,fault=LAT,3.6353333333333335,0.09377810689779018,3,LIN-CRS-CNT-T50-W10-D30,LIN-LAT-CNT-T50-W10-D30,main,-3.093666666666667,0.6088209573395158,5.081406330336702,POWERED
time_to_open,fault,"{'topology': 'LIN', 'window_type': 'CNT', 'threshold': '50', 'window_size': '10', 'wait': '5'}",fault=CRS,0.7090000000000001,0.0816639455328972,3,fault=LAT,3.6006666666666667,0.045796651988255,3,LIN-CRS-CNT-T50-W10-D5,LIN-LAT-CNT-T50-W10-D5,main,-2.8916666666666666,0.6088209573395158,4.749617489028218,POWERED
time_to_open,fault,"{'topology': 'LIN', 'window_type': 'CNT', 'threshold': '50', 'window_size': '20', 'wait': '15'}",fault=CRS,1.014,0.05524490926773259,3,fault=LAT,6.772333333333333,0.22311506747266813,3,LIN-CRS-CNT-T50-W20-D15,LIN-LAT-CNT-T50-W20-D15,main,-5.758333333333333,0.6088209573395158,9.458172002646968,POWERED
time_to_open,fault,"{'topology': 'LIN', 'window_type': 'CNT', 'threshold': '50', 'window_size': '20', 'wait': '30'}",fault=CRS,1.093,0.07351190379795648,3,fault=LAT,6.696333333333333,0.04760602202803079,3,LIN-CRS-CNT-T50-W20-D30,LIN-LAT-CNT-T50-W20-D30,main,-5.603333333333333,0.6088209573395158,9.20358155510828,POWERED
time_to_open,fault,"{'topology': 'LIN', 'window_type': 'CNT', 'threshold': '50', 'window_size': '20', 'wait': '5'}",fault=CRS,1.1123333333333332,0.06469415223444343,3,fault=LAT,6.708333333333333,0.04244211744639239,3,LIN-CRS-CNT-T50-W20-D5,LIN-LAT-CNT-T50-W20-D5,main,-5.596,0.6088209573395158,9.191536415654838,POWERED
time_to_open,fault,"{'topology': 'LIN', 'window_type': 'CNT', 'threshold': '50', 'window_size': '5', 'wait': '15'}",fault=CRS,0.4703333333333333,0.03818813079129867,3,fault=LAT,3.4730000000000003,0.09936800289831732,5,LIN-CRS-CNT-T50-W5-D15,LIN-LAT-CNT-T50-W5-D15,main,-3.002666666666667,0.6093459778325645,4.927687678102204,POWERED
time_to_open,fault,"{'topology': 'LIN', 'window_type': 'CNT', 'threshold': '50', 'window_size': '5', 'wait': '30'}",fault=CRS,0.3343333333333333,0.08200812967830284,3,fault=LAT,3.468,0.10633672930836263,5,LIN-CRS-CNT-T50-W5-D30,LIN-LAT-CNT-T50-W5-D30,main,-3.1336666666666666,0.6093459778325645,5.142672275959016,POWERED
time_to_open,fault,"{'topology': 'LIN', 'window_type': 'CNT', 'threshold': '50', 'window_size': '5', 'wait': '5'}",fault=CRS,0.47333333333333333,0.16017906646417107,3,fault=LAT,3.4698,0.044319296023289836,5,LIN-CRS-CNT-T50-W5-D5,LIN-LAT-CNT-T50-W5-D5,main,-2.996466666666667,0.6093459778325645,4.917512834539515,POWERED
time_to_open,fault,"{'topology': 'LIN', 'window_type': 'CNT', 'threshold': '70', 'window_size': '10', 'wait': '15'}",fault=CRS,0.9713333333333334,0.0711149304529881,3,fault=LAT,6.400200000000001,0.1603892141011982,5,LIN-CRS-CNT-T70-W10-D15,LIN-LAT-CNT-T70-W10-D15,main,-5.428866666666668,0.6093459778325645,8.909333718714405,POWERED
time_to_open,fault,"{'topology': 'LIN', 'window_type': 'CNT', 'threshold': '70', 'window_size': '10', 'wait': '30'}",fault=CRS,0.852,0.02128379665379278,3,fault=LAT,6.396333333333334,0.10756548393110743,3,LIN-CRS-CNT-T70-W10-D30,LIN-LAT-CNT-T70-W10-D30,main,-5.544333333333333,0.6088209573395158,9.106672933141942,POWERED
time_to_open,fault,"{'topology': 'LIN', 'window_type': 'CNT', 'threshold': '70', 'window_size': '10', 'wait': '5'}",fault=CRS,0.9466666666666667,0.08986842233695513,3,fault=LAT,6.368333333333333,0.05063924696649165,3,LIN-CRS-CNT-T70-W10-D5,LIN-LAT-CNT-T70-W10-D5,main,-5.421666666666667,0.6088209573395158,8.905190600466163,POWERED
time_to_open,fault,"{'topology': 'LIN', 'window_type': 'CNT', 'threshold': '70', 'window_size': '20', 'wait': '15'}",fault=CRS,1.5586666666666666,0.02695057204092963,3,fault=LAT,9.646666666666667,0.06375996654118793,3,LIN-CRS-CNT-T70-W20-D15,LIN-LAT-CNT-T70-W20-D15,main,-8.088,0.6088209573395158,13.284693804470393,POWERED
time_to_open,fault,"{'topology': 'LIN', 'window_type': 'CNT', 'threshold': '70', 'window_size': '20', 'wait': '30'}",fault=CRS,1.507,0.025059928172283242,3,fault=LAT,9.650333333333334,0.0840376899571456,3,LIN-CRS-CNT-T70-W20-D30,LIN-LAT-CNT-T70-W20-D30,main,-8.143333333333334,0.6088209573395158,13.375579856710015,POWERED
time_to_open,fault,"{'topology': 'LIN', 'window_type': 'CNT', 'threshold': '70', 'window_size': '20', 'wait': '5'}",fault=CRS,1.4416666666666667,0.03312602199681294,3,fault=LAT,9.62,0.0495681349255741,3,LIN-CRS-CNT-T70-W20-D5,LIN-LAT-CNT-T70-W20-D5,main,-8.178333333333333,0.6088209573395158,13.433068022283264,POWERED
time_to_open,fault,"{'topology': 'LIN', 'window_type': 'CNT', 'threshold': '70', 'window_size': '5', 'wait': '15'}",fault=CRS,0.6853333333333333,0.1055098731557068,3,fault=LAT,3.479,0.026419689627245904,5,LIN-CRS-CNT-T70-W5-D15,LIN-LAT-CNT-T70-W5-D15,main,-2.7936666666666667,0.6093459778325645,4.584696983811564,POWERED
time_to_open,fault,"{'topology': 'LIN', 'window_type': 'CNT', 'threshold': '70', 'window_size': '5', 'wait': '30'}",fault=CRS,0.668,0.09159148432032317,3,fault=LAT,3.564,0.042508822613664635,3,LIN-CRS-CNT-T70-W5-D30,LIN-LAT-CNT-T70-W5-D30,main,-2.896,0.6088209573395158,4.756735071432525,POWERED
time_to_open,fault,"{'topology': 'LIN', 'window_type': 'CNT', 'threshold': '70', 'window_size': '5', 'wait': '5'}",fault=CRS,0.7376666666666667,0.1546264315482102,3,fault=LAT,3.637333333333333,0.052766782480395104,3,LIN-CRS-CNT-T70-W5-D5,LIN-LAT-CNT-T70-W5-D5,main,-2.899666666666666,0.6088209573395158,4.762757641159246,POWERED
time_to_open,fault,"{'topology': 'LIN', 'window_type': 'TIM', 'threshold': '30', 'window_size': '10', 'wait': '15'}",fault=CRS,3.005333333333333,0.04301550108197424,3,fault=LAT,9.32,0.050566787519081675,3,LIN-CRS-TIM-T30-W10-D15,LIN-LAT-TIM-T30-W10-D15,main,-6.3146666666666675,0.6088209573395158,10.371960082092285,POWERED
time_to_open,fault,"{'topology': 'LIN', 'window_type': 'TIM', 'threshold': '30', 'window_size': '10', 'wait': '30'}",fault=CRS,2.9586666666666663,0.08544783984006468,3,fault=LAT,9.406666666666668,0.13328665849714105,3,LIN-CRS-TIM-T30-W10-D30,LIN-LAT-TIM-T30-W10-D30,main,-6.448000000000002,0.6088209573395158,10.590962617609438,POWERED
time_to_open,fault,"{'topology': 'LIN', 'window_type': 'TIM', 'threshold': '30', 'window_size': '10', 'wait': '5'}",fault=CRS,3.066,0.11491736161259536,5,fault=LAT,9.3348,0.04681559569203428,5,LIN-CRS-TIM-T30-W10-D5,LIN-LAT-TIM-T30-W10-D5,main,-6.2688,0.6689266961603422,9.371430436224307,POWERED
time_to_open,fault,"{'topology': 'LIN', 'window_type': 'TIM', 'threshold': '30', 'window_size': '20', 'wait': '15'}",fault=CRS,6.072333333333333,0.1836418616038656,3,fault=LAT,15.430000000000001,0.1013854032886389,3,LIN-CRS-TIM-T30-W20-D15,LIN-LAT-TIM-T30-W20-D15,main,-9.357666666666669,0.6088209573395158,15.37014544893247,POWERED
time_to_open,fault,"{'topology': 'LIN', 'window_type': 'TIM', 'threshold': '30', 'window_size': '20', 'wait': '30'}",fault=CRS,6.201333333333333,0.09889556781440408,3,fault=LAT,15.421666666666667,0.15580222505899405,3,LIN-CRS-TIM-T30-W20-D30,LIN-LAT-TIM-T30-W20-D30,main,-9.220333333333333,0.6088209573395158,15.1445728373498,POWERED
time_to_open,fault,"{'topology': 'LIN', 'window_type': 'TIM', 'threshold': '30', 'window_size': '20', 'wait': '5'}",fault=CRS,6.166,0.10948972554536772,3,fault=LAT,15.489666666666666,0.15487199015100606,3,LIN-CRS-TIM-T30-W20-D5,LIN-LAT-TIM-T30-W20-D5,main,-9.323666666666666,0.6088209573395158,15.314299802375594,POWERED
time_to_open,fault,"{'topology': 'LIN', 'window_type': 'TIM', 'threshold': '30', 'window_size': '5', 'wait': '15'}",fault=CRS,1.4356,0.21211624171665874,5,fault=LAT,4.0834,1.2062619118582827,5,LIN-CRS-TIM-T30-W5-D15,LIN-LAT-TIM-T30-W5-D15,tim_w5,-2.6478,4.942600930300111,0.5357098493968898,UNDERPOWERED
time_to_open,fault,"{'topology': 'LIN', 'window_type': 'TIM', 'threshold': '30', 'window_size': '5', 'wait': '30'}",fault=CRS,1.5338,0.11406664718488042,5,fault=LAT,3.6406,0.13364243338101858,5,LIN-CRS-TIM-T30-W5-D30,LIN-LAT-TIM-T30-W5-D30,tim_w5,-2.1068,4.942600930300111,0.4262533086748876,UNDERPOWERED
time_to_open,fault,"{'topology': 'LIN', 'window_type': 'TIM', 'threshold': '30', 'window_size': '5', 'wait': '5'}",fault=CRS,1.5021999999999998,0.12935107266659984,5,fault=LAT,4.143800000000001,1.2891686080571463,5,LIN-CRS-TIM-T30-W5-D5,LIN-LAT-TIM-T30-W5-D5,tim_w5,-2.641600000000001,4.942600930300111,0.5344554491150482,UNDERPOWERED
time_to_open,fault,"{'topology': 'LIN', 'window_type': 'TIM', 'threshold': '50', 'window_size': '10', 'wait': '15'}",fault=CRS,4.453666666666667,1.0602831382858702,3,fault=LAT,9.300333333333333,0.16023836411213513,3,LIN-CRS-TIM-T50-W10-D15,LIN-LAT-TIM-T50-W10-D15,main,-4.846666666666666,0.6088209573395158,7.960742166048447,POWERED
time_to_open,fault,"{'topology': 'LIN', 'window_type': 'TIM', 'threshold': '50', 'window_size': '10', 'wait': '30'}",fault=CRS,5.056333333333334,0.11537908533756604,3,fault=LAT,9.280666666666667,0.0692122339860036,3,LIN-CRS-TIM-T50-W10-D30,LIN-LAT-TIM-T50-W10-D30,main,-4.224333333333333,0.6088209573395158,6.938547831522144,POWERED
time_to_open,fault,"{'topology': 'LIN', 'window_type': 'TIM', 'threshold': '50', 'window_size': '10', 'wait': '5'}",fault=CRS,5.0506,0.3306021778512658,5,fault=LAT,9.402666666666667,0.0776938435999489,3,LIN-CRS-TIM-T50-W10-D5,LIN-LAT-TIM-T50-W10-D5,main,-4.3520666666666665,0.6093459778325645,7.142193146407415,POWERED
time_to_open,fault,"{'topology': 'LIN', 'window_type': 'TIM', 'threshold': '50', 'window_size': '20', 'wait': '15'}",fault=CRS,9.951,0.11557248807566632,3,fault=LAT,18.397666666666666,0.09144579450873337,3,LIN-CRS-TIM-T50-W20-D15,LIN-LAT-TIM-T50-W20-D15,main,-8.446666666666665,0.6088209573395158,13.87381062501153,POWERED
time_to_open,fault,"{'topology': 'LIN', 'window_type': 'TIM', 'threshold': '50', 'window_size': '20', 'wait': '30'}",fault=CRS,9.975333333333332,0.17609751086637557,3,fault=LAT,18.396333333333335,0.03403429642776946,3,LIN-CRS-TIM-T50-W20-D30,LIN-LAT-TIM-T50-W20-D30,main,-8.421000000000003,0.6088209573395158,13.831652636924485,POWERED
time_to_open,fault,"{'topology': 'LIN', 'window_type': 'TIM', 'threshold': '50', 'window_size': '20', 'wait': '5'}",fault=CRS,9.941199999999998,0.15783757474061783,5,fault=LAT,18.4316,0.09923860136055912,5,LIN-CRS-TIM-T50-W20-D5,LIN-LAT-TIM-T50-W20-D5,main,-8.490400000000001,0.6689266961603422,12.692571620680013,POWERED
time_to_open,fault,"{'topology': 'LIN', 'window_type': 'TIM', 'threshold': '50', 'window_size': '5', 'wait': '15'}",fault=CRS,2.3924,0.10219001908210013,5,fault=LAT,4.686,1.536631543344077,5,LIN-CRS-TIM-T50-W5-D15,LIN-LAT-TIM-T50-W5-D15,tim_w5,-2.2936,4.942600930300111,0.4640471752310244,UNDERPOWERED
time_to_open,fault,"{'topology': 'LIN', 'window_type': 'TIM', 'threshold': '50', 'window_size': '5', 'wait': '30'}",fault=CRS,2.1753333333333336,0.15910478727346117,3,fault=LAT,4.667999999999999,1.5063108908854108,5,LIN-CRS-TIM-T50-W5-D30,LIN-LAT-TIM-T50-W5-D30,tim_w5,-2.4926666666666657,4.502367769439337,0.5536346194520374,UNDERPOWERED
time_to_open,fault,"{'topology': 'LIN', 'window_type': 'TIM', 'threshold': '50', 'window_size': '5', 'wait': '5'}",fault=CRS,2.4753333333333334,0.21729319670282668,3,fault=LAT,4.658799999999999,1.4313503065287685,5,LIN-CRS-TIM-T50-W5-D5,LIN-LAT-TIM-T50-W5-D5,tim_w5,-2.183466666666666,4.502367769439337,0.4849596431209717,UNDERPOWERED
time_to_open,fault,"{'topology': 'LIN', 'window_type': 'TIM', 'threshold': '70', 'window_size': '10', 'wait': '15'}",fault=CRS,7.079666666666667,0.13254936187448535,3,fault=LAT,9.294666666666666,0.04742713709821948,3,LIN-CRS-TIM-T70-W10-D15,LIN-LAT-TIM-T70-W10-D15,main,-2.214999999999999,0.6088209573395158,3.6381796212786734,POWERED
time_to_open,fault,"{'topology': 'LIN', 'window_type': 'TIM', 'threshold': '70', 'window_size': '10', 'wait': '30'}",fault=CRS,6.729666666666667,0.12850810609970628,3,fault=LAT,9.307,0.09142756695876884,3,LIN-CRS-TIM-T70-W10-D30,LIN-LAT-TIM-T70-W10-D30,main,-2.5773333333333337,0.6088209573395158,4.233319011546534,POWERED
time_to_open,fault,"{'topology': 'LIN', 'window_type': 'TIM', 'threshold': '70', 'window_size': '10', 'wait': '5'}",fault=CRS,6.927666666666667,0.15332427509475893,3,fault=LAT,9.237666666666668,0.012897028081435646,3,LIN-CRS-TIM-T70-W10-D5,LIN-LAT-TIM-T70-W10-D5,main,-2.3100000000000005,0.6088209573395158,3.7942189278346463,POWERED
time_to_open,fault,"{'topology': 'LIN', 'window_type': 'TIM', 'threshold': '70', 'window_size': '20', 'wait': '15'}",fault=CRS,14.009666666666666,0.23873904861445125,3,fault=LAT,18.451333333333334,0.008082903768654384,3,LIN-CRS-TIM-T70-W20-D15,LIN-LAT-TIM-T70-W20-D15,main,-4.441666666666668,0.6088209573395158,7.295521964415103,POWERED
time_to_open,fault,"{'topology': 'LIN', 'window_type': 'TIM', 'threshold': '70', 'window_size': '20', 'wait': '30'}",fault=CRS,13.790999999999999,0.3697526200042399,3,fault=LAT,18.373666666666665,0.06902415036299535,3,LIN-CRS-TIM-T70-W20-D30,LIN-LAT-TIM-T70-W20-D30,main,-4.582666666666666,0.6088209573395158,7.527117145724488,POWERED
time_to_open,fault,"{'topology': 'LIN', 'window_type': 'TIM', 'threshold': '70', 'window_size': '20', 'wait': '5'}",fault=CRS,14.0428,0.3235849193024915,5,fault=LAT,18.420666666666666,0.09187128677303567,3,LIN-CRS-TIM-T70-W20-D5,LIN-LAT-TIM-T70-W20-D5,main,-4.377866666666666,0.6093459778325645,7.184533624458602,POWERED
time_to_open,fault,"{'topology': 'LIN', 'window_type': 'TIM', 'threshold': '70', 'window_size': '5', 'wait': '15'}",fault=CRS,3.0092,0.4458365171225885,5,fault=LAT,4.2484,1.1521259913742072,5,LIN-CRS-TIM-T70-W5-D15,LIN-LAT-TIM-T70-W5-D15,tim_w5,-1.2392000000000003,4.942600930300111,0.25071819826747715,UNDERPOWERED
time_to_open,fault,"{'topology': 'LIN', 'window_type': 'TIM', 'threshold': '70', 'window_size': '5', 'wait': '30'}",fault=CRS,3.3366666666666664,0.11323132664299822,3,fault=LAT,5.643199999999999,1.1980916909819548,5,LIN-CRS-TIM-T70-W5-D30,LIN-LAT-TIM-T70-W5-D30,tim_w5,-2.306533333333333,4.502367769439337,0.5122934090345438,UNDERPOWERED
time_to_open,fault,"{'topology': 'LIN', 'window_type': 'TIM', 'threshold': '70', 'window_size': '5', 'wait': '5'}",fault=CRS,2.798666666666667,0.3262289584530062,3,fault=LAT,5.292,1.415048939083027,5,LIN-CRS-TIM-T70-W5-D5,LIN-LAT-TIM-T70-W5-D5,tim_w5,-2.4933333333333327,4.502367769439337,0.5537826896899225,UNDERPOWERED
time_to_open,topology,"{'fault': 'CRS', 'window_type': 'CNT', 'threshold': '30', 'window_size': '10', 'wait': '15'}",topology=FAN,0.29860000000000003,0.014876155417311283,5,topology=LIN,0.40599999999999997,0.091,3,FAN-CRS-CNT-T30-W10-D15,LIN-CRS-CNT-T30-W10-D15,main,-0.10739999999999994,0.6093459778325645,0.1762545481665774,UNDERPOWERED
time_to_open,topology,"{'fault': 'CRS', 'window_type': 'CNT', 'threshold': '30', 'window_size': '10', 'wait': '30'}",topology=FAN,0.287,0.0069999999999999785,3,topology=LIN,0.4126666666666667,0.04875790534193747,3,FAN-CRS-CNT-T30-W10-D30,LIN-CRS-CNT-T30-W10-D30,main,-0.1256666666666667,0.6088209573395158,0.2064098897249151,UNDERPOWERED
time_to_open,topology,"{'fault': 'CRS', 'window_type': 'CNT', 'threshold': '30', 'window_size': '10', 'wait': '5'}",topology=FAN,0.29466666666666663,0.006506407098647718,3,topology=LIN,0.389,0.07464583042608607,3,FAN-CRS-CNT-T30-W10-D5,LIN-CRS-CNT-T30-W10-D5,main,-0.09433333333333338,0.6088209573395158,0.1549442938783846,UNDERPOWERED
time_to_open,topology,"{'fault': 'CRS', 'window_type': 'CNT', 'threshold': '30', 'window_size': '20', 'wait': '15'}",topology=FAN,0.40259999999999996,0.11932644300405508,5,topology=LIN,0.7184,0.06310546727503093,5,FAN-CRS-CNT-T30-W20-D15,LIN-CRS-CNT-T30-W20-D15,main,-0.3158000000000001,0.6689266961603422,0.47209956160024835,UNDERPOWERED
time_to_open,topology,"{'fault': 'CRS', 'window_type': 'CNT', 'threshold': '30', 'window_size': '20', 'wait': '30'}",topology=FAN,0.30033333333333334,0.006110100926607792,3,topology=LIN,0.8446666666666666,0.13678572050229992,3,FAN-CRS-CNT-T30-W20-D30,LIN-CRS-CNT-T30-W20-D30,main,-0.5443333333333332,0.6088209573395158,0.8940778512487698,BORDERLINE
time_to_open,topology,"{'fault': 'CRS', 'window_type': 'CNT', 'threshold': '30', 'window_size': '20', 'wait': '5'}",topology=FAN,0.36600000000000005,0.13683566786477863,3,topology=LIN,0.723,0.08637708029332776,3,FAN-CRS-CNT-T30-W20-D5,LIN-CRS-CNT-T30-W20-D5,main,-0.35699999999999993,0.6088209573395158,0.5863792888471724,UNDERPOWERED
time_to_open,topology,"{'fault': 'CRS', 'window_type': 'CNT', 'threshold': '30', 'window_size': '5', 'wait': '15'}",topology=FAN,0.3102,0.019537144110642186,5,topology=LIN,0.4098,0.09158984659884524,5,FAN-CRS-CNT-T30-W5-D15,LIN-CRS-CNT-T30-W5-D15,main,-0.09960000000000002,0.6689266961603422,0.14889523855409986,UNDERPOWERED
time_to_open,topology,"{'fault': 'CRS', 'window_type': 'CNT', 'threshold': '30', 'window_size': '5', 'wait': '30'}",topology=FAN,0.2972,0.0097313925005623,5,topology=LIN,0.40499999999999997,0.18797473234453613,5,FAN-CRS-CNT-T30-W5-D30,LIN-CRS-CNT-T30-W5-D30,main,-0.10779999999999995,0.6689266961603422,0.16115368188887505,UNDERPOWERED
time_to_open,topology,"{'fault': 'CRS', 'window_type': 'CNT', 'threshold': '30', 'window_size': '5', 'wait': '5'}",topology=FAN,0.2868,0.00511859355682788,5,topology=LIN,0.3318,0.11600301720214007,5,FAN-CRS-CNT-T30-W5-D5,LIN-CRS-CNT-T30-W5-D5,main,-0.044999999999999984,0.6689266961603422,0.06727194512986436,UNDERPOWERED
time_to_open,topology,"{'fault': 'CRS', 'window_type': 'CNT', 'threshold': '50', 'window_size': '10', 'wait': '15'}",topology=FAN,0.3508,0.1069845783279067,5,topology=LIN,0.6003333333333334,0.0884439558892146,3,FAN-CRS-CNT-T50-W10-D15,LIN-CRS-CNT-T50-W10-D15,main,-0.24953333333333338,0.6093459778325645,0.40951010166821833,UNDERPOWERED
time_to_open,topology,"{'fault': 'CRS', 'window_type': 'CNT', 'threshold': '50', 'window_size': '10', 'wait': '30'}",topology=FAN,0.295,0.006000000000000005,3,topology=LIN,0.5416666666666666,0.06232442004008809,3,FAN-CRS-CNT-T50-W10-D30,LIN-CRS-CNT-T50-W10-D30,main,-0.24666666666666665,0.6088209573395158,0.40515469070672977,UNDERPOWERED
time_to_open,topology,"{'fault': 'CRS', 'window_type': 'CNT', 'threshold': '50', 'window_size': '10', 'wait': '5'}",topology=FAN,0.38166666666666665,0.1475138411584938,3,topology=LIN,0.7090000000000001,0.0816639455328972,3,FAN-CRS-CNT-T50-W10-D5,LIN-CRS-CNT-T50-W10-D5,main,-0.3273333333333334,0.6088209573395158,0.5376512246946065,UNDERPOWERED
time_to_open,topology,"{'fault': 'CRS', 'window_type': 'CNT', 'threshold': '50', 'window_size': '20', 'wait': '15'}",topology=FAN,0.556,0.03517101079013792,3,topology=LIN,1.014,0.05524490926773259,3,FAN-CRS-CNT-T50-W20-D15,LIN-CRS-CNT-T50-W20-D15,main,-0.45799999999999996,0.6088209573395158,0.7522737095014145,BORDERLINE
time_to_open,topology,"{'fault': 'CRS', 'window_type': 'CNT', 'threshold': '50', 'window_size': '20', 'wait': '30'}",topology=FAN,0.5486666666666667,0.008962886439832509,3,topology=LIN,1.093,0.07351190379795648,3,FAN-CRS-CNT-T50-W20-D30,LIN-CRS-CNT-T50-W20-D30,main,-0.5443333333333332,0.6088209573395158,0.8940778512487698,BORDERLINE
time_to_open,topology,"{'fault': 'CRS', 'window_type': 'CNT', 'threshold': '50', 'window_size': '20', 'wait': '5'}",topology=FAN,0.5413333333333333,0.011590225767142482,3,topology=LIN,1.1123333333333332,0.06469415223444343,3,FAN-CRS-CNT-T50-W20-D5,LIN-CRS-CNT-T50-W20-D5,main,-0.5709999999999998,0.6088209573395158,0.9378783583521999,BORDERLINE
time_to_open,topology,"{'fault': 'CRS', 'window_type': 'CNT', 'threshold': '50', 'window_size': '5', 'wait': '15'}",topology=FAN,0.29519999999999996,0.011233877335986905,5,topology=LIN,0.4703333333333333,0.03818813079129867,3,FAN-CRS-CNT-T50-W5-D15,LIN-CRS-CNT-T50-W5-D15,main,-0.17513333333333336,0.6093459778325645,0.28741197891595227,UNDERPOWERED
time_to_open,topology,"{'fault': 'CRS', 'window_type': 'CNT', 'threshold': '50', 'window_size': '5', 'wait': '30'}",topology=FAN,0.31,0.022538855339169307,3,topology=LIN,0.3343333333333333,0.08200812967830284,3,FAN-CRS-CNT-T50-W5-D30,LIN-CRS-CNT-T50-W5-D30,main,-0.024333333333333318,0.6088209573395158,0.03996796273188008,UNDERPOWERED
time_to_open,topology,"{'fault': 'CRS', 'window_type': 'CNT', 'threshold': '50', 'window_size': '5', 'wait': '5'}",topology=FAN,0.30066666666666664,0.021548395145192,3,topology=LIN,0.47333333333333333,0.16017906646417107,3,FAN-CRS-CNT-T50-W5-D5,LIN-CRS-CNT-T50-W5-D5,main,-0.1726666666666667,0.6088209573395158,0.2836082834947109,UNDERPOWERED
time_to_open,topology,"{'fault': 'CRS', 'window_type': 'CNT', 'threshold': '70', 'window_size': '10', 'wait': '15'}",topology=FAN,0.546,0.012903487900563915,5,topology=LIN,0.9713333333333334,0.0711149304529881,3,FAN-CRS-CNT-T70-W10-D15,LIN-CRS-CNT-T70-W10-D15,main,-0.42533333333333334,0.6093459778325645,0.6980161497844596,UNDERPOWERED
time_to_open,topology,"{'fault': 'CRS', 'window_type': 'CNT', 'threshold': '70', 'window_size': '10', 'wait': '30'}",topology=FAN,0.5670000000000001,0.041581245772583555,3,topology=LIN,0.852,0.02128379665379278,3,FAN-CRS-CNT-T70-W10-D30,LIN-CRS-CNT-T70-W10-D30,main,-0.2849999999999999,0.6088209573395158,0.46811791966791066,UNDERPOWERED
time_to_open,topology,"{'fault': 'CRS', 'window_type': 'CNT', 'threshold': '70', 'window_size': '10', 'wait': '5'}",topology=FAN,0.547,0.010583005244258372,3,topology=LIN,0.9466666666666667,0.08986842233695513,3,FAN-CRS-CNT-T70-W10-D5,LIN-CRS-CNT-T70-W10-D5,main,-0.3996666666666666,0.6088209573395158,0.6564601002126608,UNDERPOWERED
time_to_open,topology,"{'fault': 'CRS', 'window_type': 'CNT', 'threshold': '70', 'window_size': '20', 'wait': '15'}",topology=FAN,0.8306666666666667,0.032347076117221665,3,topology=LIN,1.5586666666666666,0.02695057204092963,3,FAN-CRS-CNT-T70-W20-D15,LIN-CRS-CNT-T70-W20-D15,main,-0.728,0.6088209573395158,1.1957538439236457,BORDERLINE
time_to_open,topology,"{'fault': 'CRS', 'window_type': 'CNT', 'threshold': '70', 'window_size': '20', 'wait': '30'}",topology=FAN,0.7943333333333333,0.014011899704655814,3,topology=LIN,1.507,0.025059928172283242,3,FAN-CRS-CNT-T70-W20-D30,LIN-CRS-CNT-T70-W20-D30,main,-0.7126666666666666,0.6088209573395158,1.1705685523391733,BORDERLINE
time_to_open,topology,"{'fault': 'CRS', 'window_type': 'CNT', 'threshold': '70', 'window_size': '20', 'wait': '5'}",topology=FAN,0.7936666666666667,0.01950213663508006,3,topology=LIN,1.4416666666666667,0.03312602199681294,3,FAN-CRS-CNT-T70-W20-D5,LIN-CRS-CNT-T70-W20-D5,main,-0.6479999999999999,0.6088209573395158,1.0643523226133549,BORDERLINE
time_to_open,topology,"{'fault': 'CRS', 'window_type': 'CNT', 'threshold': '70', 'window_size': '5', 'wait': '15'}",topology=FAN,0.296,0.008031189202104513,5,topology=LIN,0.6853333333333333,0.1055098731557068,3,FAN-CRS-CNT-T70-W5-D15,LIN-CRS-CNT-T70-W5-D15,main,-0.38933333333333336,0.6093459778325645,0.6389364129688471,UNDERPOWERED
time_to_open,topology,"{'fault': 'CRS', 'window_type': 'CNT', 'threshold': '70', 'window_size': '5', 'wait': '30'}",topology=FAN,0.2913333333333333,0.0023094010767585054,3,topology=LIN,0.668,0.09159148432032317,3,FAN-CRS-CNT-T70-W5-D30,LIN-CRS-CNT-T70-W5-D30,main,-0.37666666666666676,0.6088209573395158,0.6186821628359525,UNDERPOWERED
time_to_open,topology,"{'fault': 'CRS', 'window_type': 'CNT', 'threshold': '70', 'window_size': '5', 'wait': '5'}",topology=FAN,0.301,0.020518284528683182,3,topology=LIN,0.7376666666666667,0.1546264315482102,3,FAN-CRS-CNT-T70-W5-D5,LIN-CRS-CNT-T70-W5-D5,main,-0.4366666666666667,0.6088209573395158,0.7172333038186703,UNDERPOWERED
time_to_open,topology,"{'fault': 'CRS', 'window_type': 'TIM', 'threshold': '30', 'window_size': '10', 'wait': '15'}",topology=FAN,3.097,0.06919537556802463,3,topology=LIN,3.005333333333333,0.04301550108197424,3,FAN-CRS-TIM-T30-W10-D15,LIN-CRS-TIM-T30-W10-D15,main,0.09166666666666679,0.6088209573395158,0.15056424316804168,UNDERPOWERED
time_to_open,topology,"{'fault': 'CRS', 'window_type': 'TIM', 'threshold': '30', 'window_size': '10', 'wait': '30'}",topology=FAN,3.1956666666666664,0.21038377630733157,3,topology=LIN,2.9586666666666663,0.08544783984006468,3,FAN-CRS-TIM-T30-W10-D30,LIN-CRS-TIM-T30-W10-D30,main,0.2370000000000001,0.6088209573395158,0.3892770068817365,UNDERPOWERED
time_to_open,topology,"{'fault': 'CRS', 'window_type': 'TIM', 'threshold': '30', 'window_size': '10', 'wait': '5'}",topology=FAN,3.0513333333333335,0.10984231121627643,3,topology=LIN,3.066,0.11491736161259536,5,FAN-CRS-TIM-T30-W10-D5,LIN-CRS-TIM-T30-W10-D5,main,-0.014666666666666384,0.6093459778325645,0.024069522406360212,UNDERPOWERED
time_to_open,topology,"{'fault': 'CRS', 'window_type': 'TIM', 'threshold': '30', 'window_size': '20', 'wait': '15'}",topology=FAN,6.126,0.14405554484295277,3,topology=LIN,6.072333333333333,0.1836418616038656,3,FAN-CRS-TIM-T30-W20-D15,LIN-CRS-TIM-T30-W20-D15,main,0.05366666666666742,0.6088209573395158,0.08814852054565461,UNDERPOWERED
time_to_open,topology,"{'fault': 'CRS', 'window_type': 'TIM', 'threshold': '30', 'window_size': '20', 'wait': '30'}",topology=FAN,5.985666666666667,0.13479366948537783,3,topology=LIN,6.201333333333333,0.09889556781440408,3,FAN-CRS-TIM-T30-W20-D30,LIN-CRS-TIM-T30-W20-D30,main,-0.21566666666666645,0.6088209573395158,0.3542366011989918,UNDERPOWERED
time_to_open,topology,"{'fault': 'CRS', 'window_type': 'TIM', 'threshold': '30', 'window_size': '20', 'wait': '5'}",topology=FAN,6.1323333333333325,0.15124263067446747,3,topology=LIN,6.166,0.10948972554536772,3,FAN-CRS-TIM-T30-W20-D5,LIN-CRS-TIM-T30-W20-D5,main,-0.033666666666667844,0.6088209573395158,0.055298140218082624,UNDERPOWERED
time_to_open,topology,"{'fault': 'CRS', 'window_type': 'TIM', 'threshold': '30', 'window_size': '5', 'wait': '15'}",topology=FAN,1.587,0.10636493783197541,5,topology=LIN,1.4356,0.21211624171665874,5,FAN-CRS-TIM-T30-W5-D15,LIN-CRS-TIM-T30-W5-D15,tim_w5,0.15139999999999998,4.942600930300111,0.030631645592072324,UNDERPOWERED
time_to_open,topology,"{'fault': 'CRS', 'window_type': 'TIM', 'threshold': '30', 'window_size': '5', 'wait': '30'}",topology=FAN,1.5470000000000002,0.029899832775452127,5,topology=LIN,1.5338,0.11406664718488042,5,FAN-CRS-TIM-T30-W5-D30,LIN-CRS-TIM-T30-W5-D30,tim_w5,0.0132000000000001,4.942600930300111,0.002670658664566432,UNDERPOWERED
time_to_open,topology,"{'fault': 'CRS', 'window_type': 'TIM', 'threshold': '30', 'window_size': '5', 'wait': '5'}",topology=FAN,1.6398,0.13589407639775913,5,topology=LIN,1.5021999999999998,0.12935107266659984,5,FAN-CRS-TIM-T30-W5-D5,LIN-CRS-TIM-T30-W5-D5,tim_w5,0.13760000000000017,4.942600930300111,0.02783959335184384,UNDERPOWERED
time_to_open,topology,"{'fault': 'CRS', 'window_type': 'TIM', 'threshold': '50', 'window_size': '10', 'wait': '15'}",topology=FAN,5.062,0.2873168982151938,3,topology=LIN,4.453666666666667,1.0602831382858702,3,FAN-CRS-TIM-T50-W10-D15,LIN-CRS-TIM-T50-W10-D15,main,0.6083333333333334,0.6088209573395158,0.9991990682970027,BORDERLINE
time_to_open,topology,"{'fault': 'CRS', 'window_type': 'TIM', 'threshold': '50', 'window_size': '10', 'wait': '30'}",topology=FAN,4.820666666666667,0.12239825706820051,3,topology=LIN,5.056333333333334,0.11537908533756604,3,FAN-CRS-TIM-T50-W10-D30,LIN-CRS-TIM-T50-W10-D30,main,-0.2356666666666669,0.6088209573395158,0.38708698152656523,UNDERPOWERED
time_to_open,topology,"{'fault': 'CRS', 'window_type': 'TIM', 'threshold': '50', 'window_size': '10', 'wait': '5'}",topology=FAN,4.9033999999999995,0.20314477596039726,5,topology=LIN,5.0506,0.3306021778512658,5,FAN-CRS-TIM-T50-W10-D5,LIN-CRS-TIM-T50-W10-D5,main,-0.14720000000000066,0.6689266961603422,0.22005400718035736,UNDERPOWERED
time_to_open,topology,"{'fault': 'CRS', 'window_type': 'TIM', 'threshold': '50', 'window_size': '20', 'wait': '15'}",topology=FAN,10.142000000000001,0.0987724657989261,3,topology=LIN,9.951,0.11557248807566632,3,FAN-CRS-TIM-T50-W20-D15,LIN-CRS-TIM-T50-W20-D15,main,0.19100000000000072,0.6088209573395158,0.31372113212832037,UNDERPOWERED
time_to_open,topology,"{'fault': 'CRS', 'window_type': 'TIM', 'threshold': '50', 'window_size': '20', 'wait': '30'}",topology=FAN,9.935,0.1922420349455338,3,topology=LIN,9.975333333333332,0.17609751086637557,3,FAN-CRS-TIM-T50-W20-D30,LIN-CRS-TIM-T50-W20-D30,main,-0.04033333333333111,0.6088209573395158,0.0662482669939346,UNDERPOWERED
time_to_open,topology,"{'fault': 'CRS', 'window_type': 'TIM', 'threshold': '50', 'window_size': '20', 'wait': '5'}",topology=FAN,10.1618,0.10212100665387175,5,topology=LIN,9.941199999999998,0.15783757474061783,5,FAN-CRS-TIM-T50-W20-D5,LIN-CRS-TIM-T50-W20-D5,main,0.22060000000000102,0.6689266961603422,0.3297820243477367,UNDERPOWERED
time_to_open,topology,"{'fault': 'CRS', 'window_type': 'TIM', 'threshold': '50', 'window_size': '5', 'wait': '15'}",topology=FAN,2.368,0.1796329591138551,3,topology=LIN,2.3924,0.10219001908210013,5,FAN-CRS-TIM-T50-W5-D15,LIN-CRS-TIM-T50-W5-D15,tim_w5,-0.024399999999999977,4.502367769439337,0.005419370706591217,UNDERPOWERED
time_to_open,topology,"{'fault': 'CRS', 'window_type': 'TIM', 'threshold': '50', 'window_size': '5', 'wait': '30'}",topology=FAN,2.5029999999999997,0.18874586088176876,3,topology=LIN,2.1753333333333336,0.15910478727346117,3,FAN-CRS-TIM-T50-W5-D30,LIN-CRS-TIM-T50-W5-D30,tim_w5,0.3276666666666661,4.498488470269092,0.0728392812012844,UNDERPOWERED
time_to_open,topology,"{'fault': 'CRS', 'window_type': 'TIM', 'threshold': '50', 'window_size': '5', 'wait': '5'}",topology=FAN,2.5393333333333334,0.12040071982066126,3,topology=LIN,2.4753333333333334,0.21729319670282668,3,FAN-CRS-TIM-T50-W5-D5,LIN-CRS-TIM-T50-W5-D5,tim_w5,0.06400000000000006,4.498488470269092,0.014227001007778883,UNDERPOWERED
time_to_open,topology,"{'fault': 'CRS', 'window_type': 'TIM', 'threshold': '70', 'window_size': '10', 'wait': '15'}",topology=FAN,7.063666666666666,0.3265154411866812,3,topology=LIN,7.079666666666667,0.13254936187448535,3,FAN-CRS-TIM-T70-W10-D15,LIN-CRS-TIM-T70-W10-D15,main,-0.016000000000000902,0.6088209573395158,0.026280304262059632,UNDERPOWERED
time_to_open,topology,"{'fault': 'CRS', 'window_type': 'TIM', 'threshold': '70', 'window_size': '10', 'wait': '30'}",topology=FAN,7.116666666666667,0.12861700250485272,3,topology=LIN,6.729666666666667,0.12850810609970628,3,FAN-CRS-TIM-T70-W10-D30,LIN-CRS-TIM-T70-W10-D30,main,0.38700000000000045,0.6088209573395158,0.6356548593385323,UNDERPOWERED
time_to_open,topology,"{'fault': 'CRS', 'window_type': 'TIM', 'threshold': '70', 'window_size': '10', 'wait': '5'}",topology=FAN,6.916333333333334,0.28136512458606744,3,topology=LIN,6.927666666666667,0.15332427509475893,3,FAN-CRS-TIM-T70-W10-D5,LIN-CRS-TIM-T70-W10-D5,main,-0.011333333333332973,0.6088209573395158,0.018615215518957264,UNDERPOWERED
time_to_open,topology,"{'fault': 'CRS', 'window_type': 'TIM', 'threshold': '70', 'window_size': '20', 'wait': '15'}",topology=FAN,14.189333333333332,0.1400761697553627,3,topology=LIN,14.009666666666666,0.23873904861445125,3,FAN-CRS-TIM-T70-W20-D15,LIN-CRS-TIM-T70-W20-D15,main,0.17966666666666598,0.6088209573395158,0.2951059166093602,UNDERPOWERED
time_to_open,topology,"{'fault': 'CRS', 'window_type': 'TIM', 'threshold': '70', 'window_size': '20', 'wait': '30'}",topology=FAN,14.050333333333333,0.26263345813763606,3,topology=LIN,13.790999999999999,0.3697526200042399,3,FAN-CRS-TIM-T70-W20-D30,LIN-CRS-TIM-T70-W20-D30,main,0.2593333333333341,0.6088209573395158,0.42595993158086043,UNDERPOWERED
time_to_open,topology,"{'fault': 'CRS', 'window_type': 'TIM', 'threshold': '70', 'window_size': '20', 'wait': '5'}",topology=FAN,14.0752,0.2328662706361747,5,topology=LIN,14.0428,0.3235849193024915,5,FAN-CRS-TIM-T70-W20-D5,LIN-CRS-TIM-T70-W20-D5,main,0.03240000000000087,0.6689266961603422,0.048435800493503656,UNDERPOWERED
time_to_open,topology,"{'fault': 'CRS', 'window_type': 'TIM', 'threshold': '70', 'window_size': '5', 'wait': '15'}",topology=FAN,3.3303333333333334,0.16508280750378995,3,topology=LIN,3.0092,0.4458365171225885,5,FAN-CRS-TIM-T70-W5-D15,LIN-CRS-TIM-T70-W5-D15,tim_w5,0.3211333333333335,4.502367769439337,0.07132543358920745,UNDERPOWERED
time_to_open,topology,"{'fault': 'CRS', 'window_type': 'TIM', 'threshold': '70', 'window_size': '5', 'wait': '30'}",topology=FAN,3.432,0.10396634070698084,3,topology=LIN,3.3366666666666664,0.11323132664299822,3,FAN-CRS-TIM-T70-W5-D30,LIN-CRS-TIM-T70-W5-D30,tim_w5,0.09533333333333349,4.498488470269092,0.021192303584503976,UNDERPOWERED
time_to_open,topology,"{'fault': 'CRS', 'window_type': 'TIM', 'threshold': '70', 'window_size': '5', 'wait': '5'}",topology=FAN,3.1153333333333335,0.23678963941298892,3,topology=LIN,2.798666666666667,0.3262289584530062,3,FAN-CRS-TIM-T70-W5-D5,LIN-CRS-TIM-T70-W5-D5,tim_w5,0.31666666666666643,4.498488470269092,0.07039401540307248,UNDERPOWERED
time_to_open,topology,"{'fault': 'LAT', 'window_type': 'CNT', 'threshold': '30', 'window_size': '10', 'wait': '15'}",topology=FAN,3.4659999999999997,0.07129516112612408,5,topology=LIN,3.4454000000000002,0.0860976190146974,5,FAN-LAT-CNT-T30-W10-D15,LIN-LAT-CNT-T30-W10-D15,main,0.020599999999999508,0.6689266961603422,0.03079560154833718,UNDERPOWERED
time_to_open,topology,"{'fault': 'LAT', 'window_type': 'CNT', 'threshold': '30', 'window_size': '10', 'wait': '30'}",topology=FAN,3.4539999999999997,0.08358528578643488,5,topology=LIN,3.484,0.10331989159885895,3,FAN-LAT-CNT-T30-W10-D30,LIN-LAT-CNT-T30-W10-D30,main,-0.03000000000000025,0.6093459778325645,0.04923311401301088,UNDERPOWERED
time_to_open,topology,"{'fault': 'LAT', 'window_type': 'CNT', 'threshold': '30', 'window_size': '10', 'wait': '5'}",topology=FAN,3.4766,0.09395371200756251,5,topology=LIN,3.4313333333333333,0.07300228306932154,3,FAN-LAT-CNT-T30-W10-D5,LIN-LAT-CNT-T30-W10-D5,main,0.045266666666666566,0.6093459778325645,0.07428729869963119,UNDERPOWERED
time_to_open,topology,"{'fault': 'LAT', 'window_type': 'CNT', 'threshold': '30', 'window_size': '20', 'wait': '15'}",topology=FAN,6.2316666666666665,0.025166114784235766,3,topology=LIN,6.276000000000001,0.05833952348108447,5,FAN-LAT-CNT-T30-W20-D15,LIN-LAT-CNT-T30-W20-D15,main,-0.044333333333334224,0.6093459778325645,0.07275560181922805,UNDERPOWERED
time_to_open,topology,"{'fault': 'LAT', 'window_type': 'CNT', 'threshold': '30', 'window_size': '20', 'wait': '30'}",topology=FAN,6.243666666666666,0.020526405757787497,3,topology=LIN,6.335000000000001,0.06618912297349133,3,FAN-LAT-CNT-T30-W20-D30,LIN-LAT-CNT-T30-W20-D30,main,-0.09133333333333482,0.6088209573395158,0.15001673682925104,UNDERPOWERED
time_to_open,topology,"{'fault': 'LAT', 'window_type': 'CNT', 'threshold': '30', 'window_size': '20', 'wait': '5'}",topology=FAN,6.225666666666666,0.015821925715074667,3,topology=LIN,6.260000000000001,0.06322183167229503,3,FAN-LAT-CNT-T30-W20-D5,LIN-LAT-CNT-T30-W20-D5,main,-0.03433333333333444,0.6088209573395158,0.05639315289566826,UNDERPOWERED
time_to_open,topology,"{'fault': 'LAT', 'window_type': 'CNT', 'threshold': '30', 'window_size': '5', 'wait': '15'}",topology=FAN,3.412333333333333,0.1385003008420319,3,topology=LIN,3.469,0.10966084077737133,5,FAN-LAT-CNT-T30-W5-D15,LIN-LAT-CNT-T30-W5-D15,main,-0.05666666666666664,0.6093459778325645,0.0929958820245753,UNDERPOWERED
time_to_open,topology,"{'fault': 'LAT', 'window_type': 'CNT', 'threshold': '30', 'window_size': '5', 'wait': '30'}",topology=FAN,3.2622,0.037771682514815184,5,topology=LIN,3.372666666666666,0.05463820397243443,3,FAN-LAT-CNT-T30-W5-D30,LIN-LAT-CNT-T30-W5-D30,main,-0.11046666666666605,0.6093459778325645,0.18128726648790644,UNDERPOWERED
time_to_open,topology,"{'fault': 'LAT', 'window_type': 'CNT', 'threshold': '30', 'window_size': '5', 'wait': '5'}",topology=FAN,3.2725999999999997,0.02780827215056692,5,topology=LIN,3.3522,0.04745208109240319,5,FAN-LAT-CNT-T30-W5-D5,LIN-LAT-CNT-T30-W5-D5,main,-0.07960000000000012,0.6689266961603422,0.11899659627416027,UNDERPOWERED
time_to_open,topology,"{'fault': 'LAT', 'window_type': 'CNT', 'threshold': '50', 'window_size': '10', 'wait': '15'}",topology=FAN,3.654,0.10731495701904753,5,topology=LIN,3.6548000000000003,0.09785550572144625,5,FAN-LAT-CNT-T50-W10-D15,LIN-LAT-CNT-T50-W10-D15,main,-0.000800000000000356,0.6689266961603422,0.0011959456911981212,UNDERPOWERED
time_to_open,topology,"{'fault': 'LAT', 'window_type': 'CNT', 'threshold': '50', 'window_size': '10', 'wait': '30'}",topology=FAN,3.6643999999999997,0.13168067436036318,5,topology=LIN,3.6353333333333335,0.09377810689779018,3,FAN-LAT-CNT-T50-W10-D30,LIN-LAT-CNT-T50-W10-D30,main,0.02906666666666613,0.6093459778325645,0.04770141713260482,UNDERPOWERED
time_to_open,topology,"{'fault': 'LAT', 'window_type': 'CNT', 'threshold': '50', 'window_size': '10', 'wait': '5'}",topology=FAN,3.692,0.0986534337973089,5,topology=LIN,3.6006666666666667,0.045796651988255,3,FAN-LAT-CNT-T50-W10-D5,LIN-LAT-CNT-T50-W10-D5,main,0.09133333333333349,0.6093459778325645,0.14988748043960992,UNDERPOWERED
time_to_open,topology,"{'fault': 'LAT', 'window_type': 'CNT', 'threshold': '50', 'window_size': '20', 'wait': '15'}",topology=FAN,6.654333333333333,0.025026652459594536,3,topology=LIN,6.772333333333333,0.22311506747266813,3,FAN-LAT-CNT-T50-W20-D15,LIN-LAT-CNT-T50-W20-D15,main,-0.11800000000000033,0.6088209573395158,0.19381724393267938,UNDERPOWERED
time_to_open,topology,"{'fault': 'LAT', 'window_type': 'CNT', 'threshold': '50', 'window_size': '20', 'wait': '30'}",topology=FAN,6.7139999999999995,0.017521415467935304,3,topology=LIN,6.696333333333333,0.04760602202803079,3,FAN-LAT-CNT-T50-W20-D30,LIN-LAT-CNT-T50-W20-D30,main,0.01766666666666694,0.6088209573395158,0.029017835956022992,UNDERPOWERED
time_to_open,topology,"{'fault': 'LAT', 'window_type': 'CNT', 'threshold': '50', 'window_size': '20', 'wait': '5'}",topology=FAN,6.706666666666667,0.031085902485424838,3,topology=LIN,6.708333333333333,0.04244211744639239,3,FAN-LAT-CNT-T50-W20-D5,LIN-LAT-CNT-T50-W20-D5,main,-0.001666666666666039,0.6088209573395158,0.0027375316939633595,UNDERPOWERED
time_to_open,topology,"{'fault': 'LAT', 'window_type': 'CNT', 'threshold': '50', 'window_size': '5', 'wait': '15'}",topology=FAN,3.4284,0.0712481578709233,5,topology=LIN,3.4730000000000003,0.09936800289831732,5,FAN-LAT-CNT-T50-W5-D15,LIN-LAT-CNT-T50-W5-D15,main,-0.04460000000000042,0.6689266961603422,0.0666739722842662,UNDERPOWERED
time_to_open,topology,"{'fault': 'LAT', 'window_type': 'CNT', 'threshold': '50', 'window_size': '5', 'wait': '30'}",topology=FAN,3.3808,0.10857117481173358,5,topology=LIN,3.468,0.10633672930836263,5,FAN-LAT-CNT-T50-W5-D30,LIN-LAT-CNT-T50-W5-D30,main,-0.08720000000000017,0.6689266961603422,0.13035808034053745,UNDERPOWERED
time_to_open,topology,"{'fault': 'LAT', 'window_type': 'CNT', 'threshold': '50', 'window_size': '5', 'wait': '5'}",topology=FAN,3.4956000000000005,0.019165072397462894,5,topology=LIN,3.4698,0.044319296023289836,5,FAN-LAT-CNT-T50-W5-D5,LIN-LAT-CNT-T50-W5-D5,main,0.025800000000000267,0.6689266961603422,0.03856924854112264,UNDERPOWERED
time_to_open,topology,"{'fault': 'LAT', 'window_type': 'CNT', 'threshold': '70', 'window_size': '10', 'wait': '15'}",topology=FAN,6.3398,0.1053883295246677,5,topology=LIN,6.400200000000001,0.1603892141011982,5,FAN-LAT-CNT-T70-W10-D15,LIN-LAT-CNT-T70-W10-D15,main,-0.06040000000000045,0.6689266961603422,0.09029389968541865,UNDERPOWERED
time_to_open,topology,"{'fault': 'LAT', 'window_type': 'CNT', 'threshold': '70', 'window_size': '10', 'wait': '30'}",topology=FAN,6.3132,0.10158592422181323,5,topology=LIN,6.396333333333334,0.10756548393110743,3,FAN-LAT-CNT-T70-W10-D30,LIN-LAT-CNT-T70-W10-D30,main,-0.0831333333333335,0.6093459778325645,0.13643042927605376,UNDERPOWERED
time_to_open,topology,"{'fault': 'LAT', 'window_type': 'CNT', 'threshold': '70', 'window_size': '10', 'wait': '5'}",topology=FAN,6.3676,0.09343607440384054,5,topology=LIN,6.368333333333333,0.05063924696649165,3,FAN-LAT-CNT-T70-W10-D5,LIN-LAT-CNT-T70-W10-D5,main,-0.0007333333333328085,0.6093459778325645,0.0012034761203171724,UNDERPOWERED
time_to_open,topology,"{'fault': 'LAT', 'window_type': 'CNT', 'threshold': '70', 'window_size': '20', 'wait': '15'}",topology=FAN,9.6494,0.07110063290857567,5,topology=LIN,9.646666666666667,0.06375996654118793,3,FAN-LAT-CNT-T70-W20-D15,LIN-LAT-CNT-T70-W20-D15,main,0.0027333333333334764,0.6093459778325645,0.004485683721185634,UNDERPOWERED
time_to_open,topology,"{'fault': 'LAT', 'window_type': 'CNT', 'threshold': '70', 'window_size': '20', 'wait': '30'}",topology=FAN,9.5992,0.04306042266397313,5,topology=LIN,9.650333333333334,0.0840376899571456,3,FAN-LAT-CNT-T70-W20-D30,LIN-LAT-CNT-T70-W20-D30,main,-0.05113333333333436,0.6093459778325645,0.08391510766217732,UNDERPOWERED
time_to_open,topology,"{'fault': 'LAT', 'window_type': 'CNT', 'threshold': '70', 'window_size': '20', 'wait': '5'}",topology=FAN,9.648666666666665,0.05310681061157137,3,topology=LIN,9.62,0.0495681349255741,3,FAN-LAT-CNT-T70-W20-D5,LIN-LAT-CNT-T70-W20-D5,main,0.028666666666666174,0.6088209573395158,0.04708554513618671,UNDERPOWERED
time_to_open,topology,"{'fault': 'LAT', 'window_type': 'CNT', 'threshold': '70', 'window_size': '5', 'wait': '15'}",topology=FAN,3.5123999999999995,0.032913523056640394,5,topology=LIN,3.479,0.026419689627245904,5,FAN-LAT-CNT-T70-W5-D15,LIN-LAT-CNT-T70-W5-D15,main,0.03339999999999943,0.6689266961603422,0.04993073260749849,UNDERPOWERED
time_to_open,topology,"{'fault': 'LAT', 'window_type': 'CNT', 'threshold': '70', 'window_size': '5', 'wait': '30'}",topology=FAN,3.5314,0.04668297334146576,5,topology=LIN,3.564,0.042508822613664635,3,FAN-LAT-CNT-T70-W5-D30,LIN-LAT-CNT-T70-W5-D30,main,-0.03259999999999996,0.6093459778325645,0.05349998389413799,UNDERPOWERED
time_to_open,topology,"{'fault': 'LAT', 'window_type': 'CNT', 'threshold': '70', 'window_size': '5', 'wait': '5'}",topology=FAN,3.4949999999999997,0.02511971337416099,5,topology=LIN,3.637333333333333,0.052766782480395104,3,FAN-LAT-CNT-T70-W5-D5,LIN-LAT-CNT-T70-W5-D5,main,-0.1423333333333332,0.6093459778325645,0.23358377426172725,UNDERPOWERED
time_to_open,topology,"{'fault': 'LAT', 'window_type': 'TIM', 'threshold': '30', 'window_size': '10', 'wait': '15'}",topology=FAN,9.336666666666668,0.07748763342194248,3,topology=LIN,9.32,0.050566787519081675,3,FAN-LAT-TIM-T30-W10-D15,LIN-LAT-TIM-T30-W10-D15,main,0.016666666666667496,0.6088209573395158,0.027375316939645268,UNDERPOWERED
time_to_open,topology,"{'fault': 'LAT', 'window_type': 'TIM', 'threshold': '30', 'window_size': '10', 'wait': '30'}",topology=FAN,9.342,0.11775822688882491,3,topology=LIN,9.406666666666668,0.13328665849714105,3,FAN-LAT-TIM-T30-W10-D30,LIN-LAT-TIM-T30-W10-D30,main,-0.06466666666666754,0.6088209573395158,0.10621622972581979,UNDERPOWERED
time_to_open,topology,"{'fault': 'LAT', 'window_type': 'TIM', 'threshold': '30', 'window_size': '10', 'wait': '5'}",topology=FAN,9.347666666666667,0.025929391302792634,3,topology=LIN,9.3348,0.04681559569203428,5,FAN-LAT-TIM-T30-W10-D5,LIN-LAT-TIM-T30-W10-D5,main,0.01286666666666747,0.6093459778325645,0.021115535565581364,UNDERPOWERED
time_to_open,topology,"{'fault': 'LAT', 'window_type': 'TIM', 'threshold': '30', 'window_size': '20', 'wait': '15'}",topology=FAN,15.305666666666667,0.05167526810122364,3,topology=LIN,15.430000000000001,0.1013854032886389,3,FAN-LAT-TIM-T30-W20-D15,LIN-LAT-TIM-T30-W20-D15,main,-0.1243333333333343,0.6088209573395158,0.20421986436974512,UNDERPOWERED
time_to_open,topology,"{'fault': 'LAT', 'window_type': 'TIM', 'threshold': '30', 'window_size': '20', 'wait': '30'}",topology=FAN,15.293666666666667,0.018823743871327122,3,topology=LIN,15.421666666666667,0.15580222505899405,3,FAN-LAT-TIM-T30-W20-D30,LIN-LAT-TIM-T30-W20-D30,main,-0.1280000000000001,0.6088209573395158,0.2102424340964654,UNDERPOWERED
time_to_open,topology,"{'fault': 'LAT', 'window_type': 'TIM', 'threshold': '30', 'window_size': '20', 'wait': '5'}",topology=FAN,15.450333333333333,0.057761001838032885,3,topology=LIN,15.489666666666666,0.15487199015100606,3,FAN-LAT-TIM-T30-W20-D5,LIN-LAT-TIM-T30-W20-D5,main,-0.03933333333333344,0.6088209573395158,0.0646057479775598,UNDERPOWERED
time_to_open,topology,"{'fault': 'LAT', 'window_type': 'TIM', 'threshold': '30', 'window_size': '5', 'wait': '15'}",topology=FAN,4.6129999999999995,1.4835651317013354,5,topology=LIN,4.0834,1.2062619118582827,5,FAN-LAT-TIM-T30-W5-D15,LIN-LAT-TIM-T30-W5-D15,tim_w5,0.5295999999999994,4.942600930300111,0.10715006278442198,UNDERPOWERED
time_to_open,topology,"{'fault': 'LAT', 'window_type': 'TIM', 'threshold': '30', 'window_size': '5', 'wait': '30'}",topology=FAN,4.111,1.2098371791278362,5,topology=LIN,3.6406,0.13364243338101858,5,FAN-LAT-TIM-T30-W5-D30,LIN-LAT-TIM-T30-W5-D30,tim_w5,0.4703999999999997,4.942600930300111,0.09517256331909389,UNDERPOWERED
time_to_open,topology,"{'fault': 'LAT', 'window_type': 'TIM', 'threshold': '30', 'window_size': '5', 'wait': '5'}",topology=FAN,4.0526,1.2010648608630592,5,topology=LIN,4.143800000000001,1.2891686080571463,5,FAN-LAT-TIM-T30-W5-D5,LIN-LAT-TIM-T30-W5-D5,tim_w5,-0.09120000000000061,4.942600930300111,0.01845182350064079,UNDERPOWERED
time_to_open,topology,"{'fault': 'LAT', 'window_type': 'TIM', 'threshold': '50', 'window_size': '10', 'wait': '15'}",topology=FAN,9.327666666666667,0.11278445519367174,3,topology=LIN,9.300333333333333,0.16023836411213513,3,FAN-LAT-TIM-T50-W10-D15,LIN-LAT-TIM-T50-W10-D15,main,0.027333333333334764,0.6088209573395158,0.044895519781018356,UNDERPOWERED
time_to_open,topology,"{'fault': 'LAT', 'window_type': 'TIM', 'threshold': '50', 'window_size': '10', 'wait': '30'}",topology=FAN,9.260333333333334,0.05008326400438918,3,topology=LIN,9.280666666666667,0.0692122339860036,3,FAN-LAT-TIM-T50-W10-D30,LIN-LAT-TIM-T50-W10-D30,main,-0.020333333333333314,0.6088209573395158,0.033397886666365534,UNDERPOWERED
time_to_open,topology,"{'fault': 'LAT', 'window_type': 'TIM', 'threshold': '50', 'window_size': '10', 'wait': '5'}",topology=FAN,9.198666666666668,0.04705670338361342,3,topology=LIN,9.402666666666667,0.0776938435999489,3,FAN-LAT-TIM-T50-W10-D5,LIN-LAT-TIM-T50-W10-D5,main,-0.20399999999999885,0.6088209573395158,0.3350738793412395,UNDERPOWERED
time_to_open,topology,"{'fault': 'LAT', 'window_type': 'TIM', 'threshold': '50', 'window_size': '20', 'wait': '15'}",topology=FAN,18.464666666666666,0.12164017976529506,3,topology=LIN,18.397666666666666,0.09144579450873337,3,FAN-LAT-TIM-T50-W20-D15,LIN-LAT-TIM-T50-W20-D15,main,0.06700000000000017,0.6088209573395158,0.11004877409736878,UNDERPOWERED
time_to_open,topology,"{'fault': 'LAT', 'window_type': 'TIM', 'threshold': '50', 'window_size': '20', 'wait': '30'}",topology=FAN,18.43133333333333,0.08503136676152796,3,topology=LIN,18.396333333333335,0.03403429642776946,3,FAN-LAT-TIM-T50-W20-D30,LIN-LAT-TIM-T50-W20-D30,main,0.03499999999999659,0.6088209573395158,0.057488165573246604,UNDERPOWERED
time_to_open,topology,"{'fault': 'LAT', 'window_type': 'TIM', 'threshold': '50', 'window_size': '20', 'wait': '5'}",topology=FAN,18.46466666666667,0.08899625460283987,3,topology=LIN,18.4316,0.09923860136055912,5,FAN-LAT-TIM-T50-W20-D5,LIN-LAT-TIM-T50-W20-D5,main,0.03306666666667013,0.6093459778325645,0.05426583233434611,UNDERPOWERED
time_to_open,topology,"{'fault': 'LAT', 'window_type': 'TIM', 'threshold': '50', 'window_size': '5', 'wait': '15'}",topology=FAN,6.218666666666667,0.042477444995353934,3,topology=LIN,4.686,1.536631543344077,5,FAN-LAT-TIM-T50-W5-D15,LIN-LAT-TIM-T50-W5-D15,tim_w5,1.5326666666666666,4.502367769439337,0.3404134768976289,UNDERPOWERED
time_to_open,topology,"{'fault': 'LAT', 'window_type': 'TIM', 'threshold': '50', 'window_size': '5', 'wait': '30'}",topology=FAN,4.6854,1.505225331968606,5,topology=LIN,4.667999999999999,1.5063108908854108,5,FAN-LAT-TIM-T50-W5-D30,LIN-LAT-TIM-T50-W5-D30,tim_w5,0.017400000000000304,4.942600930300111,0.0035204136942012408,UNDERPOWERED
time_to_open,topology,"{'fault': 'LAT', 'window_type': 'TIM', 'threshold': '50', 'window_size': '5', 'wait': '5'}",topology=FAN,5.205399999999999,1.4210671342339882,5,topology=LIN,4.658799999999999,1.4313503065287685,5,FAN-LAT-TIM-T50-W5-D5,LIN-LAT-TIM-T50-W5-D5,tim_w5,0.5465999999999998,4.942600930300111,0.11058954742818182,UNDERPOWERED
time_to_open,topology,"{'fault': 'LAT', 'window_type': 'TIM', 'threshold': '70', 'window_size': '10', 'wait': '15'}",topology=FAN,9.335666666666667,0.11403654385035222,3,topology=LIN,9.294666666666666,0.04742713709821948,3,FAN-LAT-TIM-T70-W10-D15,LIN-LAT-TIM-T70-W10-D15,main,0.04100000000000037,0.6088209573395158,0.06734327967152462,UNDERPOWERED
time_to_open,topology,"{'fault': 'LAT', 'window_type': 'TIM', 'threshold': '70', 'window_size': '10', 'wait': '30'}",topology=FAN,9.231666666666667,0.002516611478423953,3,topology=LIN,9.307,0.09142756695876884,3,FAN-LAT-TIM-T70-W10-D30,LIN-LAT-TIM-T70-W10-D30,main,-0.07533333333333303,0.6088209573395158,0.12373643256718996,UNDERPOWERED
time_to_open,topology,"{'fault': 'LAT', 'window_type': 'TIM', 'threshold': '70', 'window_size': '10', 'wait': '5'}",topology=FAN,9.328666666666665,0.1505135652801206,3,topology=LIN,9.237666666666668,0.012897028081435646,3,FAN-LAT-TIM-T70-W10-D5,LIN-LAT-TIM-T70-W10-D5,main,0.09099999999999753,0.6088209573395158,0.14946923049045166,UNDERPOWERED
time_to_open,topology,"{'fault': 'LAT', 'window_type': 'TIM', 'threshold': '70', 'window_size': '20', 'wait': '15'}",topology=FAN,18.591666666666665,0.1312148365594889,3,topology=LIN,18.451333333333334,0.008082903768654384,3,FAN-LAT-TIM-T70-W20-D15,LIN-LAT-TIM-T70-W20-D15,main,0.14033333333333076,0.6088209573395158,0.23050016863179745,UNDERPOWERED
time_to_open,topology,"{'fault': 'LAT', 'window_type': 'TIM', 'threshold': '70', 'window_size': '20', 'wait': '30'}",topology=FAN,18.506,0.1132210227828739,3,topology=LIN,18.373666666666665,0.06902415036299535,3,FAN-LAT-TIM-T70-W20-D30,LIN-LAT-TIM-T70-W20-D30,main,0.1323333333333352,0.6088209573395158,0.21736001650077566,UNDERPOWERED
time_to_open,topology,"{'fault': 'LAT', 'window_type': 'TIM', 'threshold': '70', 'window_size': '20', 'wait': '5'}",topology=FAN,18.550666666666668,0.05412331598612103,3,topology=LIN,18.420666666666666,0.09187128677303567,3,FAN-LAT-TIM-T70-W20-D5,LIN-LAT-TIM-T70-W20-D5,main,0.13000000000000256,0.6088209573395158,0.21352747212922668,UNDERPOWERED
time_to_open,topology,"{'fault': 'LAT', 'window_type': 'TIM', 'threshold': '70', 'window_size': '5', 'wait': '15'}",topology=FAN,5.6582,1.1982919927964133,5,topology=LIN,4.2484,1.1521259913742072,5,FAN-LAT-TIM-T70-W5-D15,LIN-LAT-TIM-T70-W5-D15,tim_w5,1.4097999999999997,4.942600930300111,0.28523443828073686,UNDERPOWERED
time_to_open,topology,"{'fault': 'LAT', 'window_type': 'TIM', 'threshold': '70', 'window_size': '5', 'wait': '30'}",topology=FAN,5.586666666666667,1.024817219475421,3,topology=LIN,5.643199999999999,1.1980916909819548,5,FAN-LAT-TIM-T70-W5-D30,LIN-LAT-TIM-T70-W5-D30,tim_w5,-0.056533333333332436,4.502367769439337,0.012556356172648313,UNDERPOWERED
time_to_open,topology,"{'fault': 'LAT', 'window_type': 'TIM', 'threshold': '70', 'window_size': '5', 'wait': '5'}",topology=FAN,5.156000000000001,1.476325844791725,5,topology=LIN,5.292,1.415048939083027,5,FAN-LAT-TIM-T70-W5-D5,LIN-LAT-TIM-T70-W5-D5,tim_w5,-0.13599999999999923,4.942600930300111,0.027515877150078027,UNDERPOWERED
time_to_open,wait,"{'topology': 'FAN', 'fault': 'CRS', 'window_type': 'CNT', 'threshold': '30', 'window_size': '10'}",wait=15,0.29860000000000003,0.014876155417311283,5,wait=30,0.287,0.0069999999999999785,3,FAN-CRS-CNT-T30-W10-D15,FAN-CRS-CNT-T30-W10-D30,main,0.011600000000000055,0.6093459778325645,0.019036804085030806,UNDERPOWERED
time_to_open,wait,"{'topology': 'FAN', 'fault': 'CRS', 'window_type': 'CNT', 'threshold': '30', 'window_size': '10'}",wait=15,0.29860000000000003,0.014876155417311283,5,wait=5,0.29466666666666663,0.006506407098647718,3,FAN-CRS-CNT-T30-W10-D15,FAN-CRS-CNT-T30-W10-D5,main,0.0039333333333334,0.6093459778325645,0.006455008281705927,UNDERPOWERED
time_to_open,wait,"{'topology': 'FAN', 'fault': 'CRS', 'window_type': 'CNT', 'threshold': '30', 'window_size': '10'}",wait=30,0.287,0.0069999999999999785,3,wait=5,0.29466666666666663,0.006506407098647718,3,FAN-CRS-CNT-T30-W10-D30,FAN-CRS-CNT-T30-W10-D5,main,-0.007666666666666655,0.6088209573395158,0.012592645792236177,UNDERPOWERED
time_to_open,wait,"{'topology': 'FAN', 'fault': 'CRS', 'window_type': 'CNT', 'threshold': '30', 'window_size': '20'}",wait=15,0.40259999999999996,0.11932644300405508,5,wait=30,0.30033333333333334,0.006110100926607792,3,FAN-CRS-CNT-T30-W20-D15,FAN-CRS-CNT-T30-W20-D30,main,0.10226666666666662,0.6093459778325645,0.16783021532435116,UNDERPOWERED
time_to_open,wait,"{'topology': 'FAN', 'fault': 'CRS', 'window_type': 'CNT', 'threshold': '30', 'window_size': '20'}",wait=15,0.40259999999999996,0.11932644300405508,5,wait=5,0.36600000000000005,0.13683566786477863,3,FAN-CRS-CNT-T30-W20-D15,FAN-CRS-CNT-T30-W20-D5,main,0.03659999999999991,0.6093459778325645,0.06006439909587263,UNDERPOWERED
time_to_open,wait,"{'topology': 'FAN', 'fault': 'CRS', 'window_type': 'CNT', 'threshold': '30', 'window_size': '20'}",wait=30,0.30033333333333334,0.006110100926607792,3,wait=5,0.36600000000000005,0.13683566786477863,3,FAN-CRS-CNT-T30-W20-D30,FAN-CRS-CNT-T30-W20-D5,main,-0.0656666666666667,0.6088209573395158,0.10785874874219706,UNDERPOWERED
time_to_open,wait,"{'topology': 'FAN', 'fault': 'CRS', 'window_type': 'CNT', 'threshold': '30', 'window_size': '5'}",wait=15,0.3102,0.019537144110642186,5,wait=30,0.2972,0.0097313925005623,5,FAN-CRS-CNT-T30-W5-D15,FAN-CRS-CNT-T30-W5-D30,main,0.012999999999999956,0.6689266961603422,0.019434117481960753,UNDERPOWERED
time_to_open,wait,"{'topology': 'FAN', 'fault': 'CRS', 'window_type': 'CNT', 'threshold': '30', 'window_size': '5'}",wait=15,0.3102,0.019537144110642186,5,wait=5,0.2868,0.00511859355682788,5,FAN-CRS-CNT-T30-W5-D15,FAN-CRS-CNT-T30-W5-D5,main,0.023399999999999976,0.6689266961603422,0.03498141146752944,UNDERPOWERED
time_to_open,wait,"{'topology': 'FAN', 'fault': 'CRS', 'window_type': 'CNT', 'threshold': '30', 'window_size': '5'}",wait=30,0.2972,0.0097313925005623,5,wait=5,0.2868,0.00511859355682788,5,FAN-CRS-CNT-T30-W5-D30,FAN-CRS-CNT-T30-W5-D5,main,0.01040000000000002,0.6689266961603422,0.015547293985568688,UNDERPOWERED
time_to_open,wait,"{'topology': 'FAN', 'fault': 'CRS', 'window_type': 'CNT', 'threshold': '50', 'window_size': '10'}",wait=15,0.3508,0.1069845783279067,5,wait=30,0.295,0.006000000000000005,3,FAN-CRS-CNT-T50-W10-D15,FAN-CRS-CNT-T50-W10-D30,main,0.055800000000000016,0.6093459778325645,0.0915735920641995,UNDERPOWERED
time_to_open,wait,"{'topology': 'FAN', 'fault': 'CRS', 'window_type': 'CNT', 'threshold': '50', 'window_size': '10'}",wait=15,0.3508,0.1069845783279067,5,wait=5,0.38166666666666665,0.1475138411584938,3,FAN-CRS-CNT-T50-W10-D15,FAN-CRS-CNT-T50-W10-D5,main,-0.030866666666666653,0.6093459778325645,0.05065540397338631,UNDERPOWERED
time_to_open,wait,"{'topology': 'FAN', 'fault': 'CRS', 'window_type': 'CNT', 'threshold': '50', 'window_size': '10'}",wait=30,0.295,0.006000000000000005,3,wait=5,0.38166666666666665,0.1475138411584938,3,FAN-CRS-CNT-T50-W10-D30,FAN-CRS-CNT-T50-W10-D5,main,-0.08666666666666667,0.6088209573395158,0.1423516480861483,UNDERPOWERED
time_to_open,wait,"{'topology': 'FAN', 'fault': 'CRS', 'window_type': 'CNT', 'threshold': '50', 'window_size': '20'}",wait=15,0.556,0.03517101079013792,3,wait=30,0.5486666666666667,0.008962886439832509,3,FAN-CRS-CNT-T50-W20-D15,FAN-CRS-CNT-T50-W20-D30,main,0.007333333333333303,0.6088209573395158,0.012045139453443269,UNDERPOWERED
time_to_open,wait,"{'topology': 'FAN', 'fault': 'CRS', 'window_type': 'CNT', 'threshold': '50', 'window_size': '20'}",wait=15,0.556,0.03517101079013792,3,wait=5,0.5413333333333333,0.011590225767142482,3,FAN-CRS-CNT-T50-W20-D15,FAN-CRS-CNT-T50-W20-D5,main,0.014666666666666717,0.6088209573395158,0.024090278906886718,UNDERPOWERED
time_to_open,wait,"{'topology': 'FAN', 'fault': 'CRS', 'window_type': 'CNT', 'threshold': '50', 'window_size': '20'}",wait=30,0.5486666666666667,0.008962886439832509,3,wait=5,0.5413333333333333,0.011590225767142482,3,FAN-CRS-CNT-T50-W20-D30,FAN-CRS-CNT-T50-W20-D5,main,0.007333333333333414,0.6088209573395158,0.012045139453443451,UNDERPOWERED
time_to_open,wait,"{'topology': 'FAN', 'fault': 'CRS', 'window_type': 'CNT', 'threshold': '50', 'window_size': '5'}",wait=15,0.29519999999999996,0.011233877335986905,5,wait=30,0.31,0.022538855339169307,3,FAN-CRS-CNT-T50-W5-D15,FAN-CRS-CNT-T50-W5-D30,main,-0.014800000000000035,0.6093459778325645,0.024288336246418556,UNDERPOWERED
time_to_open,wait,"{'topology': 'FAN', 'fault': 'CRS', 'window_type': 'CNT', 'threshold': '50', 'window_size': '5'}",wait=15,0.29519999999999996,0.011233877335986905,5,wait=5,0.30066666666666664,0.021548395145192,3,FAN-CRS-CNT-T50-W5-D15,FAN-CRS-CNT-T50-W5-D5,main,-0.005466666666666675,0.6093459778325645,0.008971367442370811,UNDERPOWERED
time_to_open,wait,"{'topology': 'FAN', 'fault': 'CRS', 'window_type': 'CNT', 'threshold': '50', 'window_size': '5'}",wait=30,0.31,0.022538855339169307,3,wait=5,0.30066666666666664,0.021548395145192,3,FAN-CRS-CNT-T50-W5-D30,FAN-CRS-CNT-T50-W5-D5,main,0.00933333333333336,0.6088209573395158,0.01533017748620063,UNDERPOWERED
time_to_open,wait,"{'topology': 'FAN', 'fault': 'CRS', 'window_type': 'CNT', 'threshold': '70', 'window_size': '10'}",wait=15,0.546,0.012903487900563915,5,wait=30,0.5670000000000001,0.041581245772583555,3,FAN-CRS-CNT-T70-W10-D15,FAN-CRS-CNT-T70-W10-D30,main,-0.02100000000000002,0.6093459778325645,0.03446317980910736,UNDERPOWERED
time_to_open,wait,"{'topology': 'FAN', 'fault': 'CRS', 'window_type': 'CNT', 'threshold': '70', 'window_size': '10'}",wait=15,0.546,0.012903487900563915,5,wait=5,0.547,0.010583005244258372,3,FAN-CRS-CNT-T70-W10-D15,FAN-CRS-CNT-T70-W10-D5,main,-0.0010000000000000009,0.6093459778325645,0.0016411038004336838,UNDERPOWERED
time_to_open,wait,"{'topology': 'FAN', 'fault': 'CRS', 'window_type': 'CNT', 'threshold': '70', 'window_size': '10'}",wait=30,0.5670000000000001,0.041581245772583555,3,wait=5,0.547,0.010583005244258372,3,FAN-CRS-CNT-T70-W10-D30,FAN-CRS-CNT-T70-W10-D5,main,0.020000000000000018,0.6088209573395158,0.03285038032757272,UNDERPOWERED
time_to_open,wait,"{'topology': 'FAN', 'fault': 'CRS', 'window_type': 'CNT', 'threshold': '70', 'window_size': '20'}",wait=15,0.8306666666666667,0.032347076117221665,3,wait=30,0.7943333333333333,0.014011899704655814,3,FAN-CRS-CNT-T70-W20-D15,FAN-CRS-CNT-T70-W20-D30,main,0.03633333333333333,0.6088209573395158,0.059678190928423705,UNDERPOWERED
time_to_open,wait,"{'topology': 'FAN', 'fault': 'CRS', 'window_type': 'CNT', 'threshold': '70', 'window_size': '20'}",wait=15,0.8306666666666667,0.032347076117221665,3,wait=5,0.7936666666666667,0.01950213663508006,3,FAN-CRS-CNT-T70-W20-D15,FAN-CRS-CNT-T70-W20-D5,main,0.03699999999999992,0.6088209573395158,0.060773203606009345,UNDERPOWERED
time_to_open,wait,"{'topology': 'FAN', 'fault': 'CRS', 'window_type': 'CNT', 'threshold': '70', 'window_size': '20'}",wait=30,0.7943333333333333,0.014011899704655814,3,wait=5,0.7936666666666667,0.01950213663508006,3,FAN-CRS-CNT-T70-W20-D30,FAN-CRS-CNT-T70-W20-D5,main,0.0006666666666665932,0.6088209573395158,0.0010950126775856356,UNDERPOWERED
time_to_open,wait,"{'topology': 'FAN', 'fault': 'CRS', 'window_type': 'CNT', 'threshold': '70', 'window_size': '5'}",wait=15,0.296,0.008031189202104513,5,wait=30,0.2913333333333333,0.0023094010767585054,3,FAN-CRS-CNT-T70-W5-D15,FAN-CRS-CNT-T70-W5-D30,main,0.004666666666666708,0.6093459778325645,0.007658484402023919,UNDERPOWERED
time_to_open,wait,"{'topology': 'FAN', 'fault': 'CRS', 'window_type': 'CNT', 'threshold': '70', 'window_size': '5'}",wait=15,0.296,0.008031189202104513,5,wait=5,0.301,0.020518284528683182,3,FAN-CRS-CNT-T70-W5-D15,FAN-CRS-CNT-T70-W5-D5,main,-0.0050000000000000044,0.6093459778325645,0.00820551900216842,UNDERPOWERED
time_to_open,wait,"{'topology': 'FAN', 'fault': 'CRS', 'window_type': 'CNT', 'threshold': '70', 'window_size': '5'}",wait=30,0.2913333333333333,0.0023094010767585054,3,wait=5,0.301,0.020518284528683182,3,FAN-CRS-CNT-T70-W5-D30,FAN-CRS-CNT-T70-W5-D5,main,-0.009666666666666712,0.6088209573395158,0.01587768382499354,UNDERPOWERED
time_to_open,wait,"{'topology': 'FAN', 'fault': 'CRS', 'window_type': 'TIM', 'threshold': '30', 'window_size': '10'}",wait=15,3.097,0.06919537556802463,3,wait=30,3.1956666666666664,0.21038377630733157,3,FAN-CRS-TIM-T30-W10-D15,FAN-CRS-TIM-T30-W10-D30,main,-0.09866666666666646,0.6088209573395158,0.16206187628269159,UNDERPOWERED
time_to_open,wait,"{'topology': 'FAN', 'fault': 'CRS', 'window_type': 'TIM', 'threshold': '30', 'window_size': '10'}",wait=15,3.097,0.06919537556802463,3,wait=5,3.0513333333333335,0.10984231121627643,3,FAN-CRS-TIM-T30-W10-D15,FAN-CRS-TIM-T30-W10-D5,main,0.04566666666666652,0.6088209573395158,0.07500836841462406,UNDERPOWERED
time_to_open,wait,"{'topology': 'FAN', 'fault': 'CRS', 'window_type': 'TIM', 'threshold': '30', 'window_size': '10'}",wait=30,3.1956666666666664,0.21038377630733157,3,wait=5,3.0513333333333335,0.10984231121627643,3,FAN-CRS-TIM-T30-W10-D30,FAN-CRS-TIM-T30-W10-D5,main,0.14433333333333298,0.6088209573395158,0.23707024469731564,UNDERPOWERED
time_to_open,wait,"{'topology': 'FAN', 'fault': 'CRS', 'window_type': 'TIM', 'threshold': '30', 'window_size': '20'}",wait=15,6.126,0.14405554484295277,3,wait=30,5.985666666666667,0.13479366948537783,3,FAN-CRS-TIM-T30-W20-D15,FAN-CRS-TIM-T30-W20-D30,main,0.14033333333333342,0.6088209573395158,0.23050016863180184,UNDERPOWERED
time_to_open,wait,"{'topology': 'FAN', 'fault': 'CRS', 'window_type': 'TIM', 'threshold': '30', 'window_size': '20'}",wait=15,6.126,0.14405554484295277,3,wait=5,6.1323333333333325,0.15124263067446747,3,FAN-CRS-TIM-T30-W20-D15,FAN-CRS-TIM-T30-W20-D5,main,-0.006333333333332192,0.6088209573395158,0.010402620437062809,UNDERPOWERED
time_to_open,wait,"{'topology': 'FAN', 'fault': 'CRS', 'window_type': 'TIM', 'threshold': '30', 'window_size': '20'}",wait=30,5.985666666666667,0.13479366948537783,3,wait=5,6.1323333333333325,0.15124263067446747,3,FAN-CRS-TIM-T30-W20-D30,FAN-CRS-TIM-T30-W20-D5,main,-0.1466666666666656,0.6088209573395158,0.24090278906886464,UNDERPOWERED
time_to_open,wait,"{'topology': 'FAN', 'fault': 'CRS', 'window_type': 'TIM', 'threshold': '30', 'window_size': '5'}",wait=15,1.587,0.10636493783197541,5,wait=30,1.5470000000000002,0.029899832775452127,5,FAN-CRS-TIM-T30-W5-D15,FAN-CRS-TIM-T30-W5-D30,tim_w5,0.039999999999999813,4.942600930300111,0.008092905044140604,UNDERPOWERED
time_to_open,wait,"{'topology': 'FAN', 'fault': 'CRS', 'window_type': 'TIM', 'threshold': '30', 'window_size': '5'}",wait=15,1.587,0.10636493783197541,5,wait=5,1.6398,0.13589407639775913,5,FAN-CRS-TIM-T30-W5-D15,FAN-CRS-TIM-T30-W5-D5,tim_w5,-0.05279999999999996,4.942600930300111,0.010682634658265638,UNDERPOWERED
time_to_open,wait,"{'topology': 'FAN', 'fault': 'CRS', 'window_type': 'TIM', 'threshold': '30', 'window_size': '5'}",wait=30,1.5470000000000002,0.029899832775452127,5,wait=5,1.6398,0.13589407639775913,5,FAN-CRS-TIM-T30-W5-D30,FAN-CRS-TIM-T30-W5-D5,tim_w5,-0.09279999999999977,4.942600930300111,0.01877553970240624,UNDERPOWERED
time_to_open,wait,"{'topology': 'FAN', 'fault': 'CRS', 'window_type': 'TIM', 'threshold': '50', 'window_size': '10'}",wait=15,5.062,0.2873168982151938,3,wait=30,4.820666666666667,0.12239825706820051,3,FAN-CRS-TIM-T50-W10-D15,FAN-CRS-TIM-T50-W10-D30,main,0.2413333333333334,0.6088209573395158,0.3963945892860439,UNDERPOWERED
time_to_open,wait,"{'topology': 'FAN', 'fault': 'CRS', 'window_type': 'TIM', 'threshold': '50', 'window_size': '10'}",wait=15,5.062,0.2873168982151938,3,wait=5,4.9033999999999995,0.20314477596039726,5,FAN-CRS-TIM-T50-W10-D15,FAN-CRS-TIM-T50-W10-D5,main,0.15860000000000074,0.6093459778325645,0.26027906274878326,UNDERPOWERED
time_to_open,wait,"{'topology': 'FAN', 'fault': 'CRS', 'window_type': 'TIM', 'threshold': '50', 'window_size': '10'}",wait=30,4.820666666666667,0.12239825706820051,3,wait=5,4.9033999999999995,0.20314477596039726,5,FAN-CRS-TIM-T50-W10-D30,FAN-CRS-TIM-T50-W10-D5,main,-0.08273333333333266,0.6093459778325645,0.13577398775587887,UNDERPOWERED
time_to_open,wait,"{'topology': 'FAN', 'fault': 'CRS', 'window_type': 'TIM', 'threshold': '50', 'window_size': '20'}",wait=15,10.142000000000001,0.0987724657989261,3,wait=30,9.935,0.1922420349455338,3,FAN-CRS-TIM-T50-W20-D15,FAN-CRS-TIM-T50-W20-D30,main,0.20700000000000074,0.6088209573395158,0.3400014363903785,UNDERPOWERED
time_to_open,wait,"{'topology': 'FAN', 'fault': 'CRS', 'window_type': 'TIM', 'threshold': '50', 'window_size': '20'}",wait=15,10.142000000000001,0.0987724657989261,3,wait=5,10.1618,0.10212100665387175,5,FAN-CRS-TIM-T50-W20-D15,FAN-CRS-TIM-T50-W20-D5,main,-0.019799999999998263,0.6093459778325645,0.032493855248584065,UNDERPOWERED
time_to_open,wait,"{'topology': 'FAN', 'fault': 'CRS', 'window_type': 'TIM', 'threshold': '50', 'window_size': '20'}",wait=30,9.935,0.1922420349455338,3,wait=5,10.1618,0.10212100665387175,5,FAN-CRS-TIM-T50-W20-D30,FAN-CRS-TIM-T50-W20-D5,main,-0.226799999999999,0.6093459778325645,0.37220234193835755,UNDERPOWERED
time_to_open,wait,"{'topology': 'FAN', 'fault': 'CRS', 'window_type': 'TIM', 'threshold': '50', 'window_size': '5'}",wait=15,2.368,0.1796329591138551,3,wait=30,2.5029999999999997,0.18874586088176876,3,FAN-CRS-TIM-T50-W5-D15,FAN-CRS-TIM-T50-W5-D30,tim_w5,-0.1349999999999998,4.498488470269092,0.030010080250783507,UNDERPOWERED
time_to_open,wait,"{'topology': 'FAN', 'fault': 'CRS', 'window_type': 'TIM', 'threshold': '50', 'window_size': '5'}",wait=15,2.368,0.1796329591138551,3,wait=5,2.5393333333333334,0.12040071982066126,3,FAN-CRS-TIM-T50-W5-D15,FAN-CRS-TIM-T50-W5-D5,tim_w5,-0.17133333333333356,4.498488470269092,0.0380868672812414,UNDERPOWERED
time_to_open,wait,"{'topology': 'FAN', 'fault': 'CRS', 'window_type': 'TIM', 'threshold': '50', 'window_size': '5'}",wait=30,2.5029999999999997,0.18874586088176876,3,wait=5,2.5393333333333334,0.12040071982066126,3,FAN-CRS-TIM-T50-W5-D30,FAN-CRS-TIM-T50-W5-D5,tim_w5,-0.03633333333333377,4.498488470269092,0.008076787030457893,UNDERPOWERED
time_to_open,wait,"{'topology': 'FAN', 'fault': 'CRS', 'window_type': 'TIM', 'threshold': '70', 'window_size': '10'}",wait=15,7.063666666666666,0.3265154411866812,3,wait=30,7.116666666666667,0.12861700250485272,3,FAN-CRS-TIM-T70-W10-D15,FAN-CRS-TIM-T70-W10-D30,main,-0.053000000000000824,0.6088209573395158,0.08705350786806898,UNDERPOWERED
time_to_open,wait,"{'topology': 'FAN', 'fault': 'CRS', 'window_type': 'TIM', 'threshold': '70', 'window_size': '10'}",wait=15,7.063666666666666,0.3265154411866812,3,wait=5,6.916333333333334,0.28136512458606744,3,FAN-CRS-TIM-T70-W10-D15,FAN-CRS-TIM-T70-W10-D5,main,0.1473333333333322,0.6088209573395158,0.24199780174645028,UNDERPOWERED
time_to_open,wait,"{'topology': 'FAN', 'fault': 'CRS', 'window_type': 'TIM', 'threshold': '70', 'window_size': '10'}",wait=30,7.116666666666667,0.12861700250485272,3,wait=5,6.916333333333334,0.28136512458606744,3,FAN-CRS-TIM-T70-W10-D30,FAN-CRS-TIM-T70-W10-D5,main,0.20033333333333303,0.6088209573395158,0.3290513096145192,UNDERPOWERED
time_to_open,wait,"{'topology': 'FAN', 'fault': 'CRS', 'window_type': 'TIM', 'threshold': '70', 'window_size': '20'}",wait=15,14.189333333333332,0.1400761697553627,3,wait=30,14.050333333333333,0.26263345813763606,3,FAN-CRS-TIM-T70-W20-D15,FAN-CRS-TIM-T70-W20-D30,main,0.13899999999999935,0.6088209573395158,0.2283101432766291,UNDERPOWERED
time_to_open,wait,"{'topology': 'FAN', 'fault': 'CRS', 'window_type': 'TIM', 'threshold': '70', 'window_size': '20'}",wait=15,14.189333333333332,0.1400761697553627,3,wait=5,14.0752,0.2328662706361747,5,FAN-CRS-TIM-T70-W20-D15,FAN-CRS-TIM-T70-W20-D5,main,0.11413333333333142,0.6093459778325645,0.18730464708949449,UNDERPOWERED
time_to_open,wait,"{'topology': 'FAN', 'fault': 'CRS', 'window_type': 'TIM', 'threshold': '70', 'window_size': '20'}",wait=30,14.050333333333333,0.26263345813763606,3,wait=5,14.0752,0.2328662706361747,5,FAN-CRS-TIM-T70-W20-D30,FAN-CRS-TIM-T70-W20-D5,main,-0.024866666666667925,0.6093459778325645,0.040808781170786304,UNDERPOWERED
time_to_open,wait,"{'topology': 'FAN', 'fault': 'CRS', 'window_type': 'TIM', 'threshold': '70', 'window_size': '5'}",wait=15,3.3303333333333334,0.16508280750378995,3,wait=30,3.432,0.10396634070698084,3,FAN-CRS-TIM-T70-W5-D15,FAN-CRS-TIM-T70-W5-D30,tim_w5,-0.10166666666666657,4.498488470269092,0.02260018389256537,UNDERPOWERED
time_to_open,wait,"{'topology': 'FAN', 'fault': 'CRS', 'window_type': 'TIM', 'threshold': '70', 'window_size': '5'}",wait=15,3.3303333333333334,0.16508280750378995,3,wait=5,3.1153333333333335,0.23678963941298892,3,FAN-CRS-TIM-T70-W5-D15,FAN-CRS-TIM-T70-W5-D5,tim_w5,0.21499999999999986,4.498488470269092,0.04779383151050711,UNDERPOWERED
time_to_open,wait,"{'topology': 'FAN', 'fault': 'CRS', 'window_type': 'TIM', 'threshold': '70', 'window_size': '5'}",wait=30,3.432,0.10396634070698084,3,wait=5,3.1153333333333335,0.23678963941298892,3,FAN-CRS-TIM-T70-W5-D30,FAN-CRS-TIM-T70-W5-D5,tim_w5,0.31666666666666643,4.498488470269092,0.07039401540307248,UNDERPOWERED
time_to_open,wait,"{'topology': 'FAN', 'fault': 'LAT', 'window_type': 'CNT', 'threshold': '30', 'window_size': '10'}",wait=15,3.4659999999999997,0.07129516112612408,5,wait=30,3.4539999999999997,0.08358528578643488,5,FAN-LAT-CNT-T30-W10-D15,FAN-LAT-CNT-T30-W10-D30,main,0.01200000000000001,0.6689266961603422,0.01793918536796385,UNDERPOWERED
time_to_open,wait,"{'topology': 'FAN', 'fault': 'LAT', 'window_type': 'CNT', 'threshold': '30', 'window_size': '10'}",wait=15,3.4659999999999997,0.07129516112612408,5,wait=5,3.4766,0.09395371200756251,5,FAN-LAT-CNT-T30-W10-D15,FAN-LAT-CNT-T30-W10-D5,main,-0.010600000000000165,0.6689266961603422,0.015846280408368302,UNDERPOWERED
time_to_open,wait,"{'topology': 'FAN', 'fault': 'LAT', 'window_type': 'CNT', 'threshold': '30', 'window_size': '10'}",wait=30,3.4539999999999997,0.08358528578643488,5,wait=5,3.4766,0.09395371200756251,5,FAN-LAT-CNT-T30-W10-D30,FAN-LAT-CNT-T30-W10-D5,main,-0.022600000000000176,0.6689266961603422,0.03378546577633215,UNDERPOWERED
time_to_open,wait,"{'topology': 'FAN', 'fault': 'LAT', 'window_type': 'CNT', 'threshold': '30', 'window_size': '20'}",wait=15,6.2316666666666665,0.025166114784235766,3,wait=30,6.243666666666666,0.020526405757787497,3,FAN-LAT-CNT-T30-W20-D15,FAN-LAT-CNT-T30-W20-D30,main,-0.011999999999999567,0.6088209573395158,0.0197102281965429,UNDERPOWERED
time_to_open,wait,"{'topology': 'FAN', 'fault': 'LAT', 'window_type': 'CNT', 'threshold': '30', 'window_size': '20'}",wait=15,6.2316666666666665,0.025166114784235766,3,wait=5,6.225666666666666,0.015821925715074667,3,FAN-LAT-CNT-T30-W20-D15,FAN-LAT-CNT-T30-W20-D5,main,0.006000000000000227,0.6088209573395158,0.00985511409827218,UNDERPOWERED
time_to_open,wait,"{'topology': 'FAN', 'fault': 'LAT', 'window_type': 'CNT', 'threshold': '30', 'window_size': '20'}",wait=30,6.243666666666666,0.020526405757787497,3,wait=5,6.225666666666666,0.015821925715074667,3,FAN-LAT-CNT-T30-W20-D30,FAN-LAT-CNT-T30-W20-D5,main,0.017999999999999794,0.6088209573395158,0.02956534229481508,UNDERPOWERED
time_to_open,wait,"{'topology': 'FAN', 'fault': 'LAT', 'window_type': 'CNT', 'threshold': '30', 'window_size': '5'}",wait=15,3.412333333333333,0.1385003008420319,3,wait=30,3.2622,0.037771682514815184,5,FAN-LAT-CNT-T30-W5-D15,FAN-LAT-CNT-T30-W5-D30,main,0.15013333333333323,0.6093459778325645,0.24638438390511003,UNDERPOWERED
time_to_open,wait,"{'topology': 'FAN', 'fault': 'LAT', 'window_type': 'CNT', 'threshold': '30', 'window_size': '5'}",wait=15,3.412333333333333,0.1385003008420319,3,wait=5,3.2725999999999997,0.02780827215056692,5,FAN-LAT-CNT-T30-W5-D15,FAN-LAT-CNT-T30-W5-D5,main,0.1397333333333335,0.6093459778325645,0.22931690438060015,UNDERPOWERED
time_to_open,wait,"{'topology': 'FAN', 'fault': 'LAT', 'window_type': 'CNT', 'threshold': '30', 'window_size': '5'}",wait=30,3.2622,0.037771682514815184,5,wait=5,3.2725999999999997,0.02780827215056692,5,FAN-LAT-CNT-T30-W5-D30,FAN-LAT-CNT-T30-W5-D5,main,-0.010399999999999743,0.6689266961603422,0.015547293985568271,UNDERPOWERED
time_to_open,wait,"{'topology': 'FAN', 'fault': 'LAT', 'window_type': 'CNT', 'threshold': '50', 'window_size': '10'}",wait=15,3.654,0.10731495701904753,5,wait=30,3.6643999999999997,0.13168067436036318,5,FAN-LAT-CNT-T50-W10-D15,FAN-LAT-CNT-T50-W10-D30,main,-0.010399999999999743,0.6689266961603422,0.015547293985568271,UNDERPOWERED
time_to_open,wait,"{'topology': 'FAN', 'fault': 'LAT', 'window_type': 'CNT', 'threshold': '50', 'window_size': '10'}",wait=15,3.654,0.10731495701904753,5,wait=5,3.692,0.0986534337973089,5,FAN-LAT-CNT-T50-W10-D15,FAN-LAT-CNT-T50-W10-D5,main,-0.038000000000000256,0.6689266961603422,0.056807420331885856,UNDERPOWERED
time_to_open,wait,"{'topology': 'FAN', 'fault': 'LAT', 'window_type': 'CNT', 'threshold': '50', 'window_size': '10'}",wait=30,3.6643999999999997,0.13168067436036318,5,wait=5,3.692,0.0986534337973089,5,FAN-LAT-CNT-T50-W10-D30,FAN-LAT-CNT-T50-W10-D5,main,-0.027600000000000513,0.6689266961603422,0.04126012634631759,UNDERPOWERED
time_to_open,wait,"{'topology': 'FAN', 'fault': 'LAT', 'window_type': 'CNT', 'threshold': '50', 'window_size': '20'}",wait=15,6.654333333333333,0.025026652459594536,3,wait=30,6.7139999999999995,0.017521415467935304,3,FAN-LAT-CNT-T50-W20-D15,FAN-LAT-CNT-T50-W20-D30,main,-0.05966666666666676,0.6088209573395158,0.09800363464392534,UNDERPOWERED
time_to_open,wait,"{'topology': 'FAN', 'fault': 'LAT', 'window_type': 'CNT', 'threshold': '50', 'window_size': '20'}",wait=15,6.654333333333333,0.025026652459594536,3,wait=5,6.706666666666667,0.031085902485424838,3,FAN-LAT-CNT-T50-W20-D15,FAN-LAT-CNT-T50-W20-D5,main,-0.05233333333333423,0.6088209573395158,0.08595849519048333,UNDERPOWERED
time_to_open,wait,"{'topology': 'FAN', 'fault': 'LAT', 'window_type': 'CNT', 'threshold': '50', 'window_size': '20'}",wait=30,6.7139999999999995,0.017521415467935304,3,wait=5,6.706666666666667,0.031085902485424838,3,FAN-LAT-CNT-T50-W20-D30,FAN-LAT-CNT-T50-W20-D5,main,0.007333333333332526,0.6088209573395158,0.012045139453441992,UNDERPOWERED
time_to_open,wait,"{'topology': 'FAN', 'fault': 'LAT', 'window_type': 'CNT', 'threshold': '50', 'window_size': '5'}",wait=15,3.4284,0.0712481578709233,5,wait=30,3.3808,0.10857117481173358,5,FAN-LAT-CNT-T50-W5-D15,FAN-LAT-CNT-T50-W5-D30,main,0.04760000000000009,0.6689266961603422,0.07115876862625667,UNDERPOWERED
time_to_open,wait,"{'topology': 'FAN', 'fault': 'LAT', 'window_type': 'CNT', 'threshold': '50', 'window_size': '5'}",wait=15,3.4284,0.0712481578709233,5,wait=5,3.4956000000000005,0.019165072397462894,5,FAN-LAT-CNT-T50-W5-D15,FAN-LAT-CNT-T50-W5-D5,main,-0.06720000000000059,0.6689266961603422,0.10045943806059836,UNDERPOWERED
time_to_open,wait,"{'topology': 'FAN', 'fault': 'LAT', 'window_type': 'CNT', 'threshold': '50', 'window_size': '5'}",wait=30,3.3808,0.10857117481173358,5,wait=5,3.4956000000000005,0.019165072397462894,5,FAN-LAT-CNT-T50-W5-D30,FAN-LAT-CNT-T50-W5-D5,main,-0.11480000000000068,0.6689266961603422,0.17161820668685504,UNDERPOWERED
time_to_open,wait,"{'topology': 'FAN', 'fault': 'LAT', 'window_type': 'CNT', 'threshold': '70', 'window_size': '10'}",wait=15,6.3398,0.1053883295246677,5,wait=30,6.3132,0.10158592422181323,5,FAN-LAT-CNT-T70-W10-D15,FAN-LAT-CNT-T70-W10-D30,main,0.02660000000000018,0.6689266961603422,0.0397651942323201,UNDERPOWERED
time_to_open,wait,"{'topology': 'FAN', 'fault': 'LAT', 'window_type': 'CNT', 'threshold': '70', 'window_size': '10'}",wait=15,6.3398,0.1053883295246677,5,wait=5,6.3676,0.09343607440384054,5,FAN-LAT-CNT-T70-W10-D15,FAN-LAT-CNT-T70-W10-D5,main,-0.027800000000000047,0.6689266961603422,0.04155911276911629,UNDERPOWERED
time_to_open,wait,"{'topology': 'FAN', 'fault': 'LAT', 'window_type': 'CNT', 'threshold': '70', 'window_size': '10'}",wait=30,6.3132,0.10158592422181323,5,wait=5,6.3676,0.09343607440384054,5,FAN-LAT-CNT-T70-W10-D30,FAN-LAT-CNT-T70-W10-D5,main,-0.054400000000000226,0.6689266961603422,0.08132430700143639,UNDERPOWERED
time_to_open,wait,"{'topology': 'FAN', 'fault': 'LAT', 'window_type': 'CNT', 'threshold': '70', 'window_size': '20'}",wait=15,9.6494,0.07110063290857567,5,wait=30,9.5992,0.04306042266397313,5,FAN-LAT-CNT-T70-W20-D15,FAN-LAT-CNT-T70-W20-D30,main,0.050200000000000244,0.6689266961603422,0.07504559212264908,UNDERPOWERED
time_to_open,wait,"{'topology': 'FAN', 'fault': 'LAT', 'window_type': 'CNT', 'threshold': '70', 'window_size': '20'}",wait=15,9.6494,0.07110063290857567,5,wait=5,9.648666666666665,0.05310681061157137,3,FAN-LAT-CNT-T70-W20-D15,FAN-LAT-CNT-T70-W20-D5,main,0.0007333333333345848,0.6093459778325645,0.0012034761203200876,UNDERPOWERED
time_to_open,wait,"{'topology': 'FAN', 'fault': 'LAT', 'window_type': 'CNT', 'threshold': '70', 'window_size': '20'}",wait=30,9.5992,0.04306042266397313,5,wait=5,9.648666666666665,0.05310681061157137,3,FAN-LAT-CNT-T70-W20-D30,FAN-LAT-CNT-T70-W20-D5,main,-0.04946666666666566,0.6093459778325645,0.08117993466145117,UNDERPOWERED
time_to_open,wait,"{'topology': 'FAN', 'fault': 'LAT', 'window_type': 'CNT', 'threshold': '70', 'window_size': '5'}",wait=15,3.5123999999999995,0.032913523056640394,5,wait=30,3.5314,0.04668297334146576,5,FAN-LAT-CNT-T70-W5-D15,FAN-LAT-CNT-T70-W5-D30,main,-0.019000000000000572,0.6689266961603422,0.028403710165943594,UNDERPOWERED
time_to_open,wait,"{'topology': 'FAN', 'fault': 'LAT', 'window_type': 'CNT', 'threshold': '70', 'window_size': '5'}",wait=15,3.5123999999999995,0.032913523056640394,5,wait=5,3.4949999999999997,0.02511971337416099,5,FAN-LAT-CNT-T70-W5-D15,FAN-LAT-CNT-T70-W5-D5,main,0.01739999999999986,0.6689266961603422,0.02601181878354735,UNDERPOWERED
time_to_open,wait,"{'topology': 'FAN', 'fault': 'LAT', 'window_type': 'CNT', 'threshold': '70', 'window_size': '5'}",wait=30,3.5314,0.04668297334146576,5,wait=5,3.4949999999999997,0.02511971337416099,5,FAN-LAT-CNT-T70-W5-D30,FAN-LAT-CNT-T70-W5-D5,main,0.03640000000000043,0.6689266961603422,0.05441552894949094,UNDERPOWERED
time_to_open,wait,"{'topology': 'FAN', 'fault': 'LAT', 'window_type': 'TIM', 'threshold': '30', 'window_size': '10'}",wait=15,9.336666666666668,0.07748763342194248,3,wait=30,9.342,0.11775822688882491,3,FAN-LAT-TIM-T30-W10-D15,FAN-LAT-TIM-T30-W10-D30,main,-0.005333333333332746,0.6088209573395158,0.008760101420685085,UNDERPOWERED
time_to_open,wait,"{'topology': 'FAN', 'fault': 'LAT', 'window_type': 'TIM', 'threshold': '30', 'window_size': '10'}",wait=15,9.336666666666668,0.07748763342194248,3,wait=5,9.347666666666667,0.025929391302792634,3,FAN-LAT-TIM-T30-W10-D15,FAN-LAT-TIM-T30-W10-D5,main,-0.010999999999999233,0.6088209573395158,0.01806770918016372,UNDERPOWERED
time_to_open,wait,"{'topology': 'FAN', 'fault': 'LAT', 'window_type': 'TIM', 'threshold': '30', 'window_size': '10'}",wait=30,9.342,0.11775822688882491,3,wait=5,9.347666666666667,0.025929391302792634,3,FAN-LAT-TIM-T30-W10-D30,FAN-LAT-TIM-T30-W10-D5,main,-0.005666666666666487,0.6088209573395158,0.009307607759478632,UNDERPOWERED
time_to_open,wait,"{'topology': 'FAN', 'fault': 'LAT', 'window_type': 'TIM', 'threshold': '30', 'window_size': '20'}",wait=15,15.305666666666667,0.05167526810122364,3,wait=30,15.293666666666667,0.018823743871327122,3,FAN-LAT-TIM-T30-W20-D15,FAN-LAT-TIM-T30-W20-D30,main,0.012000000000000455,0.6088209573395158,0.01971022819654436,UNDERPOWERED
time_to_open,wait,"{'topology': 'FAN', 'fault': 'LAT', 'window_type': 'TIM', 'threshold': '30', 'window_size': '20'}",wait=15,15.305666666666667,0.05167526810122364,3,wait=5,15.450333333333333,0.057761001838032885,3,FAN-LAT-TIM-T30-W20-D15,FAN-LAT-TIM-T30-W20-D5,main,-0.14466666666666583,0.6088209573395158,0.23761775103610774,UNDERPOWERED
time_to_open,wait,"{'topology': 'FAN', 'fault': 'LAT', 'window_type': 'TIM', 'threshold': '30', 'window_size': '20'}",wait=30,15.293666666666667,0.018823743871327122,3,wait=5,15.450333333333333,0.057761001838032885,3,FAN-LAT-TIM-T30-W20-D30,FAN-LAT-TIM-T30-W20-D5,main,-0.1566666666666663,0.6088209573395158,0.2573279792326521,UNDERPOWERED
time_to_open,wait,"{'topology': 'FAN', 'fault': 'LAT', 'window_type': 'TIM', 'threshold': '30', 'window_size': '5'}",wait=15,4.6129999999999995,1.4835651317013354,5,wait=30,4.111,1.2098371791278362,5,FAN-LAT-TIM-T30-W5-D15,FAN-LAT-TIM-T30-W5-D30,tim_w5,0.5019999999999998,4.942600930300111,0.10156595830396502,UNDERPOWERED
time_to_open,wait,"{'topology': 'FAN', 'fault': 'LAT', 'window_type': 'TIM', 'threshold': '30', 'window_size': '5'}",wait=15,4.6129999999999995,1.4835651317013354,5,wait=5,4.0526,1.2010648608630592,5,FAN-LAT-TIM-T30-W5-D15,FAN-LAT-TIM-T30-W5-D5,tim_w5,0.5603999999999996,4.942600930300111,0.1133815996684103,UNDERPOWERED
time_to_open,wait,"{'topology': 'FAN', 'fault': 'LAT', 'window_type': 'TIM', 'threshold': '30', 'window_size': '5'}",wait=30,4.111,1.2098371791278362,5,wait=5,4.0526,1.2010648608630592,5,FAN-LAT-TIM-T30-W5-D30,FAN-LAT-TIM-T30-W5-D5,tim_w5,0.058399999999999785,4.942600930300111,0.011815641364445293,UNDERPOWERED
time_to_open,wait,"{'topology': 'FAN', 'fault': 'LAT', 'window_type': 'TIM', 'threshold': '50', 'window_size': '10'}",wait=15,9.327666666666667,0.11278445519367174,3,wait=30,9.260333333333334,0.05008326400438918,3,FAN-LAT-TIM-T50-W10-D15,FAN-LAT-TIM-T50-W10-D30,main,0.06733333333333391,0.6088209573395158,0.11059628043616233,UNDERPOWERED
time_to_open,wait,"{'topology': 'FAN', 'fault': 'LAT', 'window_type': 'TIM', 'threshold': '50', 'window_size': '10'}",wait=15,9.327666666666667,0.11278445519367174,3,wait=5,9.198666666666668,0.04705670338361342,3,FAN-LAT-TIM-T50-W10-D15,FAN-LAT-TIM-T50-W10-D5,main,0.12899999999999956,0.6088209573395158,0.2118849531128431,UNDERPOWERED
time_to_open,wait,"{'topology': 'FAN', 'fault': 'LAT', 'window_type': 'TIM', 'threshold': '50', 'window_size': '10'}",wait=30,9.260333333333334,0.05008326400438918,3,wait=5,9.198666666666668,0.04705670338361342,3,FAN-LAT-TIM-T50-W10-D30,FAN-LAT-TIM-T50-W10-D5,main,0.06166666666666565,0.6088209573395158,0.10128867267668078,UNDERPOWERED
time_to_open,wait,"{'topology': 'FAN', 'fault': 'LAT', 'window_type': 'TIM', 'threshold': '50', 'window_size': '20'}",wait=15,18.464666666666666,0.12164017976529506,3,wait=30,18.43133333333333,0.08503136676152796,3,FAN-LAT-TIM-T50-W20-D15,FAN-LAT-TIM-T50-W20-D30,main,0.03333333333333499,0.6088209573395158,0.054750633879290536,UNDERPOWERED
time_to_open,wait,"{'topology': 'FAN', 'fault': 'LAT', 'window_type': 'TIM', 'threshold': '50', 'window_size': '20'}",wait=15,18.464666666666666,0.12164017976529506,3,wait=5,18.46466666666667,0.08899625460283987,3,FAN-LAT-TIM-T50-W20-D15,FAN-LAT-TIM-T50-W20-D5,main,-3.552713678800501e-15,0.6088209573395158,5.835399777178318e-15,UNDERPOWERED
time_to_open,wait,"{'topology': 'FAN', 'fault': 'LAT', 'window_type': 'TIM', 'threshold': '50', 'window_size': '20'}",wait=30,18.43133333333333,0.08503136676152796,3,wait=5,18.46466666666667,0.08899625460283987,3,FAN-LAT-TIM-T50-W20-D30,FAN-LAT-TIM-T50-W20-D5,main,-0.033333333333338544,0.6088209573395158,0.05475063387929637,UNDERPOWERED
time_to_open,wait,"{'topology': 'FAN', 'fault': 'LAT', 'window_type': 'TIM', 'threshold': '50', 'window_size': '5'}",wait=15,6.218666666666667,0.042477444995353934,3,wait=30,4.6854,1.505225331968606,5,FAN-LAT-TIM-T50-W5-D15,FAN-LAT-TIM-T50-W5-D30,tim_w5,1.533266666666667,4.502367769439337,0.3405467401117255,UNDERPOWERED
time_to_open,wait,"{'topology': 'FAN', 'fault': 'LAT', 'window_type': 'TIM', 'threshold': '50', 'window_size': '5'}",wait=15,6.218666666666667,0.042477444995353934,3,wait=5,5.205399999999999,1.4210671342339882,5,FAN-LAT-TIM-T50-W5-D15,FAN-LAT-TIM-T50-W5-D5,tim_w5,1.0132666666666674,4.502367769439337,0.22505195456142088,UNDERPOWERED
time_to_open,wait,"{'topology': 'FAN', 'fault': 'LAT', 'window_type': 'TIM', 'threshold': '50', 'window_size': '5'}",wait=30,4.6854,1.505225331968606,5,wait=5,5.205399999999999,1.4210671342339882,5,FAN-LAT-TIM-T50-W5-D30,FAN-LAT-TIM-T50-W5-D5,tim_w5,-0.5199999999999996,4.942600930300111,0.10520776557382826,UNDERPOWERED
time_to_open,wait,"{'topology': 'FAN', 'fault': 'LAT', 'window_type': 'TIM', 'threshold': '70', 'window_size': '10'}",wait=15,9.335666666666667,0.11403654385035222,3,wait=30,9.231666666666667,0.002516611478423953,3,FAN-LAT-TIM-T70-W10-D15,FAN-LAT-TIM-T70-W10-D30,main,0.1039999999999992,0.6088209573395158,0.17082197770337668,UNDERPOWERED
time_to_open,wait,"{'topology': 'FAN', 'fault': 'LAT', 'window_type': 'TIM', 'threshold': '70', 'window_size': '10'}",wait=15,9.335666666666667,0.11403654385035222,3,wait=5,9.328666666666665,0.1505135652801206,3,FAN-LAT-TIM-T70-W10-D15,FAN-LAT-TIM-T70-W10-D5,main,0.0070000000000014495,0.6088209573395158,0.011497633114652822,UNDERPOWERED
time_to_open,wait,"{'topology': 'FAN', 'fault': 'LAT', 'window_type': 'TIM', 'threshold': '70', 'window_size': '10'}",wait=30,9.231666666666667,0.002516611478423953,3,wait=5,9.328666666666665,0.1505135652801206,3,FAN-LAT-TIM-T70-W10-D30,FAN-LAT-TIM-T70-W10-D5,main,-0.09699999999999775,0.6088209573395158,0.15932434458872385,UNDERPOWERED
time_to_open,wait,"{'topology': 'FAN', 'fault': 'LAT', 'window_type': 'TIM', 'threshold': '70', 'window_size': '20'}",wait=15,18.591666666666665,0.1312148365594889,3,wait=30,18.506,0.1132210227828739,3,FAN-LAT-TIM-T70-W20-D15,FAN-LAT-TIM-T70-W20-D30,main,0.08566666666666478,0.6088209573395158,0.14070912906976657,UNDERPOWERED
time_to_open,wait,"{'topology': 'FAN', 'fault': 'LAT', 'window_type': 'TIM', 'threshold': '70', 'window_size': '20'}",wait=15,18.591666666666665,0.1312148365594889,3,wait=5,18.550666666666668,0.05412331598612103,3,FAN-LAT-TIM-T70-W20-D15,FAN-LAT-TIM-T70-W20-D5,main,0.04099999999999682,0.6088209573395158,0.06734327967151878,UNDERPOWERED
time_to_open,wait,"{'topology': 'FAN', 'fault': 'LAT', 'window_type': 'TIM', 'threshold': '70', 'window_size': '20'}",wait=30,18.506,0.1132210227828739,3,wait=5,18.550666666666668,0.05412331598612103,3,FAN-LAT-TIM-T70-W20-D30,FAN-LAT-TIM-T70-W20-D5,main,-0.044666666666667965,0.6088209573395158,0.0733658493982478,UNDERPOWERED
time_to_open,wait,"{'topology': 'FAN', 'fault': 'LAT', 'window_type': 'TIM', 'threshold': '70', 'window_size': '5'}",wait=15,5.6582,1.1982919927964133,5,wait=30,5.586666666666667,1.024817219475421,3,FAN-LAT-TIM-T70-W5-D15,FAN-LAT-TIM-T70-W5-D30,tim_w5,0.071533333333333,4.502367769439337,0.015887936525061076,UNDERPOWERED
time_to_open,wait,"{'topology': 'FAN', 'fault': 'LAT', 'window_type': 'TIM', 'threshold': '70', 'window_size': '5'}",wait=15,5.6582,1.1982919927964133,5,wait=5,5.156000000000001,1.476325844791725,5,FAN-LAT-TIM-T70-W5-D15,FAN-LAT-TIM-T70-W5-D5,tim_w5,0.5021999999999993,4.942600930300111,0.10160642282918562,UNDERPOWERED
time_to_open,wait,"{'topology': 'FAN', 'fault': 'LAT', 'window_type': 'TIM', 'threshold': '70', 'window_size': '5'}",wait=30,5.586666666666667,1.024817219475421,3,wait=5,5.156000000000001,1.476325844791725,5,FAN-LAT-TIM-T70-W5-D30,FAN-LAT-TIM-T70-W5-D5,tim_w5,0.4306666666666663,4.502367769439337,0.09565337367371383,UNDERPOWERED
time_to_open,wait,"{'topology': 'LIN', 'fault': 'CRS', 'window_type': 'CNT', 'threshold': '30', 'window_size': '10'}",wait=15,0.40599999999999997,0.091,3,wait=30,0.4126666666666667,0.04875790534193747,3,LIN-CRS-CNT-T30-W10-D15,LIN-CRS-CNT-T30-W10-D30,main,-0.00666666666666671,0.6088209573395158,0.010950126775857633,UNDERPOWERED
time_to_open,wait,"{'topology': 'LIN', 'fault': 'CRS', 'window_type': 'CNT', 'threshold': '30', 'window_size': '10'}",wait=15,0.40599999999999997,0.091,3,wait=5,0.389,0.07464583042608607,3,LIN-CRS-CNT-T30-W10-D15,LIN-CRS-CNT-T30-W10-D5,main,0.01699999999999996,0.6088209573395158,0.027922823278436718,UNDERPOWERED
time_to_open,wait,"{'topology': 'LIN', 'fault': 'CRS', 'window_type': 'CNT', 'threshold': '30', 'window_size': '10'}",wait=30,0.4126666666666667,0.04875790534193747,3,wait=5,0.389,0.07464583042608607,3,LIN-CRS-CNT-T30-W10-D30,LIN-CRS-CNT-T30-W10-D5,main,0.02366666666666667,0.6088209573395158,0.03887295005429435,UNDERPOWERED
time_to_open,wait,"{'topology': 'LIN', 'fault': 'CRS', 'window_type': 'CNT', 'threshold': '30', 'window_size': '20'}",wait=15,0.7184,0.06310546727503093,5,wait=30,0.8446666666666666,0.13678572050229992,3,LIN-CRS-CNT-T30-W20-D15,LIN-CRS-CNT-T30-W20-D30,main,-0.12626666666666653,0.6093459778325645,0.2072167065347594,UNDERPOWERED
time_to_open,wait,"{'topology': 'LIN', 'fault': 'CRS', 'window_type': 'CNT', 'threshold': '30', 'window_size': '20'}",wait=15,0.7184,0.06310546727503093,5,wait=5,0.723,0.08637708029332776,3,LIN-CRS-CNT-T30-W20-D15,LIN-CRS-CNT-T30-W20-D5,main,-0.0045999999999999375,0.6093459778325645,0.007549077481994837,UNDERPOWERED
time_to_open,wait,"{'topology': 'LIN', 'fault': 'CRS', 'window_type': 'CNT', 'threshold': '30', 'window_size': '20'}",wait=30,0.8446666666666666,0.13678572050229992,3,wait=5,0.723,0.08637708029332776,3,LIN-CRS-CNT-T30-W20-D30,LIN-CRS-CNT-T30-W20-D5,main,0.12166666666666659,0.6088209573395158,0.1998398136594004,UNDERPOWERED
time_to_open,wait,"{'topology': 'LIN', 'fault': 'CRS', 'window_type': 'CNT', 'threshold': '30', 'window_size': '5'}",wait=15,0.4098,0.09158984659884524,5,wait=30,0.40499999999999997,0.18797473234453613,5,LIN-CRS-CNT-T30-W5-D15,LIN-CRS-CNT-T30-W5-D30,main,0.0048000000000000265,0.6689266961603422,0.0071756741471855736,UNDERPOWERED
time_to_open,wait,"{'topology': 'LIN', 'fault': 'CRS', 'window_type': 'CNT', 'threshold': '30', 'window_size': '5'}",wait=15,0.4098,0.09158984659884524,5,wait=5,0.3318,0.11600301720214007,5,LIN-CRS-CNT-T30-W5-D15,LIN-CRS-CNT-T30-W5-D5,main,0.07800000000000001,0.6689266961603422,0.11660470489176494,UNDERPOWERED
time_to_open,wait,"{'topology': 'LIN', 'fault': 'CRS', 'window_type': 'CNT', 'threshold': '30', 'window_size': '5'}",wait=30,0.40499999999999997,0.18797473234453613,5,wait=5,0.3318,0.11600301720214007,5,LIN-CRS-CNT-T30-W5-D30,LIN-CRS-CNT-T30-W5-D5,main,0.07319999999999999,0.6689266961603422,0.10942903074457937,UNDERPOWERED
time_to_open,wait,"{'topology': 'LIN', 'fault': 'CRS', 'window_type': 'CNT', 'threshold': '50', 'window_size': '10'}",wait=15,0.6003333333333334,0.0884439558892146,3,wait=30,0.5416666666666666,0.06232442004008809,3,LIN-CRS-CNT-T50-W10-D15,LIN-CRS-CNT-T50-W10-D30,main,0.058666666666666756,0.6088209573395158,0.09636111562754669,UNDERPOWERED
time_to_open,wait,"{'topology': 'LIN', 'fault': 'CRS', 'window_type': 'CNT', 'threshold': '50', 'window_size': '10'}",wait=15,0.6003333333333334,0.0884439558892146,3,wait=5,0.7090000000000001,0.0816639455328972,3,LIN-CRS-CNT-T50-W10-D15,LIN-CRS-CNT-T50-W10-D5,main,-0.10866666666666669,0.6088209573395158,0.1784870664464783,UNDERPOWERED
time_to_open,wait,"{'topology': 'LIN', 'fault': 'CRS', 'window_type': 'CNT', 'threshold': '50', 'window_size': '10'}",wait=30,0.5416666666666666,0.06232442004008809,3,wait=5,0.7090000000000001,0.0816639455328972,3,LIN-CRS-CNT-T50-W10-D30,LIN-CRS-CNT-T50-W10-D5,main,-0.16733333333333344,0.6088209573395158,0.274848182074025,UNDERPOWERED
time_to_open,wait,"{'topology': 'LIN', 'fault': 'CRS', 'window_type': 'CNT', 'threshold': '50', 'window_size': '20'}",wait=15,1.014,0.05524490926773259,3,wait=30,1.093,0.07351190379795648,3,LIN-CRS-CNT-T50-W20-D15,LIN-CRS-CNT-T50-W20-D30,main,-0.07899999999999996,0.6088209573395158,0.12975900229391205,UNDERPOWERED
time_to_open,wait,"{'topology': 'LIN', 'fault': 'CRS', 'window_type': 'CNT', 'threshold': '50', 'window_size': '20'}",wait=15,1.014,0.05524490926773259,3,wait=5,1.1123333333333332,0.06469415223444343,3,LIN-CRS-CNT-T50-W20-D15,LIN-CRS-CNT-T50-W20-D5,main,-0.09833333333333316,0.6088209573395158,0.16151436994389876,UNDERPOWERED
time_to_open,wait,"{'topology': 'LIN', 'fault': 'CRS', 'window_type': 'CNT', 'threshold': '50', 'window_size': '20'}",wait=30,1.093,0.07351190379795648,3,wait=5,1.1123333333333332,0.06469415223444343,3,LIN-CRS-CNT-T50-W20-D30,LIN-CRS-CNT-T50-W20-D5,main,-0.019333333333333202,0.6088209573395158,0.03175536764998672,UNDERPOWERED
time_to_open,wait,"{'topology': 'LIN', 'fault': 'CRS', 'window_type': 'CNT', 'threshold': '50', 'window_size': '5'}",wait=15,0.4703333333333333,0.03818813079129867,3,wait=30,0.3343333333333333,0.08200812967830284,3,LIN-CRS-CNT-T50-W5-D15,LIN-CRS-CNT-T50-W5-D30,main,0.136,0.6088209573395158,0.2233825862274943,UNDERPOWERED
time_to_open,wait,"{'topology': 'LIN', 'fault': 'CRS', 'window_type': 'CNT', 'threshold': '50', 'window_size': '5'}",wait=15,0.4703333333333333,0.03818813079129867,3,wait=5,0.47333333333333333,0.16017906646417107,3,LIN-CRS-CNT-T50-W5-D15,LIN-CRS-CNT-T50-W5-D5,main,-0.0030000000000000027,0.6088209573395158,0.004927557049135907,UNDERPOWERED
time_to_open,wait,"{'topology': 'LIN', 'fault': 'CRS', 'window_type': 'CNT', 'threshold': '50', 'window_size': '5'}",wait=30,0.3343333333333333,0.08200812967830284,3,wait=5,0.47333333333333333,0.16017906646417107,3,LIN-CRS-CNT-T50-W5-D30,LIN-CRS-CNT-T50-W5-D5,main,-0.139,0.6088209573395158,0.22831014327663018,UNDERPOWERED
time_to_open,wait,"{'topology': 'LIN', 'fault': 'CRS', 'window_type': 'CNT', 'threshold': '70', 'window_size': '10'}",wait=15,0.9713333333333334,0.0711149304529881,3,wait=30,0.852,0.02128379665379278,3,LIN-CRS-CNT-T70-W10-D15,LIN-CRS-CNT-T70-W10-D30,main,0.1193333333333334,0.6088209573395158,0.19600726928785048,UNDERPOWERED
time_to_open,wait,"{'topology': 'LIN', 'fault': 'CRS', 'window_type': 'CNT', 'threshold': '70', 'window_size': '10'}",wait=15,0.9713333333333334,0.0711149304529881,3,wait=5,0.9466666666666667,0.08986842233695513,3,LIN-CRS-CNT-T70-W10-D15,LIN-CRS-CNT-T70-W10-D5,main,0.024666666666666726,0.6088209573395158,0.04051546907067308,UNDERPOWERED
time_to_open,wait,"{'topology': 'LIN', 'fault': 'CRS', 'window_type': 'CNT', 'threshold': '70', 'window_size': '10'}",wait=30,0.852,0.02128379665379278,3,wait=5,0.9466666666666667,0.08986842233695513,3,LIN-CRS-CNT-T70-W10-D30,LIN-CRS-CNT-T70-W10-D5,main,-0.09466666666666668,0.6088209573395158,0.1554918002171774,UNDERPOWERED
time_to_open,wait,"{'topology': 'LIN', 'fault': 'CRS', 'window_type': 'CNT', 'threshold': '70', 'window_size': '20'}",wait=15,1.5586666666666666,0.02695057204092963,3,wait=30,1.507,0.025059928172283242,3,LIN-CRS-CNT-T70-W20-D15,LIN-CRS-CNT-T70-W20-D30,main,0.05166666666666675,0.6088209573395158,0.08486348251289624,UNDERPOWERED
time_to_open,wait,"{'topology': 'LIN', 'fault': 'CRS', 'window_type': 'CNT', 'threshold': '70', 'window_size': '20'}",wait=15,1.5586666666666666,0.02695057204092963,3,wait=5,1.4416666666666667,0.03312602199681294,3,LIN-CRS-CNT-T70-W20-D15,LIN-CRS-CNT-T70-W20-D5,main,0.11699999999999999,0.6088209573395158,0.19217472491630022,UNDERPOWERED
time_to_open,wait,"{'topology': 'LIN', 'fault': 'CRS', 'window_type': 'CNT', 'threshold': '70', 'window_size': '20'}",wait=30,1.507,0.025059928172283242,3,wait=5,1.4416666666666667,0.03312602199681294,3,LIN-CRS-CNT-T70-W20-D30,LIN-CRS-CNT-T70-W20-D5,main,0.06533333333333324,0.6088209573395158,0.10731124240340396,UNDERPOWERED
time_to_open,wait,"{'topology': 'LIN', 'fault': 'CRS', 'window_type': 'CNT', 'threshold': '70', 'window_size': '5'}",wait=15,0.6853333333333333,0.1055098731557068,3,wait=30,0.668,0.09159148432032317,3,LIN-CRS-CNT-T70-W5-D15,LIN-CRS-CNT-T70-W5-D30,main,0.01733333333333331,0.6088209573395158,0.028470329617229628,UNDERPOWERED
time_to_open,wait,"{'topology': 'LIN', 'fault': 'CRS', 'window_type': 'CNT', 'threshold': '70', 'window_size': '5'}",wait=15,0.6853333333333333,0.1055098731557068,3,wait=5,0.7376666666666667,0.1546264315482102,3,LIN-CRS-CNT-T70-W5-D15,LIN-CRS-CNT-T70-W5-D5,main,-0.05233333333333334,0.6088209573395158,0.08595849519048188,UNDERPOWERED
time_to_open,wait,"{'topology': 'LIN', 'fault': 'CRS', 'window_type': 'CNT', 'threshold': '70', 'window_size': '5'}",wait=30,0.668,0.09159148432032317,3,wait=5,0.7376666666666667,0.1546264315482102,3,LIN-CRS-CNT-T70-W5-D30,LIN-CRS-CNT-T70-W5-D5,main,-0.06966666666666665,0.6088209573395158,0.11442882480771151,UNDERPOWERED
time_to_open,wait,"{'topology': 'LIN', 'fault': 'CRS', 'window_type': 'TIM', 'threshold': '30', 'window_size': '10'}",wait=15,3.005333333333333,0.04301550108197424,3,wait=30,2.9586666666666663,0.08544783984006468,3,LIN-CRS-TIM-T30-W10-D15,LIN-CRS-TIM-T30-W10-D30,main,0.046666666666666856,0.6088209573395158,0.07665088743100325,UNDERPOWERED
time_to_open,wait,"{'topology': 'LIN', 'fault': 'CRS', 'window_type': 'TIM', 'threshold': '30', 'window_size': '10'}",wait=15,3.005333333333333,0.04301550108197424,3,wait=5,3.066,0.11491736161259536,5,LIN-CRS-TIM-T30-W10-D15,LIN-CRS-TIM-T30-W10-D5,main,-0.06066666666666665,0.6093459778325645,0.09956029722631003,UNDERPOWERED
time_to_open,wait,"{'topology': 'LIN', 'fault': 'CRS', 'window_type': 'TIM', 'threshold': '30', 'window_size': '10'}",wait=30,2.9586666666666663,0.08544783984006468,3,wait=5,3.066,0.11491736161259536,5,LIN-CRS-TIM-T30-W10-D30,LIN-CRS-TIM-T30-W10-D5,main,-0.1073333333333335,0.6093459778325645,0.17614514124654887,UNDERPOWERED
time_to_open,wait,"{'topology': 'LIN', 'fault': 'CRS', 'window_type': 'TIM', 'threshold': '30', 'window_size': '20'}",wait=15,6.072333333333333,0.1836418616038656,3,wait=30,6.201333333333333,0.09889556781440408,3,LIN-CRS-TIM-T30-W20-D15,LIN-CRS-TIM-T30-W20-D30,main,-0.12900000000000045,0.6088209573395158,0.21188495311284455,UNDERPOWERED
time_to_open,wait,"{'topology': 'LIN', 'fault': 'CRS', 'window_type': 'TIM', 'threshold': '30', 'window_size': '20'}",wait=15,6.072333333333333,0.1836418616038656,3,wait=5,6.166,0.10948972554536772,3,LIN-CRS-TIM-T30-W20-D15,LIN-CRS-TIM-T30-W20-D5,main,-0.09366666666666745,0.6088209573395158,0.15384928120080005,UNDERPOWERED
time_to_open,wait,"{'topology': 'LIN', 'fault': 'CRS', 'window_type': 'TIM', 'threshold': '30', 'window_size': '20'}",wait=30,6.201333333333333,0.09889556781440408,3,wait=5,6.166,0.10948972554536772,3,LIN-CRS-TIM-T30-W20-D30,LIN-CRS-TIM-T30-W20-D5,main,0.035333333333332995,0.6088209573395158,0.05803567191204453,UNDERPOWERED
time_to_open,wait,"{'topology': 'LIN', 'fault': 'CRS', 'window_type': 'TIM', 'threshold': '30', 'window_size': '5'}",wait=15,1.4356,0.21211624171665874,5,wait=30,1.5338,0.11406664718488042,5,LIN-CRS-TIM-T30-W5-D15,LIN-CRS-TIM-T30-W5-D30,tim_w5,-0.09820000000000007,4.942600930300111,0.01986808188336529,UNDERPOWERED
time_to_open,wait,"{'topology': 'LIN', 'fault': 'CRS', 'window_type': 'TIM', 'threshold': '30', 'window_size': '5'}",wait=15,1.4356,0.21211624171665874,5,wait=5,1.5021999999999998,0.12935107266659984,5,LIN-CRS-TIM-T30-W5-D15,LIN-CRS-TIM-T30-W5-D5,tim_w5,-0.06659999999999977,4.942600930300111,0.013474686898494122,UNDERPOWERED
time_to_open,wait,"{'topology': 'LIN', 'fault': 'CRS', 'window_type': 'TIM', 'threshold': '30', 'window_size': '5'}",wait=30,1.5338,0.11406664718488042,5,wait=5,1.5021999999999998,0.12935107266659984,5,LIN-CRS-TIM-T30-W5-D30,LIN-CRS-TIM-T30-W5-D5,tim_w5,0.031600000000000295,4.942600930300111,0.0063933949848711666,UNDERPOWERED
time_to_open,wait,"{'topology': 'LIN', 'fault': 'CRS', 'window_type': 'TIM', 'threshold': '50', 'window_size': '10'}",wait=15,4.453666666666667,1.0602831382858702,3,wait=30,5.056333333333334,0.11537908533756604,3,LIN-CRS-TIM-T50-W10-D15,LIN-CRS-TIM-T50-W10-D30,main,-0.6026666666666669,0.6088209573395158,0.9898914605375241,BORDERLINE
time_to_open,wait,"{'topology': 'LIN', 'fault': 'CRS', 'window_type': 'TIM', 'threshold': '50', 'window_size': '10'}",wait=15,4.453666666666667,1.0602831382858702,3,wait=5,5.0506,0.3306021778512658,5,LIN-CRS-TIM-T50-W10-D15,LIN-CRS-TIM-T50-W10-D5,main,-0.5969333333333333,0.6093459778325645,0.9796295619388795,BORDERLINE
time_to_open,wait,"{'topology': 'LIN', 'fault': 'CRS', 'window_type': 'TIM', 'threshold': '50', 'window_size': '10'}",wait=30,5.056333333333334,0.11537908533756604,3,wait=5,5.0506,0.3306021778512658,5,LIN-CRS-TIM-T50-W10-D30,LIN-CRS-TIM-T50-W10-D5,main,0.00573333333333359,0.6093459778325645,0.009408995122486868,UNDERPOWERED
time_to_open,wait,"{'topology': 'LIN', 'fault': 'CRS', 'window_type': 'TIM', 'threshold': '50', 'window_size': '20'}",wait=15,9.951,0.11557248807566632,3,wait=30,9.975333333333332,0.17609751086637557,3,LIN-CRS-TIM-T50-W20-D15,LIN-CRS-TIM-T50-W20-D30,main,-0.024333333333331097,0.6088209573395158,0.03996796273187643,UNDERPOWERED
time_to_open,wait,"{'topology': 'LIN', 'fault': 'CRS', 'window_type': 'TIM', 'threshold': '50', 'window_size': '20'}",wait=15,9.951,0.11557248807566632,3,wait=5,9.941199999999998,0.15783757474061783,5,LIN-CRS-TIM-T50-W20-D15,LIN-CRS-TIM-T50-W20-D5,main,0.00980000000000203,0.6093459778325645,0.01608281724425342,UNDERPOWERED
time_to_open,wait,"{'topology': 'LIN', 'fault': 'CRS', 'window_type': 'TIM', 'threshold': '50', 'window_size': '20'}",wait=30,9.975333333333332,0.17609751086637557,3,wait=5,9.941199999999998,0.15783757474061783,5,LIN-CRS-TIM-T50-W20-D30,LIN-CRS-TIM-T50-W20-D5,main,0.03413333333333313,0.6093459778325645,0.056016343054802686,UNDERPOWERED
time_to_open,wait,"{'topology': 'LIN', 'fault': 'CRS', 'window_type': 'TIM', 'threshold': '50', 'window_size': '5'}",wait=15,2.3924,0.10219001908210013,5,wait=30,2.1753333333333336,0.15910478727346117,3,LIN-CRS-TIM-T50-W5-D15,LIN-CRS-TIM-T50-W5-D30,tim_w5,0.2170666666666663,4.502367769439337,0.04821166945535789,UNDERPOWERED
time_to_open,wait,"{'topology': 'LIN', 'fault': 'CRS', 'window_type': 'TIM', 'threshold': '50', 'window_size': '5'}",wait=15,2.3924,0.10219001908210013,5,wait=5,2.4753333333333334,0.21729319670282668,3,LIN-CRS-TIM-T50-W5-D15,LIN-CRS-TIM-T50-W5-D5,tim_w5,-0.08293333333333353,4.502367769439337,0.018419937592894797,UNDERPOWERED
time_to_open,wait,"{'topology': 'LIN', 'fault': 'CRS', 'window_type': 'TIM', 'threshold': '50', 'window_size': '5'}",wait=30,2.1753333333333336,0.15910478727346117,3,wait=5,2.4753333333333334,0.21729319670282668,3,LIN-CRS-TIM-T50-W5-D30,LIN-CRS-TIM-T50-W5-D5,tim_w5,-0.2999999999999998,4.498488470269092,0.06668906722396341,UNDERPOWERED
time_to_open,wait,"{'topology': 'LIN', 'fault': 'CRS', 'window_type': 'TIM', 'threshold': '70', 'window_size': '10'}",wait=15,7.079666666666667,0.13254936187448535,3,wait=30,6.729666666666667,0.12850810609970628,3,LIN-CRS-TIM-T70-W10-D15,LIN-CRS-TIM-T70-W10-D30,main,0.35000000000000053,0.6088209573395158,0.5748816557325229,UNDERPOWERED
time_to_open,wait,"{'topology': 'LIN', 'fault': 'CRS', 'window_type': 'TIM', 'threshold': '70', 'window_size': '10'}",wait=15,7.079666666666667,0.13254936187448535,3,wait=5,6.927666666666667,0.15332427509475893,3,LIN-CRS-TIM-T70-W10-D15,LIN-CRS-TIM-T70-W10-D5,main,0.15200000000000014,0.6088209573395158,0.24966289048955265,UNDERPOWERED
time_to_open,wait,"{'topology': 'LIN', 'fault': 'CRS', 'window_type': 'TIM', 'threshold': '70', 'window_size': '10'}",wait=30,6.729666666666667,0.12850810609970628,3,wait=5,6.927666666666667,0.15332427509475893,3,LIN-CRS-TIM-T70-W10-D30,LIN-CRS-TIM-T70-W10-D5,main,-0.1980000000000004,0.6088209573395158,0.3252187652429703,UNDERPOWERED
time_to_open,wait,"{'topology': 'LIN', 'fault': 'CRS', 'window_type': 'TIM', 'threshold': '70', 'window_size': '20'}",wait=15,14.009666666666666,0.23873904861445125,3,wait=30,13.790999999999999,0.3697526200042399,3,LIN-CRS-TIM-T70-W20-D15,LIN-CRS-TIM-T70-W20-D30,main,0.21866666666666745,0.6088209573395158,0.35916415824812936,UNDERPOWERED
time_to_open,wait,"{'topology': 'LIN', 'fault': 'CRS', 'window_type': 'TIM', 'threshold': '70', 'window_size': '20'}",wait=15,14.009666666666666,0.23873904861445125,3,wait=5,14.0428,0.3235849193024915,5,LIN-CRS-TIM-T70-W20-D15,LIN-CRS-TIM-T70-W20-D5,main,-0.03313333333333368,0.6093459778325645,0.05437523925436991,UNDERPOWERED
time_to_open,wait,"{'topology': 'LIN', 'fault': 'CRS', 'window_type': 'TIM', 'threshold': '70', 'window_size': '20'}",wait=30,13.790999999999999,0.3697526200042399,3,wait=5,14.0428,0.3235849193024915,5,LIN-CRS-TIM-T70-W20-D30,LIN-CRS-TIM-T70-W20-D5,main,-0.25180000000000113,0.6093459778325645,0.41322993694920307,UNDERPOWERED
time_to_open,wait,"{'topology': 'LIN', 'fault': 'CRS', 'window_type': 'TIM', 'threshold': '70', 'window_size': '5'}",wait=15,3.0092,0.4458365171225885,5,wait=30,3.3366666666666664,0.11323132664299822,3,LIN-CRS-TIM-T70-W5-D15,LIN-CRS-TIM-T70-W5-D30,tim_w5,-0.3274666666666666,4.502367769439337,0.07273210084911495,UNDERPOWERED
time_to_open,wait,"{'topology': 'LIN', 'fault': 'CRS', 'window_type': 'TIM', 'threshold': '70', 'window_size': '5'}",wait=15,3.0092,0.4458365171225885,5,wait=5,2.798666666666667,0.3262289584530062,3,LIN-CRS-TIM-T70-W5-D15,LIN-CRS-TIM-T70-W5-D5,tim_w5,0.2105333333333328,4.502367769439337,0.046760581124084794,UNDERPOWERED
time_to_open,wait,"{'topology': 'LIN', 'fault': 'CRS', 'window_type': 'TIM', 'threshold': '70', 'window_size': '5'}",wait=30,3.3366666666666664,0.11323132664299822,3,wait=5,2.798666666666667,0.3262289584530062,3,LIN-CRS-TIM-T70-W5-D30,LIN-CRS-TIM-T70-W5-D5,tim_w5,0.5379999999999994,4.498488470269092,0.11959572722164098,UNDERPOWERED
time_to_open,wait,"{'topology': 'LIN', 'fault': 'LAT', 'window_type': 'CNT', 'threshold': '30', 'window_size': '10'}",wait=15,3.4454000000000002,0.0860976190146974,5,wait=30,3.484,0.10331989159885895,3,LIN-LAT-CNT-T30-W10-D15,LIN-LAT-CNT-T30-W10-D30,main,-0.038599999999999746,0.6093459778325645,0.06334660669673972,UNDERPOWERED
time_to_open,wait,"{'topology': 'LIN', 'fault': 'LAT', 'window_type': 'CNT', 'threshold': '30', 'window_size': '10'}",wait=15,3.4454000000000002,0.0860976190146974,5,wait=5,3.4313333333333333,0.07300228306932154,3,LIN-LAT-CNT-T30-W10-D15,LIN-LAT-CNT-T30-W10-D5,main,0.014066666666666894,0.6093459778325645,0.02308486012610084,UNDERPOWERED
time_to_open,wait,"{'topology': 'LIN', 'fault': 'LAT', 'window_type': 'CNT', 'threshold': '30', 'window_size': '10'}",wait=30,3.484,0.10331989159885895,3,wait=5,3.4313333333333333,0.07300228306932154,3,LIN-LAT-CNT-T30-W10-D30,LIN-LAT-CNT-T30-W10-D5,main,0.05266666666666664,0.6088209573395158,0.08650600152927469,UNDERPOWERED
time_to_open,wait,"{'topology': 'LIN', 'fault': 'LAT', 'window_type': 'CNT', 'threshold': '30', 'window_size': '20'}",wait=15,6.276000000000001,0.05833952348108447,5,wait=30,6.335000000000001,0.06618912297349133,3,LIN-LAT-CNT-T30-W20-D15,LIN-LAT-CNT-T30-W20-D30,main,-0.05900000000000016,0.6093459778325645,0.09682512422558753,UNDERPOWERED
time_to_open,wait,"{'topology': 'LIN', 'fault': 'LAT', 'window_type': 'CNT', 'threshold': '30', 'window_size': '20'}",wait=15,6.276000000000001,0.05833952348108447,5,wait=5,6.260000000000001,0.06322183167229503,3,LIN-LAT-CNT-T30-W20-D15,LIN-LAT-CNT-T30-W20-D5,main,0.016000000000000014,0.6093459778325645,0.02625766080693894,UNDERPOWERED
time_to_open,wait,"{'topology': 'LIN', 'fault': 'LAT', 'window_type': 'CNT', 'threshold': '30', 'window_size': '20'}",wait=30,6.335000000000001,0.06618912297349133,3,wait=5,6.260000000000001,0.06322183167229503,3,LIN-LAT-CNT-T30-W20-D30,LIN-LAT-CNT-T30-W20-D5,main,0.07500000000000018,0.6088209573395158,0.12318892622839787,UNDERPOWERED
time_to_open,wait,"{'topology': 'LIN', 'fault': 'LAT', 'window_type': 'CNT', 'threshold': '30', 'window_size': '5'}",wait=15,3.469,0.10966084077737133,5,wait=30,3.372666666666666,0.05463820397243443,3,LIN-LAT-CNT-T30-W5-D15,LIN-LAT-CNT-T30-W5-D30,main,0.09633333333333383,0.6093459778325645,0.15809299944177888,UNDERPOWERED
time_to_open,wait,"{'topology': 'LIN', 'fault': 'LAT', 'window_type': 'CNT', 'threshold': '30', 'window_size': '5'}",wait=15,3.469,0.10966084077737133,5,wait=5,3.3522,0.04745208109240319,5,LIN-LAT-CNT-T30-W5-D15,LIN-LAT-CNT-T30-W5-D5,main,0.11680000000000001,0.6689266961603422,0.174608070914848,UNDERPOWERED
time_to_open,wait,"{'topology': 'LIN', 'fault': 'LAT', 'window_type': 'CNT', 'threshold': '30', 'window_size': '5'}",wait=30,3.372666666666666,0.05463820397243443,3,wait=5,3.3522,0.04745208109240319,5,LIN-LAT-CNT-T30-W5-D30,LIN-LAT-CNT-T30-W5-D5,main,0.02046666666666619,0.6093459778325645,0.03358792444887525,UNDERPOWERED
time_to_open,wait,"{'topology': 'LIN', 'fault': 'LAT', 'window_type': 'CNT', 'threshold': '50', 'window_size': '10'}",wait=15,3.6548000000000003,0.09785550572144625,5,wait=30,3.6353333333333335,0.09377810689779018,3,LIN-LAT-CNT-T50-W10-D15,LIN-LAT-CNT-T50-W10-D30,main,0.019466666666666743,0.6093459778325645,0.031946820648442474,UNDERPOWERED
time_to_open,wait,"{'topology': 'LIN', 'fault': 'LAT', 'window_type': 'CNT', 'threshold': '50', 'window_size': '10'}",wait=15,3.6548000000000003,0.09785550572144625,5,wait=5,3.6006666666666667,0.045796651988255,3,LIN-LAT-CNT-T50-W10-D15,LIN-LAT-CNT-T50-W10-D5,main,0.05413333333333359,0.6093459778325645,0.0888384190634771,UNDERPOWERED
time_to_open,wait,"{'topology': 'LIN', 'fault': 'LAT', 'window_type': 'CNT', 'threshold': '50', 'window_size': '10'}",wait=30,3.6353333333333335,0.09377810689779018,3,wait=5,3.6006666666666667,0.045796651988255,3,LIN-LAT-CNT-T50-W10-D30,LIN-LAT-CNT-T50-W10-D5,main,0.034666666666666845,0.6088209573395158,0.056940659234459616,UNDERPOWERED
time_to_open,wait,"{'topology': 'LIN', 'fault': 'LAT', 'window_type': 'CNT', 'threshold': '50', 'window_size': '20'}",wait=15,6.772333333333333,0.22311506747266813,3,wait=30,6.696333333333333,0.04760602202803079,3,LIN-LAT-CNT-T50-W20-D15,LIN-LAT-CNT-T50-W20-D30,main,0.07600000000000051,0.6088209573395158,0.12483144524477705,UNDERPOWERED
time_to_open,wait,"{'topology': 'LIN', 'fault': 'LAT', 'window_type': 'CNT', 'threshold': '50', 'window_size': '20'}",wait=15,6.772333333333333,0.22311506747266813,3,wait=5,6.708333333333333,0.04244211744639239,3,LIN-LAT-CNT-T50-W20-D15,LIN-LAT-CNT-T50-W20-D5,main,0.06400000000000006,0.6088209573395158,0.1051212170482327,UNDERPOWERED
time_to_open,wait,"{'topology': 'LIN', 'fault': 'LAT', 'window_type': 'CNT', 'threshold': '50', 'window_size': '20'}",wait=30,6.696333333333333,0.04760602202803079,3,wait=5,6.708333333333333,0.04244211744639239,3,LIN-LAT-CNT-T50-W20-D30,LIN-LAT-CNT-T50-W20-D5,main,-0.012000000000000455,0.6088209573395158,0.01971022819654436,UNDERPOWERED
time_to_open,wait,"{'topology': 'LIN', 'fault': 'LAT', 'window_type': 'CNT', 'threshold': '50', 'window_size': '5'}",wait=15,3.4730000000000003,0.09936800289831732,5,wait=30,3.468,0.10633672930836263,5,LIN-LAT-CNT-T50-W5-D15,LIN-LAT-CNT-T50-W5-D30,main,0.0050000000000003375,0.6689266961603422,0.007474660569985436,UNDERPOWERED
time_to_open,wait,"{'topology': 'LIN', 'fault': 'LAT', 'window_type': 'CNT', 'threshold': '50', 'window_size': '5'}",wait=15,3.4730000000000003,0.09936800289831732,5,wait=5,3.4698,0.044319296023289836,5,LIN-LAT-CNT-T50-W5-D15,LIN-LAT-CNT-T50-W5-D5,main,0.0032000000000000917,0.6689266961603422,0.0047837827647904925,UNDERPOWERED
time_to_open,wait,"{'topology': 'LIN', 'fault': 'LAT', 'window_type': 'CNT', 'threshold': '50', 'window_size': '5'}",wait=30,3.468,0.10633672930836263,5,wait=5,3.4698,0.044319296023289836,5,LIN-LAT-CNT-T50-W5-D30,LIN-LAT-CNT-T50-W5-D5,main,-0.0018000000000002458,0.6689266961603422,0.0026908778051949428,UNDERPOWERED
time_to_open,wait,"{'topology': 'LIN', 'fault': 'LAT', 'window_type': 'CNT', 'threshold': '70', 'window_size': '10'}",wait=15,6.400200000000001,0.1603892141011982,5,wait=30,6.396333333333334,0.10756548393110743,3,LIN-LAT-CNT-T70-W10-D15,LIN-LAT-CNT-T70-W10-D30,main,0.003866666666667129,0.6093459778325645,0.006345601361677664,UNDERPOWERED
time_to_open,wait,"{'topology': 'LIN', 'fault': 'LAT', 'window_type': 'CNT', 'threshold': '70', 'window_size': '10'}",wait=15,6.400200000000001,0.1603892141011982,5,wait=5,6.368333333333333,0.05063924696649165,3,LIN-LAT-CNT-T70-W10-D15,LIN-LAT-CNT-T70-W10-D5,main,0.0318666666666676,0.6093459778325645,0.05229650777382154,UNDERPOWERED
time_to_open,wait,"{'topology': 'LIN', 'fault': 'LAT', 'window_type': 'CNT', 'threshold': '70', 'window_size': '10'}",wait=30,6.396333333333334,0.10756548393110743,3,wait=5,6.368333333333333,0.05063924696649165,3,LIN-LAT-CNT-T70-W10-D30,LIN-LAT-CNT-T70-W10-D5,main,0.02800000000000047,0.6088209573395158,0.04599053245860253,UNDERPOWERED
time_to_open,wait,"{'topology': 'LIN', 'fault': 'LAT', 'window_type': 'CNT', 'threshold': '70', 'window_size': '20'}",wait=15,9.646666666666667,0.06375996654118793,3,wait=30,9.650333333333334,0.0840376899571456,3,LIN-LAT-CNT-T70-W20-D15,LIN-LAT-CNT-T70-W20-D30,main,-0.003666666666667595,0.6088209573395158,0.006022569726723184,UNDERPOWERED
time_to_open,wait,"{'topology': 'LIN', 'fault': 'LAT', 'window_type': 'CNT', 'threshold': '70', 'window_size': '20'}",wait=15,9.646666666666667,0.06375996654118793,3,wait=5,9.62,0.0495681349255741,3,LIN-LAT-CNT-T70-W20-D15,LIN-LAT-CNT-T70-W20-D5,main,0.026666666666667282,0.6088209573395158,0.04380050710343126,UNDERPOWERED
time_to_open,wait,"{'topology': 'LIN', 'fault': 'LAT', 'window_type': 'CNT', 'threshold': '70', 'window_size': '20'}",wait=30,9.650333333333334,0.0840376899571456,3,wait=5,9.62,0.0495681349255741,3,LIN-LAT-CNT-T70-W20-D30,LIN-LAT-CNT-T70-W20-D5,main,0.030333333333334878,0.6088209573395158,0.049823076830154446,UNDERPOWERED
time_to_open,wait,"{'topology': 'LIN', 'fault': 'LAT', 'window_type': 'CNT', 'threshold': '70', 'window_size': '5'}",wait=15,3.479,0.026419689627245904,5,wait=30,3.564,0.042508822613664635,3,LIN-LAT-CNT-T70-W5-D15,LIN-LAT-CNT-T70-W5-D30,main,-0.08499999999999996,0.6093459778325645,0.13949382303686295,UNDERPOWERED
time_to_open,wait,"{'topology': 'LIN', 'fault': 'LAT', 'window_type': 'CNT', 'threshold': '70', 'window_size': '5'}",wait=15,3.479,0.026419689627245904,5,wait=5,3.637333333333333,0.052766782480395104,3,LIN-LAT-CNT-T70-W5-D15,LIN-LAT-CNT-T70-W5-D5,main,-0.15833333333333277,0.6093459778325645,0.25984143506866547,UNDERPOWERED
time_to_open,wait,"{'topology': 'LIN', 'fault': 'LAT', 'window_type': 'CNT', 'threshold': '70', 'window_size': '5'}",wait=30,3.564,0.042508822613664635,3,wait=5,3.637333333333333,0.052766782480395104,3,LIN-LAT-CNT-T70-W5-D30,LIN-LAT-CNT-T70-W5-D5,main,-0.0733333333333328,0.6088209573395158,0.12045139453443232,UNDERPOWERED
time_to_open,wait,"{'topology': 'LIN', 'fault': 'LAT', 'window_type': 'TIM', 'threshold': '30', 'window_size': '10'}",wait=15,9.32,0.050566787519081675,3,wait=30,9.406666666666668,0.13328665849714105,3,LIN-LAT-TIM-T30-W10-D15,LIN-LAT-TIM-T30-W10-D30,main,-0.08666666666666778,0.6088209573395158,0.14235164808615014,UNDERPOWERED
time_to_open,wait,"{'topology': 'LIN', 'fault': 'LAT', 'window_type': 'TIM', 'threshold': '30', 'window_size': '10'}",wait=15,9.32,0.050566787519081675,3,wait=5,9.3348,0.04681559569203428,5,LIN-LAT-TIM-T30-W10-D15,LIN-LAT-TIM-T30-W10-D5,main,-0.014799999999999258,0.6093459778325645,0.024288336246417283,UNDERPOWERED
time_to_open,wait,"{'topology': 'LIN', 'fault': 'LAT', 'window_type': 'TIM', 'threshold': '30', 'window_size': '10'}",wait=30,9.406666666666668,0.13328665849714105,3,wait=5,9.3348,0.04681559569203428,5,LIN-LAT-TIM-T30-W10-D30,LIN-LAT-TIM-T30-W10-D5,main,0.07186666666666852,0.6093459778325645,0.11794065979117035,UNDERPOWERED
time_to_open,wait,"{'topology': 'LIN', 'fault': 'LAT', 'window_type': 'TIM', 'threshold': '30', 'window_size': '20'}",wait=15,15.430000000000001,0.1013854032886389,3,wait=30,15.421666666666667,0.15580222505899405,3,LIN-LAT-TIM-T30-W20-D15,LIN-LAT-TIM-T30-W20-D30,main,0.008333333333334636,0.6088209573395158,0.013687658469824093,UNDERPOWERED
time_to_open,wait,"{'topology': 'LIN', 'fault': 'LAT', 'window_type': 'TIM', 'threshold': '30', 'window_size': '20'}",wait=15,15.430000000000001,0.1013854032886389,3,wait=5,15.489666666666666,0.15487199015100606,3,LIN-LAT-TIM-T30-W20-D15,LIN-LAT-TIM-T30-W20-D5,main,-0.05966666666666498,0.6088209573395158,0.09800363464392241,UNDERPOWERED
time_to_open,wait,"{'topology': 'LIN', 'fault': 'LAT', 'window_type': 'TIM', 'threshold': '30', 'window_size': '20'}",wait=30,15.421666666666667,0.15580222505899405,3,wait=5,15.489666666666666,0.15487199015100606,3,LIN-LAT-TIM-T30-W20-D30,LIN-LAT-TIM-T30-W20-D5,main,-0.06799999999999962,0.6088209573395158,0.11169129311374651,UNDERPOWERED
time_to_open,wait,"{'topology': 'LIN', 'fault': 'LAT', 'window_type': 'TIM', 'threshold': '30', 'window_size': '5'}",wait=15,4.0834,1.2062619118582827,5,wait=30,3.6406,0.13364243338101858,5,LIN-LAT-TIM-T30-W5-D15,LIN-LAT-TIM-T30-W5-D30,tim_w5,0.4428000000000001,4.942600930300111,0.08958845883863692,UNDERPOWERED
time_to_open,wait,"{'topology': 'LIN', 'fault': 'LAT', 'window_type': 'TIM', 'threshold': '30', 'window_size': '5'}",wait=15,4.0834,1.2062619118582827,5,wait=5,4.143800000000001,1.2891686080571463,5,LIN-LAT-TIM-T30-W5-D15,LIN-LAT-TIM-T30-W5-D5,tim_w5,-0.06040000000000045,4.942600930300111,0.01222028661665246,UNDERPOWERED
time_to_open,wait,"{'topology': 'LIN', 'fault': 'LAT', 'window_type': 'TIM', 'threshold': '30', 'window_size': '5'}",wait=30,3.6406,0.13364243338101858,5,wait=5,4.143800000000001,1.2891686080571463,5,LIN-LAT-TIM-T30-W5-D30,LIN-LAT-TIM-T30-W5-D5,tim_w5,-0.5032000000000005,4.942600930300111,0.10180874545528938,UNDERPOWERED
time_to_open,wait,"{'topology': 'LIN', 'fault': 'LAT', 'window_type': 'TIM', 'threshold': '50', 'window_size': '10'}",wait=15,9.300333333333333,0.16023836411213513,3,wait=30,9.280666666666667,0.0692122339860036,3,LIN-LAT-TIM-T50-W10-D15,LIN-LAT-TIM-T50-W10-D30,main,0.019666666666665833,0.6088209573395158,0.03230287398877844,UNDERPOWERED
time_to_open,wait,"{'topology': 'LIN', 'fault': 'LAT', 'window_type': 'TIM', 'threshold': '50', 'window_size': '10'}",wait=15,9.300333333333333,0.16023836411213513,3,wait=5,9.402666666666667,0.0776938435999489,3,LIN-LAT-TIM-T50-W10-D15,LIN-LAT-TIM-T50-W10-D5,main,-0.10233333333333405,0.6088209573395158,0.16808444600941477,UNDERPOWERED
time_to_open,wait,"{'topology': 'LIN', 'fault': 'LAT', 'window_type': 'TIM', 'threshold': '50', 'window_size': '10'}",wait=30,9.280666666666667,0.0692122339860036,3,wait=5,9.402666666666667,0.0776938435999489,3,LIN-LAT-TIM-T50-W10-D30,LIN-LAT-TIM-T50-W10-D5,main,-0.12199999999999989,0.6088209573395158,0.2003873199981932,UNDERPOWERED
time_to_open,wait,"{'topology': 'LIN', 'fault': 'LAT', 'window_type': 'TIM', 'threshold': '50', 'window_size': '20'}",wait=15,18.397666666666666,0.09144579450873337,3,wait=30,18.396333333333335,0.03403429642776946,3,LIN-LAT-TIM-T50-W20-D15,LIN-LAT-TIM-T50-W20-D30,main,0.0013333333333314101,0.6088209573395158,0.0021900253551683535,UNDERPOWERED
time_to_open,wait,"{'topology': 'LIN', 'fault': 'LAT', 'window_type': 'TIM', 'threshold': '50', 'window_size': '20'}",wait=15,18.397666666666666,0.09144579450873337,3,wait=5,18.4316,0.09923860136055912,5,LIN-LAT-TIM-T50-W20-D15,LIN-LAT-TIM-T50-W20-D5,main,-0.03393333333333359,0.6093459778325645,0.055688122294716716,UNDERPOWERED
time_to_open,wait,"{'topology': 'LIN', 'fault': 'LAT', 'window_type': 'TIM', 'threshold': '50', 'window_size': '20'}",wait=30,18.396333333333335,0.03403429642776946,3,wait=5,18.4316,0.09923860136055912,5,LIN-LAT-TIM-T50-W20-D30,LIN-LAT-TIM-T50-W20-D5,main,-0.035266666666665,0.6093459778325645,0.0578762606952918,UNDERPOWERED
time_to_open,wait,"{'topology': 'LIN', 'fault': 'LAT', 'window_type': 'TIM', 'threshold': '50', 'window_size': '5'}",wait=15,4.686,1.536631543344077,5,wait=30,4.667999999999999,1.5063108908854108,5,LIN-LAT-TIM-T50-W5-D15,LIN-LAT-TIM-T50-W5-D30,tim_w5,0.018000000000000682,4.942600930300111,0.0036418072698634267,UNDERPOWERED
time_to_open,wait,"{'topology': 'LIN', 'fault': 'LAT', 'window_type': 'TIM', 'threshold': '50', 'window_size': '5'}",wait=15,4.686,1.536631543344077,5,wait=5,4.658799999999999,1.4313503065287685,5,LIN-LAT-TIM-T50-W5-D15,LIN-LAT-TIM-T50-W5-D5,tim_w5,0.027200000000000557,4.942600930300111,0.0055031754300157495,UNDERPOWERED
time_to_open,wait,"{'topology': 'LIN', 'fault': 'LAT', 'window_type': 'TIM', 'threshold': '50', 'window_size': '5'}",wait=30,4.667999999999999,1.5063108908854108,5,wait=5,4.658799999999999,1.4313503065287685,5,LIN-LAT-TIM-T50-W5-D30,LIN-LAT-TIM-T50-W5-D5,tim_w5,0.009199999999999875,4.942600930300111,0.0018613681601523224,UNDERPOWERED
time_to_open,wait,"{'topology': 'LIN', 'fault': 'LAT', 'window_type': 'TIM', 'threshold': '70', 'window_size': '10'}",wait=15,9.294666666666666,0.04742713709821948,3,wait=30,9.307,0.09142756695876884,3,LIN-LAT-TIM-T70-W10-D15,LIN-LAT-TIM-T70-W10-D30,main,-0.012333333333334195,0.6088209573395158,0.020257734535337905,UNDERPOWERED
time_to_open,wait,"{'topology': 'LIN', 'fault': 'LAT', 'window_type': 'TIM', 'threshold': '70', 'window_size': '10'}",wait=15,9.294666666666666,0.04742713709821948,3,wait=5,9.237666666666668,0.012897028081435646,3,LIN-LAT-TIM-T70-W10-D15,LIN-LAT-TIM-T70-W10-D5,main,0.05699999999999861,0.6088209573395158,0.09362358393357988,UNDERPOWERED
time_to_open,wait,"{'topology': 'LIN', 'fault': 'LAT', 'window_type': 'TIM', 'threshold': '70', 'window_size': '10'}",wait=30,9.307,0.09142756695876884,3,wait=5,9.237666666666668,0.012897028081435646,3,LIN-LAT-TIM-T70-W10-D30,LIN-LAT-TIM-T70-W10-D5,main,0.0693333333333328,0.6088209573395158,0.11388131846891777,UNDERPOWERED
time_to_open,wait,"{'topology': 'LIN', 'fault': 'LAT', 'window_type': 'TIM', 'threshold': '70', 'window_size': '20'}",wait=15,18.451333333333334,0.008082903768654384,3,wait=30,18.373666666666665,0.06902415036299535,3,LIN-LAT-TIM-T70-W20-D15,LIN-LAT-TIM-T70-W20-D30,main,0.07766666666666922,0.6088209573395158,0.12756897693874478,UNDERPOWERED
time_to_open,wait,"{'topology': 'LIN', 'fault': 'LAT', 'window_type': 'TIM', 'threshold': '70', 'window_size': '20'}",wait=15,18.451333333333334,0.008082903768654384,3,wait=5,18.420666666666666,0.09187128677303567,3,LIN-LAT-TIM-T70-W20-D15,LIN-LAT-TIM-T70-W20-D5,main,0.03066666666666862,0.6088209573395158,0.05037058316894799,UNDERPOWERED
time_to_open,wait,"{'topology': 'LIN', 'fault': 'LAT', 'window_type': 'TIM', 'threshold': '70', 'window_size': '20'}",wait=30,18.373666666666665,0.06902415036299535,3,wait=5,18.420666666666666,0.09187128677303567,3,LIN-LAT-TIM-T70-W20-D30,LIN-LAT-TIM-T70-W20-D5,main,-0.0470000000000006,0.6088209573395158,0.0771983937697968,UNDERPOWERED
time_to_open,wait,"{'topology': 'LIN', 'fault': 'LAT', 'window_type': 'TIM', 'threshold': '70', 'window_size': '5'}",wait=15,4.2484,1.1521259913742072,5,wait=30,5.643199999999999,1.1980916909819548,5,LIN-LAT-TIM-T70-W5-D15,LIN-LAT-TIM-T70-W5-D30,tim_w5,-1.3947999999999992,4.942600930300111,0.282199598889184,UNDERPOWERED
time_to_open,wait,"{'topology': 'LIN', 'fault': 'LAT', 'window_type': 'TIM', 'threshold': '70', 'window_size': '5'}",wait=15,4.2484,1.1521259913742072,5,wait=5,5.292,1.415048939083027,5,LIN-LAT-TIM-T70-W5-D15,LIN-LAT-TIM-T70-W5-D5,tim_w5,-1.0435999999999996,4.942600930300111,0.21114389260162927,UNDERPOWERED
time_to_open,wait,"{'topology': 'LIN', 'fault': 'LAT', 'window_type': 'TIM', 'threshold': '70', 'window_size': '5'}",wait=30,5.643199999999999,1.1980916909819548,5,wait=5,5.292,1.415048939083027,5,LIN-LAT-TIM-T70-W5-D30,LIN-LAT-TIM-T70-W5-D5,tim_w5,0.3511999999999995,4.942600930300111,0.07105570628755474,UNDERPOWERED
time_to_recover,window_type,"{'topology': 'FAN', 'fault': 'CRS', 'threshold': '30', 'window_size': '10', 'wait': '15'}",window_type=CNT,16.2572,0.21151879349126348,5,window_type=TIM,47.401,0.15369775535120614,3,FAN-CRS-CNT-T30-W10-D15,FAN-CRS-TIM-T30-W10-D15,main,-31.143800000000002,6.343514928492295,4.90954941401898,POWERED
time_to_recover,window_type,"{'topology': 'FAN', 'fault': 'CRS', 'threshold': '30', 'window_size': '10', 'wait': '30'}",window_type=CNT,31.581666666666667,0.4224042297768018,3,window_type=TIM,62.07466666666667,0.23945006438364982,3,FAN-CRS-CNT-T30-W10-D30,FAN-CRS-TIM-T30-W10-D30,main,-30.493000000000006,6.338049272762088,4.811101758240405,POWERED
time_to_recover,window_type,"{'topology': 'FAN', 'fault': 'CRS', 'threshold': '30', 'window_size': '10', 'wait': '5'}",window_type=CNT,6.640666666666667,0.0781302331580635,3,window_type=TIM,28.704333333333334,0.4849343598192782,3,FAN-CRS-CNT-T30-W10-D5,FAN-CRS-TIM-T30-W10-D5,main,-22.063666666666666,6.338049272762088,3.4811447051201982,POWERED
time_to_recover,window_type,"{'topology': 'FAN', 'fault': 'CRS', 'threshold': '30', 'window_size': '20', 'wait': '15'}",window_type=CNT,17.2112,0.08646502182963872,5,window_type=TIM,47.467999999999996,0.19212756179163765,3,FAN-CRS-CNT-T30-W20-D15,FAN-CRS-TIM-T30-W20-D15,main,-30.256799999999995,6.343514928492295,4.7697215725148965,POWERED
time_to_recover,window_type,"{'topology': 'FAN', 'fault': 'CRS', 'threshold': '30', 'window_size': '20', 'wait': '30'}",window_type=CNT,32.36633333333333,0.060961736633182766,3,window_type=TIM,61.94166666666666,0.20125688394023777,3,FAN-CRS-CNT-T30-W20-D30,FAN-CRS-TIM-T30-W20-D30,main,-29.575333333333333,6.338049272762088,4.666314832930379,POWERED
time_to_recover,window_type,"{'topology': 'FAN', 'fault': 'CRS', 'threshold': '30', 'window_size': '20', 'wait': '5'}",window_type=CNT,8.689666666666668,0.13923122255203113,3,window_type=TIM,37.836333333333336,5.756417056931623,3,FAN-CRS-CNT-T30-W20-D5,FAN-CRS-TIM-T30-W20-D5,main,-29.14666666666667,6.338049272762088,4.598680984056898,POWERED
time_to_recover,window_type,"{'topology': 'FAN', 'fault': 'CRS', 'threshold': '30', 'window_size': '5', 'wait': '15'}",window_type=CNT,16.458999999999996,0.21498372031388893,5,window_type=TIM,47.6312,0.1553454215611144,5,FAN-CRS-CNT-T30-W5-D15,FAN-CRS-TIM-T30-W5-D15,tim_w5,-31.172200000000004,15.247130886596466,2.0444633309603866,POWERED
time_to_recover,window_type,"{'topology': 'FAN', 'fault': 'CRS', 'threshold': '30', 'window_size': '5', 'wait': '30'}",window_type=CNT,31.340600000000002,0.4463326114009588,5,window_type=TIM,61.92040000000001,0.16265392709676482,5,FAN-CRS-CNT-T30-W5-D30,FAN-CRS-TIM-T30-W5-D30,tim_w5,-30.579800000000006,15.247130886596466,2.005610119532867,POWERED
time_to_recover,window_type,"{'topology': 'FAN', 'fault': 'CRS', 'threshold': '30', 'window_size': '5', 'wait': '5'}",window_type=CNT,6.646000000000001,0.06262188115986282,5,window_type=TIM,22.882600000000004,0.36128285317739695,5,FAN-CRS-CNT-T30-W5-D5,FAN-CRS-TIM-T30-W5-D5,tim_w5,-16.236600000000003,15.247130886596466,1.0648954298853277,BORDERLINE
time_to_recover,window_type,"{'topology': 'FAN', 'fault': 'CRS', 'threshold': '50', 'window_size': '10', 'wait': '15'}",window_type=CNT,17.232,0.1736058754766094,5,window_type=TIM,47.381,0.2613292941864741,3,FAN-CRS-CNT-T50-W10-D15,FAN-CRS-TIM-T50-W10-D15,main,-30.149,6.343514928492295,4.752727839353522,POWERED
time_to_recover,window_type,"{'topology': 'FAN', 'fault': 'CRS', 'threshold': '50', 'window_size': '10', 'wait': '30'}",window_type=CNT,31.595333333333333,0.39384810947030413,3,window_type=TIM,61.933666666666674,0.15015103507246946,3,FAN-CRS-CNT-T50-W10-D30,FAN-CRS-TIM-T50-W10-D30,main,-30.338333333333342,6.338049272762088,4.786698876531778,POWERED
time_to_recover,window_type,"{'topology': 'FAN', 'fault': 'CRS', 'threshold': '50', 'window_size': '10', 'wait': '5'}",window_type=CNT,6.483999999999999,0.1513571934200684,3,window_type=TIM,28.5028,0.4562556301022476,5,FAN-CRS-CNT-T50-W10-D5,FAN-CRS-TIM-T50-W10-D5,main,-22.018800000000002,6.343514928492295,3.471072465062103,POWERED
time_to_recover,window_type,"{'topology': 'FAN', 'fault': 'CRS', 'threshold': '50', 'window_size': '20', 'wait': '15'}",window_type=CNT,17.051666666666666,0.14503218033710155,3,window_type=TIM,47.80233333333333,0.1796060503806412,3,FAN-CRS-CNT-T50-W20-D15,FAN-CRS-TIM-T50-W20-D15,main,-30.750666666666664,6.338049272762088,4.851755696948958,POWERED
time_to_recover,window_type,"{'topology': 'FAN', 'fault': 'CRS', 'threshold': '50', 'window_size': '20', 'wait': '30'}",window_type=CNT,32.046,0.13437633720264858,3,window_type=TIM,62.24033333333333,0.31038739235563945,3,FAN-CRS-CNT-T50-W20-D30,FAN-CRS-TIM-T50-W20-D30,main,-30.194333333333333,6.338049272762088,4.763978952182365,POWERED
time_to_recover,window_type,"{'topology': 'FAN', 'fault': 'CRS', 'threshold': '50', 'window_size': '20', 'wait': '5'}",window_type=CNT,8.533333333333333,0.12413030787576945,3,window_type=TIM,33.71039999999999,0.1223204807053999,5,FAN-CRS-CNT-T50-W20-D5,FAN-CRS-TIM-T50-W20-D5,main,-25.17706666666666,6.343514928492295,3.968945758065814,POWERED
time_to_recover,window_type,"{'topology': 'FAN', 'fault': 'CRS', 'threshold': '50', 'window_size': '5', 'wait': '15'}",window_type=CNT,16.2878,0.22252572884949778,5,window_type=TIM,32.87133333333333,0.16712969016106397,3,FAN-CRS-CNT-T50-W5-D15,FAN-CRS-TIM-T50-W5-D15,tim_w5,-16.58353333333333,13.88908221568005,1.193997780113317,BORDERLINE
time_to_recover,window_type,"{'topology': 'FAN', 'fault': 'CRS', 'threshold': '50', 'window_size': '5', 'wait': '30'}",window_type=CNT,31.545333333333332,0.5513640660519427,3,window_type=TIM,62.147333333333336,0.1648524592880939,3,FAN-CRS-CNT-T50-W5-D30,FAN-CRS-TIM-T50-W5-D30,tim_w5,-30.602000000000004,13.877115200128706,2.205213371703953,POWERED
time_to_recover,window_type,"{'topology': 'FAN', 'fault': 'CRS', 'threshold': '50', 'window_size': '5', 'wait': '5'}",window_type=CNT,6.715333333333334,0.027646579052991914,3,window_type=TIM,22.980666666666668,0.21548395145191976,3,FAN-CRS-CNT-T50-W5-D5,FAN-CRS-TIM-T50-W5-D5,tim_w5,-16.265333333333334,13.877115200128706,1.17209759368305,BORDERLINE
time_to_recover,window_type,"{'topology': 'FAN', 'fault': 'CRS', 'threshold': '70', 'window_size': '10', 'wait': '15'}",window_type=CNT,17.0198,0.10388070080626163,5,window_type=TIM,47.67633333333333,0.3213118941672288,3,FAN-CRS-CNT-T70-W10-D15,FAN-CRS-TIM-T70-W10-D15,main,-30.656533333333332,6.343514928492295,4.832736058622261,POWERED
time_to_recover,window_type,"{'topology': 'FAN', 'fault': 'CRS', 'threshold': '70', 'window_size': '10', 'wait': '30'}",window_type=CNT,31.883333333333336,0.37635931413123597,3,window_type=TIM,61.717666666666666,0.11750035460939166,3,FAN-CRS-CNT-T70-W10-D30,FAN-CRS-TIM-T70-W10-D30,main,-29.83433333333333,6.338049272762088,4.707179141308835,POWERED
time_to_recover,window_type,"{'topology': 'FAN', 'fault': 'CRS', 'threshold': '70', 'window_size': '10', 'wait': '5'}",window_type=CNT,6.334333333333333,0.059500700275991004,3,window_type=TIM,22.877,0.27353427573157846,3,FAN-CRS-CNT-T70-W10-D5,FAN-CRS-TIM-T70-W10-D5,main,-16.542666666666666,6.338049272762088,2.610056494473647,POWERED
time_to_recover,window_type,"{'topology': 'FAN', 'fault': 'CRS', 'threshold': '70', 'window_size': '20', 'wait': '15'}",window_type=CNT,16.887,0.11068875281617398,3,window_type=TIM,48.043000000000006,0.08608716512930539,3,FAN-CRS-CNT-T70-W20-D15,FAN-CRS-TIM-T70-W20-D15,main,-31.156000000000006,6.338049272762088,4.915708076599156,POWERED
time_to_recover,window_type,"{'topology': 'FAN', 'fault': 'CRS', 'threshold': '70', 'window_size': '20', 'wait': '30'}",window_type=CNT,32.41833333333333,0.5224388321452912,3,window_type=TIM,62.461333333333336,0.16831320011613415,3,FAN-CRS-CNT-T70-W20-D30,FAN-CRS-TIM-T70-W20-D30,main,-30.043000000000006,6.338049272762088,4.7401019946484935,POWERED
time_to_recover,window_type,"{'topology': 'FAN', 'fault': 'CRS', 'threshold': '70', 'window_size': '20', 'wait': '5'}",window_type=CNT,8.414,0.03780211634287247,3,window_type=TIM,28.4916,0.37363123531096787,5,FAN-CRS-CNT-T70-W20-D5,FAN-CRS-TIM-T70-W20-D5,main,-20.077599999999997,6.343514928492295,3.1650591551097635,POWERED
time_to_recover,window_type,"{'topology': 'FAN', 'fault': 'CRS', 'threshold': '70', 'window_size': '5', 'wait': '15'}",window_type=CNT,16.4764,0.45120593967721623,5,window_type=TIM,31.882,0.2182269460905321,3,FAN-CRS-CNT-T70-W5-D15,FAN-CRS-TIM-T70-W5-D15,tim_w5,-15.4056,13.88908221568005,1.1091877606288398,BORDERLINE
time_to_recover,window_type,"{'topology': 'FAN', 'fault': 'CRS', 'threshold': '70', 'window_size': '5', 'wait': '30'}",window_type=CNT,31.91566666666667,0.54042791687082,3,window_type=TIM,62.07966666666667,0.10848655830716335,3,FAN-CRS-CNT-T70-W5-D30,FAN-CRS-TIM-T70-W5-D30,tim_w5,-30.163999999999998,13.877115200128706,2.1736506157792963,POWERED
time_to_recover,window_type,"{'topology': 'FAN', 'fault': 'CRS', 'threshold': '70', 'window_size': '5', 'wait': '5'}",window_type=CNT,6.684666666666668,0.11111405551654296,3,window_type=TIM,23.274666666666665,0.18808065645709793,3,FAN-CRS-CNT-T70-W5-D5,FAN-CRS-TIM-T70-W5-D5,tim_w5,-16.589999999999996,13.877115200128706,1.1954934264612957,BORDERLINE
time_to_recover,window_type,"{'topology': 'FAN', 'fault': 'LAT', 'threshold': '30', 'window_size': '10', 'wait': '15'}",window_type=CNT,23.976000000000003,0.18780441954331167,5,window_type=TIM,217.159,5.2326359514110985,3,FAN-LAT-CNT-T30-W10-D15,FAN-LAT-TIM-T30-W10-D15,main,-193.183,6.343514928492295,30.453621088256043,POWERED
time_to_recover,window_type,"{'topology': 'FAN', 'fault': 'LAT', 'threshold': '30', 'window_size': '10', 'wait': '30'}",window_type=CNT,31.409799999999997,0.04368867130046483,5,window_type=TIM,302.3313333333333,2.608526084464795,3,FAN-LAT-CNT-T30-W10-D30,FAN-LAT-TIM-T30-W10-D30,main,-270.9215333333333,6.343514928492295,42.70842527956736,POWERED
time_to_recover,window_type,"{'topology': 'FAN', 'fault': 'LAT', 'threshold': '30', 'window_size': '10', 'wait': '5'}",window_type=CNT,24.9632,0.1326770515198464,5,window_type=TIM,146.76033333333336,0.761541419315677,3,FAN-LAT-CNT-T30-W10-D5,FAN-LAT-TIM-T30-W10-D5,main,-121.79713333333336,6.343514928492295,19.200259588934504,POWERED
time_to_recover,window_type,"{'topology': 'FAN', 'fault': 'LAT', 'threshold': '30', 'window_size': '20', 'wait': '15'}",window_type=CNT,49.31666666666666,0.6425000648508381,3,window_type=TIM,268.3736666666667,4.277698251786024,3,FAN-LAT-CNT-T30-W20-D15,FAN-LAT-TIM-T30-W20-D15,main,-219.05700000000002,6.338049272762088,34.562211584785636,POWERED
time_to_recover,window_type,"{'topology': 'FAN', 'fault': 'LAT', 'threshold': '30', 'window_size': '20', 'wait': '30'}",window_type=CNT,33.284333333333336,0.03153305144341706,3,window_type=TIM,367.34933333333333,1.0966172227962498,3,FAN-LAT-CNT-T30-W20-D30,FAN-LAT-TIM-T30-W20-D30,main,-334.065,6.338049272762088,52.7078578318493,POWERED
time_to_recover,window_type,"{'topology': 'FAN', 'fault': 'LAT', 'threshold': '30', 'window_size': '20', 'wait': '5'}",window_type=CNT,34.45733333333333,0.07739078325829919,3,window_type=TIM,200.72600000000003,0.1496228592161002,3,FAN-LAT-CNT-T30-W20-D5,FAN-LAT-TIM-T30-W20-D5,main,-166.2686666666667,6.338049272762088,26.233413391279566,POWERED
time_to_recover,window_type,"{'topology': 'FAN', 'fault': 'LAT', 'threshold': '30', 'window_size': '5', 'wait': '15'}",window_type=CNT,40.687999999999995,0.5106006267132843,3,window_type=TIM,194.48899999999998,1.6191798850035173,5,FAN-LAT-CNT-T30-W5-D15,FAN-LAT-TIM-T30-W5-D15,tim_w5,-153.801,13.88908221568005,11.073517861847392,POWERED
time_to_recover,window_type,"{'topology': 'FAN', 'fault': 'LAT', 'threshold': '30', 'window_size': '5', 'wait': '30'}",window_type=CNT,31.639,0.06367888189973231,5,window_type=TIM,299.82399999999996,1.262117862958925,5,FAN-LAT-CNT-T30-W5-D30,FAN-LAT-TIM-T30-W5-D30,tim_w5,-268.18499999999995,15.247130886596466,17.58921084856414,POWERED
time_to_recover,window_type,"{'topology': 'FAN', 'fault': 'LAT', 'threshold': '30', 'window_size': '5', 'wait': '5'}",window_type=CNT,24.0732,0.09696236383257256,5,window_type=TIM,124.18620000000001,3.1594928706993484,5,FAN-LAT-CNT-T30-W5-D5,FAN-LAT-TIM-T30-W5-D5,tim_w5,-100.11300000000001,15.247130886596466,6.566022207365447,POWERED
time_to_recover,window_type,"{'topology': 'FAN', 'fault': 'LAT', 'threshold': '50', 'window_size': '10', 'wait': '15'}",window_type=CNT,23.744,0.13961554354727176,5,window_type=TIM,214.15633333333335,0.07616648431780161,3,FAN-LAT-CNT-T50-W10-D15,FAN-LAT-TIM-T50-W10-D15,main,-190.41233333333335,6.343514928492295,30.01684956680474,POWERED
time_to_recover,window_type,"{'topology': 'FAN', 'fault': 'LAT', 'threshold': '50', 'window_size': '10', 'wait': '30'}",window_type=CNT,31.327799999999996,0.15730289253538846,5,window_type=TIM,301.93800000000005,3.2109556209950942,3,FAN-LAT-CNT-T50-W10-D30,FAN-LAT-TIM-T50-W10-D30,main,-270.6102000000001,6.343514928492295,42.65934628521758,POWERED
time_to_recover,window_type,"{'topology': 'FAN', 'fault': 'LAT', 'threshold': '50', 'window_size': '10', 'wait': '5'}",window_type=CNT,24.816799999999997,0.08561074698891506,5,window_type=TIM,146.029,0.03579106033634474,3,FAN-LAT-CNT-T50-W10-D5,FAN-LAT-TIM-T50-W10-D5,main,-121.2122,6.343514928492295,19.108049932312415,POWERED
time_to_recover,window_type,"{'topology': 'FAN', 'fault': 'LAT', 'threshold': '50', 'window_size': '20', 'wait': '15'}",window_type=CNT,35.756,2.5981254781091696,3,window_type=TIM,273.3426666666667,1.5292015345706818,3,FAN-LAT-CNT-T50-W20-D15,FAN-LAT-TIM-T50-W20-D15,main,-237.58666666666667,6.338049272762088,37.48577147983068,POWERED
time_to_recover,window_type,"{'topology': 'FAN', 'fault': 'LAT', 'threshold': '50', 'window_size': '20', 'wait': '30'}",window_type=CNT,32.833333333333336,0.13957554704651293,3,window_type=TIM,372.97,4.286813268618085,3,FAN-LAT-CNT-T50-W20-D30,FAN-LAT-TIM-T50-W20-D30,main,-340.1366666666667,6.338049272762088,53.66582871616537,POWERED
time_to_recover,window_type,"{'topology': 'FAN', 'fault': 'LAT', 'threshold': '50', 'window_size': '20', 'wait': '5'}",window_type=CNT,33.942,0.09305374790947357,3,window_type=TIM,198.66533333333334,0.13006664958141873,3,FAN-LAT-CNT-T50-W20-D5,FAN-LAT-TIM-T50-W20-D5,main,-164.72333333333333,6.338049272762088,25.98959494386319,POWERED
time_to_recover,window_type,"{'topology': 'FAN', 'fault': 'LAT', 'threshold': '50', 'window_size': '5', 'wait': '15'}",window_type=CNT,24.0142,0.14648105679575013,5,window_type=TIM,193.42966666666666,0.15894128895077725,3,FAN-LAT-CNT-T50-W5-D15,FAN-LAT-TIM-T50-W5-D15,tim_w5,-169.41546666666667,13.88908221568005,12.197743813151703,POWERED
time_to_recover,window_type,"{'topology': 'FAN', 'fault': 'LAT', 'threshold': '50', 'window_size': '5', 'wait': '30'}",window_type=CNT,31.547200000000004,0.18005749081890432,5,window_type=TIM,284.872,14.573480915690665,5,FAN-LAT-CNT-T50-W5-D30,FAN-LAT-TIM-T50-W5-D30,tim_w5,-253.3248,15.247130886596466,16.614588140165715,POWERED
time_to_recover,window_type,"{'topology': 'FAN', 'fault': 'LAT', 'threshold': '50', 'window_size': '5', 'wait': '5'}",window_type=CNT,28.297200000000004,0.18140755221324112,5,window_type=TIM,121.797,3.8371518083078224,5,FAN-LAT-CNT-T50-W5-D5,FAN-LAT-TIM-T50-W5-D5,tim_w5,-93.4998,15.247130886596466,6.13228814623703,POWERED
time_to_recover,window_type,"{'topology': 'FAN', 'fault': 'LAT', 'threshold': '70', 'window_size': '10', 'wait': '15'}",window_type=CNT,21.0676,0.14450017301027715,5,window_type=TIM,214.239,0.2688140621321641,3,FAN-LAT-CNT-T70-W10-D15,FAN-LAT-TIM-T70-W10-D15,main,-193.1714,6.343514928492295,30.45179244906614,POWERED
time_to_recover,window_type,"{'topology': 'FAN', 'fault': 'LAT', 'threshold': '70', 'window_size': '10', 'wait': '30'}",window_type=CNT,31.7802,0.2731825397055967,5,window_type=TIM,300.02299999999997,0.14171450172794917,3,FAN-LAT-CNT-T70-W10-D30,FAN-LAT-TIM-T70-W10-D30,main,-268.2428,6.343514928492295,42.2861462491671,POWERED
time_to_recover,window_type,"{'topology': 'FAN', 'fault': 'LAT', 'threshold': '70', 'window_size': '10', 'wait': '5'}",window_type=CNT,25.3272,0.117318796447969,5,window_type=TIM,146.32233333333335,0.23817920424195943,3,FAN-LAT-CNT-T70-W10-D5,FAN-LAT-TIM-T70-W10-D5,main,-120.99513333333334,6.343514928492295,19.07383125873577,POWERED
time_to_recover,window_type,"{'topology': 'FAN', 'fault': 'LAT', 'threshold': '70', 'window_size': '20', 'wait': '15'}",window_type=CNT,35.3836,3.3266214542685777,5,window_type=TIM,268.151,8.77298187619238,3,FAN-LAT-CNT-T70-W20-D15,FAN-LAT-TIM-T70-W20-D15,main,-232.7674,6.343514928492295,36.6937577390274,POWERED
time_to_recover,window_type,"{'topology': 'FAN', 'fault': 'LAT', 'threshold': '70', 'window_size': '20', 'wait': '30'}",window_type=CNT,31.7856,0.45555164361464107,5,window_type=TIM,371.45166666666665,6.253312748722344,3,FAN-LAT-CNT-T70-W20-D30,FAN-LAT-TIM-T70-W20-D30,main,-339.66606666666667,6.343514928492295,53.545403533463,POWERED
time_to_recover,window_type,"{'topology': 'FAN', 'fault': 'LAT', 'threshold': '70', 'window_size': '20', 'wait': '5'}",window_type=CNT,34.301,0.07279423054061192,3,window_type=TIM,198.60233333333335,0.07651361534611151,3,FAN-LAT-CNT-T70-W20-D5,FAN-LAT-TIM-T70-W20-D5,main,-164.30133333333333,6.338049272762088,25.923012943339216,POWERED
time_to_recover,window_type,"{'topology': 'FAN', 'fault': 'LAT', 'threshold': '70', 'window_size': '5', 'wait': '15'}",window_type=CNT,23.869000000000003,0.06174139616173194,5,window_type=TIM,193.3088,2.0735464065219276,5,FAN-LAT-CNT-T70-W5-D15,FAN-LAT-TIM-T70-W5-D15,tim_w5,-169.4398,15.247130886596466,11.112897322141578,POWERED
time_to_recover,window_type,"{'topology': 'FAN', 'fault': 'LAT', 'threshold': '70', 'window_size': '5', 'wait': '30'}",window_type=CNT,31.325200000000002,0.017541379649275844,5,window_type=TIM,274.1983333333333,3.5885281569653884,3,FAN-LAT-CNT-T70-W5-D30,FAN-LAT-TIM-T70-W5-D30,tim_w5,-242.87313333333333,13.88908221568005,17.48662219445589,POWERED
time_to_recover,window_type,"{'topology': 'FAN', 'fault': 'LAT', 'threshold': '70', 'window_size': '5', 'wait': '5'}",window_type=CNT,28.250799999999998,0.14958509284016233,5,window_type=TIM,121.2286,3.7734524377551137,5,FAN-LAT-CNT-T70-W5-D5,FAN-LAT-TIM-T70-W5-D5,tim_w5,-92.9778,15.247130886596466,6.0980521969372905,POWERED
time_to_recover,window_type,"{'topology': 'LIN', 'fault': 'CRS', 'threshold': '30', 'window_size': '10', 'wait': '15'}",window_type=CNT,16.066333333333333,0.10032613484697431,3,window_type=TIM,47.68333333333334,0.039526362510777034,3,LIN-CRS-CNT-T30-W10-D15,LIN-CRS-TIM-T30-W10-D15,main,-31.617000000000004,6.338049272762088,4.98844338996776,POWERED
time_to_recover,window_type,"{'topology': 'LIN', 'fault': 'CRS', 'threshold': '30', 'window_size': '10', 'wait': '30'}",window_type=CNT,31.481000000000005,0.11887388274974392,3,window_type=TIM,61.696000000000005,0.18768857184176288,3,LIN-CRS-CNT-T30-W10-D30,LIN-CRS-TIM-T30-W10-D30,main,-30.215,6.338049272762088,4.767239682065846,POWERED
time_to_recover,window_type,"{'topology': 'LIN', 'fault': 'CRS', 'threshold': '30', 'window_size': '10', 'wait': '5'}",window_type=CNT,6.870666666666668,0.1075468889988614,3,window_type=TIM,28.519199999999994,0.43007406338908644,5,LIN-CRS-CNT-T30-W10-D5,LIN-CRS-TIM-T30-W10-D5,main,-21.648533333333326,6.343514928492295,3.412703142873926,POWERED
time_to_recover,window_type,"{'topology': 'LIN', 'fault': 'CRS', 'threshold': '30', 'window_size': '20', 'wait': '15'}",window_type=CNT,19.7064,6.430225330421944,5,window_type=TIM,47.44333333333333,0.11179147254300514,3,LIN-CRS-CNT-T30-W20-D15,LIN-CRS-TIM-T30-W20-D15,main,-27.73693333333333,6.343514928492295,4.37248649147985,POWERED
time_to_recover,window_type,"{'topology': 'LIN', 'fault': 'CRS', 'threshold': '30', 'window_size': '20', 'wait': '30'}",window_type=CNT,30.999333333333336,0.21765645713677556,3,window_type=TIM,62.26233333333334,0.11356202416887858,3,LIN-CRS-CNT-T30-W20-D30,LIN-CRS-TIM-T30-W20-D30,main,-31.263,6.338049272762088,4.932590242608788,POWERED
time_to_recover,window_type,"{'topology': 'LIN', 'fault': 'CRS', 'threshold': '30', 'window_size': '20', 'wait': '5'}",window_type=CNT,7.486666666666667,0.057361427225386494,3,window_type=TIM,34.263,0.02879236009777892,3,LIN-CRS-CNT-T30-W20-D5,LIN-CRS-TIM-T30-W20-D5,main,-26.77633333333333,6.338049272762088,4.224696303388684,POWERED
time_to_recover,window_type,"{'topology': 'LIN', 'fault': 'CRS', 'threshold': '30', 'window_size': '5', 'wait': '15'}",window_type=CNT,16.142,0.11057350496389148,5,window_type=TIM,31.851999999999997,0.23856969631535369,5,LIN-CRS-CNT-T30-W5-D15,LIN-CRS-TIM-T30-W5-D15,tim_w5,-15.709999999999997,15.247130886596466,1.0303577844806482,BORDERLINE
time_to_recover,window_type,"{'topology': 'LIN', 'fault': 'CRS', 'threshold': '30', 'window_size': '5', 'wait': '30'}",window_type=CNT,31.583800000000004,0.19516838883384754,5,window_type=TIM,62.2928,0.08399821426673428,5,LIN-CRS-CNT-T30-W5-D30,LIN-CRS-TIM-T30-W5-D30,tim_w5,-30.708999999999996,15.247130886596466,2.0140838449151004,POWERED
time_to_recover,window_type,"{'topology': 'LIN', 'fault': 'CRS', 'threshold': '30', 'window_size': '5', 'wait': '5'}",window_type=CNT,6.7652,0.44700302012402565,5,window_type=TIM,22.889599999999998,0.12694605153371258,5,LIN-CRS-CNT-T30-W5-D5,LIN-CRS-TIM-T30-W5-D5,tim_w5,-16.124399999999998,15.247130886596466,1.0575366683691767,BORDERLINE
time_to_recover,window_type,"{'topology': 'LIN', 'fault': 'CRS', 'threshold': '50', 'window_size': '10', 'wait': '15'}",window_type=CNT,16.966666666666665,0.05745723047044104,3,window_type=TIM,37.33766666666667,8.903692791944998,3,LIN-CRS-CNT-T50-W10-D15,LIN-CRS-TIM-T50-W10-D15,main,-20.371000000000006,6.338049272762088,3.2140804091796578,POWERED
time_to_recover,window_type,"{'topology': 'LIN', 'fault': 'CRS', 'threshold': '50', 'window_size': '10', 'wait': '30'}",window_type=CNT,31.346999999999998,0.10481889142707043,3,window_type=TIM,61.607,0.08806815542521333,3,LIN-CRS-CNT-T50-W10-D30,LIN-CRS-TIM-T50-W10-D30,main,-30.26,6.338049272762088,4.774339658425037,POWERED
time_to_recover,window_type,"{'topology': 'LIN', 'fault': 'CRS', 'threshold': '50', 'window_size': '10', 'wait': '5'}",window_type=CNT,6.5569999999999995,0.07063285354564122,3,window_type=TIM,23.1252,0.42907307070008543,5,LIN-CRS-CNT-T50-W10-D5,LIN-CRS-TIM-T50-W10-D5,main,-16.5682,6.343514928492295,2.6118327436391597,POWERED
time_to_recover,window_type,"{'topology': 'LIN', 'fault': 'CRS', 'threshold': '50', 'window_size': '20', 'wait': '15'}",window_type=CNT,16.49533333333333,0.06997380462239684,3,window_type=TIM,47.45633333333333,0.6072004062361405,3,LIN-CRS-CNT-T50-W20-D15,LIN-CRS-TIM-T50-W20-D15,main,-30.961000000000002,6.338049272762088,4.884941512375994,POWERED
time_to_recover,window_type,"{'topology': 'LIN', 'fault': 'CRS', 'threshold': '50', 'window_size': '20', 'wait': '30'}",window_type=CNT,31.757,0.07389857914737095,3,window_type=TIM,61.93299999999999,0.5134939142774738,3,LIN-CRS-CNT-T50-W20-D30,LIN-CRS-TIM-T50-W20-D30,main,-30.17599999999999,6.338049272762088,4.7610863692212115,POWERED
time_to_recover,window_type,"{'topology': 'LIN', 'fault': 'CRS', 'threshold': '50', 'window_size': '20', 'wait': '5'}",window_type=CNT,7.103000000000001,0.085842879728024,3,window_type=TIM,28.3906,0.1918470745150943,5,LIN-CRS-CNT-T50-W20-D5,LIN-CRS-TIM-T50-W20-D5,main,-21.287599999999998,6.343514928492295,3.3558051395741826,POWERED
time_to_recover,window_type,"{'topology': 'LIN', 'fault': 'CRS', 'threshold': '50', 'window_size': '5', 'wait': '15'}",window_type=CNT,16.06833333333333,0.17978412981499128,3,window_type=TIM,31.9432,0.11755296678519056,5,LIN-CRS-CNT-T50-W5-D15,LIN-CRS-TIM-T50-W5-D15,tim_w5,-15.87486666666667,13.88908221568005,1.1429744903334773,BORDERLINE
time_to_recover,window_type,"{'topology': 'LIN', 'fault': 'CRS', 'threshold': '50', 'window_size': '5', 'wait': '30'}",window_type=CNT,31.578666666666663,0.052538874496256174,3,window_type=TIM,62.04466666666667,0.4267274696259148,3,LIN-CRS-CNT-T50-W5-D30,LIN-CRS-TIM-T50-W5-D30,tim_w5,-30.466000000000008,13.877115200128706,2.195413063928261,POWERED
time_to_recover,window_type,"{'topology': 'LIN', 'fault': 'CRS', 'threshold': '50', 'window_size': '5', 'wait': '5'}",window_type=CNT,6.782666666666667,0.1297780156009997,3,window_type=TIM,22.865,0.20373757630834735,3,LIN-CRS-CNT-T50-W5-D5,LIN-CRS-TIM-T50-W5-D5,tim_w5,-16.08233333333333,13.877115200128706,1.1589104148378166,BORDERLINE
time_to_recover,window_type,"{'topology': 'LIN', 'fault': 'CRS', 'threshold': '70', 'window_size': '10', 'wait': '15'}",window_type=CNT,16.614,0.06612110101926556,3,window_type=TIM,32.25633333333334,0.10800617266310772,3,LIN-CRS-CNT-T70-W10-D15,LIN-CRS-TIM-T70-W10-D15,main,-15.642333333333337,6.338049272762088,2.468004374872348,POWERED
time_to_recover,window_type,"{'topology': 'LIN', 'fault': 'CRS', 'threshold': '70', 'window_size': '10', 'wait': '30'}",window_type=CNT,31.426000000000002,0.49156789968426545,3,window_type=TIM,62.052666666666674,0.15798839619837002,3,LIN-CRS-CNT-T70-W10-D30,LIN-CRS-TIM-T70-W10-D30,main,-30.626666666666672,6.338049272762088,4.8321913176480775,POWERED
time_to_recover,window_type,"{'topology': 'LIN', 'fault': 'CRS', 'threshold': '70', 'window_size': '10', 'wait': '5'}",window_type=CNT,6.339666666666667,0.13800120772418384,3,window_type=TIM,23.04733333333333,0.45662055728288714,3,LIN-CRS-CNT-T70-W10-D5,LIN-CRS-TIM-T70-W10-D5,main,-16.707666666666665,6.338049272762088,2.636089741124015,POWERED
time_to_recover,window_type,"{'topology': 'LIN', 'fault': 'CRS', 'threshold': '70', 'window_size': '20', 'wait': '15'}",window_type=CNT,16.243333333333336,0.6122142871032451,3,window_type=TIM,47.315,0.3625506861116105,3,LIN-CRS-CNT-T70-W20-D15,LIN-CRS-TIM-T70-W20-D15,main,-31.071666666666662,6.338049272762088,4.902402194977856,POWERED
time_to_recover,window_type,"{'topology': 'LIN', 'fault': 'CRS', 'threshold': '70', 'window_size': '20', 'wait': '30'}",window_type=CNT,31.438,0.16168797110484154,3,window_type=TIM,61.848000000000006,0.35848151974683545,3,LIN-CRS-CNT-T70-W20-D30,LIN-CRS-TIM-T70-W20-D30,main,-30.410000000000007,6.338049272762088,4.798006246289009,POWERED
time_to_recover,window_type,"{'topology': 'LIN', 'fault': 'CRS', 'threshold': '70', 'window_size': '20', 'wait': '5'}",window_type=CNT,6.803,0.06279331174575838,3,window_type=TIM,23.236,0.37342469120292443,5,LIN-CRS-CNT-T70-W20-D5,LIN-CRS-TIM-T70-W20-D5,main,-16.433,6.343514928492295,2.5905196385981766,POWERED
time_to_recover,window_type,"{'topology': 'LIN', 'fault': 'CRS', 'threshold': '70', 'window_size': '5', 'wait': '15'}",window_type=CNT,15.902666666666667,0.06025224753760924,3,window_type=TIM,31.927599999999995,0.24050945927343323,5,LIN-CRS-CNT-T70-W5-D15,LIN-CRS-TIM-T70-W5-D15,tim_w5,-16.02493333333333,13.88908221568005,1.1537791399378439,BORDERLINE
time_to_recover,window_type,"{'topology': 'LIN', 'fault': 'CRS', 'threshold': '70', 'window_size': '5', 'wait': '30'}",window_type=CNT,31.173666666666666,0.10137225129853623,3,window_type=TIM,62.14333333333334,0.4737935556055358,3,LIN-CRS-CNT-T70-W5-D30,LIN-CRS-TIM-T70-W5-D30,tim_w5,-30.969666666666672,13.877115200128706,2.231707831205396,POWERED
time_to_recover,window_type,"{'topology': 'LIN', 'fault': 'CRS', 'threshold': '70', 'window_size': '5', 'wait': '5'}",window_type=CNT,6.582000000000001,0.12399999999999994,3,window_type=TIM,22.971666666666664,0.39202210822010203,3,LIN-CRS-CNT-T70-W5-D5,LIN-CRS-TIM-T70-W5-D5,tim_w5,-16.389666666666663,13.877115200128706,1.1810571887819057,BORDERLINE
time_to_recover,window_type,"{'topology': 'LIN', 'fault': 'LAT', 'threshold': '30', 'window_size': '10', 'wait': '15'}",window_type=CNT,16.2248,0.12011327986529982,5,window_type=TIM,35.232,0.0877895210147547,3,LIN-LAT-CNT-T30-W10-D15,LIN-LAT-TIM-T30-W10-D15,main,-19.0072,6.343514928492295,2.9963198974480174,POWERED
time_to_recover,window_type,"{'topology': 'LIN', 'fault': 'LAT', 'threshold': '30', 'window_size': '10', 'wait': '30'}",window_type=CNT,31.73133333333333,0.24603726005085708,3,window_type=TIM,64.56266666666666,0.09224062734681432,3,LIN-LAT-CNT-T30-W10-D30,LIN-LAT-TIM-T30-W10-D30,main,-32.83133333333333,6.338049272762088,5.180037566830971,POWERED
time_to_recover,window_type,"{'topology': 'LIN', 'fault': 'LAT', 'threshold': '30', 'window_size': '10', 'wait': '5'}",window_type=CNT,6.0343333333333335,0.10861552989022037,3,window_type=TIM,23.2044,0.27282833430565845,5,LIN-LAT-CNT-T30-W10-D5,LIN-LAT-TIM-T30-W10-D5,main,-17.170066666666667,6.343514928492295,2.7067117931016815,POWERED
time_to_recover,window_type,"{'topology': 'LIN', 'fault': 'LAT', 'threshold': '30', 'window_size': '20', 'wait': '15'}",window_type=CNT,16.041800000000002,0.05358824497965877,5,window_type=TIM,34.974333333333334,0.08208126054912443,3,LIN-LAT-CNT-T30-W20-D15,LIN-LAT-TIM-T30-W20-D15,main,-18.932533333333332,6.343514928492295,2.984549346340571,POWERED
time_to_recover,window_type,"{'topology': 'LIN', 'fault': 'LAT', 'threshold': '30', 'window_size': '20', 'wait': '30'}",window_type=CNT,31.493,0.12773801313626204,3,window_type=TIM,65.29866666666668,0.139177344899714,3,LIN-LAT-CNT-T30-W20-D30,LIN-LAT-TIM-T30-W20-D30,main,-33.80566666666668,6.338049272762088,5.333765203111833,POWERED
time_to_recover,window_type,"{'topology': 'LIN', 'fault': 'LAT', 'threshold': '30', 'window_size': '20', 'wait': '5'}",window_type=CNT,6.751,0.18452100151473244,3,window_type=TIM,23.241,0.6148324975145669,3,LIN-LAT-CNT-T30-W20-D5,LIN-LAT-TIM-T30-W20-D5,main,-16.49,6.338049272762088,2.60174689251252,POWERED
time_to_recover,window_type,"{'topology': 'LIN', 'fault': 'LAT', 'threshold': '30', 'window_size': '5', 'wait': '15'}",window_type=CNT,16.217599999999997,0.11976351698242652,5,window_type=TIM,35.0248,0.27086011149669087,5,LIN-LAT-CNT-T30-W5-D15,LIN-LAT-TIM-T30-W5-D15,tim_w5,-18.8072,15.247130886596466,1.2334910836590995,BORDERLINE
time_to_recover,window_type,"{'topology': 'LIN', 'fault': 'LAT', 'threshold': '30', 'window_size': '5', 'wait': '30'}",window_type=CNT,31.671000000000003,0.15068842025849188,3,window_type=TIM,64.9478,0.42619561236596515,5,LIN-LAT-CNT-T30-W5-D30,LIN-LAT-TIM-T30-W5-D30,tim_w5,-33.276799999999994,13.88908221568005,2.3958962502527505,POWERED
time_to_recover,window_type,"{'topology': 'LIN', 'fault': 'LAT', 'threshold': '30', 'window_size': '5', 'wait': '5'}",window_type=CNT,5.9784,0.06002749370080321,5,window_type=TIM,23.138600000000004,0.19836027828171612,5,LIN-LAT-CNT-T30-W5-D5,LIN-LAT-TIM-T30-W5-D5,tim_w5,-17.160200000000003,15.247130886596466,1.1254707608685441,BORDERLINE
time_to_recover,window_type,"{'topology': 'LIN', 'fault': 'LAT', 'threshold': '50', 'window_size': '10', 'wait': '15'}",window_type=CNT,16.3434,0.15215715559907195,5,window_type=TIM,35.30733333333333,0.0785641988015764,3,LIN-LAT-CNT-T50-W10-D15,LIN-LAT-TIM-T50-W10-D15,main,-18.963933333333333,6.343514928492295,2.9894992834580774,POWERED
time_to_recover,window_type,"{'topology': 'LIN', 'fault': 'LAT', 'threshold': '50', 'window_size': '10', 'wait': '30'}",window_type=CNT,31.697333333333333,0.10934501970063945,3,window_type=TIM,64.63433333333334,0.12000972182841235,3,LIN-LAT-CNT-T50-W10-D30,LIN-LAT-TIM-T50-W10-D30,main,-32.93700000000001,6.338049272762088,5.1967093631707035,POWERED
time_to_recover,window_type,"{'topology': 'LIN', 'fault': 'LAT', 'threshold': '50', 'window_size': '10', 'wait': '5'}",window_type=CNT,6.013000000000001,0.11605171261123182,3,window_type=TIM,23.044,0.15416549549104763,3,LIN-LAT-CNT-T50-W10-D5,LIN-LAT-TIM-T50-W10-D5,main,-17.031,6.338049272762088,2.687104386075241,POWERED
time_to_recover,window_type,"{'topology': 'LIN', 'fault': 'LAT', 'threshold': '50', 'window_size': '20', 'wait': '15'}",window_type=CNT,16.366,0.029597297173896565,3,window_type=TIM,35.06966666666667,0.10622774276681697,3,LIN-LAT-CNT-T50-W20-D15,LIN-LAT-TIM-T50-W20-D15,main,-18.70366666666667,6.338049272762088,2.9510131369672536,POWERED
time_to_recover,window_type,"{'topology': 'LIN', 'fault': 'LAT', 'threshold': '50', 'window_size': '20', 'wait': '30'}",window_type=CNT,31.711333333333332,0.061646843660754395,3,window_type=TIM,64.92033333333333,0.5704255721242988,3,LIN-LAT-CNT-T50-W20-D30,LIN-LAT-TIM-T50-W20-D30,main,-33.209,6.338049272762088,5.239624775830702,POWERED
time_to_recover,window_type,"{'topology': 'LIN', 'fault': 'LAT', 'threshold': '50', 'window_size': '20', 'wait': '5'}",window_type=CNT,6.090333333333334,0.11163482132978673,3,window_type=TIM,23.1676,0.09829445559135093,5,LIN-LAT-CNT-T50-W20-D5,LIN-LAT-TIM-T50-W20-D5,main,-17.077266666666667,6.343514928492295,2.692082679582427,POWERED
time_to_recover,window_type,"{'topology': 'LIN', 'fault': 'LAT', 'threshold': '50', 'window_size': '5', 'wait': '15'}",window_type=CNT,16.288999999999998,0.09796683112155834,5,window_type=TIM,34.848800000000004,0.2989526718395411,5,LIN-LAT-CNT-T50-W5-D15,LIN-LAT-TIM-T50-W5-D15,tim_w5,-18.559800000000006,15.247130886596466,1.2172650801020972,BORDERLINE
time_to_recover,window_type,"{'topology': 'LIN', 'fault': 'LAT', 'threshold': '50', 'window_size': '5', 'wait': '30'}",window_type=CNT,31.708399999999994,0.09947512251814564,5,window_type=TIM,64.9374,0.4504756375210546,5,LIN-LAT-CNT-T50-W5-D30,LIN-LAT-TIM-T50-W5-D30,tim_w5,-33.229,15.247130886596466,2.17936084153453,POWERED
time_to_recover,window_type,"{'topology': 'LIN', 'fault': 'LAT', 'threshold': '50', 'window_size': '5', 'wait': '5'}",window_type=CNT,6.147,0.4354721575485625,5,window_type=TIM,23.812000000000005,0.884352022669706,5,LIN-LAT-CNT-T50-W5-D5,LIN-LAT-TIM-T50-W5-D5,tim_w5,-17.665000000000006,15.247130886596466,1.1585786290802458,BORDERLINE
time_to_recover,window_type,"{'topology': 'LIN', 'fault': 'LAT', 'threshold': '70', 'window_size': '10', 'wait': '15'}",window_type=CNT,16.3186,0.12199303258793025,5,window_type=TIM,35.24866666666667,0.10193298452087739,3,LIN-LAT-CNT-T70-W10-D15,LIN-LAT-TIM-T70-W10-D15,main,-18.930066666666672,6.343514928492295,2.984160497777201,POWERED
time_to_recover,window_type,"{'topology': 'LIN', 'fault': 'LAT', 'threshold': '70', 'window_size': '10', 'wait': '30'}",window_type=CNT,31.672,0.10138540328863993,3,window_type=TIM,64.65633333333334,0.0894892917243896,3,LIN-LAT-CNT-T70-W10-D30,LIN-LAT-TIM-T70-W10-D30,main,-32.98433333333334,6.338049272762088,5.204177486452222,POWERED
time_to_recover,window_type,"{'topology': 'LIN', 'fault': 'LAT', 'threshold': '70', 'window_size': '10', 'wait': '5'}",window_type=CNT,5.984666666666667,0.13400497503202372,3,window_type=TIM,23.221666666666664,0.10441423913113167,3,LIN-LAT-CNT-T70-W10-D5,LIN-LAT-TIM-T70-W10-D5,main,-17.237,6.338049272762088,2.719606500075094,POWERED
time_to_recover,window_type,"{'topology': 'LIN', 'fault': 'LAT', 'threshold': '70', 'window_size': '20', 'wait': '15'}",window_type=CNT,16.197333333333333,0.10431362966234829,3,window_type=TIM,35.040666666666674,0.02098412098071565,3,LIN-LAT-CNT-T70-W20-D15,LIN-LAT-TIM-T70-W20-D15,main,-18.84333333333334,6.338049272762088,2.973049359889485,POWERED
time_to_recover,window_type,"{'topology': 'LIN', 'fault': 'LAT', 'threshold': '70', 'window_size': '20', 'wait': '30'}",window_type=CNT,31.718999999999998,0.12189749792346087,3,window_type=TIM,65.18866666666666,0.3574022010751139,3,LIN-LAT-CNT-T70-W20-D30,LIN-LAT-TIM-T70-W20-D30,main,-33.46966666666667,6.338049272762088,5.280752046296536,POWERED
time_to_recover,window_type,"{'topology': 'LIN', 'fault': 'LAT', 'threshold': '70', 'window_size': '20', 'wait': '5'}",window_type=CNT,6.153666666666666,0.23001811522863438,3,window_type=TIM,23.25833333333333,0.11838214955529965,3,LIN-LAT-CNT-T70-W20-D5,LIN-LAT-TIM-T70-W20-D5,main,-17.104666666666663,6.338049272762088,2.698727310337324,POWERED
time_to_recover,window_type,"{'topology': 'LIN', 'fault': 'LAT', 'threshold': '70', 'window_size': '5', 'wait': '15'}",window_type=CNT,16.37,0.1339720120025081,5,window_type=TIM,34.822599999999994,0.23986204368344585,5,LIN-LAT-CNT-T70-W5-D15,LIN-LAT-TIM-T70-W5-D15,tim_w5,-18.452599999999993,15.247130886596466,1.2102342491347935,BORDERLINE
time_to_recover,window_type,"{'topology': 'LIN', 'fault': 'LAT', 'threshold': '70', 'window_size': '5', 'wait': '30'}",window_type=CNT,31.729666666666663,0.08179445783996178,3,window_type=TIM,64.8,0.17281926975890038,5,LIN-LAT-CNT-T70-W5-D30,LIN-LAT-TIM-T70-W5-D30,tim_w5,-33.07033333333334,13.88908221568005,2.381030857172021,POWERED
time_to_recover,window_type,"{'topology': 'LIN', 'fault': 'LAT', 'threshold': '70', 'window_size': '5', 'wait': '5'}",window_type=CNT,5.935333333333333,0.10196241137464981,3,window_type=TIM,22.191399999999998,1.9467894852808307,5,LIN-LAT-CNT-T70-W5-D5,LIN-LAT-TIM-T70-W5-D5,tim_w5,-16.256066666666666,13.88908221568005,1.1704205082978352,BORDERLINE
time_to_recover,fault,"{'topology': 'FAN', 'window_type': 'CNT', 'threshold': '30', 'window_size': '10', 'wait': '15'}",fault=CRS,16.2572,0.21151879349126348,5,fault=LAT,23.976000000000003,0.18780441954331167,5,FAN-CRS-CNT-T30-W10-D15,FAN-LAT-CNT-T30-W10-D15,main,-7.718800000000002,6.963772040071039,1.108422268216761,BORDERLINE
time_to_recover,fault,"{'topology': 'FAN', 'window_type': 'CNT', 'threshold': '30', 'window_size': '10', 'wait': '30'}",fault=CRS,31.581666666666667,0.4224042297768018,3,fault=LAT,31.409799999999997,0.04368867130046483,5,FAN-CRS-CNT-T30-W10-D30,FAN-LAT-CNT-T30-W10-D30,main,0.17186666666666994,6.343514928492295,0.027093286388390137,UNDERPOWERED
time_to_recover,fault,"{'topology': 'FAN', 'window_type': 'CNT', 'threshold': '30', 'window_size': '10', 'wait': '5'}",fault=CRS,6.640666666666667,0.0781302331580635,3,fault=LAT,24.9632,0.1326770515198464,5,FAN-CRS-CNT-T30-W10-D5,FAN-LAT-CNT-T30-W10-D5,main,-18.322533333333332,6.343514928492295,2.888388147560988,POWERED
time_to_recover,fault,"{'topology': 'FAN', 'window_type': 'CNT', 'threshold': '30', 'window_size': '20', 'wait': '15'}",fault=CRS,17.2112,0.08646502182963872,5,fault=LAT,49.31666666666666,0.6425000648508381,3,FAN-CRS-CNT-T30-W20-D15,FAN-LAT-CNT-T30-W20-D15,main,-32.10546666666666,6.343514928492295,5.061147806630507,POWERED
time_to_recover,fault,"{'topology': 'FAN', 'window_type': 'CNT', 'threshold': '30', 'window_size': '20', 'wait': '30'}",fault=CRS,32.36633333333333,0.060961736633182766,3,fault=LAT,33.284333333333336,0.03153305144341706,3,FAN-CRS-CNT-T30-W20-D30,FAN-LAT-CNT-T30-W20-D30,main,-0.9180000000000064,6.338049272762088,0.14483951772750212,UNDERPOWERED
time_to_recover,fault,"{'topology': 'FAN', 'window_type': 'CNT', 'threshold': '30', 'window_size': '20', 'wait': '5'}",fault=CRS,8.689666666666668,0.13923122255203113,3,fault=LAT,34.45733333333333,0.07739078325829919,3,FAN-CRS-CNT-T30-W20-D5,FAN-LAT-CNT-T30-W20-D5,main,-25.767666666666663,6.338049272762088,4.065551648107849,POWERED
time_to_recover,fault,"{'topology': 'FAN', 'window_type': 'CNT', 'threshold': '30', 'window_size': '5', 'wait': '15'}",fault=CRS,16.458999999999996,0.21498372031388893,5,fault=LAT,40.687999999999995,0.5106006267132843,3,FAN-CRS-CNT-T30-W5-D15,FAN-LAT-CNT-T30-W5-D15,main,-24.229,6.343514928492295,3.819491287263143,POWERED
time_to_recover,fault,"{'topology': 'FAN', 'window_type': 'CNT', 'threshold': '30', 'window_size': '5', 'wait': '30'}",fault=CRS,31.340600000000002,0.4463326114009588,5,fault=LAT,31.639,0.06367888189973231,5,FAN-CRS-CNT-T30-W5-D30,FAN-LAT-CNT-T30-W5-D30,main,-0.29839999999999733,6.963772040071039,0.042850340057506146,UNDERPOWERED
time_to_recover,fault,"{'topology': 'FAN', 'window_type': 'CNT', 'threshold': '30', 'window_size': '5', 'wait': '5'}",fault=CRS,6.646000000000001,0.06262188115986282,5,fault=LAT,24.0732,0.09696236383257256,5,FAN-CRS-CNT-T30-W5-D5,FAN-LAT-CNT-T30-W5-D5,main,-17.4272,6.963772040071039,2.5025517635729817,POWERED
time_to_recover,fault,"{'topology': 'FAN', 'window_type': 'CNT', 'threshold': '50', 'window_size': '10', 'wait': '15'}",fault=CRS,17.232,0.1736058754766094,5,fault=LAT,23.744,0.13961554354727176,5,FAN-CRS-CNT-T50-W10-D15,FAN-LAT-CNT-T50-W10-D15,main,-6.5120000000000005,6.963772040071039,0.9351253835605984,BORDERLINE
time_to_recover,fault,"{'topology': 'FAN', 'window_type': 'CNT', 'threshold': '50', 'window_size': '10', 'wait': '30'}",fault=CRS,31.595333333333333,0.39384810947030413,3,fault=LAT,31.327799999999996,0.15730289253538846,5,FAN-CRS-CNT-T50-W10-D30,FAN-LAT-CNT-T50-W10-D30,main,0.2675333333333363,6.343514928492295,0.04217430499480557,UNDERPOWERED
time_to_recover,fault,"{'topology': 'FAN', 'window_type': 'CNT', 'threshold': '50', 'window_size': '10', 'wait': '5'}",fault=CRS,6.483999999999999,0.1513571934200684,3,fault=LAT,24.816799999999997,0.08561074698891506,5,FAN-CRS-CNT-T50-W10-D5,FAN-LAT-CNT-T50-W10-D5,main,-18.3328,6.343514928492295,2.8900065983382617,POWERED
time_to_recover,fault,"{'topology': 'FAN', 'window_type': 'CNT', 'threshold': '50', 'window_size': '20', 'wait': '15'}",fault=CRS,17.051666666666666,0.14503218033710155,3,fault=LAT,35.756,2.5981254781091696,3,FAN-CRS-CNT-T50-W20-D15,FAN-LAT-CNT-T50-W20-D15,main,-18.704333333333334,6.338049272762088,2.951118321802204,POWERED
time_to_recover,fault,"{'topology': 'FAN', 'window_type': 'CNT', 'threshold': '50', 'window_size': '20', 'wait': '30'}",fault=CRS,32.046,0.13437633720264858,3,fault=LAT,32.833333333333336,0.13957554704651293,3,FAN-CRS-CNT-T50-W20-D30,FAN-LAT-CNT-T50-W20-D30,main,-0.7873333333333363,6.338049272762088,0.12422329007710926,UNDERPOWERED
time_to_recover,fault,"{'topology': 'FAN', 'window_type': 'CNT', 'threshold': '50', 'window_size': '20', 'wait': '5'}",fault=CRS,8.533333333333333,0.12413030787576945,3,fault=LAT,33.942,0.09305374790947357,3,FAN-CRS-CNT-T50-W20-D5,FAN-LAT-CNT-T50-W20-D5,main,-25.40866666666667,6.338049272762088,4.008909614486747,POWERED
time_to_recover,fault,"{'topology': 'FAN', 'window_type': 'CNT', 'threshold': '50', 'window_size': '5', 'wait': '15'}",fault=CRS,16.2878,0.22252572884949778,5,fault=LAT,24.0142,0.14648105679575013,5,FAN-CRS-CNT-T50-W5-D15,FAN-LAT-CNT-T50-W5-D15,main,-7.726399999999998,6.963772040071039,1.109513630765142,BORDERLINE
time_to_recover,fault,"{'topology': 'FAN', 'window_type': 'CNT', 'threshold': '50', 'window_size': '5', 'wait': '30'}",fault=CRS,31.545333333333332,0.5513640660519427,3,fault=LAT,31.547200000000004,0.18005749081890432,5,FAN-CRS-CNT-T50-W5-D30,FAN-LAT-CNT-T50-W5-D30,main,-0.0018666666666717902,6.343514928492295,0.0002942637776869634,UNDERPOWERED
time_to_recover,fault,"{'topology': 'FAN', 'window_type': 'CNT', 'threshold': '50', 'window_size': '5', 'wait': '5'}",fault=CRS,6.715333333333334,0.027646579052991914,3,fault=LAT,28.297200000000004,0.18140755221324112,5,FAN-CRS-CNT-T50-W5-D5,FAN-LAT-CNT-T50-W5-D5,main,-21.58186666666667,6.343514928492295,3.4021937222422793,POWERED
time_to_recover,fault,"{'topology': 'FAN', 'window_type': 'CNT', 'threshold': '70', 'window_size': '10', 'wait': '15'}",fault=CRS,17.0198,0.10388070080626163,5,fault=LAT,21.0676,0.14450017301027715,5,FAN-CRS-CNT-T70-W10-D15,FAN-LAT-CNT-T70-W10-D15,main,-4.047799999999999,6.963772040071039,0.5812654372814172,UNDERPOWERED
time_to_recover,fault,"{'topology': 'FAN', 'window_type': 'CNT', 'threshold': '70', 'window_size': '10', 'wait': '30'}",fault=CRS,31.883333333333336,0.37635931413123597,3,fault=LAT,31.7802,0.2731825397055967,5,FAN-CRS-CNT-T70-W10-D30,FAN-LAT-CNT-T70-W10-D30,main,0.10313333333333574,6.343514928492295,0.01625807371716048,UNDERPOWERED
time_to_recover,fault,"{'topology': 'FAN', 'window_type': 'CNT', 'threshold': '70', 'window_size': '10', 'wait': '5'}",fault=CRS,6.334333333333333,0.059500700275991004,3,fault=LAT,25.3272,0.117318796447969,5,FAN-CRS-CNT-T70-W10-D5,FAN-LAT-CNT-T70-W10-D5,main,-18.992866666666668,6.343514928492295,2.9940603720122128,POWERED
time_to_recover,fault,"{'topology': 'FAN', 'window_type': 'CNT', 'threshold': '70', 'window_size': '20', 'wait': '15'}",fault=CRS,16.887,0.11068875281617398,3,fault=LAT,35.3836,3.3266214542685777,5,FAN-CRS-CNT-T70-W20-D15,FAN-LAT-CNT-T70-W20-D15,main,-18.4966,6.343514928492295,2.915828244830222,POWERED
time_to_recover,fault,"{'topology': 'FAN', 'window_type': 'CNT', 'threshold': '70', 'window_size': '20', 'wait': '30'}",fault=CRS,32.41833333333333,0.5224388321452912,3,fault=LAT,31.7856,0.45555164361464107,5,FAN-CRS-CNT-T70-W20-D30,FAN-LAT-CNT-T70-W20-D30,main,0.6327333333333307,6.343514928492295,0.09974491121497472,UNDERPOWERED
time_to_recover,fault,"{'topology': 'FAN', 'window_type': 'CNT', 'threshold': '70', 'window_size': '20', 'wait': '5'}",fault=CRS,8.414,0.03780211634287247,3,fault=LAT,34.301,0.07279423054061192,3,FAN-CRS-CNT-T70-W20-D5,FAN-LAT-CNT-T70-W20-D5,main,-25.887,6.338049272762088,4.0843797335640755,POWERED
time_to_recover,fault,"{'topology': 'FAN', 'window_type': 'CNT', 'threshold': '70', 'window_size': '5', 'wait': '15'}",fault=CRS,16.4764,0.45120593967721623,5,fault=LAT,23.869000000000003,0.06174139616173194,5,FAN-CRS-CNT-T70-W5-D15,FAN-LAT-CNT-T70-W5-D15,main,-7.392600000000002,6.963772040071039,1.061579838837543,BORDERLINE
time_to_recover,fault,"{'topology': 'FAN', 'window_type': 'CNT', 'threshold': '70', 'window_size': '5', 'wait': '30'}",fault=CRS,31.91566666666667,0.54042791687082,3,fault=LAT,31.325200000000002,0.017541379649275844,5,FAN-CRS-CNT-T70-W5-D30,FAN-LAT-CNT-T70-W5-D30,main,0.5904666666666678,6.343514928492295,0.09308193853451022,UNDERPOWERED
time_to_recover,fault,"{'topology': 'FAN', 'window_type': 'CNT', 'threshold': '70', 'window_size': '5', 'wait': '5'}",fault=CRS,6.684666666666668,0.11111405551654296,3,fault=LAT,28.250799999999998,0.14958509284016233,5,FAN-CRS-CNT-T70-W5-D5,FAN-LAT-CNT-T70-W5-D5,main,-21.56613333333333,6.343514928492295,3.399713498973209,POWERED
time_to_recover,fault,"{'topology': 'FAN', 'window_type': 'TIM', 'threshold': '30', 'window_size': '10', 'wait': '15'}",fault=CRS,47.401,0.15369775535120614,3,fault=LAT,217.159,5.2326359514110985,3,FAN-CRS-TIM-T30-W10-D15,FAN-LAT-TIM-T30-W10-D15,main,-169.75799999999998,6.338049272762088,26.783950817412997,POWERED
time_to_recover,fault,"{'topology': 'FAN', 'window_type': 'TIM', 'threshold': '30', 'window_size': '10', 'wait': '30'}",fault=CRS,62.07466666666667,0.23945006438364982,3,fault=LAT,302.3313333333333,2.608526084464795,3,FAN-CRS-TIM-T30-W10-D30,FAN-LAT-TIM-T30-W10-D30,main,-240.25666666666663,6.338049272762088,37.90703674380936,POWERED
time_to_recover,fault,"{'topology': 'FAN', 'window_type': 'TIM', 'threshold': '30', 'window_size': '10', 'wait': '5'}",fault=CRS,28.704333333333334,0.4849343598192782,3,fault=LAT,146.76033333333336,0.761541419315677,3,FAN-CRS-TIM-T30-W10-D5,FAN-LAT-TIM-T30-W10-D5,main,-118.05600000000003,6.338049272762088,18.626551312459558,POWERED
time_to_recover,fault,"{'topology': 'FAN', 'window_type': 'TIM', 'threshold': '30', 'window_size': '20', 'wait': '15'}",fault=CRS,47.467999999999996,0.19212756179163765,3,fault=LAT,268.3736666666667,4.277698251786024,3,FAN-CRS-TIM-T30-W20-D15,FAN-LAT-TIM-T30-W20-D15,main,-220.9056666666667,6.338049272762088,34.853889132104705,POWERED
time_to_recover,fault,"{'topology': 'FAN', 'window_type': 'TIM', 'threshold': '30', 'window_size': '20', 'wait': '30'}",fault=CRS,61.94166666666666,0.20125688394023777,3,fault=LAT,367.34933333333333,1.0966172227962498,3,FAN-CRS-TIM-T30-W20-D30,FAN-LAT-TIM-T30-W20-D30,main,-305.40766666666667,6.338049272762088,48.186382516646425,POWERED
time_to_recover,fault,"{'topology': 'FAN', 'window_type': 'TIM', 'threshold': '30', 'window_size': '20', 'wait': '5'}",fault=CRS,37.836333333333336,5.756417056931623,3,fault=LAT,200.72600000000003,0.1496228592161002,3,FAN-CRS-TIM-T30-W20-D5,FAN-LAT-TIM-T30-W20-D5,main,-162.8896666666667,6.338049272762088,25.70028405533052,POWERED
time_to_recover,fault,"{'topology': 'FAN', 'window_type': 'TIM', 'threshold': '30', 'window_size': '5', 'wait': '15'}",fault=CRS,47.6312,0.1553454215611144,5,fault=LAT,194.48899999999998,1.6191798850035173,5,FAN-CRS-TIM-T30-W5-D15,FAN-LAT-TIM-T30-W5-D15,tim_w5,-146.85779999999997,15.247130886596466,9.631831791324133,POWERED
time_to_recover,fault,"{'topology': 'FAN', 'window_type': 'TIM', 'threshold': '30', 'window_size': '5', 'wait': '30'}",fault=CRS,61.92040000000001,0.16265392709676482,5,fault=LAT,299.82399999999996,1.262117862958925,5,FAN-CRS-TIM-T30-W5-D30,FAN-LAT-TIM-T30-W5-D30,tim_w5,-237.90359999999995,15.247130886596466,15.603171624186528,POWERED
time_to_recover,fault,"{'topology': 'FAN', 'window_type': 'TIM', 'threshold': '30', 'window_size': '5', 'wait': '5'}",fault=CRS,22.882600000000004,0.36128285317739695,5,fault=LAT,124.18620000000001,3.1594928706993484,5,FAN-CRS-TIM-T30-W5-D5,FAN-LAT-TIM-T30-W5-D5,tim_w5,-101.30360000000002,15.247130886596466,6.644109029657151,POWERED
time_to_recover,fault,"{'topology': 'FAN', 'window_type': 'TIM', 'threshold': '50', 'window_size': '10', 'wait': '15'}",fault=CRS,47.381,0.2613292941864741,3,fault=LAT,214.15633333333335,0.07616648431780161,3,FAN-CRS-TIM-T50-W10-D15,FAN-LAT-TIM-T50-W10-D15,main,-166.77533333333335,6.338049272762088,26.313353865842313,POWERED
time_to_recover,fault,"{'topology': 'FAN', 'window_type': 'TIM', 'threshold': '50', 'window_size': '10', 'wait': '30'}",fault=CRS,61.933666666666674,0.15015103507246946,3,fault=LAT,301.93800000000005,3.2109556209950942,3,FAN-CRS-TIM-T50-W10-D30,FAN-LAT-TIM-T50-W10-D30,main,-240.00433333333336,6.338049272762088,37.867224283780416,POWERED
time_to_recover,fault,"{'topology': 'FAN', 'window_type': 'TIM', 'threshold': '50', 'window_size': '10', 'wait': '5'}",fault=CRS,28.5028,0.4562556301022476,5,fault=LAT,146.029,0.03579106033634474,3,FAN-CRS-TIM-T50-W10-D5,FAN-LAT-TIM-T50-W10-D5,main,-117.52619999999999,6.343514928492295,18.52698406558857,POWERED
time_to_recover,fault,"{'topology': 'FAN', 'window_type': 'TIM', 'threshold': '50', 'window_size': '20', 'wait': '15'}",fault=CRS,47.80233333333333,0.1796060503806412,3,fault=LAT,273.3426666666667,1.5292015345706818,3,FAN-CRS-TIM-T50-W20-D15,FAN-LAT-TIM-T50-W20-D15,main,-225.54033333333334,6.338049272762088,35.585134104683924,POWERED
time_to_recover,fault,"{'topology': 'FAN', 'window_type': 'TIM', 'threshold': '50', 'window_size': '20', 'wait': '30'}",fault=CRS,62.24033333333333,0.31038739235563945,3,fault=LAT,372.97,4.286813268618085,3,FAN-CRS-TIM-T50-W20-D30,FAN-LAT-TIM-T50-W20-D30,main,-310.7296666666667,6.338049272762088,49.026073054060106,POWERED
time_to_recover,fault,"{'topology': 'FAN', 'window_type': 'TIM', 'threshold': '50', 'window_size': '20', 'wait': '5'}",fault=CRS,33.71039999999999,0.1223204807053999,5,fault=LAT,198.66533333333334,0.13006664958141873,3,FAN-CRS-TIM-T50-W20-D5,FAN-LAT-TIM-T50-W20-D5,main,-164.95493333333334,6.343514928492295,26.00371169498284,POWERED
time_to_recover,fault,"{'topology': 'FAN', 'window_type': 'TIM', 'threshold': '50', 'window_size': '5', 'wait': '15'}",fault=CRS,32.87133333333333,0.16712969016106397,3,fault=LAT,193.42966666666666,0.15894128895077725,3,FAN-CRS-TIM-T50-W5-D15,FAN-LAT-TIM-T50-W5-D15,tim_w5,-160.55833333333334,13.877115200128706,11.570007960432886,POWERED
time_to_recover,fault,"{'topology': 'FAN', 'window_type': 'TIM', 'threshold': '50', 'window_size': '5', 'wait': '30'}",fault=CRS,62.147333333333336,0.1648524592880939,3,fault=LAT,284.872,14.573480915690665,5,FAN-CRS-TIM-T50-W5-D30,FAN-LAT-TIM-T50-W5-D30,tim_w5,-222.72466666666668,13.88908221568005,16.03595278709072,POWERED
time_to_recover,fault,"{'topology': 'FAN', 'window_type': 'TIM', 'threshold': '50', 'window_size': '5', 'wait': '5'}",fault=CRS,22.980666666666668,0.21548395145191976,3,fault=LAT,121.797,3.8371518083078224,5,FAN-CRS-TIM-T50-W5-D5,FAN-LAT-TIM-T50-W5-D5,tim_w5,-98.81633333333333,13.88908221568005,7.114676967047891,POWERED
time_to_recover,fault,"{'topology': 'FAN', 'window_type': 'TIM', 'threshold': '70', 'window_size': '10', 'wait': '15'}",fault=CRS,47.67633333333333,0.3213118941672288,3,fault=LAT,214.239,0.2688140621321641,3,FAN-CRS-TIM-T70-W10-D15,FAN-LAT-TIM-T70-W10-D15,main,-166.56266666666667,6.338049272762088,26.279799903492947,POWERED
time_to_recover,fault,"{'topology': 'FAN', 'window_type': 'TIM', 'threshold': '70', 'window_size': '10', 'wait': '30'}",fault=CRS,61.717666666666666,0.11750035460939166,3,fault=LAT,300.02299999999997,0.14171450172794917,3,FAN-CRS-TIM-T70-W10-D30,FAN-LAT-TIM-T70-W10-D30,main,-238.3053333333333,6.338049272762088,37.59916073190783,POWERED
time_to_recover,fault,"{'topology': 'FAN', 'window_type': 'TIM', 'threshold': '70', 'window_size': '10', 'wait': '5'}",fault=CRS,22.877,0.27353427573157846,3,fault=LAT,146.32233333333335,0.23817920424195943,3,FAN-CRS-TIM-T70-W10-D5,FAN-LAT-TIM-T70-W10-D5,main,-123.44533333333335,6.338049272762088,19.47686551820329,POWERED
time_to_recover,fault,"{'topology': 'FAN', 'window_type': 'TIM', 'threshold': '70', 'window_size': '20', 'wait': '15'}",fault=CRS,48.043000000000006,0.08608716512930539,3,fault=LAT,268.151,8.77298187619238,3,FAN-CRS-TIM-T70-W20-D15,FAN-LAT-TIM-T70-W20-D15,main,-220.108,6.338049272762088,34.728035477085854,POWERED
time_to_recover,fault,"{'topology': 'FAN', 'window_type': 'TIM', 'threshold': '70', 'window_size': '20', 'wait': '30'}",fault=CRS,62.461333333333336,0.16831320011613415,3,fault=LAT,371.45166666666665,6.253312748722344,3,FAN-CRS-TIM-T70-W20-D30,FAN-LAT-TIM-T70-W20-D30,main,-308.9903333333333,6.338049272762088,48.75164581967299,POWERED
time_to_recover,fault,"{'topology': 'FAN', 'window_type': 'TIM', 'threshold': '70', 'window_size': '20', 'wait': '5'}",fault=CRS,28.4916,0.37363123531096787,5,fault=LAT,198.60233333333335,0.07651361534611151,3,FAN-CRS-TIM-T70-W20-D5,FAN-LAT-TIM-T70-W20-D5,main,-170.11073333333334,6.343514928492295,26.816478758372636,POWERED
time_to_recover,fault,"{'topology': 'FAN', 'window_type': 'TIM', 'threshold': '70', 'window_size': '5', 'wait': '15'}",fault=CRS,31.882,0.2182269460905321,3,fault=LAT,193.3088,2.0735464065219276,5,FAN-CRS-TIM-T70-W5-D15,FAN-LAT-TIM-T70-W5-D15,tim_w5,-161.4268,13.88908221568005,11.622567819330607,POWERED
time_to_recover,fault,"{'topology': 'FAN', 'window_type': 'TIM', 'threshold': '70', 'window_size': '5', 'wait': '30'}",fault=CRS,62.07966666666667,0.10848655830716335,3,fault=LAT,274.1983333333333,3.5885281569653884,3,FAN-CRS-TIM-T70-W5-D30,FAN-LAT-TIM-T70-W5-D30,tim_w5,-212.11866666666666,13.877115200128706,15.28550160516786,POWERED
time_to_recover,fault,"{'topology': 'FAN', 'window_type': 'TIM', 'threshold': '70', 'window_size': '5', 'wait': '5'}",fault=CRS,23.274666666666665,0.18808065645709793,3,fault=LAT,121.2286,3.7734524377551137,5,FAN-CRS-TIM-T70-W5-D5,FAN-LAT-TIM-T70-W5-D5,tim_w5,-97.95393333333334,13.88908221568005,7.052585031338388,POWERED
time_to_recover,fault,"{'topology': 'LIN', 'window_type': 'CNT', 'threshold': '30', 'window_size': '10', 'wait': '15'}",fault=CRS,16.066333333333333,0.10032613484697431,3,fault=LAT,16.2248,0.12011327986529982,5,LIN-CRS-CNT-T30-W10-D15,LIN-LAT-CNT-T30-W10-D15,main,-0.15846666666666565,6.343514928492295,0.02498089284142813,UNDERPOWERED
time_to_recover,fault,"{'topology': 'LIN', 'window_type': 'CNT', 'threshold': '30', 'window_size': '10', 'wait': '30'}",fault=CRS,31.481000000000005,0.11887388274974392,3,fault=LAT,31.73133333333333,0.24603726005085708,3,LIN-CRS-CNT-T30-W10-D30,LIN-LAT-CNT-T30-W10-D30,main,-0.2503333333333231,6.338049272762088,0.039496905524091824,UNDERPOWERED
time_to_recover,fault,"{'topology': 'LIN', 'window_type': 'CNT', 'threshold': '30', 'window_size': '10', 'wait': '5'}",fault=CRS,6.870666666666668,0.1075468889988614,3,fault=LAT,6.0343333333333335,0.10861552989022037,3,LIN-CRS-CNT-T30-W10-D5,LIN-LAT-CNT-T30-W10-D5,main,0.836333333333334,6.338049272762088,0.13195437544600602,UNDERPOWERED
time_to_recover,fault,"{'topology': 'LIN', 'window_type': 'CNT', 'threshold': '30', 'window_size': '20', 'wait': '15'}",fault=CRS,19.7064,6.430225330421944,5,fault=LAT,16.041800000000002,0.05358824497965877,5,LIN-CRS-CNT-T30-W20-D15,LIN-LAT-CNT-T30-W20-D15,main,3.6645999999999965,6.963772040071039,0.5262377887893375,UNDERPOWERED
time_to_recover,fault,"{'topology': 'LIN', 'window_type': 'CNT', 'threshold': '30', 'window_size': '20', 'wait': '30'}",fault=CRS,30.999333333333336,0.21765645713677556,3,fault=LAT,31.493,0.12773801313626204,3,LIN-CRS-CNT-T30-W20-D30,LIN-LAT-CNT-T30-W20-D30,main,-0.4936666666666625,6.338049272762088,0.07788937028120092,UNDERPOWERED
time_to_recover,fault,"{'topology': 'LIN', 'window_type': 'CNT', 'threshold': '30', 'window_size': '20', 'wait': '5'}",fault=CRS,7.486666666666667,0.057361427225386494,3,fault=LAT,6.751,0.18452100151473244,3,LIN-CRS-CNT-T30-W20-D5,LIN-LAT-CNT-T30-W20-D5,main,0.7356666666666669,6.338049272762088,0.11607146536840779,UNDERPOWERED
time_to_recover,fault,"{'topology': 'LIN', 'window_type': 'CNT', 'threshold': '30', 'window_size': '5', 'wait': '15'}",fault=CRS,16.142,0.11057350496389148,5,fault=LAT,16.217599999999997,0.11976351698242652,5,LIN-CRS-CNT-T30-W5-D15,LIN-LAT-CNT-T30-W5-D15,main,-0.07559999999999789,6.963772040071039,0.01085618534968969,UNDERPOWERED
time_to_recover,fault,"{'topology': 'LIN', 'window_type': 'CNT', 'threshold': '30', 'window_size': '5', 'wait': '30'}",fault=CRS,31.583800000000004,0.19516838883384754,5,fault=LAT,31.671000000000003,0.15068842025849188,3,LIN-CRS-CNT-T30-W5-D30,LIN-LAT-CNT-T30-W5-D30,main,-0.08719999999999928,6.343514928492295,0.013746322186196017,UNDERPOWERED
time_to_recover,fault,"{'topology': 'LIN', 'window_type': 'CNT', 'threshold': '30', 'window_size': '5', 'wait': '5'}",fault=CRS,6.7652,0.44700302012402565,5,fault=LAT,5.9784,0.06002749370080321,5,LIN-CRS-CNT-T30-W5-D5,LIN-LAT-CNT-T30-W5-D5,main,0.7868000000000004,6.963772040071039,0.11298474382455145,UNDERPOWERED
time_to_recover,fault,"{'topology': 'LIN', 'window_type': 'CNT', 'threshold': '50', 'window_size': '10', 'wait': '15'}",fault=CRS,16.966666666666665,0.05745723047044104,3,fault=LAT,16.3434,0.15215715559907195,5,LIN-CRS-CNT-T50-W10-D15,LIN-LAT-CNT-T50-W10-D15,main,0.623266666666666,6.343514928492295,0.09825257348528095,UNDERPOWERED
time_to_recover,fault,"{'topology': 'LIN', 'window_type': 'CNT', 'threshold': '50', 'window_size': '10', 'wait': '30'}",fault=CRS,31.346999999999998,0.10481889142707043,3,fault=LAT,31.697333333333333,0.10934501970063945,3,LIN-CRS-CNT-T50-W10-D30,LIN-LAT-CNT-T50-W10-D30,main,-0.35033333333333516,6.338049272762088,0.055274630766740905,UNDERPOWERED
time_to_recover,fault,"{'topology': 'LIN', 'window_type': 'CNT', 'threshold': '50', 'window_size': '10', 'wait': '5'}",fault=CRS,6.5569999999999995,0.07063285354564122,3,fault=LAT,6.013000000000001,0.11605171261123182,3,LIN-CRS-CNT-T50-W10-D5,LIN-LAT-CNT-T50-W10-D5,main,0.5439999999999987,6.338049272762088,0.08583082532000046,UNDERPOWERED
time_to_recover,fault,"{'topology': 'LIN', 'window_type': 'CNT', 'threshold': '50', 'window_size': '20', 'wait': '15'}",fault=CRS,16.49533333333333,0.06997380462239684,3,fault=LAT,16.366,0.029597297173896565,3,LIN-CRS-CNT-T50-W20-D15,LIN-LAT-CNT-T50-W20-D15,main,0.12933333333333152,6.338049272762088,0.020405857980490067,UNDERPOWERED
time_to_recover,fault,"{'topology': 'LIN', 'window_type': 'CNT', 'threshold': '50', 'window_size': '20', 'wait': '30'}",fault=CRS,31.757,0.07389857914737095,3,fault=LAT,31.711333333333332,0.061646843660754395,3,LIN-CRS-CNT-T50-W20-D30,LIN-LAT-CNT-T50-W20-D30,main,0.04566666666666919,6.338049272762088,0.00720516119414261,UNDERPOWERED
time_to_recover,fault,"{'topology': 'LIN', 'window_type': 'CNT', 'threshold': '50', 'window_size': '20', 'wait': '5'}",fault=CRS,7.103000000000001,0.085842879728024,3,fault=LAT,6.090333333333334,0.11163482132978673,3,LIN-CRS-CNT-T50-W20-D5,LIN-LAT-CNT-T50-W20-D5,main,1.012666666666667,6.338049272762088,0.1597757642905405,UNDERPOWERED
time_to_recover,fault,"{'topology': 'LIN', 'window_type': 'CNT', 'threshold': '50', 'window_size': '5', 'wait': '15'}",fault=CRS,16.06833333333333,0.17978412981499128,3,fault=LAT,16.288999999999998,0.09796683112155834,5,LIN-CRS-CNT-T50-W5-D15,LIN-LAT-CNT-T50-W5-D15,main,-0.22066666666666634,6.343514928492295,0.03478618229075621,UNDERPOWERED
time_to_recover,fault,"{'topology': 'LIN', 'window_type': 'CNT', 'threshold': '50', 'window_size': '5', 'wait': '30'}",fault=CRS,31.578666666666663,0.052538874496256174,3,fault=LAT,31.708399999999994,0.09947512251814564,5,LIN-CRS-CNT-T50-W5-D30,LIN-LAT-CNT-T50-W5-D30,main,-0.1297333333333306,6.343514928492295,0.02045133254918739,UNDERPOWERED
time_to_recover,fault,"{'topology': 'LIN', 'window_type': 'CNT', 'threshold': '50', 'window_size': '5', 'wait': '5'}",fault=CRS,6.782666666666667,0.1297780156009997,3,fault=LAT,6.147,0.4354721575485625,5,LIN-CRS-CNT-T50-W5-D5,LIN-LAT-CNT-T50-W5-D5,main,0.6356666666666664,6.343514928492295,0.10020732572276762,UNDERPOWERED
time_to_recover,fault,"{'topology': 'LIN', 'window_type': 'CNT', 'threshold': '70', 'window_size': '10', 'wait': '15'}",fault=CRS,16.614,0.06612110101926556,3,fault=LAT,16.3186,0.12199303258793025,5,LIN-CRS-CNT-T70-W10-D15,LIN-LAT-CNT-T70-W10-D15,main,0.2954000000000008,6.343514928492295,0.04656724281883426,UNDERPOWERED
time_to_recover,fault,"{'topology': 'LIN', 'window_type': 'CNT', 'threshold': '70', 'window_size': '10', 'wait': '30'}",fault=CRS,31.426000000000002,0.49156789968426545,3,fault=LAT,31.672,0.10138540328863993,3,LIN-CRS-CNT-T70-W10-D30,LIN-LAT-CNT-T70-W10-D30,main,-0.24599999999999866,6.338049272762088,0.03881320409691185,UNDERPOWERED
time_to_recover,fault,"{'topology': 'LIN', 'window_type': 'CNT', 'threshold': '70', 'window_size': '10', 'wait': '5'}",fault=CRS,6.339666666666667,0.13800120772418384,3,fault=LAT,5.984666666666667,0.13400497503202372,3,LIN-CRS-CNT-T70-W10-D5,LIN-LAT-CNT-T70-W10-D5,main,0.3550000000000004,6.338049272762088,0.056010924611397554,UNDERPOWERED
time_to_recover,fault,"{'topology': 'LIN', 'window_type': 'CNT', 'threshold': '70', 'window_size': '20', 'wait': '15'}",fault=CRS,16.243333333333336,0.6122142871032451,3,fault=LAT,16.197333333333333,0.10431362966234829,3,LIN-CRS-CNT-T70-W20-D15,LIN-LAT-CNT-T70-W20-D15,main,0.04600000000000293,6.338049272762088,0.007257753611618165,UNDERPOWERED
time_to_recover,fault,"{'topology': 'LIN', 'window_type': 'CNT', 'threshold': '70', 'window_size': '20', 'wait': '30'}",fault=CRS,31.438,0.16168797110484154,3,fault=LAT,31.718999999999998,0.12189749792346087,3,LIN-CRS-CNT-T70-W20-D30,LIN-LAT-CNT-T70-W20-D30,main,-0.2809999999999988,6.338049272762088,0.044335407931838385,UNDERPOWERED
time_to_recover,fault,"{'topology': 'LIN', 'window_type': 'CNT', 'threshold': '70', 'window_size': '20', 'wait': '5'}",fault=CRS,6.803,0.06279331174575838,3,fault=LAT,6.153666666666666,0.23001811522863438,3,LIN-CRS-CNT-T70-W20-D5,LIN-LAT-CNT-T70-W20-D5,main,0.6493333333333338,6.338049272762088,0.10245002924225576,UNDERPOWERED
time_to_recover,fault,"{'topology': 'LIN', 'window_type': 'CNT', 'threshold': '70', 'window_size': '5', 'wait': '15'}",fault=CRS,15.902666666666667,0.06025224753760924,3,fault=LAT,16.37,0.1339720120025081,5,LIN-CRS-CNT-T70-W5-D15,LIN-LAT-CNT-T70-W5-D15,main,-0.46733333333333427,6.343514928492295,0.07367103862785555,UNDERPOWERED
time_to_recover,fault,"{'topology': 'LIN', 'window_type': 'CNT', 'threshold': '70', 'window_size': '5', 'wait': '30'}",fault=CRS,31.173666666666666,0.10137225129853623,3,fault=LAT,31.729666666666663,0.08179445783996178,3,LIN-CRS-CNT-T70-W5-D30,LIN-LAT-CNT-T70-W5-D30,main,-0.5559999999999974,6.338049272762088,0.0877241523491179,UNDERPOWERED
time_to_recover,fault,"{'topology': 'LIN', 'window_type': 'CNT', 'threshold': '70', 'window_size': '5', 'wait': '5'}",fault=CRS,6.582000000000001,0.12399999999999994,3,fault=LAT,5.935333333333333,0.10196241137464981,3,LIN-CRS-CNT-T70-W5-D5,LIN-LAT-CNT-T70-W5-D5,main,0.6466666666666674,6.338049272762088,0.10202928990245187,UNDERPOWERED
time_to_recover,fault,"{'topology': 'LIN', 'window_type': 'TIM', 'threshold': '30', 'window_size': '10', 'wait': '15'}",fault=CRS,47.68333333333334,0.039526362510777034,3,fault=LAT,35.232,0.0877895210147547,3,LIN-CRS-TIM-T30-W10-D15,LIN-LAT-TIM-T30-W10-D15,main,12.451333333333338,6.338049272762088,1.9645371623794765,POWERED
time_to_recover,fault,"{'topology': 'LIN', 'window_type': 'TIM', 'threshold': '30', 'window_size': '10', 'wait': '30'}",fault=CRS,61.696000000000005,0.18768857184176288,3,fault=LAT,64.56266666666666,0.09224062734681432,3,LIN-CRS-TIM-T30-W10-D30,LIN-LAT-TIM-T30-W10-D30,main,-2.866666666666653,6.338049272762088,0.452294790289217,UNDERPOWERED
time_to_recover,fault,"{'topology': 'LIN', 'window_type': 'TIM', 'threshold': '30', 'window_size': '10', 'wait': '5'}",fault=CRS,28.519199999999994,0.43007406338908644,5,fault=LAT,23.2044,0.27282833430565845,5,LIN-CRS-TIM-T30-W10-D5,LIN-LAT-TIM-T30-W10-D5,main,5.314799999999995,6.963772040071039,0.7632070621234434,BORDERLINE
time_to_recover,fault,"{'topology': 'LIN', 'window_type': 'TIM', 'threshold': '30', 'window_size': '20', 'wait': '15'}",fault=CRS,47.44333333333333,0.11179147254300514,3,fault=LAT,34.974333333333334,0.08208126054912443,3,LIN-CRS-TIM-T30-W20-D15,LIN-LAT-TIM-T30-W20-D15,main,12.468999999999994,6.338049272762088,1.967324560505676,POWERED
time_to_recover,fault,"{'topology': 'LIN', 'window_type': 'TIM', 'threshold': '30', 'window_size': '20', 'wait': '30'}",fault=CRS,62.26233333333334,0.11356202416887858,3,fault=LAT,65.29866666666668,0.139177344899714,3,LIN-CRS-TIM-T30-W20-D30,LIN-LAT-TIM-T30-W20-D30,main,-3.0363333333333387,6.338049272762088,0.4790643307842447,UNDERPOWERED
time_to_recover,fault,"{'topology': 'LIN', 'window_type': 'TIM', 'threshold': '30', 'window_size': '20', 'wait': '5'}",fault=CRS,34.263,0.02879236009777892,3,fault=LAT,23.241,0.6148324975145669,3,LIN-CRS-TIM-T30-W20-D5,LIN-LAT-TIM-T30-W20-D5,main,11.021999999999998,6.338049272762088,1.7390208762445718,POWERED
time_to_recover,fault,"{'topology': 'LIN', 'window_type': 'TIM', 'threshold': '30', 'window_size': '5', 'wait': '15'}",fault=CRS,31.851999999999997,0.23856969631535369,5,fault=LAT,35.0248,0.27086011149669087,5,LIN-CRS-TIM-T30-W5-D15,LIN-LAT-TIM-T30-W5-D15,tim_w5,-3.1728000000000023,15.247130886596466,0.20809160907703397,UNDERPOWERED
time_to_recover,fault,"{'topology': 'LIN', 'window_type': 'TIM', 'threshold': '30', 'window_size': '5', 'wait': '30'}",fault=CRS,62.2928,0.08399821426673428,5,fault=LAT,64.9478,0.42619561236596515,5,LIN-CRS-TIM-T30-W5-D30,LIN-LAT-TIM-T30-W5-D30,tim_w5,-2.655000000000001,15.247130886596466,0.17413112143832737,UNDERPOWERED
time_to_recover,fault,"{'topology': 'LIN', 'window_type': 'TIM', 'threshold': '30', 'window_size': '5', 'wait': '5'}",fault=CRS,22.889599999999998,0.12694605153371258,5,fault=LAT,23.138600000000004,0.19836027828171612,5,LIN-CRS-TIM-T30-W5-D5,LIN-LAT-TIM-T30-W5-D5,tim_w5,-0.24900000000000588,15.247130886596466,0.01633094133263447,UNDERPOWERED
time_to_recover,fault,"{'topology': 'LIN', 'window_type': 'TIM', 'threshold': '50', 'window_size': '10', 'wait': '15'}",fault=CRS,37.33766666666667,8.903692791944998,3,fault=LAT,35.30733333333333,0.0785641988015764,3,LIN-CRS-TIM-T50-W10-D15,LIN-LAT-TIM-T50-W10-D15,main,2.0303333333333384,6.338049272762088,0.320340414843214,UNDERPOWERED
time_to_recover,fault,"{'topology': 'LIN', 'window_type': 'TIM', 'threshold': '50', 'window_size': '10', 'wait': '30'}",fault=CRS,61.607,0.08806815542521333,3,fault=LAT,64.63433333333334,0.12000972182841235,3,LIN-CRS-TIM-T50-W10-D30,LIN-LAT-TIM-T50-W10-D30,main,-3.0273333333333454,6.338049272762088,0.47764433551240754,UNDERPOWERED
time_to_recover,fault,"{'topology': 'LIN', 'window_type': 'TIM', 'threshold': '50', 'window_size': '10', 'wait': '5'}",fault=CRS,23.1252,0.42907307070008543,5,fault=LAT,23.044,0.15416549549104763,3,LIN-CRS-TIM-T50-W10-D5,LIN-LAT-TIM-T50-W10-D5,main,0.08119999999999905,6.343514928492295,0.012800474329347623,UNDERPOWERED
time_to_recover,fault,"{'topology': 'LIN', 'window_type': 'TIM', 'threshold': '50', 'window_size': '20', 'wait': '15'}",fault=CRS,47.45633333333333,0.6072004062361405,3,fault=LAT,35.06966666666667,0.10622774276681697,3,LIN-CRS-TIM-T50-W20-D15,LIN-LAT-TIM-T50-W20-D15,main,12.386666666666663,6.338049272762088,1.9543342333892302,POWERED
time_to_recover,fault,"{'topology': 'LIN', 'window_type': 'TIM', 'threshold': '50', 'window_size': '20', 'wait': '30'}",fault=CRS,61.93299999999999,0.5134939142774738,3,fault=LAT,64.92033333333333,0.5704255721242988,3,LIN-CRS-TIM-T50-W20-D30,LIN-LAT-TIM-T50-W20-D30,main,-2.987333333333339,6.338049272762088,0.47133324541534766,UNDERPOWERED
time_to_recover,fault,"{'topology': 'LIN', 'window_type': 'TIM', 'threshold': '50', 'window_size': '20', 'wait': '5'}",fault=CRS,28.3906,0.1918470745150943,5,fault=LAT,23.1676,0.09829445559135093,5,LIN-CRS-TIM-T50-W20-D5,LIN-LAT-TIM-T50-W20-D5,main,5.222999999999999,6.963772040071039,0.7500245513416776,BORDERLINE
time_to_recover,fault,"{'topology': 'LIN', 'window_type': 'TIM', 'threshold': '50', 'window_size': '5', 'wait': '15'}",fault=CRS,31.9432,0.11755296678519056,5,fault=LAT,34.848800000000004,0.2989526718395411,5,LIN-CRS-TIM-T50-W5-D15,LIN-LAT-TIM-T50-W5-D15,tim_w5,-2.9056000000000033,15.247130886596466,0.19056700054659298,UNDERPOWERED
time_to_recover,fault,"{'topology': 'LIN', 'window_type': 'TIM', 'threshold': '50', 'window_size': '5', 'wait': '30'}",fault=CRS,62.04466666666667,0.4267274696259148,3,fault=LAT,64.9374,0.4504756375210546,5,LIN-CRS-TIM-T50-W5-D30,LIN-LAT-TIM-T50-W5-D30,tim_w5,-2.892733333333325,13.88908221568005,0.20827390092540313,UNDERPOWERED
time_to_recover,fault,"{'topology': 'LIN', 'window_type': 'TIM', 'threshold': '50', 'window_size': '5', 'wait': '5'}",fault=CRS,22.865,0.20373757630834735,3,fault=LAT,23.812000000000005,0.884352022669706,5,LIN-CRS-TIM-T50-W5-D5,LIN-LAT-TIM-T50-W5-D5,tim_w5,-0.9470000000000063,13.88908221568005,0.06818305092404829,UNDERPOWERED
time_to_recover,fault,"{'topology': 'LIN', 'window_type': 'TIM', 'threshold': '70', 'window_size': '10', 'wait': '15'}",fault=CRS,32.25633333333334,0.10800617266310772,3,fault=LAT,35.24866666666667,0.10193298452087739,3,LIN-CRS-TIM-T70-W10-D15,LIN-LAT-TIM-T70-W10-D15,main,-2.9923333333333346,6.338049272762088,0.4721221316774793,UNDERPOWERED
time_to_recover,fault,"{'topology': 'LIN', 'window_type': 'TIM', 'threshold': '70', 'window_size': '10', 'wait': '30'}",fault=CRS,62.052666666666674,0.15798839619837002,3,fault=LAT,64.65633333333334,0.0894892917243896,3,LIN-CRS-TIM-T70-W10-D30,LIN-LAT-TIM-T70-W10-D30,main,-2.603666666666662,6.338049272762088,0.41079937290105634,UNDERPOWERED
time_to_recover,fault,"{'topology': 'LIN', 'window_type': 'TIM', 'threshold': '70', 'window_size': '10', 'wait': '5'}",fault=CRS,23.04733333333333,0.45662055728288714,3,fault=LAT,23.221666666666664,0.10441423913113167,3,LIN-CRS-TIM-T70-W10-D5,LIN-LAT-TIM-T70-W10-D5,main,-0.17433333333333323,6.338049272762088,0.027505834339681567,UNDERPOWERED
time_to_recover,fault,"{'topology': 'LIN', 'window_type': 'TIM', 'threshold': '70', 'window_size': '20', 'wait': '15'}",fault=CRS,47.315,0.3625506861116105,3,fault=LAT,35.040666666666674,0.02098412098071565,3,LIN-CRS-TIM-T70-W20-D15,LIN-LAT-TIM-T70-W20-D15,main,12.274333333333324,6.338049272762088,1.936610588699989,POWERED
time_to_recover,fault,"{'topology': 'LIN', 'window_type': 'TIM', 'threshold': '70', 'window_size': '20', 'wait': '30'}",fault=CRS,61.848000000000006,0.35848151974683545,3,fault=LAT,65.18866666666666,0.3574022010751139,3,LIN-CRS-TIM-T70-W20-D30,LIN-LAT-TIM-T70-W20-D30,main,-3.3406666666666567,6.338049272762088,0.5270812079393652,UNDERPOWERED
time_to_recover,fault,"{'topology': 'LIN', 'window_type': 'TIM', 'threshold': '70', 'window_size': '20', 'wait': '5'}",fault=CRS,23.236,0.37342469120292443,5,fault=LAT,23.25833333333333,0.11838214955529965,3,LIN-CRS-TIM-T70-W20-D5,LIN-LAT-TIM-T70-W20-D5,main,-0.022333333333328653,6.343514928492295,0.0035206559116014824,UNDERPOWERED
time_to_recover,fault,"{'topology': 'LIN', 'window_type': 'TIM', 'threshold': '70', 'window_size': '5', 'wait': '15'}",fault=CRS,31.927599999999995,0.24050945927343323,5,fault=LAT,34.822599999999994,0.23986204368344585,5,LIN-CRS-TIM-T70-W5-D15,LIN-LAT-TIM-T70-W5-D15,tim_w5,-2.8949999999999996,15.247130886596466,0.18987178778303482,UNDERPOWERED
time_to_recover,fault,"{'topology': 'LIN', 'window_type': 'TIM', 'threshold': '70', 'window_size': '5', 'wait': '30'}",fault=CRS,62.14333333333334,0.4737935556055358,3,fault=LAT,64.8,0.17281926975890038,5,LIN-CRS-TIM-T70-W5-D30,LIN-LAT-TIM-T70-W5-D30,tim_w5,-2.656666666666659,13.88908221568005,0.1912773375095599,UNDERPOWERED
time_to_recover,fault,"{'topology': 'LIN', 'window_type': 'TIM', 'threshold': '70', 'window_size': '5', 'wait': '5'}",fault=CRS,22.971666666666664,0.39202210822010203,3,fault=LAT,22.191399999999998,1.9467894852808307,5,LIN-CRS-TIM-T70-W5-D5,LIN-LAT-TIM-T70-W5-D5,tim_w5,0.780266666666666,13.88908221568005,0.056178418022883155,UNDERPOWERED
time_to_recover,topology,"{'fault': 'CRS', 'window_type': 'CNT', 'threshold': '30', 'window_size': '10', 'wait': '15'}",topology=FAN,16.2572,0.21151879349126348,5,topology=LIN,16.066333333333333,0.10032613484697431,3,FAN-CRS-CNT-T30-W10-D15,LIN-CRS-CNT-T30-W10-D15,main,0.1908666666666683,6.343514928492295,0.03008847126840968,UNDERPOWERED
time_to_recover,topology,"{'fault': 'CRS', 'window_type': 'CNT', 'threshold': '30', 'window_size': '10', 'wait': '30'}",topology=FAN,31.581666666666667,0.4224042297768018,3,topology=LIN,31.481000000000005,0.11887388274974392,3,FAN-CRS-CNT-T30-W10-D30,LIN-CRS-CNT-T30-W10-D30,main,0.1006666666666618,6.338049272762088,0.015882910077597394,UNDERPOWERED
time_to_recover,topology,"{'fault': 'CRS', 'window_type': 'CNT', 'threshold': '30', 'window_size': '10', 'wait': '5'}",topology=FAN,6.640666666666667,0.0781302331580635,3,topology=LIN,6.870666666666668,0.1075468889988614,3,FAN-CRS-CNT-T30-W10-D5,LIN-CRS-CNT-T30-W10-D5,main,-0.23000000000000043,6.338049272762088,0.03628876805808858,UNDERPOWERED
time_to_recover,topology,"{'fault': 'CRS', 'window_type': 'CNT', 'threshold': '30', 'window_size': '20', 'wait': '15'}",topology=FAN,17.2112,0.08646502182963872,5,topology=LIN,19.7064,6.430225330421944,5,FAN-CRS-CNT-T30-W20-D15,LIN-CRS-CNT-T30-W20-D15,main,-2.495199999999997,6.963772040071039,0.35831155667389464,UNDERPOWERED
time_to_recover,topology,"{'fault': 'CRS', 'window_type': 'CNT', 'threshold': '30', 'window_size': '20', 'wait': '30'}",topology=FAN,32.36633333333333,0.060961736633182766,3,topology=LIN,30.999333333333336,0.21765645713677556,3,FAN-CRS-CNT-T30-W20-D30,LIN-CRS-CNT-T30-W20-D30,main,1.3669999999999938,6.338049272762088,0.21568150406698597,UNDERPOWERED
time_to_recover,topology,"{'fault': 'CRS', 'window_type': 'CNT', 'threshold': '30', 'window_size': '20', 'wait': '5'}",topology=FAN,8.689666666666668,0.13923122255203113,3,topology=LIN,7.486666666666667,0.057361427225386494,3,FAN-CRS-CNT-T30-W20-D5,LIN-CRS-CNT-T30-W20-D5,main,1.2030000000000003,6.338049272762088,0.1898060346690456,UNDERPOWERED
time_to_recover,topology,"{'fault': 'CRS', 'window_type': 'CNT', 'threshold': '30', 'window_size': '5', 'wait': '15'}",topology=FAN,16.458999999999996,0.21498372031388893,5,topology=LIN,16.142,0.11057350496389148,5,FAN-CRS-CNT-T30-W5-D15,LIN-CRS-CNT-T30-W5-D15,main,0.3169999999999966,6.963772040071039,0.04552130629433453,UNDERPOWERED
time_to_recover,topology,"{'fault': 'CRS', 'window_type': 'CNT', 'threshold': '30', 'window_size': '5', 'wait': '30'}",topology=FAN,31.340600000000002,0.4463326114009588,5,topology=LIN,31.583800000000004,0.19516838883384754,5,FAN-CRS-CNT-T30-W5-D30,LIN-CRS-CNT-T30-W5-D30,main,-0.24320000000000164,6.963772040071039,0.03492360154820931,UNDERPOWERED
time_to_recover,topology,"{'fault': 'CRS', 'window_type': 'CNT', 'threshold': '30', 'window_size': '5', 'wait': '5'}",topology=FAN,6.646000000000001,0.06262188115986282,5,topology=LIN,6.7652,0.44700302012402565,5,FAN-CRS-CNT-T30-W5-D5,LIN-CRS-CNT-T30-W5-D5,main,-0.1191999999999993,6.963772040071039,0.017117159969352376,UNDERPOWERED
time_to_recover,topology,"{'fault': 'CRS', 'window_type': 'CNT', 'threshold': '50', 'window_size': '10', 'wait': '15'}",topology=FAN,17.232,0.1736058754766094,5,topology=LIN,16.966666666666665,0.05745723047044104,3,FAN-CRS-CNT-T50-W10-D15,LIN-CRS-CNT-T50-W10-D15,main,0.2653333333333343,6.343514928492295,0.041827494113960854,UNDERPOWERED
time_to_recover,topology,"{'fault': 'CRS', 'window_type': 'CNT', 'threshold': '50', 'window_size': '10', 'wait': '30'}",topology=FAN,31.595333333333333,0.39384810947030413,3,topology=LIN,31.346999999999998,0.10481889142707043,3,FAN-CRS-CNT-T50-W10-D30,LIN-CRS-CNT-T50-W10-D30,main,0.24833333333333485,6.338049272762088,0.03918135101924074,UNDERPOWERED
time_to_recover,topology,"{'fault': 'CRS', 'window_type': 'CNT', 'threshold': '50', 'window_size': '10', 'wait': '5'}",topology=FAN,6.483999999999999,0.1513571934200684,3,topology=LIN,6.5569999999999995,0.07063285354564122,3,FAN-CRS-CNT-T50-W10-D5,LIN-CRS-CNT-T50-W10-D5,main,-0.0730000000000004,6.338049272762088,0.011517739427132504,UNDERPOWERED
time_to_recover,topology,"{'fault': 'CRS', 'window_type': 'CNT', 'threshold': '50', 'window_size': '20', 'wait': '15'}",topology=FAN,17.051666666666666,0.14503218033710155,3,topology=LIN,16.49533333333333,0.06997380462239684,3,FAN-CRS-CNT-T50-W20-D15,LIN-CRS-CNT-T50-W20-D15,main,0.5563333333333347,6.338049272762088,0.08777674476659403,UNDERPOWERED
time_to_recover,topology,"{'fault': 'CRS', 'window_type': 'CNT', 'threshold': '50', 'window_size': '20', 'wait': '30'}",topology=FAN,32.046,0.13437633720264858,3,topology=LIN,31.757,0.07389857914737095,3,FAN-CRS-CNT-T50-W20-D30,LIN-CRS-CNT-T50-W20-D30,main,0.2889999999999979,6.338049272762088,0.04559762595125002,UNDERPOWERED
time_to_recover,topology,"{'fault': 'CRS', 'window_type': 'CNT', 'threshold': '50', 'window_size': '20', 'wait': '5'}",topology=FAN,8.533333333333333,0.12413030787576945,3,topology=LIN,7.103000000000001,0.085842879728024,3,FAN-CRS-CNT-T50-W20-D5,LIN-CRS-CNT-T50-W20-D5,main,1.4303333333333326,6.338049272762088,0.22567406338733004,UNDERPOWERED
time_to_recover,topology,"{'fault': 'CRS', 'window_type': 'CNT', 'threshold': '50', 'window_size': '5', 'wait': '15'}",topology=FAN,16.2878,0.22252572884949778,5,topology=LIN,16.06833333333333,0.17978412981499128,3,FAN-CRS-CNT-T50-W5-D15,LIN-CRS-CNT-T50-W5-D15,main,0.21946666666666914,6.343514928492295,0.034597012719386984,UNDERPOWERED
time_to_recover,topology,"{'fault': 'CRS', 'window_type': 'CNT', 'threshold': '50', 'window_size': '5', 'wait': '30'}",topology=FAN,31.545333333333332,0.5513640660519427,3,topology=LIN,31.578666666666663,0.052538874496256174,3,FAN-CRS-CNT-T50-W5-D30,LIN-CRS-CNT-T50-W5-D30,main,-0.03333333333333144,6.338049272762088,0.005259241747548761,UNDERPOWERED
time_to_recover,topology,"{'fault': 'CRS', 'window_type': 'CNT', 'threshold': '50', 'window_size': '5', 'wait': '5'}",topology=FAN,6.715333333333334,0.027646579052991914,3,topology=LIN,6.782666666666667,0.1297780156009997,3,FAN-CRS-CNT-T50-W5-D5,LIN-CRS-CNT-T50-W5-D5,main,-0.06733333333333302,6.338049272762088,0.010623668330049052,UNDERPOWERED
time_to_recover,topology,"{'fault': 'CRS', 'window_type': 'CNT', 'threshold': '70', 'window_size': '10', 'wait': '15'}",topology=FAN,17.0198,0.10388070080626163,5,topology=LIN,16.614,0.06612110101926556,3,FAN-CRS-CNT-T70-W10-D15,LIN-CRS-CNT-T70-W10-D15,main,0.4057999999999993,6.343514928492295,0.06397084338484381,UNDERPOWERED
time_to_recover,topology,"{'fault': 'CRS', 'window_type': 'CNT', 'threshold': '70', 'window_size': '10', 'wait': '30'}",topology=FAN,31.883333333333336,0.37635931413123597,3,topology=LIN,31.426000000000002,0.49156789968426545,3,FAN-CRS-CNT-T70-W10-D30,LIN-CRS-CNT-T70-W10-D30,main,0.4573333333333345,6.338049272762088,0.07215679677637328,UNDERPOWERED
time_to_recover,topology,"{'fault': 'CRS', 'window_type': 'CNT', 'threshold': '70', 'window_size': '10', 'wait': '5'}",topology=FAN,6.334333333333333,0.059500700275991004,3,topology=LIN,6.339666666666667,0.13800120772418384,3,FAN-CRS-CNT-T70-W10-D5,LIN-CRS-CNT-T70-W10-D5,main,-0.005333333333333634,6.338049272762088,0.0008414786796078971,UNDERPOWERED
time_to_recover,topology,"{'fault': 'CRS', 'window_type': 'CNT', 'threshold': '70', 'window_size': '20', 'wait': '15'}",topology=FAN,16.887,0.11068875281617398,3,topology=LIN,16.243333333333336,0.6122142871032451,3,FAN-CRS-CNT-T70-W20-D15,LIN-CRS-CNT-T70-W20-D15,main,0.6436666666666646,6.338049272762088,0.10155595814517202,UNDERPOWERED
time_to_recover,topology,"{'fault': 'CRS', 'window_type': 'CNT', 'threshold': '70', 'window_size': '20', 'wait': '30'}",topology=FAN,32.41833333333333,0.5224388321452912,3,topology=LIN,31.438,0.16168797110484154,3,FAN-CRS-CNT-T70-W20-D30,LIN-CRS-CNT-T70-W20-D30,main,0.9803333333333306,6.338049272762088,0.1546742997954174,UNDERPOWERED
time_to_recover,topology,"{'fault': 'CRS', 'window_type': 'CNT', 'threshold': '70', 'window_size': '20', 'wait': '5'}",topology=FAN,8.414,0.03780211634287247,3,topology=LIN,6.803,0.06279331174575838,3,FAN-CRS-CNT-T70-W20-D5,LIN-CRS-CNT-T70-W20-D5,main,1.6109999999999998,6.338049272762088,0.25417915365904603,UNDERPOWERED
time_to_recover,topology,"{'fault': 'CRS', 'window_type': 'CNT', 'threshold': '70', 'window_size': '5', 'wait': '15'}",topology=FAN,16.4764,0.45120593967721623,5,topology=LIN,15.902666666666667,0.06025224753760924,3,FAN-CRS-CNT-T70-W5-D15,LIN-CRS-CNT-T70-W5-D15,main,0.573733333333335,6.343514928492295,0.09044407395596654,UNDERPOWERED
time_to_recover,topology,"{'fault': 'CRS', 'window_type': 'CNT', 'threshold': '70', 'window_size': '5', 'wait': '30'}",topology=FAN,31.91566666666667,0.54042791687082,3,topology=LIN,31.173666666666666,0.10137225129853623,3,FAN-CRS-CNT-T70-W5-D30,LIN-CRS-CNT-T70-W5-D30,main,0.7420000000000044,6.338049272762088,0.11707072130044277,UNDERPOWERED
time_to_recover,topology,"{'fault': 'CRS', 'window_type': 'CNT', 'threshold': '70', 'window_size': '5', 'wait': '5'}",topology=FAN,6.684666666666668,0.11111405551654296,3,topology=LIN,6.582000000000001,0.12399999999999994,3,FAN-CRS-CNT-T70-W5-D5,LIN-CRS-CNT-T70-W5-D5,main,0.1026666666666669,6.338049272762088,0.016198464582451142,UNDERPOWERED
time_to_recover,topology,"{'fault': 'CRS', 'window_type': 'TIM', 'threshold': '30', 'window_size': '10', 'wait': '15'}",topology=FAN,47.401,0.15369775535120614,3,topology=LIN,47.68333333333334,0.039526362510777034,3,FAN-CRS-TIM-T30-W10-D15,LIN-CRS-TIM-T30-W10-D15,main,-0.28233333333333377,6.338049272762088,0.0445457776017406,UNDERPOWERED
time_to_recover,topology,"{'fault': 'CRS', 'window_type': 'TIM', 'threshold': '30', 'window_size': '10', 'wait': '30'}",topology=FAN,62.07466666666667,0.23945006438364982,3,topology=LIN,61.696000000000005,0.18768857184176288,3,FAN-CRS-TIM-T30-W10-D30,LIN-CRS-TIM-T30-W10-D30,main,0.3786666666666676,6.338049272762088,0.05974498625215747,UNDERPOWERED
time_to_recover,topology,"{'fault': 'CRS', 'window_type': 'TIM', 'threshold': '30', 'window_size': '10', 'wait': '5'}",topology=FAN,28.704333333333334,0.4849343598192782,3,topology=LIN,28.519199999999994,0.43007406338908644,5,FAN-CRS-TIM-T30-W10-D5,LIN-CRS-TIM-T30-W10-D5,main,0.18513333333334003,6.343514928492295,0.029184661094088713,UNDERPOWERED
time_to_recover,topology,"{'fault': 'CRS', 'window_type': 'TIM', 'threshold': '30', 'window_size': '20', 'wait': '15'}",topology=FAN,47.467999999999996,0.19212756179163765,3,topology=LIN,47.44333333333333,0.11179147254300514,3,FAN-CRS-TIM-T30-W20-D15,LIN-CRS-TIM-T30-W20-D15,main,0.02466666666666839,6.338049272762088,0.0038918388931865762,UNDERPOWERED
time_to_recover,topology,"{'fault': 'CRS', 'window_type': 'TIM', 'threshold': '30', 'window_size': '20', 'wait': '30'}",topology=FAN,61.94166666666666,0.20125688394023777,3,topology=LIN,62.26233333333334,0.11356202416887858,3,FAN-CRS-TIM-T30-W20-D30,LIN-CRS-TIM-T30-W20-D30,main,-0.32066666666667487,6.338049272762088,0.050593905611423254,UNDERPOWERED
time_to_recover,topology,"{'fault': 'CRS', 'window_type': 'TIM', 'threshold': '30', 'window_size': '20', 'wait': '5'}",topology=FAN,37.836333333333336,5.756417056931623,3,topology=LIN,34.263,0.02879236009777892,3,FAN-CRS-TIM-T30-W20-D5,LIN-CRS-TIM-T30-W20-D5,main,3.5733333333333377,6.338049272762088,0.5637907153372599,UNDERPOWERED
time_to_recover,topology,"{'fault': 'CRS', 'window_type': 'TIM', 'threshold': '30', 'window_size': '5', 'wait': '15'}",topology=FAN,47.6312,0.1553454215611144,5,topology=LIN,31.851999999999997,0.23856969631535369,5,FAN-CRS-TIM-T30-W5-D15,LIN-CRS-TIM-T30-W5-D15,tim_w5,15.779200000000003,15.247130886596466,1.034896343276706,BORDERLINE
time_to_recover,topology,"{'fault': 'CRS', 'window_type': 'TIM', 'threshold': '30', 'window_size': '5', 'wait': '30'}",topology=FAN,61.92040000000001,0.16265392709676482,5,topology=LIN,62.2928,0.08399821426673428,5,FAN-CRS-TIM-T30-W5-D30,LIN-CRS-TIM-T30-W5-D30,tim_w5,-0.37239999999999185,15.247130886596466,0.024424267278204015,UNDERPOWERED
time_to_recover,topology,"{'fault': 'CRS', 'window_type': 'TIM', 'threshold': '30', 'window_size': '5', 'wait': '5'}",topology=FAN,22.882600000000004,0.36128285317739695,5,topology=LIN,22.889599999999998,0.12694605153371258,5,FAN-CRS-TIM-T30-W5-D5,LIN-CRS-TIM-T30-W5-D5,tim_w5,-0.006999999999994344,15.247130886596466,0.0004591027683869326,UNDERPOWERED
time_to_recover,topology,"{'fault': 'CRS', 'window_type': 'TIM', 'threshold': '50', 'window_size': '10', 'wait': '15'}",topology=FAN,47.381,0.2613292941864741,3,topology=LIN,37.33766666666667,8.903692791944998,3,FAN-CRS-TIM-T50-W10-D15,LIN-CRS-TIM-T50-W10-D15,main,10.04333333333333,6.338049272762088,1.584609538536531,POWERED
time_to_recover,topology,"{'fault': 'CRS', 'window_type': 'TIM', 'threshold': '50', 'window_size': '10', 'wait': '30'}",topology=FAN,61.933666666666674,0.15015103507246946,3,topology=LIN,61.607,0.08806815542521333,3,FAN-CRS-TIM-T50-W10-D30,LIN-CRS-TIM-T50-W10-D30,main,0.3266666666666751,6.338049272762088,0.051540569125982115,UNDERPOWERED
time_to_recover,topology,"{'fault': 'CRS', 'window_type': 'TIM', 'threshold': '50', 'window_size': '10', 'wait': '5'}",topology=FAN,28.5028,0.4562556301022476,5,topology=LIN,23.1252,0.42907307070008543,5,FAN-CRS-TIM-T50-W10-D5,LIN-CRS-TIM-T50-W10-D5,main,5.377600000000001,6.963772040071039,0.7722251631811232,BORDERLINE
time_to_recover,topology,"{'fault': 'CRS', 'window_type': 'TIM', 'threshold': '50', 'window_size': '20', 'wait': '15'}",topology=FAN,47.80233333333333,0.1796060503806412,3,topology=LIN,47.45633333333333,0.6072004062361405,3,FAN-CRS-TIM-T50-W20-D15,LIN-CRS-TIM-T50-W20-D15,main,0.34599999999999653,6.338049272762088,0.0545909293395587,UNDERPOWERED
time_to_recover,topology,"{'fault': 'CRS', 'window_type': 'TIM', 'threshold': '50', 'window_size': '20', 'wait': '30'}",topology=FAN,62.24033333333333,0.31038739235563945,3,topology=LIN,61.93299999999999,0.5134939142774738,3,FAN-CRS-TIM-T50-W20-D30,LIN-CRS-TIM-T50-W20-D30,main,0.30733333333333945,6.338049272762088,0.0484902089124033,UNDERPOWERED
time_to_recover,topology,"{'fault': 'CRS', 'window_type': 'TIM', 'threshold': '50', 'window_size': '20', 'wait': '5'}",topology=FAN,33.71039999999999,0.1223204807053999,5,topology=LIN,28.3906,0.1918470745150943,5,FAN-CRS-TIM-T50-W20-D5,LIN-CRS-TIM-T50-W20-D5,main,5.319799999999994,6.963772040071039,0.7639250638000099,BORDERLINE
time_to_recover,topology,"{'fault': 'CRS', 'window_type': 'TIM', 'threshold': '50', 'window_size': '5', 'wait': '15'}",topology=FAN,32.87133333333333,0.16712969016106397,3,topology=LIN,31.9432,0.11755296678519056,5,FAN-CRS-TIM-T50-W5-D15,LIN-CRS-TIM-T50-W5-D15,tim_w5,0.9281333333333315,13.88908221568005,0.06682466983207265,UNDERPOWERED
time_to_recover,topology,"{'fault': 'CRS', 'window_type': 'TIM', 'threshold': '50', 'window_size': '5', 'wait': '30'}",topology=FAN,62.147333333333336,0.1648524592880939,3,topology=LIN,62.04466666666667,0.4267274696259148,3,FAN-CRS-TIM-T50-W5-D30,LIN-CRS-TIM-T50-W5-D30,tim_w5,0.10266666666666424,13.877115200128706,0.007398271556159744,UNDERPOWERED
time_to_recover,topology,"{'fault': 'CRS', 'window_type': 'TIM', 'threshold': '50', 'window_size': '5', 'wait': '5'}",topology=FAN,22.980666666666668,0.21548395145191976,3,topology=LIN,22.865,0.20373757630834735,3,FAN-CRS-TIM-T50-W5-D5,LIN-CRS-TIM-T50-W5-D5,tim_w5,0.11566666666666947,13.877115200128706,0.008335065681777772,UNDERPOWERED
time_to_recover,topology,"{'fault': 'CRS', 'window_type': 'TIM', 'threshold': '70', 'window_size': '10', 'wait': '15'}",topology=FAN,47.67633333333333,0.3213118941672288,3,topology=LIN,32.25633333333334,0.10800617266310772,3,FAN-CRS-TIM-T70-W10-D15,LIN-CRS-TIM-T70-W10-D15,main,15.419999999999995,6.338049272762088,2.4329252324161943,POWERED
time_to_recover,topology,"{'fault': 'CRS', 'window_type': 'TIM', 'threshold': '70', 'window_size': '10', 'wait': '30'}",topology=FAN,61.717666666666666,0.11750035460939166,3,topology=LIN,62.052666666666674,0.15798839619837002,3,FAN-CRS-TIM-T70-W10-D30,LIN-CRS-TIM-T70-W10-D30,main,-0.33500000000000796,6.338049272762088,0.05285537956286931,UNDERPOWERED
time_to_recover,topology,"{'fault': 'CRS', 'window_type': 'TIM', 'threshold': '70', 'window_size': '10', 'wait': '5'}",topology=FAN,22.877,0.27353427573157846,3,topology=LIN,23.04733333333333,0.45662055728288714,3,FAN-CRS-TIM-T70-W10-D5,LIN-CRS-TIM-T70-W10-D5,main,-0.1703333333333319,6.338049272762088,0.02687472532997547,UNDERPOWERED
time_to_recover,topology,"{'fault': 'CRS', 'window_type': 'TIM', 'threshold': '70', 'window_size': '20', 'wait': '15'}",topology=FAN,48.043000000000006,0.08608716512930539,3,topology=LIN,47.315,0.3625506861116105,3,FAN-CRS-TIM-T70-W20-D15,LIN-CRS-TIM-T70-W20-D15,main,0.7280000000000086,6.338049272762088,0.11486183976647284,UNDERPOWERED
time_to_recover,topology,"{'fault': 'CRS', 'window_type': 'TIM', 'threshold': '70', 'window_size': '20', 'wait': '30'}",topology=FAN,62.461333333333336,0.16831320011613415,3,topology=LIN,61.848000000000006,0.35848151974683545,3,FAN-CRS-TIM-T70-W20-D30,LIN-CRS-TIM-T70-W20-D30,main,0.6133333333333297,6.338049272762088,0.09677004815490213,UNDERPOWERED
time_to_recover,topology,"{'fault': 'CRS', 'window_type': 'TIM', 'threshold': '70', 'window_size': '20', 'wait': '5'}",topology=FAN,28.4916,0.37363123531096787,5,topology=LIN,23.236,0.37342469120292443,5,FAN-CRS-TIM-T70-W20-D5,LIN-CRS-TIM-T70-W20-D5,main,5.255599999999998,6.963772040071039,0.7547059222728928,BORDERLINE
time_to_recover,topology,"{'fault': 'CRS', 'window_type': 'TIM', 'threshold': '70', 'window_size': '5', 'wait': '15'}",topology=FAN,31.882,0.2182269460905321,3,topology=LIN,31.927599999999995,0.24050945927343323,5,FAN-CRS-TIM-T70-W5-D15,LIN-CRS-TIM-T70-W5-D15,tim_w5,-0.0455999999999932,13.88908221568005,0.0032831543000381392,UNDERPOWERED
time_to_recover,topology,"{'fault': 'CRS', 'window_type': 'TIM', 'threshold': '70', 'window_size': '5', 'wait': '30'}",topology=FAN,62.07966666666667,0.10848655830716335,3,topology=LIN,62.14333333333334,0.4737935556055358,3,FAN-CRS-TIM-T70-W5-D30,LIN-CRS-TIM-T70-W5-D30,tim_w5,-0.06366666666666987,13.877115200128706,0.004587889179307194,UNDERPOWERED
time_to_recover,topology,"{'fault': 'CRS', 'window_type': 'TIM', 'threshold': '70', 'window_size': '5', 'wait': '5'}",topology=FAN,23.274666666666665,0.18808065645709793,3,topology=LIN,22.971666666666664,0.39202210822010203,3,FAN-CRS-TIM-T70-W5-D5,LIN-CRS-TIM-T70-W5-D5,tim_w5,0.3030000000000008,13.877115200128706,0.02183450923554995,UNDERPOWERED
time_to_recover,topology,"{'fault': 'LAT', 'window_type': 'CNT', 'threshold': '30', 'window_size': '10', 'wait': '15'}",topology=FAN,23.976000000000003,0.18780441954331167,5,topology=LIN,16.2248,0.12011327986529982,5,FAN-LAT-CNT-T30-W10-D15,LIN-LAT-CNT-T30-W10-D15,main,7.751200000000004,6.963772040071039,1.1130749190809142,BORDERLINE
time_to_recover,topology,"{'fault': 'LAT', 'window_type': 'CNT', 'threshold': '30', 'window_size': '10', 'wait': '30'}",topology=FAN,31.409799999999997,0.04368867130046483,5,topology=LIN,31.73133333333333,0.24603726005085708,3,FAN-LAT-CNT-T30-W10-D30,LIN-LAT-CNT-T30-W10-D30,main,-0.32153333333333123,6.343514928492295,0.050686935706439985,UNDERPOWERED
time_to_recover,topology,"{'fault': 'LAT', 'window_type': 'CNT', 'threshold': '30', 'window_size': '10', 'wait': '5'}",topology=FAN,24.9632,0.1326770515198464,5,topology=LIN,6.0343333333333335,0.10861552989022037,3,FAN-LAT-CNT-T30-W10-D5,LIN-LAT-CNT-T30-W10-D5,main,18.928866666666668,6.343514928492295,2.9839713282058304,POWERED
time_to_recover,topology,"{'fault': 'LAT', 'window_type': 'CNT', 'threshold': '30', 'window_size': '20', 'wait': '15'}",topology=FAN,49.31666666666666,0.6425000648508381,3,topology=LIN,16.041800000000002,0.05358824497965877,5,FAN-LAT-CNT-T30-W20-D15,LIN-LAT-CNT-T30-W20-D15,main,33.27486666666666,6.343514928492295,5.2454935539302525,POWERED
time_to_recover,topology,"{'fault': 'LAT', 'window_type': 'CNT', 'threshold': '30', 'window_size': '20', 'wait': '30'}",topology=FAN,33.284333333333336,0.03153305144341706,3,topology=LIN,31.493,0.12773801313626204,3,FAN-LAT-CNT-T30-W20-D30,LIN-LAT-CNT-T30-W20-D30,main,1.7913333333333377,6.338049272762088,0.2826316515132872,UNDERPOWERED
time_to_recover,topology,"{'fault': 'LAT', 'window_type': 'CNT', 'threshold': '30', 'window_size': '20', 'wait': '5'}",topology=FAN,34.45733333333333,0.07739078325829919,3,topology=LIN,6.751,0.18452100151473244,3,FAN-LAT-CNT-T30-W20-D5,LIN-LAT-CNT-T30-W20-D5,main,27.70633333333333,6.338049272762088,4.371429148145302,POWERED
time_to_recover,topology,"{'fault': 'LAT', 'window_type': 'CNT', 'threshold': '30', 'window_size': '5', 'wait': '15'}",topology=FAN,40.687999999999995,0.5106006267132843,3,topology=LIN,16.217599999999997,0.11976351698242652,5,FAN-LAT-CNT-T30-W5-D15,LIN-LAT-CNT-T30-W5-D15,main,24.470399999999998,6.343514928492295,3.8575458993703413,POWERED
time_to_recover,topology,"{'fault': 'LAT', 'window_type': 'CNT', 'threshold': '30', 'window_size': '5', 'wait': '30'}",topology=FAN,31.639,0.06367888189973231,5,topology=LIN,31.671000000000003,0.15068842025849188,3,FAN-LAT-CNT-T30-W5-D30,LIN-LAT-CNT-T30-W5-D30,main,-0.03200000000000358,6.343514928492295,0.005044521903191805,UNDERPOWERED
time_to_recover,topology,"{'fault': 'LAT', 'window_type': 'CNT', 'threshold': '30', 'window_size': '5', 'wait': '5'}",topology=FAN,24.0732,0.09696236383257256,5,topology=LIN,5.9784,0.06002749370080321,5,FAN-LAT-CNT-T30-W5-D5,LIN-LAT-CNT-T30-W5-D5,main,18.0948,6.963772040071039,2.5984193474281807,POWERED
time_to_recover,topology,"{'fault': 'LAT', 'window_type': 'CNT', 'threshold': '50', 'window_size': '10', 'wait': '15'}",topology=FAN,23.744,0.13961554354727176,5,topology=LIN,16.3434,0.15215715559907195,5,FAN-LAT-CNT-T50-W10-D15,LIN-LAT-CNT-T50-W10-D15,main,7.400600000000001,6.963772040071039,1.0627286415200499,BORDERLINE
time_to_recover,topology,"{'fault': 'LAT', 'window_type': 'CNT', 'threshold': '50', 'window_size': '10', 'wait': '30'}",topology=FAN,31.327799999999996,0.15730289253538846,5,topology=LIN,31.697333333333333,0.10934501970063945,3,FAN-LAT-CNT-T50-W10-D30,LIN-LAT-CNT-T50-W10-D30,main,-0.3695333333333366,6.343514928492295,0.05825371856122769,UNDERPOWERED
time_to_recover,topology,"{'fault': 'LAT', 'window_type': 'CNT', 'threshold': '50', 'window_size': '10', 'wait': '5'}",topology=FAN,24.816799999999997,0.08561074698891506,5,topology=LIN,6.013000000000001,0.11605171261123182,3,FAN-LAT-CNT-T50-W10-D5,LIN-LAT-CNT-T50-W10-D5,main,18.803799999999995,6.343514928492295,2.964255655100857,POWERED
time_to_recover,topology,"{'fault': 'LAT', 'window_type': 'CNT', 'threshold': '50', 'window_size': '20', 'wait': '15'}",topology=FAN,35.756,2.5981254781091696,3,topology=LIN,16.366,0.029597297173896565,3,FAN-LAT-CNT-T50-W20-D15,LIN-LAT-CNT-T50-W20-D15,main,19.39,6.338049272762088,3.059300924549288,POWERED
time_to_recover,topology,"{'fault': 'LAT', 'window_type': 'CNT', 'threshold': '50', 'window_size': '20', 'wait': '30'}",topology=FAN,32.833333333333336,0.13957554704651293,3,topology=LIN,31.711333333333332,0.061646843660754395,3,FAN-LAT-CNT-T50-W20-D30,LIN-LAT-CNT-T50-W20-D30,main,1.1220000000000034,6.338049272762088,0.1770260772225019,UNDERPOWERED
time_to_recover,topology,"{'fault': 'LAT', 'window_type': 'CNT', 'threshold': '50', 'window_size': '20', 'wait': '5'}",topology=FAN,33.942,0.09305374790947357,3,topology=LIN,6.090333333333334,0.11163482132978673,3,FAN-LAT-CNT-T50-W20-D5,LIN-LAT-CNT-T50-W20-D5,main,27.851666666666667,6.338049272762088,4.394359442164617,POWERED
time_to_recover,topology,"{'fault': 'LAT', 'window_type': 'CNT', 'threshold': '50', 'window_size': '5', 'wait': '15'}",topology=FAN,24.0142,0.14648105679575013,5,topology=LIN,16.288999999999998,0.09796683112155834,5,FAN-LAT-CNT-T50-W5-D15,LIN-LAT-CNT-T50-W5-D15,main,7.725200000000001,6.963772040071039,1.1093413103627665,BORDERLINE
time_to_recover,topology,"{'fault': 'LAT', 'window_type': 'CNT', 'threshold': '50', 'window_size': '5', 'wait': '30'}",topology=FAN,31.547200000000004,0.18005749081890432,5,topology=LIN,31.708399999999994,0.09947512251814564,5,FAN-LAT-CNT-T50-W5-D30,LIN-LAT-CNT-T50-W5-D30,main,-0.16119999999999024,6.963772040071039,0.02314837405251218,UNDERPOWERED
time_to_recover,topology,"{'fault': 'LAT', 'window_type': 'CNT', 'threshold': '50', 'window_size': '5', 'wait': '5'}",topology=FAN,28.297200000000004,0.18140755221324112,5,topology=LIN,6.147,0.4354721575485625,5,FAN-LAT-CNT-T50-W5-D5,LIN-LAT-CNT-T50-W5-D5,main,22.150200000000005,6.963772040071039,3.1807761472579807,POWERED
time_to_recover,topology,"{'fault': 'LAT', 'window_type': 'CNT', 'threshold': '70', 'window_size': '10', 'wait': '15'}",topology=FAN,21.0676,0.14450017301027715,5,topology=LIN,16.3186,0.12199303258793025,5,FAN-LAT-CNT-T70-W10-D15,LIN-LAT-CNT-T70-W10-D15,main,4.748999999999999,6.963772040071039,0.681957992403145,UNDERPOWERED
time_to_recover,topology,"{'fault': 'LAT', 'window_type': 'CNT', 'threshold': '70', 'window_size': '10', 'wait': '30'}",topology=FAN,31.7802,0.2731825397055967,5,topology=LIN,31.672,0.10138540328863993,3,FAN-LAT-CNT-T70-W10-D30,LIN-LAT-CNT-T70-W10-D30,main,0.10820000000000007,6.343514928492295,0.017056789685165392,UNDERPOWERED
time_to_recover,topology,"{'fault': 'LAT', 'window_type': 'CNT', 'threshold': '70', 'window_size': '10', 'wait': '5'}",topology=FAN,25.3272,0.117318796447969,5,topology=LIN,5.984666666666667,0.13400497503202372,3,FAN-LAT-CNT-T70-W10-D5,LIN-LAT-CNT-T70-W10-D5,main,19.342533333333336,6.343514928492295,3.049182283225209,POWERED
time_to_recover,topology,"{'fault': 'LAT', 'window_type': 'CNT', 'threshold': '70', 'window_size': '20', 'wait': '15'}",topology=FAN,35.3836,3.3266214542685777,5,topology=LIN,16.197333333333333,0.10431362966234829,3,FAN-LAT-CNT-T70-W20-D15,LIN-LAT-CNT-T70-W20-D15,main,19.18626666666667,6.343514928492295,3.024548201264625,POWERED
time_to_recover,topology,"{'fault': 'LAT', 'window_type': 'CNT', 'threshold': '70', 'window_size': '20', 'wait': '30'}",topology=FAN,31.7856,0.45555164361464107,5,topology=LIN,31.718999999999998,0.12189749792346087,3,FAN-LAT-CNT-T70-W20-D30,LIN-LAT-CNT-T70-W20-D30,main,0.0666000000000011,6.343514928492295,0.010498911211016943,UNDERPOWERED
time_to_recover,topology,"{'fault': 'LAT', 'window_type': 'CNT', 'threshold': '70', 'window_size': '20', 'wait': '5'}",topology=FAN,34.301,0.07279423054061192,3,topology=LIN,6.153666666666666,0.23001811522863438,3,FAN-LAT-CNT-T70-W20-D5,LIN-LAT-CNT-T70-W20-D5,main,28.147333333333336,6.338049272762088,4.441008916465377,POWERED
time_to_recover,topology,"{'fault': 'LAT', 'window_type': 'CNT', 'threshold': '70', 'window_size': '5', 'wait': '15'}",topology=FAN,23.869000000000003,0.06174139616173194,5,topology=LIN,16.37,0.1339720120025081,5,FAN-LAT-CNT-T70-W5-D15,LIN-LAT-CNT-T70-W5-D15,main,7.499000000000002,6.963772040071039,1.0768589145148846,BORDERLINE
time_to_recover,topology,"{'fault': 'LAT', 'window_type': 'CNT', 'threshold': '70', 'window_size': '5', 'wait': '30'}",topology=FAN,31.325200000000002,0.017541379649275844,5,topology=LIN,31.729666666666663,0.08179445783996178,3,FAN-LAT-CNT-T70-W5-D30,LIN-LAT-CNT-T70-W5-D30,main,-0.40446666666666076,6.343514928492295,0.06376065497221002,UNDERPOWERED
time_to_recover,topology,"{'fault': 'LAT', 'window_type': 'CNT', 'threshold': '70', 'window_size': '5', 'wait': '5'}",topology=FAN,28.250799999999998,0.14958509284016233,5,topology=LIN,5.935333333333333,0.10196241137464981,3,FAN-LAT-CNT-T70-W5-D5,LIN-LAT-CNT-T70-W5-D5,main,22.315466666666666,6.343514928492295,3.517839386872938,POWERED
time_to_recover,topology,"{'fault': 'LAT', 'window_type': 'TIM', 'threshold': '30', 'window_size': '10', 'wait': '15'}",topology=FAN,217.159,5.2326359514110985,3,topology=LIN,35.232,0.0877895210147547,3,FAN-LAT-TIM-T30-W10-D15,LIN-LAT-TIM-T30-W10-D15,main,181.927,6.338049272762088,28.703942202190735,POWERED
time_to_recover,topology,"{'fault': 'LAT', 'window_type': 'TIM', 'threshold': '30', 'window_size': '10', 'wait': '30'}",topology=FAN,302.3313333333333,2.608526084464795,3,topology=LIN,64.56266666666666,0.09224062734681432,3,FAN-LAT-TIM-T30-W10-D30,LIN-LAT-TIM-T30-W10-D30,main,237.76866666666666,6.338049272762088,37.5144869397723,POWERED
time_to_recover,topology,"{'fault': 'LAT', 'window_type': 'TIM', 'threshold': '30', 'window_size': '10', 'wait': '5'}",topology=FAN,146.76033333333336,0.761541419315677,3,topology=LIN,23.2044,0.27282833430565845,5,FAN-LAT-TIM-T30-W10-D5,LIN-LAT-TIM-T30-W10-D5,main,123.55593333333337,6.343514928492295,19.477519124038654,POWERED
time_to_recover,topology,"{'fault': 'LAT', 'window_type': 'TIM', 'threshold': '30', 'window_size': '20', 'wait': '15'}",topology=FAN,268.3736666666667,4.277698251786024,3,topology=LIN,34.974333333333334,0.08208126054912443,3,FAN-LAT-TIM-T30-W20-D15,LIN-LAT-TIM-T30-W20-D15,main,233.39933333333335,6.338049272762088,36.82510553150357,POWERED
time_to_recover,topology,"{'fault': 'LAT', 'window_type': 'TIM', 'threshold': '30', 'window_size': '20', 'wait': '30'}",topology=FAN,367.34933333333333,1.0966172227962498,3,topology=LIN,65.29866666666668,0.139177344899714,3,FAN-LAT-TIM-T30-W20-D30,LIN-LAT-TIM-T30-W20-D30,main,302.05066666666664,6.338049272762088,47.65672428025076,POWERED
time_to_recover,topology,"{'fault': 'LAT', 'window_type': 'TIM', 'threshold': '30', 'window_size': '20', 'wait': '5'}",topology=FAN,200.72600000000003,0.1496228592161002,3,topology=LIN,23.241,0.6148324975145669,3,FAN-LAT-TIM-T30-W20-D5,LIN-LAT-TIM-T30-W20-D5,main,177.485,6.338049272762088,28.00309564691235,POWERED
time_to_recover,topology,"{'fault': 'LAT', 'window_type': 'TIM', 'threshold': '30', 'window_size': '5', 'wait': '15'}",topology=FAN,194.48899999999998,1.6191798850035173,5,topology=LIN,35.0248,0.27086011149669087,5,FAN-LAT-TIM-T30-W5-D15,LIN-LAT-TIM-T30-W5-D15,tim_w5,159.46419999999998,15.247130886596466,10.458636525523806,POWERED
time_to_recover,topology,"{'fault': 'LAT', 'window_type': 'TIM', 'threshold': '30', 'window_size': '5', 'wait': '30'}",topology=FAN,299.82399999999996,1.262117862958925,5,topology=LIN,64.9478,0.42619561236596515,5,FAN-LAT-TIM-T30-W5-D30,LIN-LAT-TIM-T30-W5-D30,tim_w5,234.87619999999995,15.247130886596466,15.404616235469996,POWERED
time_to_recover,topology,"{'fault': 'LAT', 'window_type': 'TIM', 'threshold': '30', 'window_size': '5', 'wait': '5'}",topology=FAN,124.18620000000001,3.1594928706993484,5,topology=LIN,23.138600000000004,0.19836027828171612,5,FAN-LAT-TIM-T30-W5-D5,LIN-LAT-TIM-T30-W5-D5,tim_w5,101.04760000000002,15.247130886596466,6.627318985556129,POWERED
time_to_recover,topology,"{'fault': 'LAT', 'window_type': 'TIM', 'threshold': '50', 'window_size': '10', 'wait': '15'}",topology=FAN,214.15633333333335,0.07616648431780161,3,topology=LIN,35.30733333333333,0.0785641988015764,3,FAN-LAT-TIM-T50-W10-D15,LIN-LAT-TIM-T50-W10-D15,main,178.84900000000002,6.338049272762088,28.218303819222058,POWERED
time_to_recover,topology,"{'fault': 'LAT', 'window_type': 'TIM', 'threshold': '50', 'window_size': '10', 'wait': '30'}",topology=FAN,301.93800000000005,3.2109556209950942,3,topology=LIN,64.63433333333334,0.12000972182841235,3,FAN-LAT-TIM-T50-W10-D30,LIN-LAT-TIM-T50-W10-D30,main,237.3036666666667,6.338049272762088,37.44112051739399,POWERED
time_to_recover,topology,"{'fault': 'LAT', 'window_type': 'TIM', 'threshold': '50', 'window_size': '10', 'wait': '5'}",topology=FAN,146.029,0.03579106033634474,3,topology=LIN,23.044,0.15416549549104763,3,FAN-LAT-TIM-T50-W10-D5,LIN-LAT-TIM-T50-W10-D5,main,122.985,6.338049272762088,19.404235389669633,POWERED
time_to_recover,topology,"{'fault': 'LAT', 'window_type': 'TIM', 'threshold': '50', 'window_size': '20', 'wait': '15'}",topology=FAN,273.3426666666667,1.5292015345706818,3,topology=LIN,35.06966666666667,0.10622774276681697,3,FAN-LAT-TIM-T50-W20-D15,LIN-LAT-TIM-T50-W20-D15,main,238.273,6.338049272762088,37.59405926741271,POWERED
time_to_recover,topology,"{'fault': 'LAT', 'window_type': 'TIM', 'threshold': '50', 'window_size': '20', 'wait': '30'}",topology=FAN,372.97,4.286813268618085,3,topology=LIN,64.92033333333333,0.5704255721242988,3,FAN-LAT-TIM-T50-W20-D30,LIN-LAT-TIM-T50-W20-D30,main,308.04966666666667,6.338049272762088,48.60323001755716,POWERED
time_to_recover,topology,"{'fault': 'LAT', 'window_type': 'TIM', 'threshold': '50', 'window_size': '20', 'wait': '5'}",topology=FAN,198.66533333333334,0.13006664958141873,3,topology=LIN,23.1676,0.09829445559135093,5,FAN-LAT-TIM-T50-W20-D5,LIN-LAT-TIM-T50-W20-D5,main,175.49773333333334,6.343514928492295,27.665692492512985,POWERED
time_to_recover,topology,"{'fault': 'LAT', 'window_type': 'TIM', 'threshold': '50', 'window_size': '5', 'wait': '15'}",topology=FAN,193.42966666666666,0.15894128895077725,3,topology=LIN,34.848800000000004,0.2989526718395411,5,FAN-LAT-TIM-T50-W5-D15,LIN-LAT-TIM-T50-W5-D15,tim_w5,158.58086666666665,13.88908221568005,11.41766347150261,POWERED
time_to_recover,topology,"{'fault': 'LAT', 'window_type': 'TIM', 'threshold': '50', 'window_size': '5', 'wait': '30'}",topology=FAN,284.872,14.573480915690665,5,topology=LIN,64.9374,0.4504756375210546,5,FAN-LAT-TIM-T50-W5-D30,LIN-LAT-TIM-T50-W5-D30,tim_w5,219.93460000000002,15.247130886596466,14.424654817736323,POWERED
time_to_recover,topology,"{'fault': 'LAT', 'window_type': 'TIM', 'threshold': '50', 'window_size': '5', 'wait': '5'}",topology=FAN,121.797,3.8371518083078224,5,topology=LIN,23.812000000000005,0.884352022669706,5,FAN-LAT-TIM-T50-W5-D5,LIN-LAT-TIM-T50-W5-D5,tim_w5,97.98499999999999,15.247130886596466,6.426454965775705,POWERED
time_to_recover,topology,"{'fault': 'LAT', 'window_type': 'TIM', 'threshold': '70', 'window_size': '10', 'wait': '15'}",topology=FAN,214.239,0.2688140621321641,3,topology=LIN,35.24866666666667,0.10193298452087739,3,FAN-LAT-TIM-T70-W10-D15,LIN-LAT-TIM-T70-W10-D15,main,178.99033333333333,6.338049272762088,28.240603004231662,POWERED
time_to_recover,topology,"{'fault': 'LAT', 'window_type': 'TIM', 'threshold': '70', 'window_size': '10', 'wait': '30'}",topology=FAN,300.02299999999997,0.14171450172794917,3,topology=LIN,64.65633333333334,0.0894892917243896,3,FAN-LAT-TIM-T70-W10-D30,LIN-LAT-TIM-T70-W10-D30,main,235.36666666666662,6.338049272762088,37.135505979443906,POWERED
time_to_recover,topology,"{'fault': 'LAT', 'window_type': 'TIM', 'threshold': '70', 'window_size': '10', 'wait': '5'}",topology=FAN,146.32233333333335,0.23817920424195943,3,topology=LIN,23.221666666666664,0.10441423913113167,3,FAN-LAT-TIM-T70-W10-D5,LIN-LAT-TIM-T70-W10-D5,main,123.10066666666668,6.338049272762088,19.42248495853363,POWERED
time_to_recover,topology,"{'fault': 'LAT', 'window_type': 'TIM', 'threshold': '70', 'window_size': '20', 'wait': '15'}",topology=FAN,268.151,8.77298187619238,3,topology=LIN,35.040666666666674,0.02098412098071565,3,FAN-LAT-TIM-T70-W20-D15,LIN-LAT-TIM-T70-W20-D15,main,233.11033333333333,6.338049272762088,36.779507905552315,POWERED
time_to_recover,topology,"{'fault': 'LAT', 'window_type': 'TIM', 'threshold': '70', 'window_size': '20', 'wait': '30'}",topology=FAN,371.45166666666665,6.253312748722344,3,topology=LIN,65.18866666666666,0.3574022010751139,3,FAN-LAT-TIM-T70-W20-D30,LIN-LAT-TIM-T70-W20-D30,main,306.263,6.338049272762088,48.32133465988853,POWERED
time_to_recover,topology,"{'fault': 'LAT', 'window_type': 'TIM', 'threshold': '70', 'window_size': '20', 'wait': '5'}",topology=FAN,198.60233333333335,0.07651361534611151,3,topology=LIN,23.25833333333333,0.11838214955529965,3,FAN-LAT-TIM-T70-W20-D5,LIN-LAT-TIM-T70-W20-D5,main,175.34400000000002,6.338049272762088,27.665294549467273,POWERED
time_to_recover,topology,"{'fault': 'LAT', 'window_type': 'TIM', 'threshold': '70', 'window_size': '5', 'wait': '15'}",topology=FAN,193.3088,2.0735464065219276,5,topology=LIN,34.822599999999994,0.23986204368344585,5,FAN-LAT-TIM-T70-W5-D15,LIN-LAT-TIM-T70-W5-D15,tim_w5,158.4862,15.247130886596466,10.394493310169125,POWERED
time_to_recover,topology,"{'fault': 'LAT', 'window_type': 'TIM', 'threshold': '70', 'window_size': '5', 'wait': '30'}",topology=FAN,274.1983333333333,3.5885281569653884,3,topology=LIN,64.8,0.17281926975890038,5,FAN-LAT-TIM-T70-W5-D30,LIN-LAT-TIM-T70-W5-D30,tim_w5,209.3983333333333,13.88908221568005,15.076470142637179,POWERED
time_to_recover,topology,"{'fault': 'LAT', 'window_type': 'TIM', 'threshold': '70', 'window_size': '5', 'wait': '5'}",topology=FAN,121.2286,3.7734524377551137,5,topology=LIN,22.191399999999998,1.9467894852808307,5,FAN-LAT-TIM-T70-W5-D5,LIN-LAT-TIM-T70-W5-D5,tim_w5,99.0372,15.247130886596466,6.495464670475295,POWERED
time_to_recover,wait,"{'topology': 'FAN', 'fault': 'CRS', 'window_type': 'CNT', 'threshold': '30', 'window_size': '10'}",wait=15,16.2572,0.21151879349126348,5,wait=30,31.581666666666667,0.4224042297768018,3,FAN-CRS-CNT-T30-W10-D15,FAN-CRS-CNT-T30-W10-D30,main,-15.324466666666666,6.343514928492295,2.415768992335127,POWERED
time_to_recover,wait,"{'topology': 'FAN', 'fault': 'CRS', 'window_type': 'CNT', 'threshold': '30', 'window_size': '10'}",wait=15,16.2572,0.21151879349126348,5,wait=5,6.640666666666667,0.0781302331580635,3,FAN-CRS-CNT-T30-W10-D15,FAN-CRS-CNT-T30-W10-D5,main,9.616533333333333,6.343514928492295,1.5159629072740208,POWERED
time_to_recover,wait,"{'topology': 'FAN', 'fault': 'CRS', 'window_type': 'CNT', 'threshold': '30', 'window_size': '10'}",wait=30,31.581666666666667,0.4224042297768018,3,wait=5,6.640666666666667,0.0781302331580635,3,FAN-CRS-CNT-T30-W10-D30,FAN-CRS-CNT-T30-W10-D5,main,24.941,6.338049272762088,3.935122452768633,POWERED
time_to_recover,wait,"{'topology': 'FAN', 'fault': 'CRS', 'window_type': 'CNT', 'threshold': '30', 'window_size': '20'}",wait=15,17.2112,0.08646502182963872,5,wait=30,32.36633333333333,0.060961736633182766,3,FAN-CRS-CNT-T30-W20-D15,FAN-CRS-CNT-T30-W20-D30,main,-15.155133333333328,6.343514928492295,2.389075063930739,POWERED
time_to_recover,wait,"{'topology': 'FAN', 'fault': 'CRS', 'window_type': 'CNT', 'threshold': '30', 'window_size': '20'}",wait=15,17.2112,0.08646502182963872,5,wait=5,8.689666666666668,0.13923122255203113,3,FAN-CRS-CNT-T30-W20-D15,FAN-CRS-CNT-T30-W20-D5,main,8.521533333333334,6.343514928492295,1.3433456733991957,BORDERLINE
time_to_recover,wait,"{'topology': 'FAN', 'fault': 'CRS', 'window_type': 'CNT', 'threshold': '30', 'window_size': '20'}",wait=30,32.36633333333333,0.060961736633182766,3,wait=5,8.689666666666668,0.13923122255203113,3,FAN-CRS-CNT-T30-W20-D30,FAN-CRS-CNT-T30-W20-D5,main,23.676666666666662,6.338049272762088,3.7356394132840967,POWERED
time_to_recover,wait,"{'topology': 'FAN', 'fault': 'CRS', 'window_type': 'CNT', 'threshold': '30', 'window_size': '5'}",wait=15,16.458999999999996,0.21498372031388893,5,wait=30,31.340600000000002,0.4463326114009588,5,FAN-CRS-CNT-T30-W5-D15,FAN-CRS-CNT-T30-W5-D30,main,-14.881600000000006,6.963772040071039,2.1370027499992945,POWERED
time_to_recover,wait,"{'topology': 'FAN', 'fault': 'CRS', 'window_type': 'CNT', 'threshold': '30', 'window_size': '5'}",wait=15,16.458999999999996,0.21498372031388893,5,wait=5,6.646000000000001,0.06262188115986282,5,FAN-CRS-CNT-T30-W5-D15,FAN-CRS-CNT-T30-W5-D5,main,9.812999999999995,6.963772040071039,1.409150090429998,BORDERLINE
time_to_recover,wait,"{'topology': 'FAN', 'fault': 'CRS', 'window_type': 'CNT', 'threshold': '30', 'window_size': '5'}",wait=30,31.340600000000002,0.4463326114009588,5,wait=5,6.646000000000001,0.06262188115986282,5,FAN-CRS-CNT-T30-W5-D30,FAN-CRS-CNT-T30-W5-D5,main,24.6946,6.963772040071039,3.546152840429292,POWERED
time_to_recover,wait,"{'topology': 'FAN', 'fault': 'CRS', 'window_type': 'CNT', 'threshold': '50', 'window_size': '10'}",wait=15,17.232,0.1736058754766094,5,wait=30,31.595333333333333,0.39384810947030413,3,FAN-CRS-CNT-T50-W10-D15,FAN-CRS-CNT-T50-W10-D30,main,-14.363333333333333,6.343514928492295,2.2642546750886514,POWERED
time_to_recover,wait,"{'topology': 'FAN', 'fault': 'CRS', 'window_type': 'CNT', 'threshold': '50', 'window_size': '10'}",wait=15,17.232,0.1736058754766094,5,wait=5,6.483999999999999,0.1513571934200684,3,FAN-CRS-CNT-T50-W10-D15,FAN-CRS-CNT-T50-W10-D5,main,10.748000000000001,6.343514928492295,1.6943287942343581,POWERED
time_to_recover,wait,"{'topology': 'FAN', 'fault': 'CRS', 'window_type': 'CNT', 'threshold': '50', 'window_size': '10'}",wait=30,31.595333333333333,0.39384810947030413,3,wait=5,6.483999999999999,0.1513571934200684,3,FAN-CRS-CNT-T50-W10-D30,FAN-CRS-CNT-T50-W10-D5,main,25.111333333333334,6.338049272762088,3.961997178098609,POWERED
time_to_recover,wait,"{'topology': 'FAN', 'fault': 'CRS', 'window_type': 'CNT', 'threshold': '50', 'window_size': '20'}",wait=15,17.051666666666666,0.14503218033710155,3,wait=30,32.046,0.13437633720264858,3,FAN-CRS-CNT-T50-W20-D15,FAN-CRS-CNT-T50-W20-D30,main,-14.994333333333334,6.338049272762088,2.3657647152999934,POWERED
time_to_recover,wait,"{'topology': 'FAN', 'fault': 'CRS', 'window_type': 'CNT', 'threshold': '50', 'window_size': '20'}",wait=15,17.051666666666666,0.14503218033710155,3,wait=5,8.533333333333333,0.12413030787576945,3,FAN-CRS-CNT-T50-W20-D15,FAN-CRS-CNT-T50-W20-D5,main,8.518333333333333,6.338049272762088,1.3439992285861622,BORDERLINE
time_to_recover,wait,"{'topology': 'FAN', 'fault': 'CRS', 'window_type': 'CNT', 'threshold': '50', 'window_size': '20'}",wait=30,32.046,0.13437633720264858,3,wait=5,8.533333333333333,0.12413030787576945,3,FAN-CRS-CNT-T50-W20-D30,FAN-CRS-CNT-T50-W20-D5,main,23.512666666666668,6.338049272762088,3.709763943886156,POWERED
time_to_recover,wait,"{'topology': 'FAN', 'fault': 'CRS', 'window_type': 'CNT', 'threshold': '50', 'window_size': '5'}",wait=15,16.2878,0.22252572884949778,5,wait=30,31.545333333333332,0.5513640660519427,3,FAN-CRS-CNT-T50-W5-D15,FAN-CRS-CNT-T50-W5-D30,main,-15.257533333333331,6.343514928492295,2.4052175340209514,POWERED
time_to_recover,wait,"{'topology': 'FAN', 'fault': 'CRS', 'window_type': 'CNT', 'threshold': '50', 'window_size': '5'}",wait=15,16.2878,0.22252572884949778,5,wait=5,6.715333333333334,0.027646579052991914,3,FAN-CRS-CNT-T50-W5-D15,FAN-CRS-CNT-T50-W5-D5,main,9.572466666666667,6.343514928492295,1.5090161802365014,POWERED
time_to_recover,wait,"{'topology': 'FAN', 'fault': 'CRS', 'window_type': 'CNT', 'threshold': '50', 'window_size': '5'}",wait=30,31.545333333333332,0.5513640660519427,3,wait=5,6.715333333333334,0.027646579052991914,3,FAN-CRS-CNT-T50-W5-D30,FAN-CRS-CNT-T50-W5-D5,main,24.83,6.338049272762088,3.9176091777492945,POWERED
time_to_recover,wait,"{'topology': 'FAN', 'fault': 'CRS', 'window_type': 'CNT', 'threshold': '70', 'window_size': '10'}",wait=15,17.0198,0.10388070080626163,5,wait=30,31.883333333333336,0.37635931413123597,3,FAN-CRS-CNT-T70-W10-D15,FAN-CRS-CNT-T70-W10-D30,main,-14.863533333333336,6.343514928492295,2.34310685808791,POWERED
time_to_recover,wait,"{'topology': 'FAN', 'fault': 'CRS', 'window_type': 'CNT', 'threshold': '70', 'window_size': '10'}",wait=15,17.0198,0.10388070080626163,5,wait=5,6.334333333333333,0.059500700275991004,3,FAN-CRS-CNT-T70-W10-D15,FAN-CRS-CNT-T70-W10-D5,main,10.685466666666667,6.343514928492295,1.6844709576818717,POWERED
time_to_recover,wait,"{'topology': 'FAN', 'fault': 'CRS', 'window_type': 'CNT', 'threshold': '70', 'window_size': '10'}",wait=30,31.883333333333336,0.37635931413123597,3,wait=5,6.334333333333333,0.059500700275991004,3,FAN-CRS-CNT-T70-W10-D30,FAN-CRS-CNT-T70-W10-D5,main,25.549000000000003,6.338049272762088,4.031051022243928,POWERED
time_to_recover,wait,"{'topology': 'FAN', 'fault': 'CRS', 'window_type': 'CNT', 'threshold': '70', 'window_size': '20'}",wait=15,16.887,0.11068875281617398,3,wait=30,32.41833333333333,0.5224388321452912,3,FAN-CRS-CNT-T70-W20-D15,FAN-CRS-CNT-T70-W20-D30,main,-15.531333333333329,6.338049272762088,2.450491099853008,POWERED
time_to_recover,wait,"{'topology': 'FAN', 'fault': 'CRS', 'window_type': 'CNT', 'threshold': '70', 'window_size': '20'}",wait=15,16.887,0.11068875281617398,3,wait=5,8.414,0.03780211634287247,3,FAN-CRS-CNT-T70-W20-D15,FAN-CRS-CNT-T70-W20-D5,main,8.473,6.338049272762088,1.3368466598094957,BORDERLINE
time_to_recover,wait,"{'topology': 'FAN', 'fault': 'CRS', 'window_type': 'CNT', 'threshold': '70', 'window_size': '20'}",wait=30,32.41833333333333,0.5224388321452912,3,wait=5,8.414,0.03780211634287247,3,FAN-CRS-CNT-T70-W20-D30,FAN-CRS-CNT-T70-W20-D5,main,24.004333333333328,6.338049272762088,3.7873377596625035,POWERED
time_to_recover,wait,"{'topology': 'FAN', 'fault': 'CRS', 'window_type': 'CNT', 'threshold': '70', 'window_size': '5'}",wait=15,16.4764,0.45120593967721623,5,wait=30,31.91566666666667,0.54042791687082,3,FAN-CRS-CNT-T70-W5-D15,FAN-CRS-CNT-T70-W5-D30,main,-15.439266666666668,6.343514928492295,2.433866214662826,POWERED
time_to_recover,wait,"{'topology': 'FAN', 'fault': 'CRS', 'window_type': 'CNT', 'threshold': '70', 'window_size': '5'}",wait=15,16.4764,0.45120593967721623,5,wait=5,6.684666666666668,0.11111405551654296,3,FAN-CRS-CNT-T70-W5-D15,FAN-CRS-CNT-T70-W5-D5,main,9.791733333333333,6.343514928492295,1.543581664693993,POWERED
time_to_recover,wait,"{'topology': 'FAN', 'fault': 'CRS', 'window_type': 'CNT', 'threshold': '70', 'window_size': '5'}",wait=30,31.91566666666667,0.54042791687082,3,wait=5,6.684666666666668,0.11111405551654296,3,FAN-CRS-CNT-T70-W5-D30,FAN-CRS-CNT-T70-W5-D5,main,25.231,6.338049272762088,3.9808778559723104,POWERED
time_to_recover,wait,"{'topology': 'FAN', 'fault': 'CRS', 'window_type': 'TIM', 'threshold': '30', 'window_size': '10'}",wait=15,47.401,0.15369775535120614,3,wait=30,62.07466666666667,0.23945006438364982,3,FAN-CRS-TIM-T30-W10-D15,FAN-CRS-TIM-T30-W10-D30,main,-14.67366666666667,6.338049272762088,2.315170809688572,POWERED
time_to_recover,wait,"{'topology': 'FAN', 'fault': 'CRS', 'window_type': 'TIM', 'threshold': '30', 'window_size': '10'}",wait=15,47.401,0.15369775535120614,3,wait=5,28.704333333333334,0.4849343598192782,3,FAN-CRS-TIM-T30-W10-D15,FAN-CRS-TIM-T30-W10-D5,main,18.69666666666667,6.338049272762088,2.949908696200268,POWERED
time_to_recover,wait,"{'topology': 'FAN', 'fault': 'CRS', 'window_type': 'TIM', 'threshold': '30', 'window_size': '10'}",wait=30,62.07466666666667,0.23945006438364982,3,wait=5,28.704333333333334,0.4849343598192782,3,FAN-CRS-TIM-T30-W10-D30,FAN-CRS-TIM-T30-W10-D5,main,33.370333333333335,6.338049272762088,5.265079505888839,POWERED
time_to_recover,wait,"{'topology': 'FAN', 'fault': 'CRS', 'window_type': 'TIM', 'threshold': '30', 'window_size': '20'}",wait=15,47.467999999999996,0.19212756179163765,3,wait=30,61.94166666666666,0.20125688394023777,3,FAN-CRS-TIM-T30-W20-D15,FAN-CRS-TIM-T30-W20-D30,main,-14.473666666666666,6.338049272762088,2.283615359203277,POWERED
time_to_recover,wait,"{'topology': 'FAN', 'fault': 'CRS', 'window_type': 'TIM', 'threshold': '30', 'window_size': '20'}",wait=15,47.467999999999996,0.19212756179163765,3,wait=5,37.836333333333336,5.756417056931623,3,FAN-CRS-TIM-T30-W20-D15,FAN-CRS-TIM-T30-W20-D5,main,9.63166666666666,6.338049272762088,1.5196579029542998,POWERED
time_to_recover,wait,"{'topology': 'FAN', 'fault': 'CRS', 'window_type': 'TIM', 'threshold': '30', 'window_size': '20'}",wait=30,61.94166666666666,0.20125688394023777,3,wait=5,37.836333333333336,5.756417056931623,3,FAN-CRS-TIM-T30-W20-D30,FAN-CRS-TIM-T30-W20-D5,main,24.105333333333327,6.338049272762088,3.8032732621575773,POWERED
time_to_recover,wait,"{'topology': 'FAN', 'fault': 'CRS', 'window_type': 'TIM', 'threshold': '30', 'window_size': '5'}",wait=15,47.6312,0.1553454215611144,5,wait=30,61.92040000000001,0.16265392709676482,5,FAN-CRS-TIM-T30-W5-D15,FAN-CRS-TIM-T30-W5-D30,tim_w5,-14.289200000000008,15.247130886596466,0.9371730397199803,BORDERLINE
time_to_recover,wait,"{'topology': 'FAN', 'fault': 'CRS', 'window_type': 'TIM', 'threshold': '30', 'window_size': '5'}",wait=15,47.6312,0.1553454215611144,5,wait=5,22.882600000000004,0.36128285317739695,5,FAN-CRS-TIM-T30-W5-D15,FAN-CRS-TIM-T30-W5-D5,tim_w5,24.748599999999996,15.247130886596466,1.6231643962442885,POWERED
time_to_recover,wait,"{'topology': 'FAN', 'fault': 'CRS', 'window_type': 'TIM', 'threshold': '30', 'window_size': '5'}",wait=30,61.92040000000001,0.16265392709676482,5,wait=5,22.882600000000004,0.36128285317739695,5,FAN-CRS-TIM-T30-W5-D30,FAN-CRS-TIM-T30-W5-D5,tim_w5,39.037800000000004,15.247130886596466,2.5603374359642688,POWERED
time_to_recover,wait,"{'topology': 'FAN', 'fault': 'CRS', 'window_type': 'TIM', 'threshold': '50', 'window_size': '10'}",wait=15,47.381,0.2613292941864741,3,wait=30,61.933666666666674,0.15015103507246946,3,FAN-CRS-TIM-T50-W10-D15,FAN-CRS-TIM-T50-W10-D30,main,-14.552666666666674,6.338049272762088,2.2960797621449696,POWERED
time_to_recover,wait,"{'topology': 'FAN', 'fault': 'CRS', 'window_type': 'TIM', 'threshold': '50', 'window_size': '10'}",wait=15,47.381,0.2613292941864741,3,wait=5,28.5028,0.4562556301022476,5,FAN-CRS-TIM-T50-W10-D15,FAN-CRS-TIM-T50-W10-D5,main,18.8782,6.343514928492295,2.9759841685257773,POWERED
time_to_recover,wait,"{'topology': 'FAN', 'fault': 'CRS', 'window_type': 'TIM', 'threshold': '50', 'window_size': '10'}",wait=30,61.933666666666674,0.15015103507246946,3,wait=5,28.5028,0.4562556301022476,5,FAN-CRS-TIM-T50-W10-D30,FAN-CRS-TIM-T50-W10-D5,main,33.430866666666674,6.343514928492295,5.270085598208311,POWERED
time_to_recover,wait,"{'topology': 'FAN', 'fault': 'CRS', 'window_type': 'TIM', 'threshold': '50', 'window_size': '20'}",wait=15,47.80233333333333,0.1796060503806412,3,wait=30,62.24033333333333,0.31038739235563945,3,FAN-CRS-TIM-T50-W20-D15,FAN-CRS-TIM-T50-W20-D30,main,-14.438000000000002,6.338049272762088,2.2779879705334003,POWERED
time_to_recover,wait,"{'topology': 'FAN', 'fault': 'CRS', 'window_type': 'TIM', 'threshold': '50', 'window_size': '20'}",wait=15,47.80233333333333,0.1796060503806412,3,wait=5,33.71039999999999,0.1223204807053999,5,FAN-CRS-TIM-T50-W20-D15,FAN-CRS-TIM-T50-W20-D5,main,14.091933333333337,6.343514928492295,2.2214708236972114,POWERED
time_to_recover,wait,"{'topology': 'FAN', 'fault': 'CRS', 'window_type': 'TIM', 'threshold': '50', 'window_size': '20'}",wait=30,62.24033333333333,0.31038739235563945,3,wait=5,33.71039999999999,0.1223204807053999,5,FAN-CRS-TIM-T50-W20-D30,FAN-CRS-TIM-T50-W20-D5,main,28.52993333333334,6.343514928492295,4.49749604989331,POWERED
time_to_recover,wait,"{'topology': 'FAN', 'fault': 'CRS', 'window_type': 'TIM', 'threshold': '50', 'window_size': '5'}",wait=15,32.87133333333333,0.16712969016106397,3,wait=30,62.147333333333336,0.1648524592880939,3,FAN-CRS-TIM-T50-W5-D15,FAN-CRS-TIM-T50-W5-D30,tim_w5,-29.276000000000003,13.877115200128706,2.1096603708909525,POWERED
time_to_recover,wait,"{'topology': 'FAN', 'fault': 'CRS', 'window_type': 'TIM', 'threshold': '50', 'window_size': '5'}",wait=15,32.87133333333333,0.16712969016106397,3,wait=5,22.980666666666668,0.21548395145191976,3,FAN-CRS-TIM-T50-W5-D15,FAN-CRS-TIM-T50-W5-D5,tim_w5,9.890666666666664,13.877115200128706,0.7127321870596658,UNDERPOWERED
time_to_recover,wait,"{'topology': 'FAN', 'fault': 'CRS', 'window_type': 'TIM', 'threshold': '50', 'window_size': '5'}",wait=30,62.147333333333336,0.1648524592880939,3,wait=5,22.980666666666668,0.21548395145191976,3,FAN-CRS-TIM-T50-W5-D30,FAN-CRS-TIM-T50-W5-D5,tim_w5,39.16666666666667,13.877115200128706,2.822392557950619,POWERED
time_to_recover,wait,"{'topology': 'FAN', 'fault': 'CRS', 'window_type': 'TIM', 'threshold': '70', 'window_size': '10'}",wait=15,47.67633333333333,0.3213118941672288,3,wait=30,61.717666666666666,0.11750035460939166,3,FAN-CRS-TIM-T70-W10-D15,FAN-CRS-TIM-T70-W10-D30,main,-14.041333333333334,6.338049272762088,2.215402993737566,POWERED
time_to_recover,wait,"{'topology': 'FAN', 'fault': 'CRS', 'window_type': 'TIM', 'threshold': '70', 'window_size': '10'}",wait=15,47.67633333333333,0.3213118941672288,3,wait=5,22.877,0.27353427573157846,3,FAN-CRS-TIM-T70-W10-D15,FAN-CRS-TIM-T70-W10-D5,main,24.799333333333333,6.338049272762088,3.9127706753415494,POWERED
time_to_recover,wait,"{'topology': 'FAN', 'fault': 'CRS', 'window_type': 'TIM', 'threshold': '70', 'window_size': '10'}",wait=30,61.717666666666666,0.11750035460939166,3,wait=5,22.877,0.27353427573157846,3,FAN-CRS-TIM-T70-W10-D30,FAN-CRS-TIM-T70-W10-D5,main,38.840666666666664,6.338049272762088,6.128173669079115,POWERED
time_to_recover,wait,"{'topology': 'FAN', 'fault': 'CRS', 'window_type': 'TIM', 'threshold': '70', 'window_size': '20'}",wait=15,48.043000000000006,0.08608716512930539,3,wait=30,62.461333333333336,0.16831320011613415,3,FAN-CRS-TIM-T70-W20-D15,FAN-CRS-TIM-T70-W20-D30,main,-14.41833333333333,6.338049272762088,2.274885017902345,POWERED
time_to_recover,wait,"{'topology': 'FAN', 'fault': 'CRS', 'window_type': 'TIM', 'threshold': '70', 'window_size': '20'}",wait=15,48.043000000000006,0.08608716512930539,3,wait=5,28.4916,0.37363123531096787,5,FAN-CRS-TIM-T70-W20-D15,FAN-CRS-TIM-T70-W20-D5,main,19.551400000000008,6.343514928492295,3.0821082980641643,POWERED
time_to_recover,wait,"{'topology': 'FAN', 'fault': 'CRS', 'window_type': 'TIM', 'threshold': '70', 'window_size': '20'}",wait=30,62.461333333333336,0.16831320011613415,3,wait=5,28.4916,0.37363123531096787,5,FAN-CRS-TIM-T70-W20-D30,FAN-CRS-TIM-T70-W20-D5,main,33.96973333333334,6.343514928492295,5.355033245173925,POWERED
time_to_recover,wait,"{'topology': 'FAN', 'fault': 'CRS', 'window_type': 'TIM', 'threshold': '70', 'window_size': '5'}",wait=15,31.882,0.2182269460905321,3,wait=30,62.07966666666667,0.10848655830716335,3,FAN-CRS-TIM-T70-W5-D15,FAN-CRS-TIM-T70-W5-D30,tim_w5,-30.197666666666667,13.877115200128706,2.1760766723610243,POWERED
time_to_recover,wait,"{'topology': 'FAN', 'fault': 'CRS', 'window_type': 'TIM', 'threshold': '70', 'window_size': '5'}",wait=15,31.882,0.2182269460905321,3,wait=5,23.274666666666665,0.18808065645709793,3,FAN-CRS-TIM-T70-W5-D15,FAN-CRS-TIM-T70-W5-D5,tim_w5,8.607333333333337,13.877115200128706,0.6202537926076672,UNDERPOWERED
time_to_recover,wait,"{'topology': 'FAN', 'fault': 'CRS', 'window_type': 'TIM', 'threshold': '70', 'window_size': '5'}",wait=30,62.07966666666667,0.10848655830716335,3,wait=5,23.274666666666665,0.18808065645709793,3,FAN-CRS-TIM-T70-W5-D30,FAN-CRS-TIM-T70-W5-D5,tim_w5,38.80500000000001,13.877115200128706,2.7963304649686918,POWERED
time_to_recover,wait,"{'topology': 'FAN', 'fault': 'LAT', 'window_type': 'CNT', 'threshold': '30', 'window_size': '10'}",wait=15,23.976000000000003,0.18780441954331167,5,wait=30,31.409799999999997,0.04368867130046483,5,FAN-LAT-CNT-T30-W10-D15,FAN-LAT-CNT-T30-W10-D30,main,-7.433799999999994,6.963772040071039,1.0674961726524526,BORDERLINE
time_to_recover,wait,"{'topology': 'FAN', 'fault': 'LAT', 'window_type': 'CNT', 'threshold': '30', 'window_size': '10'}",wait=15,23.976000000000003,0.18780441954331167,5,wait=5,24.9632,0.1326770515198464,5,FAN-LAT-CNT-T30-W10-D15,FAN-LAT-CNT-T30-W10-D5,main,-0.9871999999999979,6.963772040071039,0.14176225102134837,UNDERPOWERED
time_to_recover,wait,"{'topology': 'FAN', 'fault': 'LAT', 'window_type': 'CNT', 'threshold': '30', 'window_size': '10'}",wait=30,31.409799999999997,0.04368867130046483,5,wait=5,24.9632,0.1326770515198464,5,FAN-LAT-CNT-T30-W10-D30,FAN-LAT-CNT-T30-W10-D5,main,6.4465999999999966,6.963772040071039,0.9257339216311041,BORDERLINE
time_to_recover,wait,"{'topology': 'FAN', 'fault': 'LAT', 'window_type': 'CNT', 'threshold': '30', 'window_size': '20'}",wait=15,49.31666666666666,0.6425000648508381,3,wait=30,33.284333333333336,0.03153305144341706,3,FAN-LAT-CNT-T30-W20-D15,FAN-LAT-CNT-T30-W20-D30,main,16.032333333333327,6.338049272762088,2.52953750331867,POWERED
time_to_recover,wait,"{'topology': 'FAN', 'fault': 'LAT', 'window_type': 'CNT', 'threshold': '30', 'window_size': '20'}",wait=15,49.31666666666666,0.6425000648508381,3,wait=5,34.45733333333333,0.07739078325829919,3,FAN-LAT-CNT-T30-W20-D15,FAN-LAT-CNT-T30-W20-D5,main,14.859333333333332,6.338049272762088,2.3444647862224195,POWERED
time_to_recover,wait,"{'topology': 'FAN', 'fault': 'LAT', 'window_type': 'CNT', 'threshold': '30', 'window_size': '20'}",wait=30,33.284333333333336,0.03153305144341706,3,wait=5,34.45733333333333,0.07739078325829919,3,FAN-LAT-CNT-T30-W20-D30,FAN-LAT-CNT-T30-W20-D5,main,-1.1729999999999947,6.338049272762088,0.1850727170962506,UNDERPOWERED
time_to_recover,wait,"{'topology': 'FAN', 'fault': 'LAT', 'window_type': 'CNT', 'threshold': '30', 'window_size': '5'}",wait=15,40.687999999999995,0.5106006267132843,3,wait=30,31.639,0.06367888189973231,5,FAN-LAT-CNT-T30-W5-D15,FAN-LAT-CNT-T30-W5-D30,main,9.048999999999996,6.343514928492295,1.4264962094367974,BORDERLINE
time_to_recover,wait,"{'topology': 'FAN', 'fault': 'LAT', 'window_type': 'CNT', 'threshold': '30', 'window_size': '5'}",wait=15,40.687999999999995,0.5106006267132843,3,wait=5,24.0732,0.09696236383257256,5,FAN-LAT-CNT-T30-W5-D15,FAN-LAT-CNT-T30-W5-D5,main,16.614799999999995,6.343514928492295,2.619178828660681,POWERED
time_to_recover,wait,"{'topology': 'FAN', 'fault': 'LAT', 'window_type': 'CNT', 'threshold': '30', 'window_size': '5'}",wait=30,31.639,0.06367888189973231,5,wait=5,24.0732,0.09696236383257256,5,FAN-LAT-CNT-T30-W5-D30,FAN-LAT-CNT-T30-W5-D5,main,7.565799999999999,6.963772040071039,1.0864514169138166,BORDERLINE
time_to_recover,wait,"{'topology': 'FAN', 'fault': 'LAT', 'window_type': 'CNT', 'threshold': '50', 'window_size': '10'}",wait=15,23.744,0.13961554354727176,5,wait=30,31.327799999999996,0.15730289253538846,5,FAN-LAT-CNT-T50-W10-D15,FAN-LAT-CNT-T50-W10-D30,main,-7.5837999999999965,6.963772040071039,1.0890362229494568,BORDERLINE
time_to_recover,wait,"{'topology': 'FAN', 'fault': 'LAT', 'window_type': 'CNT', 'threshold': '50', 'window_size': '10'}",wait=15,23.744,0.13961554354727176,5,wait=5,24.816799999999997,0.08561074698891506,5,FAN-LAT-CNT-T50-W10-D15,FAN-LAT-CNT-T50-W10-D5,main,-1.0727999999999973,6.963772040071039,0.15405443972417188,UNDERPOWERED
time_to_recover,wait,"{'topology': 'FAN', 'fault': 'LAT', 'window_type': 'CNT', 'threshold': '50', 'window_size': '10'}",wait=30,31.327799999999996,0.15730289253538846,5,wait=5,24.816799999999997,0.08561074698891506,5,FAN-LAT-CNT-T50-W10-D30,FAN-LAT-CNT-T50-W10-D5,main,6.510999999999999,6.963772040071039,0.9349817832252848,BORDERLINE
time_to_recover,wait,"{'topology': 'FAN', 'fault': 'LAT', 'window_type': 'CNT', 'threshold': '50', 'window_size': '20'}",wait=15,35.756,2.5981254781091696,3,wait=30,32.833333333333336,0.13957554704651293,3,FAN-LAT-CNT-T50-W20-D15,FAN-LAT-CNT-T50-W20-D30,main,2.9226666666666645,6.338049272762088,0.4611303164251012,UNDERPOWERED
time_to_recover,wait,"{'topology': 'FAN', 'fault': 'LAT', 'window_type': 'CNT', 'threshold': '50', 'window_size': '20'}",wait=15,35.756,2.5981254781091696,3,wait=5,33.942,0.09305374790947357,3,FAN-LAT-CNT-T50-W20-D15,FAN-LAT-CNT-T50-W20-D5,main,1.814,6.338049272762088,0.28620793590161986,UNDERPOWERED
time_to_recover,wait,"{'topology': 'FAN', 'fault': 'LAT', 'window_type': 'CNT', 'threshold': '50', 'window_size': '20'}",wait=30,32.833333333333336,0.13957554704651293,3,wait=5,33.942,0.09305374790947357,3,FAN-LAT-CNT-T50-W20-D30,FAN-LAT-CNT-T50-W20-D5,main,-1.1086666666666645,6.338049272762088,0.17492238052348139,UNDERPOWERED
time_to_recover,wait,"{'topology': 'FAN', 'fault': 'LAT', 'window_type': 'CNT', 'threshold': '50', 'window_size': '5'}",wait=15,24.0142,0.14648105679575013,5,wait=30,31.547200000000004,0.18005749081890432,5,FAN-LAT-CNT-T50-W5-D15,FAN-LAT-CNT-T50-W5-D30,main,-7.533000000000005,6.963772040071039,1.0817413259155393,BORDERLINE
time_to_recover,wait,"{'topology': 'FAN', 'fault': 'LAT', 'window_type': 'CNT', 'threshold': '50', 'window_size': '5'}",wait=15,24.0142,0.14648105679575013,5,wait=5,28.297200000000004,0.18140755221324112,5,FAN-LAT-CNT-T50-W5-D15,FAN-LAT-CNT-T50-W5-D5,main,-4.283000000000005,6.963772040071039,0.6150402361471202,UNDERPOWERED
time_to_recover,wait,"{'topology': 'FAN', 'fault': 'LAT', 'window_type': 'CNT', 'threshold': '50', 'window_size': '5'}",wait=30,31.547200000000004,0.18005749081890432,5,wait=5,28.297200000000004,0.18140755221324112,5,FAN-LAT-CNT-T50-W5-D30,FAN-LAT-CNT-T50-W5-D5,main,3.25,6.963772040071039,0.466701089768419,UNDERPOWERED
time_to_recover,wait,"{'topology': 'FAN', 'fault': 'LAT', 'window_type': 'CNT', 'threshold': '70', 'window_size': '10'}",wait=15,21.0676,0.14450017301027715,5,wait=30,31.7802,0.2731825397055967,5,FAN-LAT-CNT-T70-W10-D15,FAN-LAT-CNT-T70-W10-D30,main,-10.712600000000002,6.963772040071039,1.5383329520778972,POWERED
time_to_recover,wait,"{'topology': 'FAN', 'fault': 'LAT', 'window_type': 'CNT', 'threshold': '70', 'window_size': '10'}",wait=15,21.0676,0.14450017301027715,5,wait=5,25.3272,0.117318796447969,5,FAN-LAT-CNT-T70-W10-D15,FAN-LAT-CNT-T70-W10-D5,main,-4.2596000000000025,6.963772040071039,0.6116799883007873,UNDERPOWERED
time_to_recover,wait,"{'topology': 'FAN', 'fault': 'LAT', 'window_type': 'CNT', 'threshold': '70', 'window_size': '10'}",wait=30,31.7802,0.2731825397055967,5,wait=5,25.3272,0.117318796447969,5,FAN-LAT-CNT-T70-W10-D30,FAN-LAT-CNT-T70-W10-D5,main,6.452999999999999,6.963772040071039,0.92665296377711,BORDERLINE
time_to_recover,wait,"{'topology': 'FAN', 'fault': 'LAT', 'window_type': 'CNT', 'threshold': '70', 'window_size': '20'}",wait=15,35.3836,3.3266214542685777,5,wait=30,31.7856,0.45555164361464107,5,FAN-LAT-CNT-T70-W20-D15,FAN-LAT-CNT-T70-W20-D30,main,3.5980000000000025,6.963772040071039,0.5166740064574685,UNDERPOWERED
time_to_recover,wait,"{'topology': 'FAN', 'fault': 'LAT', 'window_type': 'CNT', 'threshold': '70', 'window_size': '20'}",wait=15,35.3836,3.3266214542685777,5,wait=5,34.301,0.07279423054061192,3,FAN-LAT-CNT-T70-W20-D15,FAN-LAT-CNT-T70-W20-D5,main,1.0825999999999993,6.343514928492295,0.17066248163733855,UNDERPOWERED
time_to_recover,wait,"{'topology': 'FAN', 'fault': 'LAT', 'window_type': 'CNT', 'threshold': '70', 'window_size': '20'}",wait=30,31.7856,0.45555164361464107,5,wait=5,34.301,0.07279423054061192,3,FAN-LAT-CNT-T70-W20-D30,FAN-LAT-CNT-T70-W20-D5,main,-2.515400000000003,6.343514928492295,0.39653094985272697,UNDERPOWERED
time_to_recover,wait,"{'topology': 'FAN', 'fault': 'LAT', 'window_type': 'CNT', 'threshold': '70', 'window_size': '5'}",wait=15,23.869000000000003,0.06174139616173194,5,wait=30,31.325200000000002,0.017541379649275844,5,FAN-LAT-CNT-T70-W5-D15,FAN-LAT-CNT-T70-W5-D30,main,-7.456199999999999,6.963772040071039,1.0707128201634724,BORDERLINE
time_to_recover,wait,"{'topology': 'FAN', 'fault': 'LAT', 'window_type': 'CNT', 'threshold': '70', 'window_size': '5'}",wait=15,23.869000000000003,0.06174139616173194,5,wait=5,28.250799999999998,0.14958509284016233,5,FAN-LAT-CNT-T70-W5-D15,FAN-LAT-CNT-T70-W5-D5,main,-4.381799999999995,6.963772040071039,0.6292279492760787,UNDERPOWERED
time_to_recover,wait,"{'topology': 'FAN', 'fault': 'LAT', 'window_type': 'CNT', 'threshold': '70', 'window_size': '5'}",wait=30,31.325200000000002,0.017541379649275844,5,wait=5,28.250799999999998,0.14958509284016233,5,FAN-LAT-CNT-T70-W5-D30,FAN-LAT-CNT-T70-W5-D5,main,3.0744000000000042,6.963772040071039,0.44148487088739363,UNDERPOWERED
time_to_recover,wait,"{'topology': 'FAN', 'fault': 'LAT', 'window_type': 'TIM', 'threshold': '30', 'window_size': '10'}",wait=15,217.159,5.2326359514110985,3,wait=30,302.3313333333333,2.608526084464795,3,FAN-LAT-TIM-T30-W10-D15,FAN-LAT-TIM-T30-W10-D30,main,-85.17233333333331,6.338049272762088,13.438256736084929,POWERED
time_to_recover,wait,"{'topology': 'FAN', 'fault': 'LAT', 'window_type': 'TIM', 'threshold': '30', 'window_size': '10'}",wait=15,217.159,5.2326359514110985,3,wait=5,146.76033333333336,0.761541419315677,3,FAN-LAT-TIM-T30-W10-D15,FAN-LAT-TIM-T30-W10-D5,main,70.39866666666663,6.338049272762088,11.107308201153707,POWERED
time_to_recover,wait,"{'topology': 'FAN', 'fault': 'LAT', 'window_type': 'TIM', 'threshold': '30', 'window_size': '10'}",wait=30,302.3313333333333,2.608526084464795,3,wait=5,146.76033333333336,0.761541419315677,3,FAN-LAT-TIM-T30-W10-D30,FAN-LAT-TIM-T30-W10-D5,main,155.57099999999994,6.338049272762088,24.545564937238634,POWERED
time_to_recover,wait,"{'topology': 'FAN', 'fault': 'LAT', 'window_type': 'TIM', 'threshold': '30', 'window_size': '20'}",wait=15,268.3736666666667,4.277698251786024,3,wait=30,367.34933333333333,1.0966172227962498,3,FAN-LAT-TIM-T30-W20-D15,FAN-LAT-TIM-T30-W20-D30,main,-98.97566666666665,6.338049272762088,15.616108743744995,POWERED
time_to_recover,wait,"{'topology': 'FAN', 'fault': 'LAT', 'window_type': 'TIM', 'threshold': '30', 'window_size': '20'}",wait=15,268.3736666666667,4.277698251786024,3,wait=5,200.72600000000003,0.1496228592161002,3,FAN-LAT-TIM-T30-W20-D15,FAN-LAT-TIM-T30-W20-D5,main,67.64766666666665,6.338049272762088,10.673262979728486,POWERED
time_to_recover,wait,"{'topology': 'FAN', 'fault': 'LAT', 'window_type': 'TIM', 'threshold': '30', 'window_size': '20'}",wait=30,367.34933333333333,1.0966172227962498,3,wait=5,200.72600000000003,0.1496228592161002,3,FAN-LAT-TIM-T30-W20-D30,FAN-LAT-TIM-T30-W20-D5,main,166.6233333333333,6.338049272762088,26.289371723473483,POWERED
time_to_recover,wait,"{'topology': 'FAN', 'fault': 'LAT', 'window_type': 'TIM', 'threshold': '30', 'window_size': '5'}",wait=15,194.48899999999998,1.6191798850035173,5,wait=30,299.82399999999996,1.262117862958925,5,FAN-LAT-TIM-T30-W5-D15,FAN-LAT-TIM-T30-W5-D30,tim_w5,-105.33499999999998,15.247130886596466,6.9085128725823735,POWERED
time_to_recover,wait,"{'topology': 'FAN', 'fault': 'LAT', 'window_type': 'TIM', 'threshold': '30', 'window_size': '5'}",wait=15,194.48899999999998,1.6191798850035173,5,wait=5,124.18620000000001,3.1594928706993484,5,FAN-LAT-TIM-T30-W5-D15,FAN-LAT-TIM-T30-W5-D5,tim_w5,70.30279999999996,15.247130886596466,4.6108871579112725,POWERED
time_to_recover,wait,"{'topology': 'FAN', 'fault': 'LAT', 'window_type': 'TIM', 'threshold': '30', 'window_size': '5'}",wait=30,299.82399999999996,1.262117862958925,5,wait=5,124.18620000000001,3.1594928706993484,5,FAN-LAT-TIM-T30-W5-D30,FAN-LAT-TIM-T30-W5-D5,tim_w5,175.63779999999994,15.247130886596466,11.519400030493646,POWERED
time_to_recover,wait,"{'topology': 'FAN', 'fault': 'LAT', 'window_type': 'TIM', 'threshold': '50', 'window_size': '10'}",wait=15,214.15633333333335,0.07616648431780161,3,wait=30,301.93800000000005,3.2109556209950942,3,FAN-LAT-TIM-T50-W10-D15,FAN-LAT-TIM-T50-W10-D30,main,-87.7816666666667,6.338049272762088,13.849950180083075,POWERED
time_to_recover,wait,"{'topology': 'FAN', 'fault': 'LAT', 'window_type': 'TIM', 'threshold': '50', 'window_size': '10'}",wait=15,214.15633333333335,0.07616648431780161,3,wait=5,146.029,0.03579106033634474,3,FAN-LAT-TIM-T50-W10-D15,FAN-LAT-TIM-T50-W10-D5,main,68.12733333333335,6.338049272762088,10.748943468475723,POWERED
time_to_recover,wait,"{'topology': 'FAN', 'fault': 'LAT', 'window_type': 'TIM', 'threshold': '50', 'window_size': '10'}",wait=30,301.93800000000005,3.2109556209950942,3,wait=5,146.029,0.03579106033634474,3,FAN-LAT-TIM-T50-W10-D30,FAN-LAT-TIM-T50-W10-D5,main,155.90900000000005,6.338049272762088,24.5988936485588,POWERED
time_to_recover,wait,"{'topology': 'FAN', 'fault': 'LAT', 'window_type': 'TIM', 'threshold': '50', 'window_size': '20'}",wait=15,273.3426666666667,1.5292015345706818,3,wait=30,372.97,4.286813268618085,3,FAN-LAT-TIM-T50-W20-D15,FAN-LAT-TIM-T50-W20-D30,main,-99.62733333333335,6.338049272762088,15.718926919909585,POWERED
time_to_recover,wait,"{'topology': 'FAN', 'fault': 'LAT', 'window_type': 'TIM', 'threshold': '50', 'window_size': '20'}",wait=15,273.3426666666667,1.5292015345706818,3,wait=5,198.66533333333334,0.13006664958141873,3,FAN-LAT-TIM-T50-W20-D15,FAN-LAT-TIM-T50-W20-D5,main,74.67733333333334,6.338049272762088,11.78238447186911,POWERED
time_to_recover,wait,"{'topology': 'FAN', 'fault': 'LAT', 'window_type': 'TIM', 'threshold': '50', 'window_size': '20'}",wait=30,372.97,4.286813268618085,3,wait=5,198.66533333333334,0.13006664958141873,3,FAN-LAT-TIM-T50-W20-D30,FAN-LAT-TIM-T50-W20-D5,main,174.3046666666667,6.338049272762088,27.501311391778696,POWERED
time_to_recover,wait,"{'topology': 'FAN', 'fault': 'LAT', 'window_type': 'TIM', 'threshold': '50', 'window_size': '5'}",wait=15,193.42966666666666,0.15894128895077725,3,wait=30,284.872,14.573480915690665,5,FAN-LAT-TIM-T50-W5-D15,FAN-LAT-TIM-T50-W5-D30,tim_w5,-91.44233333333335,13.88908221568005,6.583756357212698,POWERED
time_to_recover,wait,"{'topology': 'FAN', 'fault': 'LAT', 'window_type': 'TIM', 'threshold': '50', 'window_size': '5'}",wait=15,193.42966666666666,0.15894128895077725,3,wait=5,121.797,3.8371518083078224,5,FAN-LAT-TIM-T50-W5-D15,FAN-LAT-TIM-T50-W5-D5,tim_w5,71.63266666666667,13.88908221568005,5.157480210304834,POWERED
time_to_recover,wait,"{'topology': 'FAN', 'fault': 'LAT', 'window_type': 'TIM', 'threshold': '50', 'window_size': '5'}",wait=30,284.872,14.573480915690665,5,wait=5,121.797,3.8371518083078224,5,FAN-LAT-TIM-T50-W5-D30,FAN-LAT-TIM-T50-W5-D5,tim_w5,163.07500000000002,15.247130886596466,10.695454850679933,POWERED
time_to_recover,wait,"{'topology': 'FAN', 'fault': 'LAT', 'window_type': 'TIM', 'threshold': '70', 'window_size': '10'}",wait=15,214.239,0.2688140621321641,3,wait=30,300.02299999999997,0.14171450172794917,3,FAN-LAT-TIM-T70-W10-D15,FAN-LAT-TIM-T70-W10-D30,main,-85.78399999999996,6.338049272762088,13.53476382215245,POWERED
time_to_recover,wait,"{'topology': 'FAN', 'fault': 'LAT', 'window_type': 'TIM', 'threshold': '70', 'window_size': '10'}",wait=15,214.239,0.2688140621321641,3,wait=5,146.32233333333335,0.23817920424195943,3,FAN-LAT-TIM-T70-W10-D15,FAN-LAT-TIM-T70-W10-D5,main,67.91666666666666,6.338049272762088,10.715705060631208,POWERED
time_to_recover,wait,"{'topology': 'FAN', 'fault': 'LAT', 'window_type': 'TIM', 'threshold': '70', 'window_size': '10'}",wait=30,300.02299999999997,0.14171450172794917,3,wait=5,146.32233333333335,0.23817920424195943,3,FAN-LAT-TIM-T70-W10-D30,FAN-LAT-TIM-T70-W10-D5,main,153.70066666666662,6.338049272762088,24.250468882783657,POWERED
time_to_recover,wait,"{'topology': 'FAN', 'fault': 'LAT', 'window_type': 'TIM', 'threshold': '70', 'window_size': '20'}",wait=15,268.151,8.77298187619238,3,wait=30,371.45166666666665,6.253312748722344,3,FAN-LAT-TIM-T70-W20-D15,FAN-LAT-TIM-T70-W20-D30,main,-103.30066666666664,6.338049272762088,16.298495360489483,POWERED
time_to_recover,wait,"{'topology': 'FAN', 'fault': 'LAT', 'window_type': 'TIM', 'threshold': '70', 'window_size': '20'}",wait=15,268.151,8.77298187619238,3,wait=5,198.60233333333335,0.07651361534611151,3,FAN-LAT-TIM-T70-W20-D15,FAN-LAT-TIM-T70-W20-D5,main,69.54866666666666,6.338049272762088,10.973197536591211,POWERED
time_to_recover,wait,"{'topology': 'FAN', 'fault': 'LAT', 'window_type': 'TIM', 'threshold': '70', 'window_size': '20'}",wait=30,371.45166666666665,6.253312748722344,3,wait=5,198.60233333333335,0.07651361534611151,3,FAN-LAT-TIM-T70-W20-D30,FAN-LAT-TIM-T70-W20-D5,main,172.8493333333333,6.338049272762088,27.271692897080694,POWERED
time_to_recover,wait,"{'topology': 'FAN', 'fault': 'LAT', 'window_type': 'TIM', 'threshold': '70', 'window_size': '5'}",wait=15,193.3088,2.0735464065219276,5,wait=30,274.1983333333333,3.5885281569653884,3,FAN-LAT-TIM-T70-W5-D15,FAN-LAT-TIM-T70-W5-D30,tim_w5,-80.88953333333333,13.88908221568005,5.823965333145862,POWERED
time_to_recover,wait,"{'topology': 'FAN', 'fault': 'LAT', 'window_type': 'TIM', 'threshold': '70', 'window_size': '5'}",wait=15,193.3088,2.0735464065219276,5,wait=5,121.2286,3.7734524377551137,5,FAN-LAT-TIM-T70-W5-D15,FAN-LAT-TIM-T70-W5-D5,tim_w5,72.08019999999999,15.247130886596466,4.727459909415788,POWERED
time_to_recover,wait,"{'topology': 'FAN', 'fault': 'LAT', 'window_type': 'TIM', 'threshold': '70', 'window_size': '5'}",wait=30,274.1983333333333,3.5885281569653884,3,wait=5,121.2286,3.7734524377551137,5,FAN-LAT-TIM-T70-W5-D30,FAN-LAT-TIM-T70-W5-D5,tim_w5,152.96973333333332,13.88908221568005,11.013667494936309,POWERED
time_to_recover,wait,"{'topology': 'LIN', 'fault': 'CRS', 'window_type': 'CNT', 'threshold': '30', 'window_size': '10'}",wait=15,16.066333333333333,0.10032613484697431,3,wait=30,31.481000000000005,0.11887388274974392,3,LIN-CRS-CNT-T30-W10-D15,LIN-CRS-CNT-T30-W10-D30,main,-15.414666666666673,6.338049272762088,2.4320837537365882,POWERED
time_to_recover,wait,"{'topology': 'LIN', 'fault': 'CRS', 'window_type': 'CNT', 'threshold': '30', 'window_size': '10'}",wait=15,16.066333333333333,0.10032613484697431,3,wait=5,6.870666666666668,0.1075468889988614,3,LIN-CRS-CNT-T30-W10-D15,LIN-CRS-CNT-T30-W10-D5,main,9.195666666666664,6.338049272762088,1.4508670208963588,BORDERLINE
time_to_recover,wait,"{'topology': 'LIN', 'fault': 'CRS', 'window_type': 'CNT', 'threshold': '30', 'window_size': '10'}",wait=30,31.481000000000005,0.11887388274974392,3,wait=5,6.870666666666668,0.1075468889988614,3,LIN-CRS-CNT-T30-W10-D30,LIN-CRS-CNT-T30-W10-D5,main,24.610333333333337,6.338049272762088,3.882950774632947,POWERED
time_to_recover,wait,"{'topology': 'LIN', 'fault': 'CRS', 'window_type': 'CNT', 'threshold': '30', 'window_size': '20'}",wait=15,19.7064,6.430225330421944,5,wait=30,30.999333333333336,0.21765645713677556,3,LIN-CRS-CNT-T30-W20-D15,LIN-CRS-CNT-T30-W20-D30,main,-11.292933333333337,6.343514928492295,1.7802327984774526,POWERED
time_to_recover,wait,"{'topology': 'LIN', 'fault': 'CRS', 'window_type': 'CNT', 'threshold': '30', 'window_size': '20'}",wait=15,19.7064,6.430225330421944,5,wait=5,7.486666666666667,0.057361427225386494,3,LIN-CRS-CNT-T30-W20-D15,LIN-CRS-CNT-T30-W20-D5,main,12.21973333333333,6.343514928492295,1.926334764098628,POWERED
time_to_recover,wait,"{'topology': 'LIN', 'fault': 'CRS', 'window_type': 'CNT', 'threshold': '30', 'window_size': '20'}",wait=30,30.999333333333336,0.21765645713677556,3,wait=5,7.486666666666667,0.057361427225386494,3,LIN-CRS-CNT-T30-W20-D30,LIN-CRS-CNT-T30-W20-D5,main,23.512666666666668,6.338049272762088,3.709763943886156,POWERED
time_to_recover,wait,"{'topology': 'LIN', 'fault': 'CRS', 'window_type': 'CNT', 'threshold': '30', 'window_size': '5'}",wait=15,16.142,0.11057350496389148,5,wait=30,31.583800000000004,0.19516838883384754,5,LIN-CRS-CNT-T30-W5-D15,LIN-CRS-CNT-T30-W5-D30,main,-15.441800000000004,6.963772040071039,2.2174476578418383,POWERED
time_to_recover,wait,"{'topology': 'LIN', 'fault': 'CRS', 'window_type': 'CNT', 'threshold': '30', 'window_size': '5'}",wait=15,16.142,0.11057350496389148,5,wait=5,6.7652,0.44700302012402565,5,LIN-CRS-CNT-T30-W5-D15,LIN-CRS-CNT-T30-W5-D5,main,9.3768,6.963772040071039,1.346511624166311,BORDERLINE
time_to_recover,wait,"{'topology': 'LIN', 'fault': 'CRS', 'window_type': 'CNT', 'threshold': '30', 'window_size': '5'}",wait=30,31.583800000000004,0.19516838883384754,5,wait=5,6.7652,0.44700302012402565,5,LIN-CRS-CNT-T30-W5-D30,LIN-CRS-CNT-T30-W5-D5,main,24.818600000000004,6.963772040071039,3.5639592820081494,POWERED
time_to_recover,wait,"{'topology': 'LIN', 'fault': 'CRS', 'window_type': 'CNT', 'threshold': '50', 'window_size': '10'}",wait=15,16.966666666666665,0.05745723047044104,3,wait=30,31.346999999999998,0.10481889142707043,3,LIN-CRS-CNT-T50-W10-D15,LIN-CRS-CNT-T50-W10-D30,main,-14.380333333333333,6.338049272762088,2.26888948231014,POWERED
time_to_recover,wait,"{'topology': 'LIN', 'fault': 'CRS', 'window_type': 'CNT', 'threshold': '50', 'window_size': '10'}",wait=15,16.966666666666665,0.05745723047044104,3,wait=5,6.5569999999999995,0.07063285354564122,3,LIN-CRS-CNT-T50-W10-D15,LIN-CRS-CNT-T50-W10-D5,main,10.409666666666666,6.338049272762088,1.6424086053420959,POWERED
time_to_recover,wait,"{'topology': 'LIN', 'fault': 'CRS', 'window_type': 'CNT', 'threshold': '50', 'window_size': '10'}",wait=30,31.346999999999998,0.10481889142707043,3,wait=5,6.5569999999999995,0.07063285354564122,3,LIN-CRS-CNT-T50-W10-D30,LIN-CRS-CNT-T50-W10-D5,main,24.79,6.338049272762088,3.9112980876522356,POWERED
time_to_recover,wait,"{'topology': 'LIN', 'fault': 'CRS', 'window_type': 'CNT', 'threshold': '50', 'window_size': '20'}",wait=15,16.49533333333333,0.06997380462239684,3,wait=30,31.757,0.07389857914737095,3,LIN-CRS-CNT-T50-W20-D15,LIN-CRS-CNT-T50-W20-D30,main,-15.26166666666667,6.338049272762088,2.4079438341153376,POWERED
time_to_recover,wait,"{'topology': 'LIN', 'fault': 'CRS', 'window_type': 'CNT', 'threshold': '50', 'window_size': '20'}",wait=15,16.49533333333333,0.06997380462239684,3,wait=5,7.103000000000001,0.085842879728024,3,LIN-CRS-CNT-T50-W20-D15,LIN-CRS-CNT-T50-W20-D5,main,9.39233333333333,6.338049272762088,1.4818965472068981,BORDERLINE
time_to_recover,wait,"{'topology': 'LIN', 'fault': 'CRS', 'window_type': 'CNT', 'threshold': '50', 'window_size': '20'}",wait=30,31.757,0.07389857914737095,3,wait=5,7.103000000000001,0.085842879728024,3,LIN-CRS-CNT-T50-W20-D30,LIN-CRS-CNT-T50-W20-D5,main,24.654,6.338049272762088,3.8898403813222355,POWERED
time_to_recover,wait,"{'topology': 'LIN', 'fault': 'CRS', 'window_type': 'CNT', 'threshold': '50', 'window_size': '5'}",wait=15,16.06833333333333,0.17978412981499128,3,wait=30,31.578666666666663,0.052538874496256174,3,LIN-CRS-CNT-T50-W5-D15,LIN-CRS-CNT-T50-W5-D30,main,-15.510333333333332,6.338049272762088,2.447177777552053,POWERED
time_to_recover,wait,"{'topology': 'LIN', 'fault': 'CRS', 'window_type': 'CNT', 'threshold': '50', 'window_size': '5'}",wait=15,16.06833333333333,0.17978412981499128,3,wait=5,6.782666666666667,0.1297780156009997,3,LIN-CRS-CNT-T50-W5-D15,LIN-CRS-CNT-T50-W5-D5,main,9.285666666666664,6.338049272762088,1.4650669736147413,BORDERLINE
time_to_recover,wait,"{'topology': 'LIN', 'fault': 'CRS', 'window_type': 'CNT', 'threshold': '50', 'window_size': '5'}",wait=30,31.578666666666663,0.052538874496256174,3,wait=5,6.782666666666667,0.1297780156009997,3,LIN-CRS-CNT-T50-W5-D30,LIN-CRS-CNT-T50-W5-D5,main,24.795999999999996,6.338049272762088,3.912244751166794,POWERED
time_to_recover,wait,"{'topology': 'LIN', 'fault': 'CRS', 'window_type': 'CNT', 'threshold': '70', 'window_size': '10'}",wait=15,16.614,0.06612110101926556,3,wait=30,31.426000000000002,0.49156789968426545,3,LIN-CRS-CNT-T70-W10-D15,LIN-CRS-CNT-T70-W10-D30,main,-14.812000000000001,6.338049272762088,2.3369966629409005,POWERED
time_to_recover,wait,"{'topology': 'LIN', 'fault': 'CRS', 'window_type': 'CNT', 'threshold': '70', 'window_size': '10'}",wait=15,16.614,0.06612110101926556,3,wait=5,6.339666666666667,0.13800120772418384,3,LIN-CRS-CNT-T70-W10-D15,LIN-CRS-CNT-T70-W10-D5,main,10.274333333333335,6.338049272762088,1.621056083847047,POWERED
time_to_recover,wait,"{'topology': 'LIN', 'fault': 'CRS', 'window_type': 'CNT', 'threshold': '70', 'window_size': '10'}",wait=30,31.426000000000002,0.49156789968426545,3,wait=5,6.339666666666667,0.13800120772418384,3,LIN-CRS-CNT-T70-W10-D30,LIN-CRS-CNT-T70-W10-D5,main,25.086333333333336,6.338049272762088,3.9580527467879474,POWERED
time_to_recover,wait,"{'topology': 'LIN', 'fault': 'CRS', 'window_type': 'CNT', 'threshold': '70', 'window_size': '20'}",wait=15,16.243333333333336,0.6122142871032451,3,wait=30,31.438,0.16168797110484154,3,LIN-CRS-CNT-T70-W20-D15,LIN-CRS-CNT-T70-W20-D30,main,-15.194666666666663,6.338049272762088,2.397372758202763,POWERED
time_to_recover,wait,"{'topology': 'LIN', 'fault': 'CRS', 'window_type': 'CNT', 'threshold': '70', 'window_size': '20'}",wait=15,16.243333333333336,0.6122142871032451,3,wait=5,6.803,0.06279331174575838,3,LIN-CRS-CNT-T70-W20-D15,LIN-CRS-CNT-T70-W20-D5,main,9.440333333333335,6.338049272762088,1.4894698553233696,BORDERLINE
time_to_recover,wait,"{'topology': 'LIN', 'fault': 'CRS', 'window_type': 'CNT', 'threshold': '70', 'window_size': '20'}",wait=30,31.438,0.16168797110484154,3,wait=5,6.803,0.06279331174575838,3,LIN-CRS-CNT-T70-W20-D30,LIN-CRS-CNT-T70-W20-D5,main,24.634999999999998,6.338049272762088,3.8868426135261323,POWERED
time_to_recover,wait,"{'topology': 'LIN', 'fault': 'CRS', 'window_type': 'CNT', 'threshold': '70', 'window_size': '5'}",wait=15,15.902666666666667,0.06025224753760924,3,wait=30,31.173666666666666,0.10137225129853623,3,LIN-CRS-CNT-T70-W5-D15,LIN-CRS-CNT-T70-W5-D30,main,-15.270999999999999,6.338049272762088,2.4094164218046505,POWERED
time_to_recover,wait,"{'topology': 'LIN', 'fault': 'CRS', 'window_type': 'CNT', 'threshold': '70', 'window_size': '5'}",wait=15,15.902666666666667,0.06025224753760924,3,wait=5,6.582000000000001,0.12399999999999994,3,LIN-CRS-CNT-T70-W5-D15,LIN-CRS-CNT-T70-W5-D5,main,9.320666666666666,6.338049272762088,1.470589177449668,BORDERLINE
time_to_recover,wait,"{'topology': 'LIN', 'fault': 'CRS', 'window_type': 'CNT', 'threshold': '70', 'window_size': '5'}",wait=30,31.173666666666666,0.10137225129853623,3,wait=5,6.582000000000001,0.12399999999999994,3,LIN-CRS-CNT-T70-W5-D30,LIN-CRS-CNT-T70-W5-D5,main,24.591666666666665,6.338049272762088,3.8800055992543188,POWERED
time_to_recover,wait,"{'topology': 'LIN', 'fault': 'CRS', 'window_type': 'TIM', 'threshold': '30', 'window_size': '10'}",wait=15,47.68333333333334,0.039526362510777034,3,wait=30,61.696000000000005,0.18768857184176288,3,LIN-CRS-TIM-T30-W10-D15,LIN-CRS-TIM-T30-W10-D30,main,-14.012666666666668,6.338049272762088,2.210880045834674,POWERED
time_to_recover,wait,"{'topology': 'LIN', 'fault': 'CRS', 'window_type': 'TIM', 'threshold': '30', 'window_size': '10'}",wait=15,47.68333333333334,0.039526362510777034,3,wait=5,28.519199999999994,0.43007406338908644,5,LIN-CRS-TIM-T30-W10-D15,LIN-CRS-TIM-T30-W10-D5,main,19.164133333333343,6.343514928492295,3.0210590736149188,POWERED
time_to_recover,wait,"{'topology': 'LIN', 'fault': 'CRS', 'window_type': 'TIM', 'threshold': '30', 'window_size': '10'}",wait=30,61.696000000000005,0.18768857184176288,3,wait=5,28.519199999999994,0.43007406338908644,5,LIN-CRS-TIM-T30-W10-D30,LIN-CRS-TIM-T30-W10-D5,main,33.176800000000014,6.343514928492295,5.2300341961811005,POWERED
time_to_recover,wait,"{'topology': 'LIN', 'fault': 'CRS', 'window_type': 'TIM', 'threshold': '30', 'window_size': '20'}",wait=15,47.44333333333333,0.11179147254300514,3,wait=30,62.26233333333334,0.11356202416887858,3,LIN-CRS-TIM-T30-W20-D15,LIN-CRS-TIM-T30-W20-D30,main,-14.81900000000001,6.338049272762088,2.338101103707887,POWERED
time_to_recover,wait,"{'topology': 'LIN', 'fault': 'CRS', 'window_type': 'TIM', 'threshold': '30', 'window_size': '20'}",wait=15,47.44333333333333,0.11179147254300514,3,wait=5,34.263,0.02879236009777892,3,LIN-CRS-TIM-T30-W20-D15,LIN-CRS-TIM-T30-W20-D5,main,13.18033333333333,6.338049272762088,2.079556779398373,POWERED
time_to_recover,wait,"{'topology': 'LIN', 'fault': 'CRS', 'window_type': 'TIM', 'threshold': '30', 'window_size': '20'}",wait=30,62.26233333333334,0.11356202416887858,3,wait=5,34.263,0.02879236009777892,3,LIN-CRS-TIM-T30-W20-D30,LIN-CRS-TIM-T30-W20-D5,main,27.99933333333334,6.338049272762088,4.41765788310626,POWERED
time_to_recover,wait,"{'topology': 'LIN', 'fault': 'CRS', 'window_type': 'TIM', 'threshold': '30', 'window_size': '5'}",wait=15,31.851999999999997,0.23856969631535369,5,wait=30,62.2928,0.08399821426673428,5,LIN-CRS-TIM-T30-W5-D15,LIN-CRS-TIM-T30-W5-D30,tim_w5,-30.440800000000003,15.247130886596466,1.9964936502748902,POWERED
time_to_recover,wait,"{'topology': 'LIN', 'fault': 'CRS', 'window_type': 'TIM', 'threshold': '30', 'window_size': '5'}",wait=15,31.851999999999997,0.23856969631535369,5,wait=5,22.889599999999998,0.12694605153371258,5,LIN-CRS-TIM-T30-W5-D15,LIN-CRS-TIM-T30-W5-D5,tim_w5,8.962399999999999,15.247130886596466,0.5878089501991955,UNDERPOWERED
time_to_recover,wait,"{'topology': 'LIN', 'fault': 'CRS', 'window_type': 'TIM', 'threshold': '30', 'window_size': '5'}",wait=30,62.2928,0.08399821426673428,5,wait=5,22.889599999999998,0.12694605153371258,5,LIN-CRS-TIM-T30-W5-D30,LIN-CRS-TIM-T30-W5-D5,tim_w5,39.4032,15.247130886596466,2.5843026004740857,POWERED
time_to_recover,wait,"{'topology': 'LIN', 'fault': 'CRS', 'window_type': 'TIM', 'threshold': '50', 'window_size': '10'}",wait=15,37.33766666666667,8.903692791944998,3,wait=30,61.607,0.08806815542521333,3,LIN-CRS-TIM-T50-W10-D15,LIN-CRS-TIM-T50-W10-D30,main,-24.26933333333333,6.338049272762088,3.829148731555519,POWERED
time_to_recover,wait,"{'topology': 'LIN', 'fault': 'CRS', 'window_type': 'TIM', 'threshold': '50', 'window_size': '10'}",wait=15,37.33766666666667,8.903692791944998,3,wait=5,23.1252,0.42907307070008543,5,LIN-CRS-TIM-T50-W10-D15,LIN-CRS-TIM-T50-W10-D5,main,14.212466666666671,6.343514928492295,2.240471856199232,POWERED
time_to_recover,wait,"{'topology': 'LIN', 'fault': 'CRS', 'window_type': 'TIM', 'threshold': '50', 'window_size': '10'}",wait=30,61.607,0.08806815542521333,3,wait=5,23.1252,0.42907307070008543,5,LIN-CRS-TIM-T50-W10-D30,LIN-CRS-TIM-T50-W10-D5,main,38.4818,6.343514928492295,6.066321342944521,POWERED
time_to_recover,wait,"{'topology': 'LIN', 'fault': 'CRS', 'window_type': 'TIM', 'threshold': '50', 'window_size': '20'}",wait=15,47.45633333333333,0.6072004062361405,3,wait=30,61.93299999999999,0.5134939142774738,3,LIN-CRS-TIM-T50-W20-D15,LIN-CRS-TIM-T50-W20-D30,main,-14.47666666666666,6.338049272762088,2.2840886909605556,POWERED
time_to_recover,wait,"{'topology': 'LIN', 'fault': 'CRS', 'window_type': 'TIM', 'threshold': '50', 'window_size': '20'}",wait=15,47.45633333333333,0.6072004062361405,3,wait=5,28.3906,0.1918470745150943,5,LIN-CRS-TIM-T50-W20-D15,LIN-CRS-TIM-T50-W20-D5,main,19.065733333333334,6.343514928492295,3.0055471687626047,POWERED
time_to_recover,wait,"{'topology': 'LIN', 'fault': 'CRS', 'window_type': 'TIM', 'threshold': '50', 'window_size': '20'}",wait=30,61.93299999999999,0.5134939142774738,3,wait=5,28.3906,0.1918470745150943,5,LIN-CRS-TIM-T50-W20-D30,LIN-CRS-TIM-T50-W20-D5,main,33.542399999999994,6.343514928492295,5.287667858925057,POWERED
time_to_recover,wait,"{'topology': 'LIN', 'fault': 'CRS', 'window_type': 'TIM', 'threshold': '50', 'window_size': '5'}",wait=15,31.9432,0.11755296678519056,5,wait=30,62.04466666666667,0.4267274696259148,3,LIN-CRS-TIM-T50-W5-D15,LIN-CRS-TIM-T50-W5-D30,tim_w5,-30.10146666666667,13.88908221568005,2.167275432546845,POWERED
time_to_recover,wait,"{'topology': 'LIN', 'fault': 'CRS', 'window_type': 'TIM', 'threshold': '50', 'window_size': '5'}",wait=15,31.9432,0.11755296678519056,5,wait=5,22.865,0.20373757630834735,3,LIN-CRS-TIM-T50-W5-D15,LIN-CRS-TIM-T50-W5-D5,tim_w5,9.078200000000002,13.88908221568005,0.6536213018993572,UNDERPOWERED
time_to_recover,wait,"{'topology': 'LIN', 'fault': 'CRS', 'window_type': 'TIM', 'threshold': '50', 'window_size': '5'}",wait=30,62.04466666666667,0.4267274696259148,3,wait=5,22.865,0.20373757630834735,3,LIN-CRS-TIM-T50-W5-D30,LIN-CRS-TIM-T50-W5-D5,tim_w5,39.17966666666668,13.877115200128706,2.823329352076237,POWERED
time_to_recover,wait,"{'topology': 'LIN', 'fault': 'CRS', 'window_type': 'TIM', 'threshold': '70', 'window_size': '10'}",wait=15,32.25633333333334,0.10800617266310772,3,wait=30,62.052666666666674,0.15798839619837002,3,LIN-CRS-TIM-T70-W10-D15,LIN-CRS-TIM-T70-W10-D30,main,-29.796333333333337,6.338049272762088,4.70118360571663,POWERED
time_to_recover,wait,"{'topology': 'LIN', 'fault': 'CRS', 'window_type': 'TIM', 'threshold': '70', 'window_size': '10'}",wait=15,32.25633333333334,0.10800617266310772,3,wait=5,23.04733333333333,0.45662055728288714,3,LIN-CRS-TIM-T70-W10-D15,LIN-CRS-TIM-T70-W10-D5,main,9.209000000000007,6.338049272762088,1.4529707175953799,BORDERLINE
time_to_recover,wait,"{'topology': 'LIN', 'fault': 'CRS', 'window_type': 'TIM', 'threshold': '70', 'window_size': '10'}",wait=30,62.052666666666674,0.15798839619837002,3,wait=5,23.04733333333333,0.45662055728288714,3,LIN-CRS-TIM-T70-W10-D30,LIN-CRS-TIM-T70-W10-D5,main,39.00533333333334,6.338049272762088,6.154154323312009,POWERED
time_to_recover,wait,"{'topology': 'LIN', 'fault': 'CRS', 'window_type': 'TIM', 'threshold': '70', 'window_size': '20'}",wait=15,47.315,0.3625506861116105,3,wait=30,61.848000000000006,0.35848151974683545,3,LIN-CRS-TIM-T70-W20-D15,LIN-CRS-TIM-T70-W20-D30,main,-14.533000000000008,6.338049272762088,2.292976809513916,POWERED
time_to_recover,wait,"{'topology': 'LIN', 'fault': 'CRS', 'window_type': 'TIM', 'threshold': '70', 'window_size': '20'}",wait=15,47.315,0.3625506861116105,3,wait=5,23.236,0.37342469120292443,5,LIN-CRS-TIM-T70-W20-D15,LIN-CRS-TIM-T70-W20-D5,main,24.078999999999997,6.343514928492295,3.7958450908419334,POWERED
time_to_recover,wait,"{'topology': 'LIN', 'fault': 'CRS', 'window_type': 'TIM', 'threshold': '70', 'window_size': '20'}",wait=30,61.848000000000006,0.35848151974683545,3,wait=5,23.236,0.37342469120292443,5,LIN-CRS-TIM-T70-W20-D30,LIN-CRS-TIM-T70-W20-D5,main,38.61200000000001,6.343514928492295,6.086846241438132,POWERED
time_to_recover,wait,"{'topology': 'LIN', 'fault': 'CRS', 'window_type': 'TIM', 'threshold': '70', 'window_size': '5'}",wait=15,31.927599999999995,0.24050945927343323,5,wait=30,62.14333333333334,0.4737935556055358,3,LIN-CRS-TIM-T70-W5-D15,LIN-CRS-TIM-T70-W5-D30,tim_w5,-30.215733333333343,13.88908221568005,2.1755025180296905,POWERED
time_to_recover,wait,"{'topology': 'LIN', 'fault': 'CRS', 'window_type': 'TIM', 'threshold': '70', 'window_size': '5'}",wait=15,31.927599999999995,0.24050945927343323,5,wait=5,22.971666666666664,0.39202210822010203,3,LIN-CRS-TIM-T70-W5-D15,LIN-CRS-TIM-T70-W5-D5,tim_w5,8.95593333333333,13.88908221568005,0.6448182244340486,UNDERPOWERED
time_to_recover,wait,"{'topology': 'LIN', 'fault': 'CRS', 'window_type': 'TIM', 'threshold': '70', 'window_size': '5'}",wait=30,62.14333333333334,0.4737935556055358,3,wait=5,22.971666666666664,0.39202210822010203,3,LIN-CRS-TIM-T70-W5-D30,LIN-CRS-TIM-T70-W5-D5,tim_w5,39.171666666666674,13.877115200128706,2.8227528633835486,POWERED
time_to_recover,wait,"{'topology': 'LIN', 'fault': 'LAT', 'window_type': 'CNT', 'threshold': '30', 'window_size': '10'}",wait=15,16.2248,0.12011327986529982,5,wait=30,31.73133333333333,0.24603726005085708,3,LIN-LAT-CNT-T30-W10-D15,LIN-LAT-CNT-T30-W10-D30,main,-15.50653333333333,6.343514928492295,2.444470220080158,POWERED
time_to_recover,wait,"{'topology': 'LIN', 'fault': 'LAT', 'window_type': 'CNT', 'threshold': '30', 'window_size': '10'}",wait=15,16.2248,0.12011327986529982,5,wait=5,6.0343333333333335,0.10861552989022037,3,LIN-LAT-CNT-T30-W10-D15,LIN-LAT-CNT-T30-W10-D5,main,10.190466666666666,6.343514928492295,1.606438509491882,POWERED
time_to_recover,wait,"{'topology': 'LIN', 'fault': 'LAT', 'window_type': 'CNT', 'threshold': '30', 'window_size': '10'}",wait=30,31.73133333333333,0.24603726005085708,3,wait=5,6.0343333333333335,0.10861552989022037,3,LIN-LAT-CNT-T30-W10-D30,LIN-LAT-CNT-T30-W10-D5,main,25.696999999999996,6.338049272762088,4.054402055603045,POWERED
time_to_recover,wait,"{'topology': 'LIN', 'fault': 'LAT', 'window_type': 'CNT', 'threshold': '30', 'window_size': '20'}",wait=15,16.041800000000002,0.05358824497965877,5,wait=30,31.493,0.12773801313626204,3,LIN-LAT-CNT-T30-W20-D15,LIN-LAT-CNT-T30-W20-D30,main,-15.451199999999996,6.343514928492295,2.43574740095589,POWERED
time_to_recover,wait,"{'topology': 'LIN', 'fault': 'LAT', 'window_type': 'CNT', 'threshold': '30', 'window_size': '20'}",wait=15,16.041800000000002,0.05358824497965877,5,wait=5,6.751,0.18452100151473244,3,LIN-LAT-CNT-T30-W20-D15,LIN-LAT-CNT-T30-W20-D5,main,9.2908,6.343514928492295,1.4646138780677869,BORDERLINE
time_to_recover,wait,"{'topology': 'LIN', 'fault': 'LAT', 'window_type': 'CNT', 'threshold': '30', 'window_size': '20'}",wait=30,31.493,0.12773801313626204,3,wait=5,6.751,0.18452100151473244,3,LIN-LAT-CNT-T30-W20-D30,LIN-LAT-CNT-T30-W20-D5,main,24.741999999999997,6.338049272762088,3.903724779535765,POWERED
time_to_recover,wait,"{'topology': 'LIN', 'fault': 'LAT', 'window_type': 'CNT', 'threshold': '30', 'window_size': '5'}",wait=15,16.217599999999997,0.11976351698242652,5,wait=30,31.671000000000003,0.15068842025849188,3,LIN-LAT-CNT-T30-W5-D15,LIN-LAT-CNT-T30-W5-D30,main,-15.453400000000006,6.343514928492295,2.436094211836736,POWERED
time_to_recover,wait,"{'topology': 'LIN', 'fault': 'LAT', 'window_type': 'CNT', 'threshold': '30', 'window_size': '5'}",wait=15,16.217599999999997,0.11976351698242652,5,wait=5,5.9784,0.06002749370080321,5,LIN-LAT-CNT-T30-W5-D15,LIN-LAT-CNT-T30-W5-D5,main,10.239199999999997,6.963772040071039,1.4703525533405521,BORDERLINE
time_to_recover,wait,"{'topology': 'LIN', 'fault': 'LAT', 'window_type': 'CNT', 'threshold': '30', 'window_size': '5'}",wait=30,31.671000000000003,0.15068842025849188,3,wait=5,5.9784,0.06002749370080321,5,LIN-LAT-CNT-T30-W5-D30,LIN-LAT-CNT-T30-W5-D5,main,25.692600000000002,6.343514928492295,4.050215107810352,POWERED
time_to_recover,wait,"{'topology': 'LIN', 'fault': 'LAT', 'window_type': 'CNT', 'threshold': '50', 'window_size': '10'}",wait=15,16.3434,0.15215715559907195,5,wait=30,31.697333333333333,0.10934501970063945,3,LIN-LAT-CNT-T50-W10-D15,LIN-LAT-CNT-T50-W10-D30,main,-15.353933333333334,6.343514928492295,2.4204141562543153,POWERED
time_to_recover,wait,"{'topology': 'LIN', 'fault': 'LAT', 'window_type': 'CNT', 'threshold': '50', 'window_size': '10'}",wait=15,16.3434,0.15215715559907195,5,wait=5,6.013000000000001,0.11605171261123182,3,LIN-LAT-CNT-T50-W10-D15,LIN-LAT-CNT-T50-W10-D5,main,10.330399999999997,6.343514928492295,1.628497783397712,POWERED
time_to_recover,wait,"{'topology': 'LIN', 'fault': 'LAT', 'window_type': 'CNT', 'threshold': '50', 'window_size': '10'}",wait=30,31.697333333333333,0.10934501970063945,3,wait=5,6.013000000000001,0.11605171261123182,3,LIN-LAT-CNT-T50-W10-D30,LIN-LAT-CNT-T50-W10-D5,main,25.68433333333333,6.338049272762088,4.0524035437389765,POWERED
time_to_recover,wait,"{'topology': 'LIN', 'fault': 'LAT', 'window_type': 'CNT', 'threshold': '50', 'window_size': '20'}",wait=15,16.366,0.029597297173896565,3,wait=30,31.711333333333332,0.061646843660754395,3,LIN-LAT-CNT-T50-W20-D15,LIN-LAT-CNT-T50-W20-D30,main,-15.345333333333333,6.338049272762088,2.4211445309016852,POWERED
time_to_recover,wait,"{'topology': 'LIN', 'fault': 'LAT', 'window_type': 'CNT', 'threshold': '50', 'window_size': '20'}",wait=15,16.366,0.029597297173896565,3,wait=5,6.090333333333334,0.11163482132978673,3,LIN-LAT-CNT-T50-W20-D15,LIN-LAT-CNT-T50-W20-D5,main,10.275666666666666,6.338049272762088,1.6212664535169485,POWERED
time_to_recover,wait,"{'topology': 'LIN', 'fault': 'LAT', 'window_type': 'CNT', 'threshold': '50', 'window_size': '20'}",wait=30,31.711333333333332,0.061646843660754395,3,wait=5,6.090333333333334,0.11163482132978673,3,LIN-LAT-CNT-T50-W20-D30,LIN-LAT-CNT-T50-W20-D5,main,25.621,6.338049272762088,4.042410984418634,POWERED
time_to_recover,wait,"{'topology': 'LIN', 'fault': 'LAT', 'window_type': 'CNT', 'threshold': '50', 'window_size': '5'}",wait=15,16.288999999999998,0.09796683112155834,5,wait=30,31.708399999999994,0.09947512251814564,5,LIN-LAT-CNT-T50-W5-D15,LIN-LAT-CNT-T50-W5-D30,main,-15.419399999999996,6.963772040071039,2.214231010330818,POWERED
time_to_recover,wait,"{'topology': 'LIN', 'fault': 'LAT', 'window_type': 'CNT', 'threshold': '50', 'window_size': '5'}",wait=15,16.288999999999998,0.09796683112155834,5,wait=5,6.147,0.4354721575485625,5,LIN-LAT-CNT-T50-W5-D15,LIN-LAT-CNT-T50-W5-D5,main,10.141999999999998,6.963772040071039,1.4563946007480937,BORDERLINE
time_to_recover,wait,"{'topology': 'LIN', 'fault': 'LAT', 'window_type': 'CNT', 'threshold': '50', 'window_size': '5'}",wait=30,31.708399999999994,0.09947512251814564,5,wait=5,6.147,0.4354721575485625,5,LIN-LAT-CNT-T50-W5-D30,LIN-LAT-CNT-T50-W5-D5,main,25.561399999999992,6.963772040071039,3.6706256110789113,POWERED
time_to_recover,wait,"{'topology': 'LIN', 'fault': 'LAT', 'window_type': 'CNT', 'threshold': '70', 'window_size': '10'}",wait=15,16.3186,0.12199303258793025,5,wait=30,31.672,0.10138540328863993,3,LIN-LAT-CNT-T70-W10-D15,LIN-LAT-CNT-T70-W10-D30,main,-15.3534,6.343514928492295,2.4203300808892623,POWERED
time_to_recover,wait,"{'topology': 'LIN', 'fault': 'LAT', 'window_type': 'CNT', 'threshold': '70', 'window_size': '10'}",wait=15,16.3186,0.12199303258793025,5,wait=5,5.984666666666667,0.13400497503202372,3,LIN-LAT-CNT-T70-W10-D15,LIN-LAT-CNT-T70-W10-D5,main,10.333933333333334,6.343514928492295,1.6290547826911896,POWERED
time_to_recover,wait,"{'topology': 'LIN', 'fault': 'LAT', 'window_type': 'CNT', 'threshold': '70', 'window_size': '10'}",wait=30,31.672,0.10138540328863993,3,wait=5,5.984666666666667,0.13400497503202372,3,LIN-LAT-CNT-T70-W10-D30,LIN-LAT-CNT-T70-W10-D5,main,25.687333333333335,6.338049272762088,4.052876875496257,POWERED
time_to_recover,wait,"{'topology': 'LIN', 'fault': 'LAT', 'window_type': 'CNT', 'threshold': '70', 'window_size': '20'}",wait=15,16.197333333333333,0.10431362966234829,3,wait=30,31.718999999999998,0.12189749792346087,3,LIN-LAT-CNT-T70-W20-D15,LIN-LAT-CNT-T70-W20-D30,main,-15.521666666666665,6.338049272762088,2.4489659197462195,POWERED
time_to_recover,wait,"{'topology': 'LIN', 'fault': 'LAT', 'window_type': 'CNT', 'threshold': '70', 'window_size': '20'}",wait=15,16.197333333333333,0.10431362966234829,3,wait=5,6.153666666666666,0.23001811522863438,3,LIN-LAT-CNT-T70-W20-D15,LIN-LAT-CNT-T70-W20-D5,main,10.043666666666667,6.338049272762088,1.5846621309540072,POWERED
time_to_recover,wait,"{'topology': 'LIN', 'fault': 'LAT', 'window_type': 'CNT', 'threshold': '70', 'window_size': '20'}",wait=30,31.718999999999998,0.12189749792346087,3,wait=5,6.153666666666666,0.23001811522863438,3,LIN-LAT-CNT-T70-W20-D30,LIN-LAT-CNT-T70-W20-D5,main,25.56533333333333,6.338049272762088,4.0336280507002265,POWERED
time_to_recover,wait,"{'topology': 'LIN', 'fault': 'LAT', 'window_type': 'CNT', 'threshold': '70', 'window_size': '5'}",wait=15,16.37,0.1339720120025081,5,wait=30,31.729666666666663,0.08179445783996178,3,LIN-LAT-CNT-T70-W5-D15,LIN-LAT-CNT-T70-W5-D30,main,-15.359666666666662,6.343514928492295,2.4213179664286364,POWERED
time_to_recover,wait,"{'topology': 'LIN', 'fault': 'LAT', 'window_type': 'CNT', 'threshold': '70', 'window_size': '5'}",wait=15,16.37,0.1339720120025081,5,wait=5,5.935333333333333,0.10196241137464981,3,LIN-LAT-CNT-T70-W5-D15,LIN-LAT-CNT-T70-W5-D5,main,10.434666666666669,6.343514928492295,1.6449345172656107,POWERED
time_to_recover,wait,"{'topology': 'LIN', 'fault': 'LAT', 'window_type': 'CNT', 'threshold': '70', 'window_size': '5'}",wait=30,31.729666666666663,0.08179445783996178,3,wait=5,5.935333333333333,0.10196241137464981,3,LIN-LAT-CNT-T70-W5-D30,LIN-LAT-CNT-T70-W5-D5,main,25.79433333333333,6.338049272762088,4.069759041505889,POWERED
time_to_recover,wait,"{'topology': 'LIN', 'fault': 'LAT', 'window_type': 'TIM', 'threshold': '30', 'window_size': '10'}",wait=15,35.232,0.0877895210147547,3,wait=30,64.56266666666666,0.09224062734681432,3,LIN-LAT-TIM-T30-W10-D15,LIN-LAT-TIM-T30-W10-D30,main,-29.33066666666666,6.338049272762088,4.627711998503368,POWERED
time_to_recover,wait,"{'topology': 'LIN', 'fault': 'LAT', 'window_type': 'TIM', 'threshold': '30', 'window_size': '10'}",wait=15,35.232,0.0877895210147547,3,wait=5,23.2044,0.27282833430565845,5,LIN-LAT-TIM-T30-W10-D15,LIN-LAT-TIM-T30-W10-D5,main,12.0276,6.343514928492295,1.8960466138382175,POWERED
time_to_recover,wait,"{'topology': 'LIN', 'fault': 'LAT', 'window_type': 'TIM', 'threshold': '30', 'window_size': '10'}",wait=30,64.56266666666666,0.09224062734681432,3,wait=5,23.2044,0.27282833430565845,5,LIN-LAT-TIM-T30-W10-D30,LIN-LAT-TIM-T30-W10-D5,main,41.35826666666666,6.343514928492295,6.519771314938255,POWERED
time_to_recover,wait,"{'topology': 'LIN', 'fault': 'LAT', 'window_type': 'TIM', 'threshold': '30', 'window_size': '20'}",wait=15,34.974333333333334,0.08208126054912443,3,wait=30,65.29866666666668,0.139177344899714,3,LIN-LAT-TIM-T30-W20-D15,LIN-LAT-TIM-T30-W20-D30,main,-30.324333333333342,6.338049272762088,4.7844899949978075,POWERED
time_to_recover,wait,"{'topology': 'LIN', 'fault': 'LAT', 'window_type': 'TIM', 'threshold': '30', 'window_size': '20'}",wait=15,34.974333333333334,0.08208126054912443,3,wait=5,23.241,0.6148324975145669,3,LIN-LAT-TIM-T30-W20-D15,LIN-LAT-TIM-T30-W20-D5,main,11.733333333333334,6.338049272762088,1.8512530951372692,POWERED
time_to_recover,wait,"{'topology': 'LIN', 'fault': 'LAT', 'window_type': 'TIM', 'threshold': '30', 'window_size': '20'}",wait=30,65.29866666666668,0.139177344899714,3,wait=5,23.241,0.6148324975145669,3,LIN-LAT-TIM-T30-W20-D30,LIN-LAT-TIM-T30-W20-D5,main,42.05766666666668,6.338049272762088,6.635743090135077,POWERED
time_to_recover,wait,"{'topology': 'LIN', 'fault': 'LAT', 'window_type': 'TIM', 'threshold': '30', 'window_size': '5'}",wait=15,35.0248,0.27086011149669087,5,wait=30,64.9478,0.42619561236596515,5,LIN-LAT-TIM-T30-W5-D15,LIN-LAT-TIM-T30-W5-D30,tim_w5,-29.923000000000002,15.247130886596466,1.9625331626361837,POWERED
time_to_recover,wait,"{'topology': 'LIN', 'fault': 'LAT', 'window_type': 'TIM', 'threshold': '30', 'window_size': '5'}",wait=15,35.0248,0.27086011149669087,5,wait=5,23.138600000000004,0.19836027828171612,5,LIN-LAT-TIM-T30-W5-D15,LIN-LAT-TIM-T30-W5-D5,tim_w5,11.886199999999995,15.247130886596466,0.7795696179435951,BORDERLINE
time_to_recover,wait,"{'topology': 'LIN', 'fault': 'LAT', 'window_type': 'TIM', 'threshold': '30', 'window_size': '5'}",wait=30,64.9478,0.42619561236596515,5,wait=5,23.138600000000004,0.19836027828171612,5,LIN-LAT-TIM-T30-W5-D30,LIN-LAT-TIM-T30-W5-D5,tim_w5,41.8092,15.247130886596466,2.7421027805797786,POWERED
time_to_recover,wait,"{'topology': 'LIN', 'fault': 'LAT', 'window_type': 'TIM', 'threshold': '50', 'window_size': '10'}",wait=15,35.30733333333333,0.0785641988015764,3,wait=30,64.63433333333334,0.12000972182841235,3,LIN-LAT-TIM-T50-W10-D15,LIN-LAT-TIM-T50-W10-D30,main,-29.327000000000012,6.338049272762088,4.62713348191114,POWERED
time_to_recover,wait,"{'topology': 'LIN', 'fault': 'LAT', 'window_type': 'TIM', 'threshold': '50', 'window_size': '10'}",wait=15,35.30733333333333,0.0785641988015764,3,wait=5,23.044,0.15416549549104763,3,LIN-LAT-TIM-T50-W10-D15,LIN-LAT-TIM-T50-W10-D5,main,12.263333333333332,6.338049272762088,1.934875038923299,POWERED
time_to_recover,wait,"{'topology': 'LIN', 'fault': 'LAT', 'window_type': 'TIM', 'threshold': '50', 'window_size': '10'}",wait=30,64.63433333333334,0.12000972182841235,3,wait=5,23.044,0.15416549549104763,3,LIN-LAT-TIM-T50-W10-D30,LIN-LAT-TIM-T50-W10-D5,main,41.59033333333335,6.338049272762088,6.56200852083444,POWERED
time_to_recover,wait,"{'topology': 'LIN', 'fault': 'LAT', 'window_type': 'TIM', 'threshold': '50', 'window_size': '20'}",wait=15,35.06966666666667,0.10622774276681697,3,wait=30,64.92033333333333,0.5704255721242988,3,LIN-LAT-TIM-T50-W20-D15,LIN-LAT-TIM-T50-W20-D30,main,-29.850666666666662,6.338049272762088,4.709756169765133,POWERED
time_to_recover,wait,"{'topology': 'LIN', 'fault': 'LAT', 'window_type': 'TIM', 'threshold': '50', 'window_size': '20'}",wait=15,35.06966666666667,0.10622774276681697,3,wait=5,23.1676,0.09829445559135093,5,LIN-LAT-TIM-T50-W20-D15,LIN-LAT-TIM-T50-W20-D5,main,11.90206666666667,6.343514928492295,1.8762573747888243,POWERED
time_to_recover,wait,"{'topology': 'LIN', 'fault': 'LAT', 'window_type': 'TIM', 'threshold': '50', 'window_size': '20'}",wait=30,64.92033333333333,0.5704255721242988,3,wait=5,23.1676,0.09829445559135093,5,LIN-LAT-TIM-T50-W20-D30,LIN-LAT-TIM-T50-W20-D5,main,41.75273333333333,6.343514928492295,6.581955556815719,POWERED
time_to_recover,wait,"{'topology': 'LIN', 'fault': 'LAT', 'window_type': 'TIM', 'threshold': '50', 'window_size': '5'}",wait=15,34.848800000000004,0.2989526718395411,5,wait=30,64.9374,0.4504756375210546,5,LIN-LAT-TIM-T50-W5-D15,LIN-LAT-TIM-T50-W5-D30,tim_w5,-30.088599999999992,15.247130886596466,1.9733942224140313,POWERED
time_to_recover,wait,"{'topology': 'LIN', 'fault': 'LAT', 'window_type': 'TIM', 'threshold': '50', 'window_size': '5'}",wait=15,34.848800000000004,0.2989526718395411,5,wait=5,23.812000000000005,0.884352022669706,5,LIN-LAT-TIM-T50-W5-D15,LIN-LAT-TIM-T50-W5-D5,tim_w5,11.0368,15.247130886596466,0.7238607763052846,UNDERPOWERED
time_to_recover,wait,"{'topology': 'LIN', 'fault': 'LAT', 'window_type': 'TIM', 'threshold': '50', 'window_size': '5'}",wait=30,64.9374,0.4504756375210546,5,wait=5,23.812000000000005,0.884352022669706,5,LIN-LAT-TIM-T50-W5-D30,LIN-LAT-TIM-T50-W5-D5,tim_w5,41.12539999999999,15.247130886596466,2.6972549987193157,POWERED
time_to_recover,wait,"{'topology': 'LIN', 'fault': 'LAT', 'window_type': 'TIM', 'threshold': '70', 'window_size': '10'}",wait=15,35.24866666666667,0.10193298452087739,3,wait=30,64.65633333333334,0.0894892917243896,3,LIN-LAT-TIM-T70-W10-D15,LIN-LAT-TIM-T70-W10-D30,main,-29.407666666666664,6.338049272762088,4.6398608469402065,POWERED
time_to_recover,wait,"{'topology': 'LIN', 'fault': 'LAT', 'window_type': 'TIM', 'threshold': '70', 'window_size': '10'}",wait=15,35.24866666666667,0.10193298452087739,3,wait=5,23.221666666666664,0.10441423913113167,3,LIN-LAT-TIM-T70-W10-D15,LIN-LAT-TIM-T70-W10-D5,main,12.027000000000008,6.338049272762088,1.8975870149331775,POWERED
time_to_recover,wait,"{'topology': 'LIN', 'fault': 'LAT', 'window_type': 'TIM', 'threshold': '70', 'window_size': '10'}",wait=30,64.65633333333334,0.0894892917243896,3,wait=5,23.221666666666664,0.10441423913113167,3,LIN-LAT-TIM-T70-W10-D30,LIN-LAT-TIM-T70-W10-D5,main,41.43466666666667,6.338049272762088,6.5374478618733844,POWERED
time_to_recover,wait,"{'topology': 'LIN', 'fault': 'LAT', 'window_type': 'TIM', 'threshold': '70', 'window_size': '20'}",wait=15,35.040666666666674,0.02098412098071565,3,wait=30,65.18866666666666,0.3574022010751139,3,LIN-LAT-TIM-T70-W20-D15,LIN-LAT-TIM-T70-W20-D30,main,-30.14799999999999,6.338049272762088,4.75666860615327,POWERED
time_to_recover,wait,"{'topology': 'LIN', 'fault': 'LAT', 'window_type': 'TIM', 'threshold': '70', 'window_size': '20'}",wait=15,35.040666666666674,0.02098412098071565,3,wait=5,23.25833333333333,0.11838214955529965,3,LIN-LAT-TIM-T70-W20-D15,LIN-LAT-TIM-T70-W20-D5,main,11.782333333333344,6.338049272762088,1.858984180506168,POWERED
time_to_recover,wait,"{'topology': 'LIN', 'fault': 'LAT', 'window_type': 'TIM', 'threshold': '70', 'window_size': '20'}",wait=30,65.18866666666666,0.3574022010751139,3,wait=5,23.25833333333333,0.11838214955529965,3,LIN-LAT-TIM-T70-W20-D30,LIN-LAT-TIM-T70-W20-D5,main,41.93033333333334,6.338049272762088,6.615652786659439,POWERED
time_to_recover,wait,"{'topology': 'LIN', 'fault': 'LAT', 'window_type': 'TIM', 'threshold': '70', 'window_size': '5'}",wait=15,34.822599999999994,0.23986204368344585,5,wait=30,64.8,0.17281926975890038,5,LIN-LAT-TIM-T70-W5-D15,LIN-LAT-TIM-T70-W5-D30,tim_w5,-29.977400000000003,15.247130886596466,1.9661010470076508,POWERED
time_to_recover,wait,"{'topology': 'LIN', 'fault': 'LAT', 'window_type': 'TIM', 'threshold': '70', 'window_size': '5'}",wait=15,34.822599999999994,0.23986204368344585,5,wait=5,22.191399999999998,1.9467894852808307,5,LIN-LAT-TIM-T70-W5-D15,LIN-LAT-TIM-T70-W5-D5,tim_w5,12.631199999999996,15.247130886596466,0.8284312697219581,BORDERLINE
time_to_recover,wait,"{'topology': 'LIN', 'fault': 'LAT', 'window_type': 'TIM', 'threshold': '70', 'window_size': '5'}",wait=30,64.8,0.17281926975890038,5,wait=5,22.191399999999998,1.9467894852808307,5,LIN-LAT-TIM-T70-W5-D30,LIN-LAT-TIM-T70-W5-D5,tim_w5,42.608599999999996,15.247130886596466,2.7945323167296086,POWERED
